  0
SECTION
  2
HEADER
  9
$ACADVER
  1
AC1024
  9
$ACADMAINTVER
 70
6
  9
$DWGCODEPAGE
  3
ANSI_1252
  9
$LASTSAVEDBY
  1
ezdxf
  9
$INSBASE
 10
0.0
 20
0.0
 30
0.0
  9
$EXTMIN
 10
1e+20
 20
1e+20
 30
1e+20
  9
$EXTMAX
 10
-1e+20
 20
-1e+20
 30
-1e+20
  9
$LIMMIN
 10
0.0
 20
0.0
  9
$LIMMAX
 10
420.0
 20
297.0
  9
$ORTHOMODE
 70
0
  9
$REGENMODE
 70
1
  9
$FILLMODE
 70
1
  9
$QTEXTMODE
 70
0
  9
$MIRRTEXT
 70
1
  9
$LTSCALE
 40
1.0
  9
$ATTMODE
 70
1
  9
$TEXTSIZE
 40
2.5
  9
$TRACEWID
 40
1.0
  9
$TEXTSTYLE
  7
OpenSans
  9
$CLAYER
  8
0
  9
$CELTYPE
  6
ByLayer
  9
$CECOLOR
 62
256
  9
$CELTSCALE
 40
1.0
  9
$DISPSILH
 70
0
  9
$DIMSCALE
 40
1.0
  9
$DIMASZ
 40
0.175
  9
$DIMEXO
 40
0.125
  9
$DIMDLI
 40
3.75
  9
$DIMRND
 40
0.0
  9
$DIMDLE
 40
0.0
  9
$DIMEXE
 40
0.375
  9
$DIMTP
 40
0.0
  9
$DIMTM
 40
0.0
  9
$DIMTXT
 40
0.25
  9
$DIMCEN
 40
2.5
  9
$DIMTSZ
 40
0.0
  9
$DIMTOL
 70
0
  9
$DIMLIM
 70
0
  9
$DIMTIH
 70
0
  9
$DIMTOH
 70
0
  9
$DIMSE1
 70
0
  9
$DIMSE2
 70
0
  9
$DIMTAD
 70
1
  9
$DIMZIN
 70
12
  9
$DIMBLK
  1
ARCHTICK
  9
$DIMASO
 70
1
  9
$DIMSHO
 70
1
  9
$DIMPOST
  1

  9
$DIMAPOST
  1

  9
$DIMALT
 70
0
  9
$DIMALTD
 70
3
  9
$DIMALTF
 40
0.03937007874
  9
$DIMLFAC
 40
100.0
  9
$DIMTOFL
 70
1
  9
$DIMTVP
 40
0.0
  9
$DIMTIX
 70
0
  9
$DIMSOXD
 70
0
  9
$DIMSAH
 70
0
  9
$DIMBLK1
  1

  9
$DIMBLK2
  1

  9
$DIMSTYLE
  2
EZDXF
  9
$DIMCLRD
 70
0
  9
$DIMCLRE
 70
0
  9
$DIMCLRT
 70
0
  9
$DIMTFAC
 40
0.5
  9
$DIMGAP
 40
0.1
  9
$DIMJUST
 70
0
  9
$DIMSD1
 70
0
  9
$DIMSD2
 70
0
  9
$DIMTOLJ
 70
0
  9
$DIMTZIN
 70
8
  9
$DIMALTZ
 70
0
  9
$DIMALTTZ
 70
0
  9
$DIMUPT
 70
1
  9
$DIMDEC
 70
2
  9
$DIMTDEC
 70
2
  9
$DIMALTU
 70
2
  9
$DIMALTTD
 70
3
  9
$DIMTXSTY
  7
OpenSansCondensed-Light
  9
$DIMAUNIT
 70
0
  9
$DIMADEC
 70
2
  9
$DIMALTRND
 40
0.0
  9
$DIMAZIN
 70
3
  9
$DIMDSEP
 70
46
  9
$DIMATFIT
 70
3
  9
$DIMFRAC
 70
0
  9
$DIMLDRBLK
  1

  9
$DIMLUNIT
 70
2
  9
$DIMLWD
 70
-2
  9
$DIMLWE
 70
-2
  9
$DIMTMOVE
 70
2
  9
$DIMFXL
 40
1.0
  9
$DIMFXLON
 70
0
  9
$DIMJOGANG
 40
0.785398163397
  9
$DIMTFILL
 70
0
  9
$DIMTFILLCLR
 70
0
  9
$DIMARCSYM
 70
0
  9
$DIMLTYPE
  6

  9
$DIMLTEX1
  6

  9
$DIMLTEX2
  6

  9
$DIMTXTDIRECTION
 70
0
  9
$LUNITS
 70
2
  9
$LUPREC
 70
4
  9
$SKETCHINC
 40
1.0
  9
$FILLETRAD
 40
10.0
  9
$AUNITS
 70
0
  9
$AUPREC
 70
2
  9
$MENU
  1
.
  9
$ELEVATION
 40
0.0
  9
$PELEVATION
 40
0.0
  9
$THICKNESS
 40
0.0
  9
$LIMCHECK
 70
0
  9
$CHAMFERA
 40
0.0
  9
$CHAMFERB
 40
0.0
  9
$CHAMFERC
 40
0.0
  9
$CHAMFERD
 40
0.0
  9
$SKPOLY
 70
0
  9
$TDCREATE
 40
2461315.283900463
  9
$TDUCREATE
 40
2458532.153996898
  9
$TDUPDATE
 40
2461315.283900463
  9
$TDUUPDATE
 40
2458532.1544311
  9
$TDINDWG
 40
0.0
  9
$TDUSRTIMER
 40
0.0
  9
$USRTIMER
 70
1
  9
$ANGBASE
 50
0.0
  9
$ANGDIR
 70
0
  9
$PDMODE
 70
0
  9
$PDSIZE
 40
0.0
  9
$PLINEWID
 40
0.0
  9
$SPLFRAME
 70
0
  9
$SPLINETYPE
 70
6
  9
$SPLINESEGS
 70
8
  9
$HANDSEED
  5
182
  9
$SURFTAB1
 70
6
  9
$SURFTAB2
 70
6
  9
$SURFTYPE
 70
6
  9
$SURFU
 70
6
  9
$SURFV
 70
6
  9
$UCSBASE
  2

  9
$UCSNAME
  2

  9
$UCSORG
 10
0.0
 20
0.0
 30
0.0
  9
$UCSXDIR
 10
1.0
 20
0.0
 30
0.0
  9
$UCSYDIR
 10
0.0
 20
1.0
 30
0.0
  9
$UCSORTHOREF
  2

  9
$UCSORTHOVIEW
 70
0
  9
$UCSORGTOP
 10
0.0
 20
0.0
 30
0.0
  9
$UCSORGBOTTOM
 10
0.0
 20
0.0
 30
0.0
  9
$UCSORGLEFT
 10
0.0
 20
0.0
 30
0.0
  9
$UCSORGRIGHT
 10
0.0
 20
0.0
 30
0.0
  9
$UCSORGFRONT
 10
0.0
 20
0.0
 30
0.0
  9
$UCSORGBACK
 10
0.0
 20
0.0
 30
0.0
  9
$PUCSBASE
  2

  9
$PUCSNAME
  2

  9
$PUCSORG
 10
0.0
 20
0.0
 30
0.0
  9
$PUCSXDIR
 10
1.0
 20
0.0
 30
0.0
  9
$PUCSYDIR
 10
0.0
 20
1.0
 30
0.0
  9
$PUCSORTHOREF
  2

  9
$PUCSORTHOVIEW
 70
0
  9
$PUCSORGTOP
 10
0.0
 20
0.0
 30
0.0
  9
$PUCSORGBOTTOM
 10
0.0
 20
0.0
 30
0.0
  9
$PUCSORGLEFT
 10
0.0
 20
0.0
 30
0.0
  9
$PUCSORGRIGHT
 10
0.0
 20
0.0
 30
0.0
  9
$PUCSORGFRONT
 10
0.0
 20
0.0
 30
0.0
  9
$PUCSORGBACK
 10
0.0
 20
0.0
 30
0.0
  9
$USERI1
 70
0
  9
$USERI2
 70
0
  9
$USERI3
 70
0
  9
$USERI4
 70
0
  9
$USERI5
 70
0
  9
$USERR1
 40
0.0
  9
$USERR2
 40
0.0
  9
$USERR3
 40
0.0
  9
$USERR4
 40
0.0
  9
$USERR5
 40
0.0
  9
$WORLDVIEW
 70
1
  9
$SHADEDGE
 70
3
  9
$SHADEDIF
 70
70
  9
$TILEMODE
 70
1
  9
$MAXACTVP
 70
64
  9
$PINSBASE
 10
0.0
 20
0.0
 30
0.0
  9
$PLIMCHECK
 70
0
  9
$PEXTMIN
 10
1e+20
 20
1e+20
 30
1e+20
  9
$PEXTMAX
 10
-1e+20
 20
-1e+20
 30
-1e+20
  9
$PLIMMIN
 10
0.0
 20
0.0
  9
$PLIMMAX
 10
420.0
 20
297.0
  9
$UNITMODE
 70
0
  9
$VISRETAIN
 70
1
  9
$PLINEGEN
 70
0
  9
$PSLTSCALE
 70
1
  9
$TREEDEPTH
 70
3020
  9
$CMLSTYLE
  2
Standard
  9
$CMLJUST
 70
0
  9
$CMLSCALE
 40
20.0
  9
$PROXYGRAPHICS
 70
1
  9
$MEASUREMENT
 70
1
  9
$CELWEIGHT
370
-1
  9
$ENDCAPS
280
0
  9
$JOINSTYLE
280
0
  9
$LWDISPLAY
290
0
  9
$INSUNITS
 70
4
  9
$HYPERLINKBASE
  1

  9
$STYLESHEET
  1

  9
$XEDIT
290
1
  9
$CEPSNTYPE
380
0
  9
$PSTYLEMODE
290
1
  9
$FINGERPRINTGUID
  2
{DCC4CEFA-7E4B-4C60-9AE3-5A6D52132B59}
  9
$VERSIONGUID
  2
{12580958-1D08-4513-B946-D1641FA93CB1}
  9
$EXTNAMES
290
1
  9
$PSVPSCALE
 40
0.0
  9
$OLESTARTUP
290
0
  9
$SORTENTS
280
127
  9
$INDEXCTL
280
0
  9
$HIDETEXT
280
1
  9
$XCLIPFRAME
280
1
  9
$HALOGAP
280
0
  9
$OBSCOLOR
 70
257
  9
$OBSLTYPE
280
0
  9
$INTERSECTIONDISPLAY
280
0
  9
$INTERSECTIONCOLOR
 70
257
  9
$DIMASSOC
280
2
  9
$PROJECTNAME
  1

  9
$CAMERADISPLAY
290
0
  9
$LENSLENGTH
 40
50.0
  9
$CAMERAHEIGHT
 40
0.0
  9
$STEPSPERSEC
 40
24.0
  9
$STEPSIZE
 40
100.0
  9
$3DDWFPREC
 40
2.0
  9
$PSOLWIDTH
 40
0.005
  9
$PSOLHEIGHT
 40
0.08
  9
$LOFTANG1
 40
1.570796326795
  9
$LOFTANG2
 40
1.570796326795
  9
$LOFTMAG1
 40
0.0
  9
$LOFTMAG2
 40
0.0
  9
$LOFTPARAM
 70
7
  9
$LOFTNORMALS
280
1
  9
$LATITUDE
 40
37.795
  9
$LONGITUDE
 40
-122.394
  9
$NORTHDIRECTION
 40
0.0
  9
$TIMEZONE
 70
-8000
  9
$LIGHTGLYPHDISPLAY
280
1
  9
$TILEMODELIGHTSYNCH
280
1
  9
$CMATERIAL
347
20
  9
$SOLIDHIST
280
0
  9
$SHOWHIST
280
1
  9
$DWFFRAME
280
2
  9
$DGNFRAME
280
2
  9
$REALWORLDSCALE
290
1
  9
$INTERFERECOLOR
 62
256
  9
$CSHADOW
280
0
  9
$SHADOWPLANELOCATION
 40
0.0
  0
ENDSEC
  0
SECTION
  2
CLASSES
  0
CLASS
  1
ACDBDICTIONARYWDFLT
  2
AcDbDictionaryWithDefault
  3
ObjectDBX Classes
 90
0
 91
0
280
0
281
0
  0
CLASS
  1
SUN
  2
AcDbSun
  3
SCENEOE
 90
1153
 91
0
280
0
281
0
  0
CLASS
  1
VISUALSTYLE
  2
AcDbVisualStyle
  3
ObjectDBX Classes
 90
4095
 91
0
280
0
281
0
  0
CLASS
  1
MATERIAL
  2
AcDbMaterial
  3
ObjectDBX Classes
 90
1153
 91
0
280
0
281
0
  0
CLASS
  1
SCALE
  2
AcDbScale
  3
ObjectDBX Classes
 90
1153
 91
0
280
0
281
0
  0
CLASS
  1
TABLESTYLE
  2
AcDbTableStyle
  3
ObjectDBX Classes
 90
4095
 91
0
280
0
281
0
  0
CLASS
  1
MLEADERSTYLE
  2
AcDbMLeaderStyle
  3
ACDB_MLEADERSTYLE_CLASS
 90
4095
 91
0
280
0
281
0
  0
CLASS
  1
DICTIONARYVAR
  2
AcDbDictionaryVar
  3
ObjectDBX Classes
 90
0
 91
0
280
0
281
0
  0
CLASS
  1
CELLSTYLEMAP
  2
AcDbCellStyleMap
  3
ObjectDBX Classes
 90
1152
 91
0
280
0
281
0
  0
CLASS
  1
MENTALRAYRENDERSETTINGS
  2
AcDbMentalRayRenderSettings
  3
SCENEOE
 90
1024
 91
0
280
0
281
0
  0
CLASS
  1
ACDBDETAILVIEWSTYLE
  2
AcDbDetailViewStyle
  3
ObjectDBX Classes
 90
1025
 91
0
280
0
281
0
  0
CLASS
  1
ACDBSECTIONVIEWSTYLE
  2
AcDbSectionViewStyle
  3
ObjectDBX Classes
 90
1025
 91
0
280
0
281
0
  0
CLASS
  1
RASTERVARIABLES
  2
AcDbRasterVariables
  3
ISM
 90
0
 91
0
280
0
281
0
  0
CLASS
  1
ACDBPLACEHOLDER
  2
AcDbPlaceHolder
  3
ObjectDBX Classes
 90
0
 91
0
280
0
281
0
  0
CLASS
  1
LAYOUT
  2
AcDbLayout
  3
ObjectDBX Classes
 90
0
 91
0
280
0
281
0
  0
ENDSEC
  0
SECTION
  2
TABLES
  0
TABLE
  2
VPORT
  5
8
330
0
100
AcDbSymbolTable
 70
1
  0
VPORT
  5
23
330
8
100
AcDbSymbolTableRecord
100
AcDbViewportTableRecord
  2
*Active
 70
0
 10
0.0
 20
0.0
 11
1.0
 21
1.0
 12
0.0
 22
0.0
 13
0.0
 23
0.0
 14
0.5
 24
0.5
 15
0.5
 25
0.5
 16
0.0
 26
0.0
 36
1.0
 17
0.0
 27
0.0
 37
0.0
 40
1000.0
 41
1.34
 42
50.0
 43
0.0
 44
0.0
 50
0.0
 51
0.0
 71
0
 72
1000
 73
1
 74
3
 75
0
 76
0
 77
0
 78
0
281
0
 65
0
146
0.0
  0
ENDTAB
  0
TABLE
  2
LTYPE
  5
2
330
0
100
AcDbSymbolTable
 70
21
  0
LTYPE
  5
24
330
2
100
AcDbSymbolTableRecord
100
AcDbLinetypeTableRecord
  2
ByBlock
 70
0
  3

 72
65
 73
0
 40
0.0
  0
LTYPE
  5
25
330
2
100
AcDbSymbolTableRecord
100
AcDbLinetypeTableRecord
  2
ByLayer
 70
0
  3

 72
65
 73
0
 40
0.0
  0
LTYPE
  5
26
330
2
100
AcDbSymbolTableRecord
100
AcDbLinetypeTableRecord
  2
Continuous
 70
0
  3

 72
65
 73
0
 40
0.0
  0
LTYPE
  5
2F
330
2
100
AcDbSymbolTableRecord
100
AcDbLinetypeTableRecord
  2
CENTER
 70
0
  3
Center ____ _ ____ _ ____ _ ____ _ ____ _ ____
 72
65
 73
4
 40
5.08
 49
3.175
 74
0
 49
-0.635
 74
0
 49
0.635
 74
0
 49
-0.635
 74
0
  0
LTYPE
  5
30
330
2
100
AcDbSymbolTableRecord
100
AcDbLinetypeTableRecord
  2
CENTERX2
 70
0
  3
Center (2x) ________  __  ________  __  ________
 72
65
 73
4
 40
8.89
 49
6.35
 74
0
 49
-0.635
 74
0
 49
1.27
 74
0
 49
-0.635
 74
0
  0
LTYPE
  5
31
330
2
100
AcDbSymbolTableRecord
100
AcDbLinetypeTableRecord
  2
CENTER2
 70
0
  3
Center (.5x) ____ _ ____ _ ____ _ ____ _ ____
 72
65
 73
4
 40
2.54
 49
1.587
 74
0
 49
-0.318
 74
0
 49
0.318
 74
0
 49
-0.318
 74
0
  0
LTYPE
  5
32
330
2
100
AcDbSymbolTableRecord
100
AcDbLinetypeTableRecord
  2
DASHED
 70
0
  3
Dashed __ __ __ __ __ __ __ __ __ __ __ __ __ _
 72
65
 73
2
 40
1.524
 49
1.27
 74
0
 49
-0.254
 74
0
  0
LTYPE
  5
33
330
2
100
AcDbSymbolTableRecord
100
AcDbLinetypeTableRecord
  2
DASHEDX2
 70
0
  3
Dashed (2x) ____  ____  ____  ____  ____  ____
 72
65
 73
2
 40
3.048
 49
2.54
 74
0
 49
-0.508
 74
0
  0
LTYPE
  5
34
330
2
100
AcDbSymbolTableRecord
100
AcDbLinetypeTableRecord
  2
DASHED2
 70
0
  3
Dashed (.5x) _ _ _ _ _ _ _ _ _ _ _ _ _ _
 72
65
 73
2
 40
0.762
 49
0.635
 74
0
 49
-0.127
 74
0
  0
LTYPE
  5
35
330
2
100
AcDbSymbolTableRecord
100
AcDbLinetypeTableRecord
  2
PHANTOM
 70
0
  3
Phantom ______  __  __  ______  __  __  ______
 72
65
 73
6
 40
6.35
 49
3.175
 74
0
 49
-0.635
 74
0
 49
0.635
 74
0
 49
-0.635
 74
0
 49
0.635
 74
0
 49
-0.635
 74
0
  0
LTYPE
  5
36
330
2
100
AcDbSymbolTableRecord
100
AcDbLinetypeTableRecord
  2
PHANTOMX2
 70
0
  3
Phantom (2x)____________    ____    ____    ____________
 72
65
 73
6
 40
10.795
 49
6.35
 74
0
 49
-0.635
 74
0
 49
1.27
 74
0
 49
-0.635
 74
0
 49
1.27
 74
0
 49
-0.635
 74
0
  0
LTYPE
  5
37
330
2
100
AcDbSymbolTableRecord
100
AcDbLinetypeTableRecord
  2
PHANTOM2
 70
0
  3
Phantom (.5x) ___ _ _ ___ _ _ ___ _ _ ___ _ _ ___
 72
65
 73
6
 40
3.175
 49
1.587
 74
0
 49
-0.318
 74
0
 49
0.318
 74
0
 49
-0.318
 74
0
 49
0.318
 74
0
 49
-0.318
 74
0
  0
LTYPE
  5
38
330
2
100
AcDbSymbolTableRecord
100
AcDbLinetypeTableRecord
  2
DASHDOT
 70
0
  3
Dash dot __ . __ . __ . __ . __ . __ . __ . __
 72
65
 73
4
 40
3.556
 49
2.54
 74
0
 49
-0.508
 74
0
 49
0.0
 74
0
 49
-0.508
 74
0
  0
LTYPE
  5
39
330
2
100
AcDbSymbolTableRecord
100
AcDbLinetypeTableRecord
  2
DASHDOTX2
 70
0
  3
Dash dot (2x) ____  .  ____  .  ____  .  ____
 72
65
 73
4
 40
6.096
 49
5.08
 74
0
 49
-0.508
 74
0
 49
0.0
 74
0
 49
-0.508
 74
0
  0
LTYPE
  5
3A
330
2
100
AcDbSymbolTableRecord
100
AcDbLinetypeTableRecord
  2
DASHDOT2
 70
0
  3
Dash dot (.5x) _ . _ . _ . _ . _ . _ . _ . _
 72
65
 73
4
 40
1.778
 49
1.27
 74
0
 49
-0.254
 74
0
 49
0.0
 74
0
 49
-0.254
 74
0
  0
LTYPE
  5
3B
330
2
100
AcDbSymbolTableRecord
100
AcDbLinetypeTableRecord
  2
DOT
 70
0
  3
Dot .  .  .  .  .  .  .  .  .  .  .  .  .  .  .  .
 72
65
 73
2
 40
0.508
 49
0.0
 74
0
 49
-0.508
 74
0
  0
LTYPE
  5
3C
330
2
100
AcDbSymbolTableRecord
100
AcDbLinetypeTableRecord
  2
DOTX2
 70
0
  3
Dot (2x) .    .    .    .    .    .    .    . 
 72
65
 73
2
 40
1.016
 49
0.0
 74
0
 49
-1.016
 74
0
  0
LTYPE
  5
3D
330
2
100
AcDbSymbolTableRecord
100
AcDbLinetypeTableRecord
  2
DOT2
 70
0
  3
Dot (.5) . . . . . . . . . . . . . . . . . . . 
 72
65
 73
2
 40
0.254
 49
0.0
 74
0
 49
-0.254
 74
0
  0
LTYPE
  5
3E
330
2
100
AcDbSymbolTableRecord
100
AcDbLinetypeTableRecord
  2
DIVIDE
 70
0
  3
Divide __ . . __ . . __ . . __ . . __ . . __
 72
65
 73
6
 40
4.064
 49
2.54
 74
0
 49
-0.508
 74
0
 49
0.0
 74
0
 49
-0.508
 74
0
 49
0.0
 74
0
 49
-0.508
 74
0
  0
LTYPE
  5
3F
330
2
100
AcDbSymbolTableRecord
100
AcDbLinetypeTableRecord
  2
DIVIDEX2
 70
0
  3
Divide (2x) ____  . .  ____  . .  ____  . .  ____
 72
65
 73
6
 40
6.604
 49
5.08
 74
0
 49
-0.508
 74
0
 49
0.0
 74
0
 49
-0.508
 74
0
 49
0.0
 74
0
 49
-0.508
 74
0
  0
LTYPE
  5
40
330
2
100
AcDbSymbolTableRecord
100
AcDbLinetypeTableRecord
  2
DIVIDE2
 70
0
  3
Divide(.5x) _ . _ . _ . _ . _ . _ . _ . _
 72
65
 73
6
 40
2.032
 49
1.27
 74
0
 49
-0.254
 74
0
 49
0.0
 74
0
 49
-0.254
 74
0
 49
0.0
 74
0
 49
-0.254
 74
0
  0
ENDTAB
  0
TABLE
  2
LAYER
  5
1
330
0
100
AcDbSymbolTable
 70
12
  0
LAYER
  5
27
330
1
100
AcDbSymbolTableRecord
100
AcDbLayerTableRecord
  2
0
 70
0
 62
7
  6
Continuous
370
-3
390
13
347
21
  0
LAYER
  5
28
330
1
100
AcDbSymbolTableRecord
100
AcDbLayerTableRecord
  2
Defpoints
 70
0
 62
7
  6
Continuous
290
0
370
-3
390
13
347
21
  0
LAYER
  5
8A
330
1
100
AcDbSymbolTableRecord
100
AcDbLayerTableRecord
  2
CUT_OUTSIDE
 70
0
 62
1
  6
Continuous
370
-3
390
13
347
21
1001
AcAecLayerStandard
1000

1000
Profile cut, OUTSIDE the line, through 18 mm (add tabs)
  0
LAYER
  5
8C
330
1
100
AcDbSymbolTableRecord
100
AcDbLayerTableRecord
  2
CUT_NESTED
 70
0
 62
140
  6
Continuous
370
-3
390
13
347
21
1001
AcAecLayerStandard
1000

1000
Small parts nested inside a window: cut OUTSIDE the line, BEFORE CUT_INSIDE (add tabs)
  0
LAYER
  5
8D
330
1
100
AcDbSymbolTableRecord
100
AcDbLayerTableRecord
  2
CUT_INSIDE
 70
0
 62
5
  6
Continuous
370
-3
390
13
347
21
1001
AcAecLayerStandard
1000

1000
Profile cut, INSIDE the line, through 18 mm (windows, holes, slots, letters)
  0
LAYER
  5
8E
330
1
100
AcDbSymbolTableRecord
100
AcDbLayerTableRecord
  2
CUT_DOOR
 70
0
 62
6
  6
Continuous
370
-3
390
13
347
21
1001
AcAecLayerStandard
1000

1000
Door openings: cut ON the line, through — the loose piece becomes the door
  0
LAYER
  5
8F
330
1
100
AcDbSymbolTableRecord
100
AcDbLayerTableRecord
  2
DRILL_7
 70
0
 62
3
  6
Continuous
370
-3
390
13
347
21
1001
AcAecLayerStandard
1000

1000
Drill 7 mm through (confirmat screw shank holes)
  0
LAYER
  5
90
330
1
100
AcDbSymbolTableRecord
100
AcDbLayerTableRecord
  2
DRILL_10
 70
0
 62
4
  6
Continuous
370
-3
390
13
347
21
1001
AcAecLayerStandard
1000

1000
Drill 10 mm through (M8 T-nuts / bolts / levelling feet)
  0
LAYER
  5
91
330
1
100
AcDbSymbolTableRecord
100
AcDbLayerTableRecord
  2
POCKET_8
 70
0
 62
30
  6
Continuous
370
-3
390
13
347
21
1001
AcAecLayerStandard
1000

1000
Pocket 8 mm deep (LED strip channels)
  0
LAYER
  5
92
330
1
100
AcDbSymbolTableRecord
100
AcDbLayerTableRecord
  2
ENGRAVE_V
 70
0
 62
2
  6
Continuous
370
-3
390
13
347
21
1001
AcAecLayerStandard
1000

1000
V-bit engrave 3 mm deep, 60/90 deg (decoration, text)
  0
LAYER
  5
93
330
1
100
AcDbSymbolTableRecord
100
AcDbLayerTableRecord
  2
SHEET
 70
0
 62
8
  6
Continuous
370
-3
390
13
347
21
1001
AcAecLayerStandard
1000

1000
Sheet outline 1220 x 2440 — do not cut
  0
LAYER
  5
94
330
1
100
AcDbSymbolTableRecord
100
AcDbLayerTableRecord
  2
LABELS
 70
0
 62
7
  6
Continuous
370
-3
390
13
347
21
1001
AcAecLayerStandard
1000

1000
Part names — do not cut
  0
ENDTAB
  0
TABLE
  2
STYLE
  5
5
330
0
100
AcDbSymbolTable
 70
26
  0
STYLE
  5
29
330
5
100
AcDbSymbolTableRecord
100
AcDbTextStyleTableRecord
  2
Standard
 70
0
 40
0.0
 41
1.0
 50
0.0
 71
0
 42
2.5
  3
txt
  4

  0
STYLE
  5
41
330
5
100
AcDbSymbolTableRecord
100
AcDbTextStyleTableRecord
  2
OpenSans-Light
 70
0
 40
0.0
 41
1.0
 50
0.0
 71
0
 42
2.5
  3
OpenSans-Light.ttf
  4

  0
STYLE
  5
42
330
5
100
AcDbSymbolTableRecord
100
AcDbTextStyleTableRecord
  2
OpenSans-Light-Italic
 70
0
 40
0.0
 41
1.0
 50
0.0
 71
0
 42
2.5
  3
OpenSans-LightItalic.ttf
  4

  0
STYLE
  5
43
330
5
100
AcDbSymbolTableRecord
100
AcDbTextStyleTableRecord
  2
OpenSans
 70
0
 40
0.0
 41
1.0
 50
0.0
 71
0
 42
2.5
  3
OpenSans-Regular.ttf
  4

  0
STYLE
  5
44
330
5
100
AcDbSymbolTableRecord
100
AcDbTextStyleTableRecord
  2
OpenSans-Italic
 70
0
 40
0.0
 41
1.0
 50
0.0
 71
0
 42
2.5
  3
OpenSans-Italic.ttf
  4

  0
STYLE
  5
45
330
5
100
AcDbSymbolTableRecord
100
AcDbTextStyleTableRecord
  2
OpenSans-SemiBold
 70
0
 40
0.0
 41
1.0
 50
0.0
 71
0
 42
2.5
  3
OpenSans-SemiBold.ttf
  4

  0
STYLE
  5
46
330
5
100
AcDbSymbolTableRecord
100
AcDbTextStyleTableRecord
  2
OpenSans-SemiBoldItalic
 70
0
 40
0.0
 41
1.0
 50
0.0
 71
0
 42
2.5
  3
OpenSans-SemiBoldItalic.ttf
  4

  0
STYLE
  5
47
330
5
100
AcDbSymbolTableRecord
100
AcDbTextStyleTableRecord
  2
OpenSans-Bold
 70
0
 40
0.0
 41
1.0
 50
0.0
 71
0
 42
2.5
  3
OpenSans-Bold.ttf
  4

  0
STYLE
  5
48
330
5
100
AcDbSymbolTableRecord
100
AcDbTextStyleTableRecord
  2
OpenSans-BoldItalic
 70
0
 40
0.0
 41
1.0
 50
0.0
 71
0
 42
2.5
  3
OpenSans-BoldItalic.ttf
  4

  0
STYLE
  5
49
330
5
100
AcDbSymbolTableRecord
100
AcDbTextStyleTableRecord
  2
OpenSans-ExtraBold
 70
0
 40
0.0
 41
1.0
 50
0.0
 71
0
 42
2.5
  3
OpenSans-ExtraBold.ttf
  4

  0
STYLE
  5
4A
330
5
100
AcDbSymbolTableRecord
100
AcDbTextStyleTableRecord
  2
OpenSans-ExtraBoldItalic
 70
0
 40
0.0
 41
1.0
 50
0.0
 71
0
 42
2.5
  3
OpenSans-ExtraBoldItalic.ttf
  4

  0
STYLE
  5
4B
330
5
100
AcDbSymbolTableRecord
100
AcDbTextStyleTableRecord
  2
OpenSansCondensed-Bold
 70
0
 40
0.0
 41
1.0
 50
0.0
 71
0
 42
2.5
  3
OpenSansCondensed-Bold.ttf
  4

  0
STYLE
  5
4C
330
5
100
AcDbSymbolTableRecord
100
AcDbTextStyleTableRecord
  2
OpenSansCondensed-Light
 70
0
 40
0.0
 41
1.0
 50
0.0
 71
0
 42
2.5
  3
OpenSansCondensed-Light.ttf
  4

  0
STYLE
  5
4D
330
5
100
AcDbSymbolTableRecord
100
AcDbTextStyleTableRecord
  2
OpenSansCondensed-Italic
 70
0
 40
0.0
 41
1.0
 50
0.0
 71
0
 42
2.5
  3
OpenSansCondensed-LightItalic.ttf
  4

  0
STYLE
  5
4E
330
5
100
AcDbSymbolTableRecord
100
AcDbTextStyleTableRecord
  2
LiberationSans
 70
0
 40
0.0
 41
1.0
 50
0.0
 71
0
 42
2.5
  3
LiberationSans-Regular.ttf
  4

  0
STYLE
  5
4F
330
5
100
AcDbSymbolTableRecord
100
AcDbTextStyleTableRecord
  2
LiberationSans-Bold
 70
0
 40
0.0
 41
1.0
 50
0.0
 71
0
 42
2.5
  3
LiberationSans-Bold.ttf
  4

  0
STYLE
  5
50
330
5
100
AcDbSymbolTableRecord
100
AcDbTextStyleTableRecord
  2
LiberationSans-BoldItalic
 70
0
 40
0.0
 41
1.0
 50
0.0
 71
0
 42
2.5
  3
LiberationSans-BoldItalic.ttf
  4

  0
STYLE
  5
51
330
5
100
AcDbSymbolTableRecord
100
AcDbTextStyleTableRecord
  2
LiberationSans-Italic
 70
0
 40
0.0
 41
1.0
 50
0.0
 71
0
 42
2.5
  3
LiberationSans-Italic.ttf
  4

  0
STYLE
  5
52
330
5
100
AcDbSymbolTableRecord
100
AcDbTextStyleTableRecord
  2
LiberationSerif
 70
0
 40
0.0
 41
1.0
 50
0.0
 71
0
 42
2.5
  3
LiberationSerif-Regular.ttf
  4

  0
STYLE
  5
53
330
5
100
AcDbSymbolTableRecord
100
AcDbTextStyleTableRecord
  2
LiberationSerif-Bold
 70
0
 40
0.0
 41
1.0
 50
0.0
 71
0
 42
2.5
  3
LiberationSerif-Bold.ttf
  4

  0
STYLE
  5
54
330
5
100
AcDbSymbolTableRecord
100
AcDbTextStyleTableRecord
  2
LiberationSerif-BoldItalic
 70
0
 40
0.0
 41
1.0
 50
0.0
 71
0
 42
2.5
  3
LiberationSerif-BoldItalic.ttf
  4

  0
STYLE
  5
55
330
5
100
AcDbSymbolTableRecord
100
AcDbTextStyleTableRecord
  2
LiberationSerif-Italic
 70
0
 40
0.0
 41
1.0
 50
0.0
 71
0
 42
2.5
  3
LiberationSerif-Italic.ttf
  4

  0
STYLE
  5
56
330
5
100
AcDbSymbolTableRecord
100
AcDbTextStyleTableRecord
  2
LiberationMono
 70
0
 40
0.0
 41
1.0
 50
0.0
 71
0
 42
2.5
  3
LiberationMono-Regular.ttf
  4

  0
STYLE
  5
57
330
5
100
AcDbSymbolTableRecord
100
AcDbTextStyleTableRecord
  2
LiberationMono-Bold
 70
0
 40
0.0
 41
1.0
 50
0.0
 71
0
 42
2.5
  3
LiberationMono-Bold.ttf
  4

  0
STYLE
  5
58
330
5
100
AcDbSymbolTableRecord
100
AcDbTextStyleTableRecord
  2
LiberationMono-BoldItalic
 70
0
 40
0.0
 41
1.0
 50
0.0
 71
0
 42
2.5
  3
LiberationMono-BoldItalic.ttf
  4

  0
STYLE
  5
59
330
5
100
AcDbSymbolTableRecord
100
AcDbTextStyleTableRecord
  2
LiberationMono-Italic
 70
0
 40
0.0
 41
1.0
 50
0.0
 71
0
 42
2.5
  3
LiberationMono-Italic.ttf
  4

  0
ENDTAB
  0
TABLE
  2
VIEW
  5
7
330
0
100
AcDbSymbolTable
 70
0
  0
ENDTAB
  0
TABLE
  2
UCS
  5
6
330
0
100
AcDbSymbolTable
 70
0
  0
ENDTAB
  0
TABLE
  2
APPID
  5
3
330
0
100
AcDbSymbolTable
 70
4
  0
APPID
  5
2A
330
3
100
AcDbSymbolTableRecord
100
AcDbRegAppTableRecord
  2
ACAD
 70
0
  0
APPID
  5
8B
330
3
100
AcDbSymbolTableRecord
100
AcDbRegAppTableRecord
  2
AcAecLayerStandard
 70
0
  0
APPID
  5
17F
330
3
100
AcDbSymbolTableRecord
100
AcDbRegAppTableRecord
  2
HATCHBACKGROUNDCOLOR
 70
0
  0
APPID
  5
180
330
3
100
AcDbSymbolTableRecord
100
AcDbRegAppTableRecord
  2
EZDXF
 70
0
  0
ENDTAB
  0
TABLE
  2
DIMSTYLE
  5
4
330
0
100
AcDbSymbolTable
 70
12
100
AcDbDimStyleTable
  0
DIMSTYLE
105
2B
330
4
100
AcDbSymbolTableRecord
100
AcDbDimStyleTableRecord
  2
Standard
 70
0
 40
1.0
 41
2.5
 42
0.625
 43
3.75
 44
1.25
 45
0.0
 46
0.0
 47
0.0
 48
0.0
 49
2.5
140
2.5
141
2.5
142
0.0
143
0.03937007874
144
1.0
145
0.0
146
1.0
147
0.625
148
0.0
 69
0
 70
0
 71
0
 72
0
 73
0
 74
0
 75
0
 76
0
 77
1
 78
8
 79
3
170
0
171
3
172
1
173
0
174
0
175
0
176
0
177
0
178
0
179
2
271
2
272
2
273
2
274
3
275
0
276
0
277
2
278
44
279
0
280
0
281
0
282
0
283
0
284
8
285
0
286
0
288
0
289
3
290
0
371
-2
372
-2
  0
DIMSTYLE
105
73
330
4
100
AcDbSymbolTableRecord
100
AcDbDimStyleTableRecord
  2
EZDXF
 70
0
 40
1.0
 41
0.175
 42
0.125
 43
3.75
 44
0.375
 45
0.0
 46
0.0
 47
0.0
 48
0.0
 49
2.5
140
0.25
141
2.5
142
0.0
143
0.03937007874
144
100.0
145
0.0
146
0.5
147
0.1
148
0.0
 69
0
 70
0
 71
0
 72
0
 73
0
 74
0
 75
0
 76
0
 77
1
 78
12
 79
3
170
0
171
3
172
1
173
0
174
0
175
0
176
0
177
0
178
0
179
2
271
2
272
2
273
2
274
3
275
0
276
0
277
2
278
46
279
2
280
0
281
0
282
0
283
0
284
8
285
0
286
0
288
1
289
3
290
0
340
4C
342
74
371
-2
372
-2
  0
DIMSTYLE
105
7C
330
4
100
AcDbSymbolTableRecord
100
AcDbDimStyleTableRecord
  2
EZ_M_100_H25_CM
 70
0
 40
1.0
 41
0.25
 42
0.125
 43
3.75
 44
0.375
 45
0.0
 46
0.0
 47
0.0
 48
0.0
 49
2.5
140
0.25
141
2.5
142
0.125
143
0.03937007874
144
100.0
145
0.0
146
0.5
147
0.1
148
0.0
 69
0
 70
0
 71
0
 72
0
 73
0
 74
0
 75
0
 76
0
 77
1
 78
12
 79
3
170
0
171
3
172
1
173
0
174
0
175
0
176
0
177
0
178
0
179
2
271
2
272
2
273
2
274
3
275
0
276
0
277
2
278
46
279
2
280
0
281
0
282
0
283
0
284
8
285
0
286
0
288
1
289
3
290
0
340
4C
371
-2
372
-2
  0
DIMSTYLE
105
7D
330
4
100
AcDbSymbolTableRecord
100
AcDbDimStyleTableRecord
  2
EZ_M_50_H25_CM
 70
0
 40
1.0
 41
0.125
 42
0.0625
 43
3.75
 44
0.1875
 45
0.0
 46
0.0
 47
0.0
 48
0.0
 49
2.5
140
0.125
141
2.5
142
0.0625
143
0.03937007874
144
100.0
145
0.0
146
0.5
147
0.05
148
0.0
 69
0
 70
0
 71
0
 72
0
 73
0
 74
0
 75
0
 76
0
 77
1
 78
12
 79
3
170
0
171
3
172
1
173
0
174
0
175
0
176
0
177
0
178
0
179
2
271
2
272
2
273
2
274
3
275
0
276
0
277
2
278
46
279
2
280
0
281
0
282
0
283
0
284
8
285
0
286
0
288
1
289
3
290
0
340
4C
371
-2
372
-2
  0
DIMSTYLE
105
7E
330
4
100
AcDbSymbolTableRecord
100
AcDbDimStyleTableRecord
  2
EZ_M_25_H25_CM
 70
0
 40
1.0
 41
0.0625
 42
0.03125
 43
3.75
 44
0.09375
 45
0.0
 46
0.0
 47
0.0
 48
0.0
 49
2.5
140
0.0625
141
2.5
142
0.03125
143
0.03937007874
144
100.0
145
0.0
146
0.5
147
0.025
148
0.0
 69
0
 70
0
 71
0
 72
0
 73
0
 74
0
 75
0
 76
0
 77
1
 78
12
 79
3
170
0
171
3
172
1
173
0
174
0
175
0
176
0
177
0
178
0
179
2
271
2
272
2
273
2
274
3
275
0
276
0
277
2
278
46
279
2
280
0
281
0
282
0
283
0
284
8
285
0
286
0
288
1
289
3
290
0
340
4C
371
-2
372
-2
  0
DIMSTYLE
105
7F
330
4
100
AcDbSymbolTableRecord
100
AcDbDimStyleTableRecord
  2
EZ_M_20_H25_CM
 70
0
 40
1.0
 41
0.05
 42
0.025
 43
3.75
 44
0.07500000000000001
 45
0.0
 46
0.0
 47
0.0
 48
0.0
 49
2.5
140
0.05
141
2.5
142
0.025
143
0.03937007874
144
100.0
145
0.0
146
0.5
147
0.020000000000000004
148
0.0
 69
0
 70
0
 71
0
 72
0
 73
0
 74
0
 75
0
 76
0
 77
1
 78
12
 79
3
170
0
171
3
172
1
173
0
174
0
175
0
176
0
177
0
178
0
179
2
271
2
272
2
273
2
274
3
275
0
276
0
277
2
278
46
279
2
280
0
281
0
282
0
283
0
284
8
285
0
286
0
288
1
289
3
290
0
340
4C
371
-2
372
-2
  0
DIMSTYLE
105
80
330
4
100
AcDbSymbolTableRecord
100
AcDbDimStyleTableRecord
  2
EZ_M_10_H25_CM
 70
0
 40
1.0
 41
0.025
 42
0.0125
 43
3.75
 44
0.037500000000000006
 45
0.0
 46
0.0
 47
0.0
 48
0.0
 49
2.5
140
0.025
141
2.5
142
0.0125
143
0.03937007874
144
100.0
145
0.0
146
0.5
147
0.010000000000000002
148
0.0
 69
0
 70
0
 71
0
 72
0
 73
0
 74
0
 75
0
 76
0
 77
1
 78
12
 79
3
170
0
171
3
172
1
173
0
174
0
175
0
176
0
177
0
178
0
179
2
271
2
272
2
273
2
274
3
275
0
276
0
277
2
278
46
279
2
280
0
281
0
282
0
283
0
284
8
285
0
286
0
288
1
289
3
290
0
340
4C
371
-2
372
-2
  0
DIMSTYLE
105
81
330
4
100
AcDbSymbolTableRecord
100
AcDbDimStyleTableRecord
  2
EZ_M_5_H25_CM
 70
0
 40
1.0
 41
0.0125
 42
0.00625
 43
3.75
 44
0.018750000000000003
 45
0.0
 46
0.0
 47
0.0
 48
0.0
 49
2.5
140
0.0125
141
2.5
142
0.00625
143
0.03937007874
144
100.0
145
0.0
146
0.5
147
0.005000000000000001
148
0.0
 69
0
 70
0
 71
0
 72
0
 73
0
 74
0
 75
0
 76
0
 77
1
 78
12
 79
3
170
0
171
3
172
1
173
0
174
0
175
0
176
0
177
0
178
0
179
2
271
2
272
2
273
2
274
3
275
0
276
0
277
2
278
46
279
2
280
0
281
0
282
0
283
0
284
8
285
0
286
0
288
1
289
3
290
0
340
4C
371
-2
372
-2
  0
DIMSTYLE
105
82
330
4
100
AcDbSymbolTableRecord
100
AcDbDimStyleTableRecord
  2
EZ_M_1_H25_CM
 70
0
 40
1.0
 41
0.0025
 42
0.00125
 43
3.75
 44
0.00375
 45
0.0
 46
0.0
 47
0.0
 48
0.0
 49
2.5
140
0.0025
141
2.5
142
0.00125
143
0.03937007874
144
100.0
145
0.0
146
0.5
147
0.001
148
0.0
 69
0
 70
0
 71
0
 72
0
 73
0
 74
0
 75
0
 76
0
 77
1
 78
12
 79
3
170
0
171
3
172
1
173
0
174
0
175
0
176
0
177
0
178
0
179
2
271
2
272
2
273
2
274
3
275
0
276
0
277
2
278
46
279
2
280
0
281
0
282
0
283
0
284
8
285
0
286
0
288
1
289
3
290
0
340
4C
371
-2
372
-2
  0
DIMSTYLE
105
83
330
4
100
AcDbSymbolTableRecord
100
AcDbDimStyleTableRecord
  2
EZ_RADIUS
 70
0
 40
1.0
 41
0.25
 42
0.125
 43
3.75
 44
0.375
 45
0.0
 46
0.0
 47
0.0
 48
0.0
 49
2.5
140
0.25
141
0.0
142
0.0
143
0.03937007874
144
100.0
145
0.0
146
0.5
147
0.1
148
0.0
 69
0
 70
0
 71
0
 72
0
 73
0
 74
0
 75
0
 76
0
 77
1
 78
12
 79
3
170
0
171
3
172
0
173
0
174
0
175
0
176
0
177
0
178
0
179
2
271
2
272
2
273
2
274
3
275
0
276
0
277
2
278
46
279
1
280
0
281
0
282
0
283
0
284
8
285
0
286
0
288
1
289
3
290
0
340
4C
342
84
371
-2
372
-2
  0
DIMSTYLE
105
88
330
4
100
AcDbSymbolTableRecord
100
AcDbDimStyleTableRecord
  2
EZ_RADIUS_INSIDE
 70
0
 40
1.0
 41
0.25
 42
0.125
 43
3.75
 44
0.375
 45
0.0
 46
0.0
 47
0.0
 48
0.0
 49
2.5
140
0.25
141
0.0
142
0.0
143
0.03937007874
144
100.0
145
0.0
146
0.5
147
0.1
148
0.0
 69
0
 70
0
 71
0
 72
0
 73
0
 74
0
 75
0
 76
0
 77
0
 78
12
 79
3
170
0
171
3
172
0
173
0
174
1
175
0
176
0
177
0
178
0
179
2
271
2
272
2
273
2
274
3
275
0
276
0
277
2
278
46
279
0
280
0
281
0
282
0
283
0
284
8
285
0
286
0
288
1
289
0
290
0
340
4C
342
84
371
-2
372
-2
  0
DIMSTYLE
105
89
330
4
100
AcDbSymbolTableRecord
100
AcDbDimStyleTableRecord
  2
EZ_CURVED
 70
0
 40
1.0
 41
0.25
 42
0.125
 43
3.75
 44
0.375
 45
0.0
 46
0.0
 47
0.0
 48
0.0
 49
2.5
140
0.25
141
2.5
142
0.0
143
0.03937007874
144
100.0
145
0.0
146
0.5
147
0.1
148
0.0
 69
0
 70
0
 71
0
 72
0
 73
0
 74
0
 75
0
 76
0
 77
1
 78
12
 79
2
 90
2
170
0
171
3
172
1
173
0
174
0
175
0
176
0
177
0
178
0
179
2
271
2
272
2
273
2
274
3
275
0
276
0
277
2
278
46
279
2
280
0
281
0
282
0
283
0
284
8
285
0
286
0
288
1
289
3
290
0
340
4C
371
-2
372
-2
  0
ENDTAB
  0
TABLE
  2
BLOCK_RECORD
  5
9
330
0
100
AcDbSymbolTable
 70
5
  0
BLOCK_RECORD
  5
17
330
9
100
AcDbSymbolTableRecord
100
AcDbBlockTableRecord
  2
*Model_Space
340
1A
 70
0
280
1
281
0
  0
BLOCK_RECORD
  5
1B
330
9
100
AcDbSymbolTableRecord
100
AcDbBlockTableRecord
  2
*Paper_Space
340
1E
 70
0
280
1
281
0
  0
BLOCK_RECORD
  5
74
330
9
100
AcDbSymbolTableRecord
100
AcDbBlockTableRecord
  2
_ARCHTICK
340
0
 70
0
280
1
281
0
  0
BLOCK_RECORD
  5
78
330
9
100
AcDbSymbolTableRecord
100
AcDbBlockTableRecord
  2
_CLOSEDFILLED
340
0
 70
0
280
1
281
0
  0
BLOCK_RECORD
  5
84
330
9
100
AcDbSymbolTableRecord
100
AcDbBlockTableRecord
  2
_CLOSEDBLANK
340
0
 70
0
280
1
281
0
  0
ENDTAB
  0
ENDSEC
  0
SECTION
  2
BLOCKS
  0
BLOCK
  5
18
330
17
100
AcDbEntity
  8
0
100
AcDbBlockBegin
  2
*Model_Space
 70
0
 10
0.0
 20
0.0
 30
0.0
  3
*Model_Space
  1

  0
ENDBLK
  5
19
330
17
100
AcDbEntity
  8
0
100
AcDbBlockEnd
  0
BLOCK
  5
1C
330
1B
100
AcDbEntity
  8
0
100
AcDbBlockBegin
  2
*Paper_Space
 70
0
 10
0.0
 20
0.0
 30
0.0
  3
*Paper_Space
  1

  0
ENDBLK
  5
1D
330
1B
100
AcDbEntity
  8
0
100
AcDbBlockEnd
  0
BLOCK
  5
75
330
74
100
AcDbEntity
  8
0
100
AcDbBlockBegin
  2
_ARCHTICK
 70
0
 10
0.0
 20
0.0
 30
0.0
  3
_ARCHTICK
  1

  0
LWPOLYLINE
  5
77
330
74
100
AcDbEntity
  8
0
  6
BYBLOCK
 62
0
100
AcDbPolyline
 90
2
 70
0
 43
0.15
 10
-0.5
 20
-0.5
 10
0.5
 20
0.5
  0
ENDBLK
  5
76
330
74
100
AcDbEntity
  8
0
100
AcDbBlockEnd
  0
BLOCK
  5
79
330
78
100
AcDbEntity
  8
0
100
AcDbBlockBegin
  2
_CLOSEDFILLED
 70
0
 10
0.0
 20
0.0
 30
0.0
  3
_CLOSEDFILLED
  1

  0
SOLID
  5
7B
330
78
100
AcDbEntity
  8
0
  6
BYBLOCK
 62
0
100
AcDbTrace
 10
-1.0
 20
0.16439898372402537
 30
0.0
 11
0.0
 21
0.0
 31
0.0
 12
-1.0
 22
-0.16439898372402537
 32
0.0
 13
-1.0
 23
-0.16439898372402537
 33
0.0
  0
ENDBLK
  5
7A
330
78
100
AcDbEntity
  8
0
100
AcDbBlockEnd
  0
BLOCK
  5
85
330
84
100
AcDbEntity
  8
0
100
AcDbBlockBegin
  2
_CLOSEDBLANK
 70
0
 10
0.0
 20
0.0
 30
0.0
  3
_CLOSEDBLANK
  1

  0
LWPOLYLINE
  5
87
330
84
100
AcDbEntity
  8
0
  6
BYBLOCK
 62
0
100
AcDbPolyline
 90
3
 70
1
 10
-1.0
 20
0.16439898372402537
 10
0.0
 20
0.0
 10
-1.0
 20
-0.16439898372402537
  0
ENDBLK
  5
86
330
84
100
AcDbEntity
  8
0
100
AcDbBlockEnd
  0
ENDSEC
  0
SECTION
  2
ENTITIES
  0
LWPOLYLINE
  5
95
330
17
100
AcDbEntity
  8
SHEET
100
AcDbPolyline
 90
4
 70
1
 10
0.0
 20
0.0
 10
2440.0
 20
0.0
 10
2440.0
 20
1220.0
 10
0.0
 20
1220.0
  0
LWPOLYLINE
  5
96
330
17
100
AcDbEntity
  8
CUT_OUTSIDE
100
AcDbPolyline
 90
319
 70
1
 10
1487.989
 20
846.001
 10
1487.966
 20
846.0
 10
217.995
 20
846.0
 10
217.986
 20
846.0
 10
211.389
 20
846.111
 10
211.371
 20
846.112
 10
205.052
 20
846.441
 10
205.033
 20
846.442
 10
198.98
 20
846.982
 10
198.961
 20
846.984
 10
193.166
 20
847.729
 10
193.145
 20
847.732
 10
187.6
 20
848.674
 10
187.58
 20
848.678
 10
182.277
 20
849.811
 10
182.256
 20
849.817
 10
177.186
 20
851.135
 10
177.165
 20
851.141
 10
172.322
 20
852.637
 10
172.3
 20
852.644
 10
167.674
 20
854.311
 10
167.652
 20
854.32
 10
163.236
 20
856.152
 10
163.214
 20
856.161
 10
158.999
 20
858.152
 10
158.978
 20
858.162
 10
154.956
 20
860.304
 10
154.935
 20
860.316
 10
151.098
 20
862.603
 10
151.078
 20
862.616
 10
147.418
 20
865.042
 10
147.399
 20
865.056
 10
143.908
 20
867.614
 10
143.89
 20
867.628
 10
140.559
 20
870.313
 10
140.542
 20
870.327
 10
137.364
 20
873.132
 10
137.348
 20
873.146
 10
134.315
 20
876.064
 10
134.3
 20
876.079
 10
131.403
 20
879.103
 10
131.39
 20
879.118
 10
128.622
 20
882.243
 10
128.61
 20
882.257
 10
125.962
 20
885.477
 10
125.951
 20
885.49
 10
123.416
 20
888.797
 10
123.406
 20
888.81
 10
120.976
 20
892.199
 10
120.968
 20
892.211
 10
118.634
 20
895.674
 10
118.627
 20
895.686
 10
116.382
 20
899.218
 10
116.376
 20
899.228
 10
114.213
 20
902.822
 10
114.207
 20
902.831
 10
112.117
 20
906.48
 10
112.112
 20
906.488
 10
110.087
 20
910.186
 10
110.084
 20
910.194
 10
108.116
 20
913.934
 10
108.113
 20
913.94
 10
106.195
 20
917.716
 10
106.192
 20
917.721
 10
104.317
 20
921.524
 10
102.472
 20
925.357
 10
100.653
 20
929.204
 10
98.853
 20
933.06
 10
97.063
 20
936.918
 10
95.276
 20
940.769
 10
95.275
 20
940.771
 10
93.484
 20
944.609
 10
93.482
 20
944.613
 10
91.678
 20
948.431
 10
91.675
 20
948.437
 10
89.85
 20
952.228
 10
89.846
 20
952.237
 10
87.993
 20
955.995
 10
87.988
 20
956.005
 10
86.118
 20
959.684
 10
86.112
 20
959.696
 10
84.243
 20
963.256
 10
84.237
 20
963.268
 10
82.367
 20
966.71
 10
82.36
 20
966.723
 10
80.489
 20
970.049
 10
80.482
 20
970.063
 10
78.61
 20
973.274
 10
78.602
 20
973.288
 10
76.728
 20
976.387
 10
76.719
 20
976.401
 10
74.843
 20
979.388
 10
74.834
 20
979.403
 10
72.956
 20
982.28
 10
72.945
 20
982.296
 10
71.064
 20
985.064
 10
71.053
 20
985.08
 10
69.168
 20
987.742
 10
69.156
 20
987.758
 10
67.268
 20
990.314
 10
67.255
 20
990.331
 10
65.362
 20
992.783
 10
65.349
 20
992.801
 10
63.451
 20
995.15
 10
63.436
 20
995.168
 10
61.534
 20
997.417
 10
61.518
 20
997.435
 10
59.61
 20
999.585
 10
59.593
 20
999.603
 10
57.679
 20
1001.655
 10
57.661
 20
1001.673
 10
55.741
 20
1003.629
 10
55.722
 20
1003.647
 10
53.795
 20
1005.508
 10
53.775
 20
1005.527
 10
51.84
 20
1007.295
 10
51.819
 20
1007.314
 10
49.877
 20
1008.99
 10
49.854
 20
1009.009
 10
47.904
 20
1010.596
 10
47.88
 20
1010.614
 10
45.921
 20
1012.113
 10
45.896
 20
1012.131
 10
43.928
 20
1013.543
 10
43.902
 20
1013.56
 10
41.924
 20
1014.887
 10
41.897
 20
1014.904
 10
39.909
 20
1016.148
 10
39.881
 20
1016.164
 10
37.882
 20
1017.326
 10
37.853
 20
1017.342
 10
35.842
 20
1018.423
 10
35.813
 20
1018.438
 10
33.79
 20
1019.441
 10
33.76
 20
1019.455
 10
31.725
 20
1020.38
 10
31.695
 20
1020.394
 10
29.647
 20
1021.244
 10
29.615
 20
1021.256
 10
27.554
 20
1022.032
 10
27.522
 20
1022.043
 10
25.446
 20
1022.747
 10
25.415
 20
1022.757
 10
23.323
 20
1023.39
 10
23.292
 20
1023.398
 10
21.185
 20
1023.962
 10
21.154
 20
1023.97
 10
19.031
 20
1024.465
 10
19.0
 20
1024.472
 10
16.861
 20
1024.901
 10
16.83
 20
1024.907
 10
14.673
 20
1025.271
 10
14.643
 20
1025.275
 10
12.468
 20
1025.576
 10
12.439
 20
1025.58
 10
10.245
 20
1025.818
 10
10.217
 20
1025.821
 10
8.015
 20
1025.998
 10
8.0
 20
1026.0
 10
8.015
 20
1026.002
 10
10.217
 20
1026.179
 10
10.245
 20
1026.182
 10
12.439
 20
1026.42
 10
12.468
 20
1026.424
 10
14.643
 20
1026.725
 10
14.673
 20
1026.729
 10
16.83
 20
1027.093
 10
16.861
 20
1027.099
 10
19.0
 20
1027.528
 10
19.031
 20
1027.535
 10
21.154
 20
1028.03
 10
21.185
 20
1028.038
 10
23.292
 20
1028.602
 10
23.323
 20
1028.61
 10
25.415
 20
1029.243
 10
25.446
 20
1029.253
 10
27.522
 20
1029.957
 10
27.554
 20
1029.968
 10
29.615
 20
1030.744
 10
29.647
 20
1030.756
 10
31.695
 20
1031.606
 10
31.725
 20
1031.62
 10
33.76
 20
1032.545
 10
33.79
 20
1032.559
 10
35.813
 20
1033.562
 10
35.842
 20
1033.577
 10
37.853
 20
1034.658
 10
37.882
 20
1034.674
 10
39.881
 20
1035.836
 10
39.909
 20
1035.852
 10
41.897
 20
1037.096
 10
41.924
 20
1037.113
 10
43.902
 20
1038.44
 10
43.928
 20
1038.457
 10
45.896
 20
1039.869
 10
45.921
 20
1039.887
 10
47.88
 20
1041.386
 10
47.904
 20
1041.404
 10
49.854
 20
1042.991
 10
49.877
 20
1043.01
 10
51.819
 20
1044.686
 10
51.84
 20
1044.705
 10
53.775
 20
1046.473
 10
53.795
 20
1046.492
 10
55.722
 20
1048.353
 10
55.741
 20
1048.371
 10
57.661
 20
1050.327
 10
57.679
 20
1050.345
 10
59.593
 20
1052.397
 10
59.61
 20
1052.415
 10
61.518
 20
1054.565
 10
61.534
 20
1054.583
 10
63.436
 20
1056.832
 10
63.451
 20
1056.85
 10
65.349
 20
1059.199
 10
65.362
 20
1059.217
 10
67.255
 20
1061.669
 10
67.268
 20
1061.686
 10
69.156
 20
1064.242
 10
69.168
 20
1064.258
 10
71.053
 20
1066.92
 10
71.064
 20
1066.936
 10
72.945
 20
1069.704
 10
72.956
 20
1069.72
 10
74.834
 20
1072.597
 10
74.843
 20
1072.612
 10
76.719
 20
1075.599
 10
76.728
 20
1075.613
 10
78.602
 20
1078.712
 10
78.61
 20
1078.726
 10
80.482
 20
1081.937
 10
80.489
 20
1081.951
 10
82.36
 20
1085.277
 10
82.367
 20
1085.29
 10
84.237
 20
1088.732
 10
84.243
 20
1088.744
 10
86.112
 20
1092.304
 10
86.118
 20
1092.316
 10
87.988
 20
1095.995
 10
87.993
 20
1096.005
 10
89.846
 20
1099.763
 10
89.85
 20
1099.772
 10
91.675
 20
1103.563
 10
91.678
 20
1103.569
 10
93.482
 20
1107.387
 10
93.484
 20
1107.391
 10
95.275
 20
1111.229
 10
95.276
 20
1111.231
 10
97.063
 20
1115.082
 10
98.852
 20
1118.938
 10
100.651
 20
1122.791
 10
102.469
 20
1126.637
 10
104.313
 20
1130.467
 10
106.192
 20
1134.279
 10
106.195
 20
1134.284
 10
108.113
 20
1138.06
 10
108.116
 20
1138.066
 10
110.084
 20
1141.806
 10
110.087
 20
1141.814
 10
112.112
 20
1145.512
 10
112.117
 20
1145.52
 10
114.207
 20
1149.169
 10
114.213
 20
1149.178
 10
116.376
 20
1152.772
 10
116.382
 20
1152.782
 10
118.627
 20
1156.314
 10
118.634
 20
1156.326
 10
120.968
 20
1159.789
 10
120.976
 20
1159.801
 10
123.406
 20
1163.19
 10
123.416
 20
1163.203
 10
125.951
 20
1166.51
 10
125.962
 20
1166.523
 10
128.61
 20
1169.743
 10
128.622
 20
1169.757
 10
131.39
 20
1172.882
 10
131.403
 20
1172.897
 10
134.3
 20
1175.921
 10
134.315
 20
1175.936
 10
137.348
 20
1178.854
 10
137.364
 20
1178.868
 10
140.542
 20
1181.673
 10
140.559
 20
1181.687
 10
143.89
 20
1184.372
 10
143.908
 20
1184.386
 10
147.399
 20
1186.944
 10
147.418
 20
1186.958
 10
151.078
 20
1189.384
 10
151.098
 20
1189.397
 10
154.935
 20
1191.684
 10
154.956
 20
1191.696
 10
158.978
 20
1193.838
 10
158.999
 20
1193.848
 10
163.214
 20
1195.839
 10
163.236
 20
1195.848
 10
167.652
 20
1197.68
 10
167.674
 20
1197.689
 10
172.3
 20
1199.356
 10
172.322
 20
1199.363
 10
177.165
 20
1200.859
 10
177.186
 20
1200.865
 10
182.256
 20
1202.183
 10
182.277
 20
1202.189
 10
187.58
 20
1203.322
 10
187.6
 20
1203.326
 10
193.145
 20
1204.268
 10
193.166
 20
1204.271
 10
198.961
 20
1205.016
 10
198.98
 20
1205.018
 10
205.033
 20
1205.558
 10
205.052
 20
1205.559
 10
211.371
 20
1205.888
 10
211.389
 20
1205.889
 10
217.986
 20
1206.0
 10
217.995
 20
1206.0
 10
1487.966
 20
1206.0
 10
1487.989
 20
1205.999
 10
1487.99
 20
1205.975
 10
1487.99
 20
846.025
  0
CIRCLE
  5
97
330
17
100
AcDbEntity
  8
CUT_INSIDE
100
AcDbCircle
 10
437.99047757134144
 20
1026.0
 30
0.0
 40
131.0
  0
LWPOLYLINE
  5
98
330
17
100
AcDbEntity
  8
CUT_INSIDE
100
AcDbPolyline
 90
52
 70
1
 10
969.99
 20
1124.0
 10
970.382
 20
1123.974
 10
970.767
 20
1123.898
 10
971.139
 20
1123.772
 10
971.49
 20
1123.598
 10
971.817
 20
1123.38
 10
972.112
 20
1123.121
 10
972.371
 20
1122.826
 10
972.589
 20
1122.5
 10
972.762
 20
1122.148
 10
972.888
 20
1121.776
 10
972.965
 20
1121.392
 10
972.99
 20
1121.0
 10
972.99
 20
931.0
 10
972.965
 20
930.608
 10
972.888
 20
930.224
 10
972.762
 20
929.852
 10
972.589
 20
929.5
 10
972.371
 20
929.174
 10
972.112
 20
928.879
 10
971.817
 20
928.62
 10
971.49
 20
928.402
 10
971.139
 20
928.228
 10
970.767
 20
928.102
 10
970.382
 20
928.026
 10
969.99
 20
928.0
 10
629.99
 20
928.0
 10
629.599
 20
928.026
 10
629.214
 20
928.102
 10
628.842
 20
928.228
 10
628.49
 20
928.402
 10
628.164
 20
928.62
 10
627.869
 20
928.879
 10
627.61
 20
929.174
 10
627.392
 20
929.5
 10
627.219
 20
929.852
 10
627.093
 20
930.224
 10
627.016
 20
930.608
 10
626.99
 20
931.0
 10
626.99
 20
1121.0
 10
627.016
 20
1121.392
 10
627.093
 20
1121.776
 10
627.219
 20
1122.148
 10
627.392
 20
1122.5
 10
627.61
 20
1122.826
 10
627.869
 20
1123.121
 10
628.164
 20
1123.38
 10
628.49
 20
1123.598
 10
628.842
 20
1123.772
 10
629.214
 20
1123.898
 10
629.599
 20
1123.974
 10
629.99
 20
1124.0
  0
LWPOLYLINE
  5
99
330
17
100
AcDbEntity
  8
CUT_INSIDE
100
AcDbPolyline
 90
217
 70
1
 10
149.817
 20
1025.997
 10
149.842
 20
1026.0
 10
149.817
 20
1026.003
 10
149.653
 20
1026.012
 10
149.507
 20
1026.025
 10
148.821
 20
1026.113
 10
148.657
 20
1026.141
 10
147.477
 20
1026.395
 10
147.305
 20
1026.44
 10
145.702
 20
1026.935
 10
145.524
 20
1027.0
 10
143.6
 20
1027.801
 10
143.416
 20
1027.889
 10
141.29
 20
1029.042
 10
141.1
 20
1029.159
 10
138.903
 20
1030.69
 10
138.712
 20
1030.841
 10
136.575
 20
1032.756
 10
136.389
 20
1032.947
 10
134.437
 20
1035.232
 10
134.266
 20
1035.464
 10
132.611
 20
1038.087
 10
132.534
 20
1038.22
 10
132.468
 20
1038.358
 10
131.205
 20
1041.272
 10
131.147
 20
1041.422
 10
131.102
 20
1041.576
 10
130.306
 20
1044.719
 10
130.272
 20
1044.88
 10
130.251
 20
1045.043
 10
129.975
 20
1048.344
 10
129.968
 20
1048.509
 10
129.975
 20
1048.674
 10
130.25
 20
1052.048
 10
130.27
 20
1052.21
 10
130.303
 20
1052.369
 10
131.139
 20
1055.722
 10
131.184
 20
1055.876
 10
131.241
 20
1056.025
 10
132.624
 20
1059.254
 10
132.692
 20
1059.396
 10
132.771
 20
1059.533
 10
134.662
 20
1062.532
 10
134.751
 20
1062.662
 10
134.851
 20
1062.784
 10
137.192
 20
1065.45
 10
137.302
 20
1065.566
 10
137.422
 20
1065.673
 10
140.139
 20
1067.916
 10
140.27
 20
1068.016
 10
140.41
 20
1068.104
 10
143.421
 20
1069.849
 10
143.573
 20
1069.929
 10
143.731
 20
1069.995
 10
146.957
 20
1071.187
 10
147.124
 20
1071.241
 10
147.296
 20
1071.279
 10
150.667
 20
1071.885
 10
150.843
 20
1071.908
 10
151.02
 20
1071.916
 10
154.48
 20
1071.916
 10
154.652
 20
1071.909
 10
154.823
 20
1071.886
 10
158.332
 20
1071.276
 10
158.488
 20
1071.242
 10
158.641
 20
1071.196
 10
162.167
 20
1069.981
 10
162.425
 20
1069.871
 10
165.94
 20
1068.075
 10
166.143
 20
1067.956
 10
169.622
 20
1065.624
 10
169.774
 20
1065.511
 10
173.198
 20
1062.711
 10
173.307
 20
1062.615
 10
176.665
 20
1059.435
 10
176.739
 20
1059.361
 10
180.03
 20
1055.902
 10
180.076
 20
1055.853
 10
183.3
 20
1052.224
 10
183.323
 20
1052.198
 10
186.486
 20
1048.511
 10
186.489
 20
1048.507
 10
189.583
 20
1044.883
 10
189.59
 20
1044.875
 10
192.599
 20
1041.429
 10
192.615
 20
1041.411
 10
195.529
 20
1038.23
 10
195.553
 20
1038.204
 10
198.354
 20
1035.358
 10
198.388
 20
1035.326
 10
201.048
 20
1032.865
 10
201.091
 20
1032.827
 10
203.575
 20
1030.781
 10
203.628
 20
1030.74
 10
205.894
 20
1029.118
 10
205.958
 20
1029.075
 10
207.961
 20
1027.862
 10
208.036
 20
1027.821
 10
208.094
 20
1027.793
 10
208.263
 20
1027.699
 10
208.422
 20
1027.589
 10
208.57
 20
1027.464
 10
208.705
 20
1027.326
 10
208.825
 20
1027.175
 10
208.931
 20
1027.014
 10
209.021
 20
1026.843
 10
209.094
 20
1026.664
 10
209.149
 20
1026.479
 10
209.186
 20
1026.289
 10
209.205
 20
1026.097
 10
209.205
 20
1025.903
 10
209.186
 20
1025.711
 10
209.149
 20
1025.521
 10
209.094
 20
1025.336
 10
209.021
 20
1025.157
 10
208.931
 20
1024.986
 10
208.825
 20
1024.825
 10
208.705
 20
1024.674
 10
208.57
 20
1024.536
 10
208.422
 20
1024.411
 10
208.263
 20
1024.301
 10
208.094
 20
1024.207
 10
208.036
 20
1024.179
 10
207.961
 20
1024.138
 10
205.958
 20
1022.925
 10
205.894
 20
1022.882
 10
203.628
 20
1021.26
 10
203.575
 20
1021.219
 10
201.091
 20
1019.173
 10
201.048
 20
1019.135
 10
198.388
 20
1016.674
 10
198.354
 20
1016.642
 10
195.553
 20
1013.796
 10
195.529
 20
1013.77
 10
192.615
 20
1010.589
 10
192.599
 20
1010.571
 10
189.59
 20
1007.125
 10
189.583
 20
1007.117
 10
186.489
 20
1003.493
 10
186.486
 20
1003.489
 10
183.323
 20
999.802
 10
183.3
 20
999.776
 10
180.076
 20
996.147
 10
180.03
 20
996.098
 10
176.739
 20
992.639
 10
176.665
 20
992.565
 10
173.307
 20
989.385
 10
173.198
 20
989.289
 10
169.774
 20
986.489
 10
169.622
 20
986.376
 10
166.143
 20
984.044
 10
165.94
 20
983.925
 10
162.425
 20
982.129
 10
162.167
 20
982.019
 10
158.641
 20
980.804
 10
158.488
 20
980.758
 10
158.332
 20
980.724
 10
154.823
 20
980.114
 10
154.652
 20
980.091
 10
154.48
 20
980.084
 10
151.02
 20
980.084
 10
150.843
 20
980.092
 10
150.667
 20
980.115
 10
147.296
 20
980.721
 10
147.124
 20
980.759
 10
146.957
 20
980.813
 10
143.731
 20
982.005
 10
143.573
 20
982.071
 10
143.421
 20
982.151
 10
140.41
 20
983.896
 10
140.27
 20
983.984
 10
140.139
 20
984.084
 10
137.422
 20
986.327
 10
137.302
 20
986.434
 10
137.192
 20
986.55
 10
134.851
 20
989.216
 10
134.751
 20
989.338
 10
134.662
 20
989.468
 10
132.771
 20
992.467
 10
132.692
 20
992.604
 10
132.624
 20
992.746
 10
131.241
 20
995.975
 10
131.184
 20
996.124
 10
131.139
 20
996.278
 10
130.303
 20
999.631
 10
130.27
 20
999.79
 10
130.25
 20
999.952
 10
129.975
 20
1003.326
 10
129.968
 20
1003.491
 10
129.975
 20
1003.656
 10
130.251
 20
1006.957
 10
130.272
 20
1007.12
 10
130.306
 20
1007.281
 10
131.102
 20
1010.424
 10
131.147
 20
1010.578
 10
131.205
 20
1010.728
 10
132.468
 20
1013.642
 10
132.534
 20
1013.78
 10
132.611
 20
1013.913
 10
134.266
 20
1016.536
 10
134.437
 20
1016.768
 10
136.389
 20
1019.053
 10
136.575
 20
1019.244
 10
138.712
 20
1021.159
 10
138.903
 20
1021.31
 10
141.1
 20
1022.841
 10
141.29
 20
1022.958
 10
143.416
 20
1024.111
 10
143.6
 20
1024.199
 10
145.524
 20
1025.0
 10
145.702
 20
1025.065
 10
147.305
 20
1025.56
 10
147.477
 20
1025.605
 10
148.657
 20
1025.859
 10
148.821
 20
1025.887
 10
149.507
 20
1025.975
 10
149.653
 20
1025.988
  0
LWPOLYLINE
  5
9A
330
17
100
AcDbEntity
  8
CUT_INSIDE
100
AcDbPolyline
 90
205
 70
1
 10
204.455
 20
945.992
 10
204.455
 20
945.992
 10
204.53
 20
946.0
 10
204.455
 20
946.008
 10
204.455
 20
946.008
 10
204.374
 20
946.015
 10
204.219
 20
946.035
 10
204.055
 20
946.063
 10
203.725
 20
946.134
 10
203.554
 20
946.179
 10
203.071
 20
946.328
 10
202.894
 20
946.392
 10
202.297
 20
946.641
 10
202.113
 20
946.729
 10
201.446
 20
947.091
 10
201.256
 20
947.208
 10
200.565
 20
947.689
 10
200.374
 20
947.841
 10
199.704
 20
948.441
 10
199.518
 20
948.631
 10
198.91
 20
949.342
 10
198.739
 20
949.574
 10
198.228
 20
950.385
 10
198.151
 20
950.518
 10
198.085
 20
950.656
 10
197.697
 20
951.551
 10
197.639
 20
951.701
 10
197.594
 20
951.855
 10
197.35
 20
952.817
 10
197.316
 20
952.978
 10
197.296
 20
953.141
 10
197.211
 20
954.154
 10
197.204
 20
954.319
 10
197.21
 20
954.483
 10
197.295
 20
955.524
 10
197.315
 20
955.686
 10
197.348
 20
955.845
 10
197.608
 20
956.886
 10
197.653
 20
957.04
 10
197.71
 20
957.189
 10
198.142
 20
958.198
 10
198.21
 20
958.34
 10
198.289
 20
958.477
 10
198.881
 20
959.416
 10
198.971
 20
959.546
 10
199.07
 20
959.669
 10
199.803
 20
960.503
 10
199.913
 20
960.619
 10
200.032
 20
960.726
 10
200.878
 20
961.424
 10
201.009
 20
961.524
 10
201.149
 20
961.613
 10
202.078
 20
962.151
 10
202.229
 20
962.23
 10
202.387
 20
962.296
 10
203.373
 20
962.661
 10
203.541
 20
962.715
 10
203.713
 20
962.753
 10
204.739
 20
962.937
 10
204.915
 20
962.961
 10
205.092
 20
962.969
 10
206.149
 20
962.969
 10
206.322
 20
962.962
 10
206.492
 20
962.939
 10
207.583
 20
962.75
 10
207.739
 20
962.716
 10
207.891
 20
962.67
 10
209.015
 20
962.283
 10
209.274
 20
962.173
 10
210.427
 20
961.583
 10
210.631
 20
961.464
 10
211.804
 20
960.677
 10
211.957
 20
960.564
 10
213.14
 20
959.596
 10
213.249
 20
959.5
 10
214.433
 20
958.379
 10
214.507
 20
958.305
 10
215.686
 20
957.066
 10
215.732
 20
957.016
 10
216.902
 20
955.7
 10
216.925
 20
955.673
 10
218.086
 20
954.32
 10
218.089
 20
954.317
 10
219.229
 20
952.981
 10
219.236
 20
952.973
 10
220.341
 20
951.708
 10
220.357
 20
951.69
 10
221.421
 20
950.528
 10
221.446
 20
950.502
 10
222.462
 20
949.469
 10
222.496
 20
949.436
 10
223.455
 20
948.549
 10
223.498
 20
948.511
 10
224.386
 20
947.781
 10
224.439
 20
947.739
 10
224.597
 20
947.626
 10
224.754
 20
947.502
 10
224.897
 20
947.363
 10
225.026
 20
947.21
 10
225.138
 20
947.045
 10
225.234
 20
946.869
 10
225.312
 20
946.685
 10
225.371
 20
946.494
 10
225.411
 20
946.299
 10
225.431
 20
946.1
 10
225.431
 20
945.9
 10
225.411
 20
945.701
 10
225.371
 20
945.506
 10
225.312
 20
945.315
 10
225.234
 20
945.131
 10
225.138
 20
944.955
 10
225.026
 20
944.79
 10
224.897
 20
944.637
 10
224.754
 20
944.498
 10
224.597
 20
944.374
 10
224.439
 20
944.261
 10
224.386
 20
944.219
 10
223.498
 20
943.489
 10
223.455
 20
943.451
 10
222.496
 20
942.564
 10
222.462
 20
942.531
 10
221.446
 20
941.498
 10
221.421
 20
941.472
 10
220.357
 20
940.31
 10
220.341
 20
940.292
 10
219.236
 20
939.027
 10
219.229
 20
939.019
 10
218.089
 20
937.683
 10
218.086
 20
937.68
 10
216.925
 20
936.327
 10
216.902
 20
936.3
 10
215.732
 20
934.984
 10
215.686
 20
934.934
 10
214.507
 20
933.695
 10
214.433
 20
933.621
 10
213.249
 20
932.5
 10
213.14
 20
932.404
 10
211.957
 20
931.436
 10
211.804
 20
931.323
 10
210.631
 20
930.536
 10
210.427
 20
930.417
 10
209.274
 20
929.827
 10
209.015
 20
929.717
 10
207.891
 20
929.33
 10
207.739
 20
929.284
 10
207.583
 20
929.25
 10
206.492
 20
929.061
 10
206.322
 20
929.038
 10
206.149
 20
929.031
 10
205.092
 20
929.031
 10
204.915
 20
929.039
 10
204.739
 20
929.063
 10
203.713
 20
929.247
 10
203.541
 20
929.285
 10
203.373
 20
929.339
 10
202.387
 20
929.704
 10
202.229
 20
929.77
 10
202.078
 20
929.849
 10
201.149
 20
930.387
 10
201.009
 20
930.476
 10
200.878
 20
930.576
 10
200.032
 20
931.274
 10
199.913
 20
931.381
 10
199.803
 20
931.497
 10
199.07
 20
932.331
 10
198.971
 20
932.454
 10
198.881
 20
932.584
 10
198.289
 20
933.523
 10
198.21
 20
933.66
 10
198.142
 20
933.802
 10
197.71
 20
934.811
 10
197.653
 20
934.96
 10
197.608
 20
935.114
 10
197.348
 20
936.155
 10
197.315
 20
936.314
 10
197.295
 20
936.476
 10
197.21
 20
937.517
 10
197.204
 20
937.681
 10
197.211
 20
937.846
 10
197.296
 20
938.859
 10
197.316
 20
939.022
 10
197.35
 20
939.183
 10
197.594
 20
940.145
 10
197.639
 20
940.299
 10
197.697
 20
940.449
 10
198.085
 20
941.344
 10
198.151
 20
941.482
 10
198.228
 20
941.615
 10
198.739
 20
942.426
 10
198.91
 20
942.658
 10
199.518
 20
943.369
 10
199.704
 20
943.559
 10
200.374
 20
944.159
 10
200.565
 20
944.311
 10
201.256
 20
944.792
 10
201.446
 20
944.909
 10
202.113
 20
945.271
 10
202.297
 20
945.359
 10
202.894
 20
945.608
 10
203.071
 20
945.672
 10
203.554
 20
945.821
 10
203.725
 20
945.866
 10
204.055
 20
945.937
 10
204.219
 20
945.965
 10
204.374
 20
945.985
  0
LWPOLYLINE
  5
9B
330
17
100
AcDbEntity
  8
CUT_INSIDE
100
AcDbPolyline
 90
205
 70
1
 10
204.455
 20
1105.992
 10
204.455
 20
1105.992
 10
204.53
 20
1106.0
 10
204.455
 20
1106.008
 10
204.455
 20
1106.008
 10
204.374
 20
1106.015
 10
204.219
 20
1106.035
 10
204.055
 20
1106.063
 10
203.725
 20
1106.134
 10
203.554
 20
1106.179
 10
203.071
 20
1106.328
 10
202.894
 20
1106.392
 10
202.297
 20
1106.641
 10
202.113
 20
1106.729
 10
201.446
 20
1107.091
 10
201.256
 20
1107.208
 10
200.565
 20
1107.689
 10
200.374
 20
1107.841
 10
199.704
 20
1108.441
 10
199.518
 20
1108.631
 10
198.91
 20
1109.342
 10
198.739
 20
1109.574
 10
198.228
 20
1110.385
 10
198.151
 20
1110.518
 10
198.085
 20
1110.656
 10
197.697
 20
1111.551
 10
197.639
 20
1111.701
 10
197.594
 20
1111.855
 10
197.35
 20
1112.817
 10
197.316
 20
1112.978
 10
197.296
 20
1113.141
 10
197.211
 20
1114.154
 10
197.204
 20
1114.319
 10
197.21
 20
1114.483
 10
197.295
 20
1115.524
 10
197.315
 20
1115.686
 10
197.348
 20
1115.845
 10
197.608
 20
1116.886
 10
197.653
 20
1117.04
 10
197.71
 20
1117.189
 10
198.142
 20
1118.198
 10
198.21
 20
1118.34
 10
198.289
 20
1118.477
 10
198.881
 20
1119.416
 10
198.971
 20
1119.546
 10
199.07
 20
1119.669
 10
199.803
 20
1120.503
 10
199.913
 20
1120.619
 10
200.032
 20
1120.726
 10
200.878
 20
1121.424
 10
201.009
 20
1121.524
 10
201.149
 20
1121.613
 10
202.078
 20
1122.151
 10
202.229
 20
1122.23
 10
202.387
 20
1122.296
 10
203.373
 20
1122.661
 10
203.541
 20
1122.715
 10
203.713
 20
1122.753
 10
204.739
 20
1122.937
 10
204.915
 20
1122.961
 10
205.092
 20
1122.969
 10
206.149
 20
1122.969
 10
206.322
 20
1122.962
 10
206.492
 20
1122.939
 10
207.583
 20
1122.75
 10
207.739
 20
1122.716
 10
207.891
 20
1122.67
 10
209.015
 20
1122.283
 10
209.274
 20
1122.173
 10
210.427
 20
1121.583
 10
210.631
 20
1121.464
 10
211.804
 20
1120.677
 10
211.957
 20
1120.564
 10
213.14
 20
1119.596
 10
213.249
 20
1119.5
 10
214.433
 20
1118.379
 10
214.507
 20
1118.305
 10
215.686
 20
1117.066
 10
215.732
 20
1117.016
 10
216.902
 20
1115.7
 10
216.925
 20
1115.673
 10
218.086
 20
1114.32
 10
218.089
 20
1114.317
 10
219.229
 20
1112.981
 10
219.236
 20
1112.973
 10
220.341
 20
1111.708
 10
220.357
 20
1111.69
 10
221.421
 20
1110.528
 10
221.446
 20
1110.502
 10
222.462
 20
1109.469
 10
222.496
 20
1109.436
 10
223.455
 20
1108.549
 10
223.498
 20
1108.511
 10
224.386
 20
1107.781
 10
224.439
 20
1107.739
 10
224.597
 20
1107.626
 10
224.754
 20
1107.502
 10
224.897
 20
1107.363
 10
225.026
 20
1107.21
 10
225.138
 20
1107.045
 10
225.234
 20
1106.869
 10
225.312
 20
1106.685
 10
225.371
 20
1106.494
 10
225.411
 20
1106.299
 10
225.431
 20
1106.1
 10
225.431
 20
1105.9
 10
225.411
 20
1105.701
 10
225.371
 20
1105.506
 10
225.312
 20
1105.315
 10
225.234
 20
1105.131
 10
225.138
 20
1104.955
 10
225.026
 20
1104.79
 10
224.897
 20
1104.637
 10
224.754
 20
1104.498
 10
224.597
 20
1104.374
 10
224.439
 20
1104.261
 10
224.386
 20
1104.219
 10
223.498
 20
1103.489
 10
223.455
 20
1103.451
 10
222.496
 20
1102.564
 10
222.462
 20
1102.531
 10
221.446
 20
1101.498
 10
221.421
 20
1101.472
 10
220.357
 20
1100.31
 10
220.341
 20
1100.292
 10
219.236
 20
1099.027
 10
219.229
 20
1099.019
 10
218.089
 20
1097.683
 10
218.086
 20
1097.68
 10
216.925
 20
1096.327
 10
216.902
 20
1096.3
 10
215.732
 20
1094.984
 10
215.686
 20
1094.934
 10
214.507
 20
1093.695
 10
214.433
 20
1093.621
 10
213.249
 20
1092.5
 10
213.14
 20
1092.404
 10
211.957
 20
1091.436
 10
211.804
 20
1091.323
 10
210.631
 20
1090.536
 10
210.427
 20
1090.417
 10
209.274
 20
1089.827
 10
209.015
 20
1089.717
 10
207.891
 20
1089.33
 10
207.739
 20
1089.284
 10
207.583
 20
1089.25
 10
206.492
 20
1089.061
 10
206.322
 20
1089.038
 10
206.149
 20
1089.031
 10
205.092
 20
1089.031
 10
204.915
 20
1089.039
 10
204.739
 20
1089.063
 10
203.713
 20
1089.247
 10
203.541
 20
1089.285
 10
203.373
 20
1089.339
 10
202.387
 20
1089.704
 10
202.229
 20
1089.77
 10
202.078
 20
1089.849
 10
201.149
 20
1090.387
 10
201.009
 20
1090.476
 10
200.878
 20
1090.576
 10
200.032
 20
1091.274
 10
199.913
 20
1091.381
 10
199.803
 20
1091.497
 10
199.07
 20
1092.331
 10
198.971
 20
1092.454
 10
198.881
 20
1092.584
 10
198.289
 20
1093.523
 10
198.21
 20
1093.66
 10
198.142
 20
1093.802
 10
197.71
 20
1094.811
 10
197.653
 20
1094.96
 10
197.608
 20
1095.114
 10
197.348
 20
1096.155
 10
197.315
 20
1096.314
 10
197.295
 20
1096.476
 10
197.21
 20
1097.517
 10
197.204
 20
1097.681
 10
197.211
 20
1097.846
 10
197.296
 20
1098.859
 10
197.316
 20
1099.022
 10
197.35
 20
1099.183
 10
197.594
 20
1100.145
 10
197.639
 20
1100.299
 10
197.697
 20
1100.449
 10
198.085
 20
1101.344
 10
198.151
 20
1101.482
 10
198.228
 20
1101.615
 10
198.739
 20
1102.426
 10
198.91
 20
1102.658
 10
199.518
 20
1103.369
 10
199.704
 20
1103.559
 10
200.374
 20
1104.159
 10
200.565
 20
1104.311
 10
201.256
 20
1104.792
 10
201.446
 20
1104.909
 10
202.113
 20
1105.271
 10
202.297
 20
1105.359
 10
202.894
 20
1105.608
 10
203.071
 20
1105.672
 10
203.554
 20
1105.821
 10
203.725
 20
1105.866
 10
204.055
 20
1105.937
 10
204.219
 20
1105.965
 10
204.374
 20
1105.985
  0
CIRCLE
  5
9C
330
17
100
AcDbEntity
  8
CUT_INSIDE
100
AcDbCircle
 10
1040.9904775713414
 20
1026.0
 30
0.0
 40
3.5
  0
CIRCLE
  5
9D
330
17
100
AcDbEntity
  8
CUT_INSIDE
100
AcDbCircle
 10
1036.5273140257686
 20
1026.9431648160457
 30
0.0
 40
3.5
  0
CIRCLE
  5
9E
330
17
100
AcDbEntity
  8
CUT_INSIDE
100
AcDbCircle
 10
1026.5121547240692
 20
1032.8
 30
0.0
 40
3.5
  0
CIRCLE
  5
9F
330
17
100
AcDbEntity
  8
CUT_INSIDE
100
AcDbCircle
 10
1018.5280317308275
 20
1045.233304448274
 30
0.0
 40
3.5
  0
CIRCLE
  5
A0
330
17
100
AcDbEntity
  8
CUT_INSIDE
100
AcDbCircle
 10
1018.8904775713414
 20
1061.333836474405
 30
0.0
 40
3.5
  0
CIRCLE
  5
A1
330
17
100
AcDbEntity
  8
CUT_INSIDE
100
AcDbCircle
 10
1028.7199178014062
 20
1075.026425936731
 30
0.0
 40
3.5
  0
CIRCLE
  5
A2
330
17
100
AcDbEntity
  8
CUT_INSIDE
100
AcDbCircle
 10
1044.3904775713413
 20
1080.4
 30
0.0
 40
3.5
  0
CIRCLE
  5
A3
330
17
100
AcDbEntity
  8
CUT_INSIDE
100
AcDbCircle
 10
1061.2161736126059
 20
1075.026425936731
 30
0.0
 40
3.5
  0
CIRCLE
  5
A4
330
17
100
AcDbEntity
  8
CUT_INSIDE
100
AcDbCircle
 10
1076.6904775713415
 20
1061.3338364744052
 30
0.0
 40
3.5
  0
CIRCLE
  5
A5
330
17
100
AcDbEntity
  8
CUT_INSIDE
100
AcDbCircle
 10
1090.6529234118552
 20
1045.233304448274
 30
0.0
 40
3.5
  0
CIRCLE
  5
A6
330
17
100
AcDbEntity
  8
CUT_INSIDE
100
AcDbCircle
 10
1103.0688004186136
 20
1032.8
 30
0.0
 40
3.5
  0
CIRCLE
  5
A7
330
17
100
AcDbEntity
  8
CUT_INSIDE
100
AcDbCircle
 10
1112.2985048455853
 20
1026.9431648160457
 30
0.0
 40
3.5
  0
CIRCLE
  5
A8
330
17
100
AcDbEntity
  8
CUT_INSIDE
100
AcDbCircle
 10
1115.7904775713414
 20
1026.0
 30
0.0
 40
3.5
  0
CIRCLE
  5
A9
330
17
100
AcDbEntity
  8
CUT_INSIDE
100
AcDbCircle
 10
1112.2985048455853
 20
1025.0568351839543
 30
0.0
 40
3.5
  0
CIRCLE
  5
AA
330
17
100
AcDbEntity
  8
CUT_INSIDE
100
AcDbCircle
 10
1103.0688004186136
 20
1019.2
 30
0.0
 40
3.5
  0
CIRCLE
  5
AB
330
17
100
AcDbEntity
  8
CUT_INSIDE
100
AcDbCircle
 10
1090.6529234118555
 20
1006.7666955517259
 30
0.0
 40
3.5
  0
CIRCLE
  5
AC
330
17
100
AcDbEntity
  8
CUT_INSIDE
100
AcDbCircle
 10
1076.6904775713415
 20
990.6661635255949
 30
0.0
 40
3.5
  0
CIRCLE
  5
AD
330
17
100
AcDbEntity
  8
CUT_INSIDE
100
AcDbCircle
 10
1061.2161736126059
 20
976.973574063269
 30
0.0
 40
3.5
  0
CIRCLE
  5
AE
330
17
100
AcDbEntity
  8
CUT_INSIDE
100
AcDbCircle
 10
1044.3904775713415
 20
971.6
 30
0.0
 40
3.5
  0
CIRCLE
  5
AF
330
17
100
AcDbEntity
  8
CUT_INSIDE
100
AcDbCircle
 10
1028.7199178014062
 20
976.973574063269
 30
0.0
 40
3.5
  0
CIRCLE
  5
B0
330
17
100
AcDbEntity
  8
CUT_INSIDE
100
AcDbCircle
 10
1018.8904775713414
 20
990.6661635255949
 30
0.0
 40
3.5
  0
CIRCLE
  5
B1
330
17
100
AcDbEntity
  8
CUT_INSIDE
100
AcDbCircle
 10
1018.5280317308275
 20
1006.7666955517259
 30
0.0
 40
3.5
  0
CIRCLE
  5
B2
330
17
100
AcDbEntity
  8
CUT_INSIDE
100
AcDbCircle
 10
1026.5121547240692
 20
1019.2
 30
0.0
 40
3.5
  0
CIRCLE
  5
B3
330
17
100
AcDbEntity
  8
CUT_INSIDE
100
AcDbCircle
 10
1036.5273140257686
 20
1025.0568351839543
 30
0.0
 40
3.5
  0
LWPOLYLINE
  5
B4
330
17
100
AcDbEntity
  8
ENGRAVE_V
100
AcDbPolyline
 90
276
 70
1
 10
1467.989
 20
866.0
 10
218.163
 20
866.0
 10
212.076
 20
866.103
 10
206.459
 20
866.395
 10
201.142
 20
866.869
 10
196.115
 20
867.514
 10
191.366
 20
868.321
 10
186.884
 20
869.279
 10
182.655
 20
870.378
 10
178.665
 20
871.61
 10
174.899
 20
872.967
 10
171.34
 20
874.442
 10
167.973
 20
876.032
 10
164.781
 20
877.731
 10
161.748
 20
879.539
 10
158.859
 20
881.454
 10
156.099
 20
883.476
 10
153.456
 20
885.606
 10
150.917
 20
887.845
 10
148.473
 20
890.196
 10
146.115
 20
892.658
 10
143.835
 20
895.232
 10
141.626
 20
897.917
 10
139.482
 20
900.713
 10
137.398
 20
903.618
 10
135.37
 20
906.628
 10
133.392
 20
909.741
 10
131.459
 20
912.951
 10
129.567
 20
916.254
 10
127.71
 20
919.646
 10
125.883
 20
923.119
 10
124.08
 20
926.668
 10
122.296
 20
930.285
 10
120.523
 20
933.968
 10
118.755
 20
937.709
 10
116.985
 20
941.5
 10
115.205
 20
945.336
 10
113.418
 20
949.187
 10
113.408
 20
949.208
 10
113.408
 20
949.21
 10
113.398
 20
949.231
 10
111.606
 20
953.068
 10
111.586
 20
953.111
 10
111.584
 20
953.115
 10
111.564
 20
953.158
 10
109.76
 20
956.975
 10
109.73
 20
957.039
 10
109.727
 20
957.046
 10
109.696
 20
957.11
 10
107.872
 20
960.901
 10
107.83
 20
960.987
 10
107.826
 20
960.995
 10
107.784
 20
961.081
 10
105.931
 20
964.839
 10
105.878
 20
964.947
 10
105.872
 20
964.958
 10
105.818
 20
965.065
 10
103.949
 20
968.744
 10
103.888
 20
968.863
 10
103.881
 20
968.875
 10
103.819
 20
968.994
 10
101.95
 20
972.554
 10
101.885
 20
972.678
 10
101.878
 20
972.69
 10
101.811
 20
972.814
 10
99.942
 20
976.256
 10
99.871
 20
976.385
 10
99.864
 20
976.398
 10
99.792
 20
976.527
 10
97.922
 20
979.853
 10
97.846
 20
979.987
 10
97.838
 20
980.0
 10
97.761
 20
980.134
 10
95.889
 20
983.345
 10
95.807
 20
983.484
 10
95.799
 20
983.498
 10
95.716
 20
983.636
 10
93.843
 20
986.735
 10
93.755
 20
986.879
 10
93.746
 20
986.894
 10
93.657
 20
987.037
 10
91.781
 20
990.024
 10
91.686
 20
990.173
 10
91.677
 20
990.188
 10
91.581
 20
990.336
 10
89.703
 20
993.214
 10
89.601
 20
993.368
 10
89.591
 20
993.383
 10
89.488
 20
993.536
 10
87.606
 20
996.305
 10
87.497
 20
996.464
 10
87.486
 20
996.48
 10
87.375
 20
996.638
 10
85.49
 20
999.3
 10
85.373
 20
999.464
 10
85.361
 20
999.48
 10
85.242
 20
999.643
 10
83.353
 20
1002.199
 10
83.228
 20
1002.368
 10
83.215
 20
1002.385
 10
83.087
 20
1002.552
 10
81.194
 20
1005.004
 10
81.059
 20
1005.177
 10
81.046
 20
1005.194
 10
80.909
 20
1005.366
 10
79.011
 20
1007.716
 10
78.866
 20
1007.893
 10
78.852
 20
1007.91
 10
78.705
 20
1008.086
 10
76.802
 20
1010.335
 10
76.648
 20
1010.515
 10
76.632
 20
1010.533
 10
76.475
 20
1010.712
 10
74.567
 20
1012.862
 10
74.402
 20
1013.046
 10
74.385
 20
1013.064
 10
74.218
 20
1013.246
 10
72.304
 20
1015.298
 10
72.127
 20
1015.484
 10
72.11
 20
1015.503
 10
71.931
 20
1015.687
 10
70.011
 20
1017.642
 10
69.823
 20
1017.831
 10
69.804
 20
1017.849
 10
69.614
 20
1018.035
 10
67.687
 20
1019.896
 10
67.488
 20
1020.086
 10
67.468
 20
1020.104
 10
67.266
 20
1020.291
 10
65.332
 20
1022.059
 10
65.121
 20
1022.249
 10
65.1
 20
1022.268
 10
64.887
 20
1022.454
 10
62.944
 20
1024.131
 10
62.722
 20
1024.32
 10
62.7
 20
1024.339
 10
62.474
 20
1024.525
 10
60.661
 20
1026.0
 10
62.474
 20
1027.475
 10
62.7
 20
1027.661
 10
62.722
 20
1027.68
 10
62.944
 20
1027.869
 10
64.887
 20
1029.546
 10
65.1
 20
1029.732
 10
65.121
 20
1029.751
 10
65.332
 20
1029.941
 10
67.266
 20
1031.709
 10
67.468
 20
1031.896
 10
67.488
 20
1031.914
 10
67.687
 20
1032.104
 10
69.614
 20
1033.965
 10
69.804
 20
1034.151
 10
69.823
 20
1034.169
 10
70.011
 20
1034.358
 10
71.931
 20
1036.313
 10
72.11
 20
1036.497
 10
72.127
 20
1036.516
 10
72.304
 20
1036.702
 10
74.218
 20
1038.754
 10
74.385
 20
1038.936
 10
74.402
 20
1038.954
 10
74.567
 20
1039.138
 10
76.475
 20
1041.288
 10
76.632
 20
1041.467
 10
76.648
 20
1041.485
 10
76.802
 20
1041.665
 10
78.705
 20
1043.914
 10
78.852
 20
1044.09
 10
78.866
 20
1044.107
 10
79.011
 20
1044.284
 10
80.909
 20
1046.634
 10
81.046
 20
1046.806
 10
81.059
 20
1046.823
 10
81.194
 20
1046.996
 10
83.087
 20
1049.448
 10
83.215
 20
1049.615
 10
83.228
 20
1049.632
 10
83.353
 20
1049.801
 10
85.242
 20
1052.357
 10
85.361
 20
1052.52
 10
85.373
 20
1052.536
 10
85.49
 20
1052.7
 10
87.375
 20
1055.362
 10
87.486
 20
1055.52
 10
87.497
 20
1055.536
 10
87.606
 20
1055.695
 10
89.488
 20
1058.464
 10
89.591
 20
1058.617
 10
89.601
 20
1058.632
 10
89.703
 20
1058.786
 10
91.581
 20
1061.664
 10
91.677
 20
1061.812
 10
91.686
 20
1061.827
 10
91.781
 20
1061.976
 10
93.657
 20
1064.963
 10
93.746
 20
1065.106
 10
93.755
 20
1065.121
 10
93.843
 20
1065.265
 10
95.716
 20
1068.364
 10
95.799
 20
1068.502
 10
95.807
 20
1068.516
 10
95.889
 20
1068.655
 10
97.761
 20
1071.866
 10
97.838
 20
1072.0
 10
97.846
 20
1072.013
 10
97.922
 20
1072.147
 10
99.792
 20
1075.473
 10
99.864
 20
1075.602
 10
99.871
 20
1075.615
 10
99.942
 20
1075.744
 10
101.811
 20
1079.186
 10
101.878
 20
1079.31
 10
101.885
 20
1079.322
 10
101.95
 20
1079.446
 10
103.819
 20
1083.006
 10
103.881
 20
1083.125
 10
103.888
 20
1083.137
 10
103.949
 20
1083.256
 10
105.818
 20
1086.935
 10
105.872
 20
1087.042
 10
105.878
 20
1087.053
 10
105.931
 20
1087.161
 10
107.784
 20
1090.919
 10
107.826
 20
1091.005
 10
107.83
 20
1091.013
 10
107.872
 20
1091.099
 10
109.696
 20
1094.89
 10
109.727
 20
1094.954
 10
109.73
 20
1094.961
 10
109.76
 20
1095.025
 10
111.564
 20
1098.842
 10
111.584
 20
1098.885
 10
111.586
 20
1098.889
 10
111.606
 20
1098.932
 10
113.398
 20
1102.769
 10
113.408
 20
1102.79
 10
113.408
 20
1102.792
 10
113.418
 20
1102.813
 10
115.205
 20
1106.664
 10
116.984
 20
1110.498
 10
118.753
 20
1114.287
 10
120.52
 20
1118.026
 10
122.293
 20
1121.707
 10
124.078
 20
1125.327
 10
125.88
 20
1128.875
 10
127.706
 20
1132.348
 10
129.563
 20
1135.738
 10
131.454
 20
1139.041
 10
133.386
 20
1142.25
 10
135.364
 20
1145.362
 10
137.391
 20
1148.372
 10
139.474
 20
1151.276
 10
141.617
 20
1154.072
 10
143.825
 20
1156.757
 10
146.104
 20
1159.331
 10
148.462
 20
1161.793
 10
150.905
 20
1164.143
 10
153.443
 20
1166.383
 10
156.085
 20
1168.513
 10
158.844
 20
1170.536
 10
161.732
 20
1172.451
 10
164.765
 20
1174.259
 10
167.956
 20
1175.96
 10
171.323
 20
1177.55
 10
174.881
 20
1179.026
 10
178.647
 20
1180.384
 10
182.637
 20
1181.617
 10
186.866
 20
1182.717
 10
191.349
 20
1183.676
 10
196.098
 20
1184.483
 10
201.126
 20
1185.13
 10
206.443
 20
1185.604
 10
212.06
 20
1185.897
 10
218.155
 20
1186.0
 10
1467.967
 20
1186.0
 10
1467.989
 20
866.0
  0
LWPOLYLINE
  5
B5
330
17
100
AcDbEntity
  8
ENGRAVE_V
100
AcDbPolyline
 90
256
 70
1
 10
1459.989
 20
874.0
 10
218.23
 20
874.0
 10
212.352
 20
874.099
 10
207.023
 20
874.376
 10
202.007
 20
874.823
 10
197.295
 20
875.428
 10
192.873
 20
876.18
 10
188.727
 20
877.065
 10
184.842
 20
878.075
 10
181.202
 20
879.199
 10
177.788
 20
880.429
 10
174.582
 20
881.759
 10
171.563
 20
883.184
 10
168.711
 20
884.702
 10
166.008
 20
886.313
 10
163.435
 20
888.018
 10
160.976
 20
889.82
 10
158.615
 20
891.723
 10
156.339
 20
893.731
 10
154.137
 20
895.848
 10
152.0
 20
898.079
 10
149.92
 20
900.427
 10
147.891
 20
902.893
 10
145.908
 20
905.48
 10
143.967
 20
908.185
 10
142.064
 20
911.01
 10
140.196
 20
913.95
 10
138.358
 20
917.003
 10
136.547
 20
920.164
 10
134.759
 20
923.429
 10
132.99
 20
926.793
 10
131.234
 20
930.249
 10
129.488
 20
933.789
 10
127.744
 20
937.413
 10
125.996
 20
941.111
 10
124.238
 20
944.876
 10
122.462
 20
948.703
 10
120.675
 20
952.554
 10
120.661
 20
952.583
 10
120.647
 20
952.615
 10
118.855
 20
956.452
 10
118.828
 20
956.512
 10
118.826
 20
956.516
 10
118.797
 20
956.576
 10
116.994
 20
960.393
 10
116.951
 20
960.483
 10
116.948
 20
960.489
 10
116.905
 20
960.579
 10
115.081
 20
964.37
 10
115.022
 20
964.49
 10
115.018
 20
964.499
 10
114.96
 20
964.618
 10
113.107
 20
968.376
 10
113.032
 20
968.528
 10
113.026
 20
968.538
 10
112.95
 20
968.689
 10
111.081
 20
972.368
 10
110.995
 20
972.535
 10
110.989
 20
972.547
 10
110.902
 20
972.714
 10
109.033
 20
976.273
 10
108.941
 20
976.447
 10
108.935
 20
976.459
 10
108.841
 20
976.633
 10
106.972
 20
980.075
 10
106.873
 20
980.255
 10
106.866
 20
980.268
 10
106.765
 20
980.448
 10
104.895
 20
983.774
 10
104.788
 20
983.962
 10
104.781
 20
983.975
 10
104.673
 20
984.162
 10
102.801
 20
987.374
 10
102.686
 20
987.568
 10
102.678
 20
987.582
 10
102.562
 20
987.776
 10
100.689
 20
990.874
 10
100.565
 20
991.076
 10
100.557
 20
991.091
 10
100.432
 20
991.291
 10
98.556
 20
994.278
 10
98.424
 20
994.487
 10
98.414
 20
994.502
 10
98.28
 20
994.71
 10
96.401
 20
997.587
 10
96.259
 20
997.803
 10
96.249
 20
997.818
 10
96.104
 20
998.033
 10
94.223
 20
1000.801
 10
94.07
 20
1001.024
 10
94.059
 20
1001.04
 10
93.904
 20
1001.261
 10
92.019
 20
1003.923
 10
91.855
 20
1004.153
 10
91.843
 20
1004.169
 10
91.676
 20
1004.397
 10
89.788
 20
1006.953
 10
89.611
 20
1007.189
 10
89.599
 20
1007.206
 10
89.42
 20
1007.44
 10
87.527
 20
1009.892
 10
87.338
 20
1010.135
 10
87.324
 20
1010.152
 10
87.133
 20
1010.392
 10
85.235
 20
1012.742
 10
85.033
 20
1012.99
 10
85.018
 20
1013.007
 10
84.813
 20
1013.253
 10
82.91
 20
1015.502
 10
82.693
 20
1015.755
 10
82.678
 20
1015.773
 10
82.458
 20
1016.023
 10
80.55
 20
1018.173
 10
80.319
 20
1018.43
 10
80.302
 20
1018.448
 10
80.067
 20
1018.703
 10
78.153
 20
1020.755
 10
77.907
 20
1021.016
 10
77.889
 20
1021.034
 10
77.639
 20
1021.292
 10
75.718
 20
1023.248
 10
75.456
 20
1023.511
 10
75.437
 20
1023.53
 10
75.171
 20
1023.79
 10
73.244
 20
1025.651
 10
72.965
 20
1025.917
 10
72.945
 20
1025.935
 10
72.875
 20
1026.0
 10
72.945
 20
1026.065
 10
72.965
 20
1026.083
 10
73.244
 20
1026.349
 10
75.171
 20
1028.21
 10
75.437
 20
1028.47
 10
75.456
 20
1028.489
 10
75.718
 20
1028.752
 10
77.639
 20
1030.708
 10
77.889
 20
1030.966
 10
77.907
 20
1030.984
 10
78.153
 20
1031.245
 10
80.067
 20
1033.297
 10
80.302
 20
1033.552
 10
80.319
 20
1033.57
 10
80.55
 20
1033.827
 10
82.458
 20
1035.977
 10
82.678
 20
1036.227
 10
82.693
 20
1036.245
 10
82.91
 20
1036.498
 10
84.813
 20
1038.747
 10
85.018
 20
1038.993
 10
85.033
 20
1039.01
 10
85.235
 20
1039.258
 10
87.133
 20
1041.608
 10
87.324
 20
1041.848
 10
87.338
 20
1041.865
 10
87.527
 20
1042.108
 10
89.42
 20
1044.56
 10
89.599
 20
1044.794
 10
89.611
 20
1044.811
 10
89.788
 20
1045.047
 10
91.676
 20
1047.603
 10
91.843
 20
1047.831
 10
91.855
 20
1047.847
 10
92.019
 20
1048.077
 10
93.904
 20
1050.739
 10
94.059
 20
1050.96
 10
94.07
 20
1050.976
 10
94.223
 20
1051.199
 10
96.104
 20
1053.967
 10
96.249
 20
1054.182
 10
96.259
 20
1054.197
 10
96.401
 20
1054.413
 10
98.28
 20
1057.29
 10
98.414
 20
1057.498
 10
98.424
 20
1057.513
 10
98.556
 20
1057.722
 10
100.432
 20
1060.709
 10
100.557
 20
1060.909
 10
100.565
 20
1060.924
 10
100.689
 20
1061.126
 10
102.562
 20
1064.224
 10
102.678
 20
1064.418
 10
102.686
 20
1064.432
 10
102.801
 20
1064.626
 10
104.673
 20
1067.838
 10
104.781
 20
1068.025
 10
104.788
 20
1068.038
 10
104.895
 20
1068.226
 10
106.765
 20
1071.552
 10
106.866
 20
1071.732
 10
106.873
 20
1071.745
 10
106.972
 20
1071.925
 10
108.841
 20
1075.367
 10
108.935
 20
1075.541
 10
108.941
 20
1075.553
 10
109.033
 20
1075.727
 10
110.902
 20
1079.286
 10
110.989
 20
1079.453
 10
110.995
 20
1079.465
 10
111.081
 20
1079.632
 10
112.95
 20
1083.311
 10
113.026
 20
1083.462
 10
113.032
 20
1083.472
 10
113.107
 20
1083.624
 10
114.96
 20
1087.382
 10
115.018
 20
1087.501
 10
115.022
 20
1087.51
 10
115.081
 20
1087.63
 10
116.905
 20
1091.421
 10
116.948
 20
1091.511
 10
116.951
 20
1091.517
 10
116.994
 20
1091.607
 10
118.797
 20
1095.424
 10
118.826
 20
1095.484
 10
118.828
 20
1095.488
 10
118.855
 20
1095.548
 10
120.647
 20
1099.385
 10
120.661
 20
1099.415
 10
120.675
 20
1099.446
 10
122.462
 20
1103.297
 10
124.237
 20
1107.122
 10
125.994
 20
1110.885
 10
127.741
 20
1114.581
 10
129.484
 20
1118.203
 10
131.232
 20
1121.747
 10
132.987
 20
1125.202
 10
134.755
 20
1128.564
 10
136.543
 20
1131.829
 10
138.353
 20
1134.989
 10
140.19
 20
1138.041
 10
142.058
 20
1140.981
 10
143.961
 20
1143.805
 10
145.901
 20
1146.51
 10
147.883
 20
1149.096
 10
149.911
 20
1151.563
 10
151.99
 20
1153.91
 10
154.126
 20
1156.141
 10
156.327
 20
1158.259
 10
158.603
 20
1160.267
 10
160.963
 20
1162.17
 10
163.422
 20
1163.972
 10
165.994
 20
1165.678
 10
168.696
 20
1167.29
 10
171.547
 20
1168.808
 10
174.566
 20
1170.234
 10
177.772
 20
1171.565
 10
181.186
 20
1172.796
 10
184.826
 20
1173.92
 10
188.71
 20
1174.931
 10
192.856
 20
1175.817
 10
197.279
 20
1176.569
 10
201.992
 20
1177.175
 10
207.007
 20
1177.623
 10
212.336
 20
1177.9
 10
218.223
 20
1178.0
 10
1459.968
 20
1178.0
 10
1459.989
 20
874.0
  0
LWPOLYLINE
  5
B6
330
17
100
AcDbEntity
  8
ENGRAVE_V
100
AcDbPolyline
 90
53
 70
1
 10
970.99
 20
1136.0
 10
972.818
 20
1135.88
 10
974.614
 20
1135.523
 10
976.348
 20
1134.934
 10
977.99
 20
1134.124
 10
979.513
 20
1133.107
 10
980.89
 20
1131.899
 10
982.097
 20
1130.523
 10
983.115
 20
1129.0
 10
983.925
 20
1127.358
 10
984.513
 20
1125.623
 10
984.871
 20
1123.827
 10
984.99
 20
1122.0
 10
984.99
 20
930.0
 10
984.871
 20
928.173
 10
984.513
 20
926.377
 10
983.925
 20
924.642
 10
983.115
 20
923.0
 10
982.097
 20
921.477
 10
980.89
 20
920.101
 10
979.513
 20
918.893
 10
977.99
 20
917.876
 10
976.348
 20
917.066
 10
974.614
 20
916.477
 10
972.818
 20
916.12
 10
970.99
 20
916.0
 10
628.99
 20
916.0
 10
627.163
 20
916.12
 10
625.367
 20
916.477
 10
623.633
 20
917.066
 10
621.99
 20
917.876
 10
620.468
 20
918.893
 10
619.091
 20
920.101
 10
617.884
 20
921.477
 10
616.866
 20
923.0
 10
616.056
 20
924.642
 10
615.468
 20
926.377
 10
615.11
 20
928.173
 10
614.99
 20
930.0
 10
614.99
 20
1122.0
 10
615.11
 20
1123.827
 10
615.468
 20
1125.623
 10
616.056
 20
1127.358
 10
616.866
 20
1129.0
 10
617.884
 20
1130.523
 10
619.091
 20
1131.899
 10
620.468
 20
1133.107
 10
621.99
 20
1134.124
 10
623.633
 20
1134.934
 10
625.367
 20
1135.523
 10
627.163
 20
1135.88
 10
628.99
 20
1136.0
 10
970.99
 20
1136.0
  0
LWPOLYLINE
  5
B7
330
17
100
AcDbEntity
  8
ENGRAVE_V
100
AcDbPolyline
 90
309
 70
1
 10
1203.405
 20
976.18
 10
1203.548
 20
975.9
 10
1203.694
 20
975.605
 10
1203.842
 20
975.297
 10
1203.992
 20
974.975
 10
1204.146
 20
974.639
 10
1204.301
 20
974.289
 10
1204.46
 20
973.925
 10
1204.62
 20
973.547
 10
1204.781
 20
973.158
 10
1204.938
 20
972.762
 10
1205.092
 20
972.358
 10
1205.243
 20
971.946
 10
1205.391
 20
971.527
 10
1205.536
 20
971.101
 10
1205.677
 20
970.666
 10
1205.816
 20
970.225
 10
1205.948
 20
969.779
 10
1206.07
 20
969.333
 10
1206.183
 20
968.887
 10
1206.287
 20
968.442
 10
1206.381
 20
967.996
 10
1206.465
 20
967.55
 10
1206.54
 20
967.105
 10
1206.606
 20
966.659
 10
1206.659
 20
966.217
 10
1206.698
 20
965.78
 10
1206.722
 20
965.351
 10
1206.732
 20
964.927
 10
1206.727
 20
964.51
 10
1206.708
 20
964.099
 10
1206.674
 20
963.695
 10
1206.626
 20
963.296
 10
1206.56
 20
962.908
 10
1206.473
 20
962.534
 10
1206.365
 20
962.174
 10
1206.236
 20
961.828
 10
1206.086
 20
961.495
 10
1205.916
 20
961.177
 10
1205.724
 20
960.872
 10
1205.512
 20
960.582
 10
1205.248
 20
960.264
 10
1204.985
 20
959.978
 10
1204.722
 20
959.724
 10
1204.458
 20
959.503
 10
1204.195
 20
959.314
 10
1203.932
 20
959.157
 10
1203.668
 20
959.033
 10
1203.405
 20
958.941
 10
1203.141
 20
958.876
 10
1202.877
 20
958.833
 10
1202.612
 20
958.813
 10
1202.346
 20
958.814
 10
1202.08
 20
958.838
 10
1201.813
 20
958.884
 10
1201.546
 20
958.952
 10
1201.278
 20
959.042
 10
1201.01
 20
959.149
 10
1200.742
 20
959.265
 10
1200.475
 20
959.392
 10
1200.209
 20
959.528
 10
1199.944
 20
959.675
 10
1199.679
 20
959.832
 10
1199.414
 20
959.999
 10
1199.151
 20
960.177
 10
1198.888
 20
960.358
 10
1198.627
 20
960.539
 10
1198.366
 20
960.718
 10
1198.107
 20
960.896
 10
1197.85
 20
961.072
 10
1197.593
 20
961.248
 10
1197.338
 20
961.422
 10
1197.084
 20
961.595
 10
1196.824
 20
961.783
 10
1196.568
 20
961.982
 10
1196.317
 20
962.193
 10
1196.072
 20
962.415
 10
1195.831
 20
962.649
 10
1195.595
 20
962.894
 10
1195.365
 20
963.15
 10
1195.14
 20
963.418
 10
1194.926
 20
963.692
 10
1194.729
 20
963.967
 10
1194.551
 20
964.244
 10
1194.39
 20
964.522
 10
1194.247
 20
964.801
 10
1194.122
 20
965.082
 10
1194.014
 20
965.363
 10
1193.924
 20
965.646
 10
1193.858
 20
965.926
 10
1193.822
 20
966.198
 10
1193.815
 20
966.463
 10
1193.838
 20
966.72
 10
1193.891
 20
966.969
 10
1193.974
 20
967.211
 10
1194.086
 20
967.445
 10
1194.228
 20
967.672
 10
1194.406
 20
967.886
 10
1194.624
 20
968.082
 10
1194.884
 20
968.261
 10
1195.185
 20
968.422
 10
1195.527
 20
968.565
 10
1195.911
 20
968.69
 10
1196.335
 20
968.798
 10
1196.801
 20
968.887
 10
1196.88
 20
968.719
 10
1196.955
 20
968.56
 10
1197.027
 20
968.408
 10
1197.095
 20
968.265
 10
1197.158
 20
968.129
 10
1197.219
 20
968.002
 10
1197.275
 20
967.884
 10
1197.327
 20
967.773
 10
1197.378
 20
967.666
 10
1197.426
 20
967.558
 10
1197.474
 20
967.449
 10
1197.52
 20
967.338
 10
1197.565
 20
967.226
 10
1197.609
 20
967.112
 10
1197.651
 20
966.998
 10
1197.692
 20
966.882
 10
1197.733
 20
966.761
 10
1197.773
 20
966.63
 10
1197.814
 20
966.49
 10
1197.854
 20
966.34
 10
1197.895
 20
966.181
 10
1197.935
 20
966.012
 10
1197.976
 20
965.834
 10
1198.016
 20
965.646
 10
1203.324
 20
963.904
 10
1203.091
 20
964.5
 10
1202.839
 20
965.071
 10
1202.567
 20
965.619
 10
1202.275
 20
966.143
 10
1201.964
 20
966.642
 10
1201.634
 20
967.117
 10
1201.283
 20
967.569
 10
1200.913
 20
967.996
 10
1200.529
 20
968.4
 10
1200.136
 20
968.782
 10
1199.734
 20
969.142
 10
1199.323
 20
969.48
 10
1198.903
 20
969.796
 10
1198.475
 20
970.089
 10
1198.037
 20
970.36
 10
1197.591
 20
970.609
 10
1197.141
 20
970.836
 10
1196.692
 20
971.041
 10
1196.244
 20
971.224
 10
1195.798
 20
971.384
 10
1195.353
 20
971.523
 10
1194.909
 20
971.639
 10
1194.467
 20
971.733
 10
1194.025
 20
971.805
 10
1193.591
 20
971.856
 10
1193.17
 20
971.888
 10
1192.761
 20
971.901
 10
1192.364
 20
971.896
 10
1191.981
 20
971.871
 10
1191.61
 20
971.827
 10
1191.251
 20
971.765
 10
1190.906
 20
971.683
 10
1190.578
 20
971.583
 10
1190.274
 20
971.464
 10
1189.993
 20
971.327
 10
1189.736
 20
971.172
 10
1189.502
 20
970.998
 10
1189.291
 20
970.806
 10
1189.104
 20
970.595
 10
1188.941
 20
970.366
 10
1188.806
 20
970.12
 10
1188.705
 20
969.859
 10
1188.639
 20
969.581
 10
1188.606
 20
969.288
 10
1188.608
 20
968.978
 10
1188.644
 20
968.653
 10
1188.715
 20
968.312
 10
1188.819
 20
967.956
 10
1188.963
 20
967.583
 10
1189.151
 20
967.196
 10
1189.383
 20
966.793
 10
1189.66
 20
966.376
 10
1189.981
 20
965.943
 10
1190.346
 20
965.494
 10
1190.756
 20
965.031
 10
1191.21
 20
964.552
 10
1191.714
 20
964.059
 10
1192.273
 20
963.552
 10
1192.888
 20
963.031
 10
1193.56
 20
962.496
 10
1194.286
 20
961.947
 10
1195.069
 20
961.384
 10
1195.907
 20
960.808
 10
1196.801
 20
960.217
 10
1197.098
 20
960.034
 10
1197.403
 20
959.847
 10
1197.716
 20
959.659
 10
1198.037
 20
959.468
 10
1198.364
 20
959.274
 10
1198.7
 20
959.078
 10
1199.043
 20
958.879
 10
1199.394
 20
958.678
 10
1199.75
 20
958.478
 10
1200.108
 20
958.284
 10
1200.469
 20
958.095
 10
1200.832
 20
957.913
 10
1201.198
 20
957.736
 10
1201.566
 20
957.565
 10
1201.937
 20
957.399
 10
1202.311
 20
957.239
 10
1202.686
 20
957.089
 10
1203.062
 20
956.953
 10
1203.438
 20
956.831
 10
1203.815
 20
956.723
 10
1204.193
 20
956.628
 10
1204.571
 20
956.548
 10
1204.95
 20
956.481
 10
1205.329
 20
956.429
 10
1205.706
 20
956.394
 10
1206.078
 20
956.38
 10
1206.443
 20
956.386
 10
1206.803
 20
956.414
 10
1207.157
 20
956.462
 10
1207.506
 20
956.531
 10
1207.849
 20
956.622
 10
1208.186
 20
956.733
 10
1208.656
 20
956.927
 10
1209.096
 20
957.144
 10
1209.505
 20
957.385
 10
1209.882
 20
957.649
 10
1210.229
 20
957.937
 10
1210.544
 20
958.248
 10
1210.829
 20
958.583
 10
1211.083
 20
958.941
 10
1211.308
 20
959.318
 10
1211.508
 20
959.709
 10
1211.683
 20
960.116
 10
1211.832
 20
960.536
 10
1211.956
 20
960.971
 10
1212.055
 20
961.421
 10
1212.128
 20
961.886
 10
1212.176
 20
962.364
 10
1212.202
 20
962.854
 10
1212.207
 20
963.348
 10
1212.192
 20
963.849
 10
1212.156
 20
964.355
 10
1212.101
 20
964.867
 10
1212.025
 20
965.384
 10
1211.928
 20
965.907
 10
1211.812
 20
966.436
 10
1211.677
 20
966.966
 10
1211.527
 20
967.493
 10
1211.361
 20
968.017
 10
1211.179
 20
968.538
 10
1210.981
 20
969.056
 10
1210.767
 20
969.57
 10
1210.538
 20
970.081
 10
1210.293
 20
970.589
 10
1210.034
 20
971.09
 10
1209.765
 20
971.581
 10
1209.484
 20
972.06
 10
1209.194
 20
972.529
 10
1208.892
 20
972.987
 10
1208.579
 20
973.434
 10
1208.256
 20
973.871
 10
1207.922
 20
974.296
 10
1207.581
 20
974.706
 10
1207.235
 20
975.093
 10
1206.884
 20
975.458
 10
1206.53
 20
975.8
 10
1206.17
 20
976.121
 10
1205.807
 20
976.42
 10
1205.439
 20
976.696
 10
1205.066
 20
976.95
 10
1204.679
 20
977.2
 10
1204.287
 20
977.441
 10
1203.891
 20
977.676
 10
1203.491
 20
977.902
 10
1203.086
 20
978.121
 10
1202.677
 20
978.333
 10
1202.263
 20
978.537
 10
1201.845
 20
978.733
 10
1201.422
 20
978.911
 10
1200.993
 20
979.062
 10
1200.558
 20
979.185
 10
1200.118
 20
979.28
 10
1199.672
 20
979.347
 10
1199.22
 20
979.386
 10
1198.763
 20
979.398
 10
1198.3
 20
979.381
 10
1182.62
 20
978.166
 10
1187.563
 20
975.208
 10
1202.513
 20
976.342
 10
1202.611
 20
976.352
 10
1202.702
 20
976.36
 10
1202.786
 20
976.367
 10
1202.863
 20
976.373
 10
1202.933
 20
976.377
 10
1202.996
 20
976.38
 10
1203.052
 20
976.382
 10
1203.101
 20
976.383
 10
1203.146
 20
976.38
 10
1203.188
 20
976.37
 10
1203.229
 20
976.354
 10
1203.268
 20
976.332
 10
1203.305
 20
976.304
 10
1203.34
 20
976.269
 10
1203.374
 20
976.228
 10
1203.405
 20
976.18
  0
LWPOLYLINE
  5
B8
330
17
100
AcDbEntity
  8
ENGRAVE_V
100
AcDbPolyline
 90
186
 70
1
 10
1211.873
 20
988.74
 10
1211.873
 20
988.74
 10
1211.755
 20
989.284
 10
1211.603
 20
989.823
 10
1211.418
 20
990.355
 10
1211.199
 20
990.882
 10
1210.947
 20
991.404
 10
1210.661
 20
991.919
 10
1210.342
 20
992.429
 10
1209.989
 20
992.934
 10
1209.61
 20
993.427
 10
1209.213
 20
993.906
 10
1208.797
 20
994.369
 10
1208.363
 20
994.818
 10
1207.911
 20
995.251
 10
1207.44
 20
995.668
 10
1206.951
 20
996.071
 10
1206.444
 20
996.458
 10
1205.923
 20
996.826
 10
1205.395
 20
997.17
 10
1204.86
 20
997.49
 10
1204.316
 20
997.785
 10
1203.766
 20
998.057
 10
1203.207
 20
998.304
 10
1202.641
 20
998.528
 10
1202.068
 20
998.727
 10
1201.493
 20
998.899
 10
1200.922
 20
999.04
 10
1200.356
 20
999.15
 10
1199.794
 20
999.229
 10
1199.236
 20
999.276
 10
1198.684
 20
999.293
 10
1198.135
 20
999.279
 10
1197.591
 20
999.234
 10
1197.058
 20
999.152
 10
1196.544
 20
999.029
 10
1196.048
 20
998.863
 10
1195.57
 20
998.656
 10
1195.111
 20
998.408
 10
1194.67
 20
998.117
 10
1194.247
 20
997.785
 10
1193.843
 20
997.411
 10
1193.754
 20
997.314
 10
1193.668
 20
997.207
 10
1193.587
 20
997.089
 10
1193.509
 20
996.96
 10
1193.435
 20
996.82
 10
1193.365
 20
996.67
 10
1193.298
 20
996.509
 10
1193.235
 20
996.337
 10
1193.187
 20
996.164
 10
1193.162
 20
995.999
 10
1193.161
 20
995.842
 10
1193.185
 20
995.694
 10
1193.232
 20
995.553
 10
1193.304
 20
995.421
 10
1193.399
 20
995.298
 10
1193.519
 20
995.182
 10
1193.797
 20
994.945
 10
1194.084
 20
994.72
 10
1194.379
 20
994.507
 10
1194.684
 20
994.306
 10
1194.997
 20
994.117
 10
1195.319
 20
993.94
 10
1195.651
 20
993.775
 10
1195.99
 20
993.622
 10
1196.334
 20
993.474
 10
1196.677
 20
993.322
 10
1197.018
 20
993.167
 10
1197.358
 20
993.009
 10
1197.697
 20
992.848
 10
1198.034
 20
992.684
 10
1198.37
 20
992.517
 10
1198.705
 20
992.346
 10
1198.858
 20
992.279
 10
1199.013
 20
992.219
 10
1199.169
 20
992.168
 10
1199.328
 20
992.123
 10
1199.488
 20
992.086
 10
1199.651
 20
992.057
 10
1199.815
 20
992.036
 10
1199.981
 20
992.022
 10
1200.146
 20
992.019
 10
1200.307
 20
992.032
 10
1200.463
 20
992.06
 10
1200.614
 20
992.103
 10
1200.762
 20
992.161
 10
1200.904
 20
992.235
 10
1201.043
 20
992.323
 10
1201.176
 20
992.427
 10
1201.311
 20
992.568
 10
1201.431
 20
992.727
 10
1201.536
 20
992.905
 10
1201.627
 20
993.101
 10
1201.704
 20
993.315
 10
1201.765
 20
993.548
 10
1201.812
 20
993.799
 10
1201.845
 20
994.068
 10
1201.866
 20
994.344
 10
1201.877
 20
994.616
 10
1201.878
 20
994.884
 10
1201.87
 20
995.147
 10
1201.853
 20
995.405
 10
1201.826
 20
995.659
 10
1201.79
 20
995.909
 10
1201.744
 20
996.155
 10
1201.818
 20
996.204
 10
1201.899
 20
996.252
 10
1201.988
 20
996.298
 10
1202.083
 20
996.342
 10
1202.185
 20
996.384
 10
1202.294
 20
996.424
 10
1202.411
 20
996.463
 10
1202.534
 20
996.499
 10
1202.656
 20
996.529
 10
1202.768
 20
996.548
 10
1202.871
 20
996.557
 10
1202.964
 20
996.555
 10
1203.048
 20
996.542
 10
1203.122
 20
996.518
 10
1203.187
 20
996.483
 10
1203.243
 20
996.438
 10
1203.413
 20
996.284
 10
1203.58
 20
996.124
 10
1203.742
 20
995.96
 10
1203.901
 20
995.79
 10
1204.056
 20
995.615
 10
1204.208
 20
995.435
 10
1204.355
 20
995.251
 10
1204.499
 20
995.061
 10
1204.637
 20
994.866
 10
1204.77
 20
994.666
 10
1204.896
 20
994.46
 10
1205.015
 20
994.25
 10
1205.129
 20
994.035
 10
1205.236
 20
993.815
 10
1205.336
 20
993.589
 10
1205.431
 20
993.359
 10
1205.784
 20
992.487
 10
1206.135
 20
991.612
 10
1206.483
 20
990.734
 10
1206.828
 20
989.854
 10
1207.172
 20
988.972
 10
1207.512
 20
988.087
 10
1207.85
 20
987.199
 10
1208.186
 20
986.309
 10
1208.527
 20
985.424
 10
1208.882
 20
984.552
 10
1209.251
 20
983.692
 10
1209.634
 20
982.845
 10
1210.031
 20
982.011
 10
1210.442
 20
981.189
 10
1210.867
 20
980.38
 10
1211.305
 20
979.584
 10
1211.328
 20
979.546
 10
1211.355
 20
979.513
 10
1211.386
 20
979.485
 10
1211.422
 20
979.462
 10
1211.462
 20
979.444
 10
1211.507
 20
979.432
 10
1211.556
 20
979.424
 10
1211.609
 20
979.422
 10
1211.662
 20
979.425
 10
1211.709
 20
979.434
 10
1211.751
 20
979.45
 10
1211.787
 20
979.472
 10
1211.817
 20
979.501
 10
1211.841
 20
979.536
 10
1211.86
 20
979.577
 10
1211.873
 20
979.624
 10
1211.922
 20
980.183
 10
1211.968
 20
980.745
 10
1212.01
 20
981.31
 10
1212.05
 20
981.878
 10
1212.086
 20
982.449
 10
1212.12
 20
983.024
 10
1212.15
 20
983.601
 10
1212.176
 20
984.182
 10
1212.194
 20
984.763
 10
1212.195
 20
985.341
 10
1212.181
 20
985.915
 10
1212.151
 20
986.486
 10
1212.105
 20
987.055
 10
1212.044
 20
987.62
 10
1211.966
 20
988.181
 10
1211.873
 20
988.74
  0
LWPOLYLINE
  5
B9
330
17
100
AcDbEntity
  8
ENGRAVE_V
100
AcDbPolyline
 90
114
 70
1
 10
1206.565
 20
1014.508
 10
1206.497
 20
1014.613
 10
1206.416
 20
1014.706
 10
1206.32
 20
1014.785
 10
1206.211
 20
1014.852
 10
1206.087
 20
1014.907
 10
1205.95
 20
1014.949
 10
1205.798
 20
1014.978
 10
1205.633
 20
1014.994
 10
1205.471
 20
1014.994
 10
1205.327
 20
1014.974
 10
1205.202
 20
1014.934
 10
1205.096
 20
1014.873
 10
1205.01
 20
1014.792
 10
1204.942
 20
1014.69
 10
1204.893
 20
1014.569
 10
1204.863
 20
1014.427
 10
1204.86
 20
1014.337
 10
1204.868
 20
1014.247
 10
1204.89
 20
1014.159
 10
1204.924
 20
1014.073
 10
1204.971
 20
1013.987
 10
1205.031
 20
1013.903
 10
1205.103
 20
1013.82
 10
1205.188
 20
1013.738
 10
1205.147
 20
1013.738
 10
1205.351
 20
1013.541
 10
1205.54
 20
1013.333
 10
1205.711
 20
1013.115
 10
1205.866
 20
1012.887
 10
1206.005
 20
1012.649
 10
1206.127
 20
1012.401
 10
1206.233
 20
1012.143
 10
1206.322
 20
1011.875
 10
1206.511
 20
1011.142
 10
1206.692
 20
1010.401
 10
1206.865
 20
1009.653
 10
1207.031
 20
1008.897
 10
1207.189
 20
1008.133
 10
1207.34
 20
1007.362
 10
1207.483
 20
1006.584
 10
1207.618
 20
1005.797
 10
1207.757
 20
1005.014
 10
1207.91
 20
1004.242
 10
1208.076
 20
1003.484
 10
1208.257
 20
1002.738
 10
1208.451
 20
1002.005
 10
1208.659
 20
1001.285
 10
1208.881
 20
1000.577
 10
1209.118
 20
999.882
 10
1209.179
 20
999.754
 10
1209.242
 20
999.654
 10
1209.306
 20
999.582
 10
1209.371
 20
999.538
 10
1209.437
 20
999.521
 10
1209.505
 20
999.533
 10
1209.574
 20
999.572
 10
1209.644
 20
999.639
 10
1209.752
 20
999.795
 10
1209.872
 20
1000.019
 10
1210.005
 20
1000.311
 10
1210.151
 20
1000.672
 10
1210.309
 20
1001.101
 10
1210.48
 20
1001.599
 10
1210.663
 20
1002.165
 10
1210.86
 20
1002.799
 10
1210.958
 20
1003.125
 10
1211.052
 20
1003.436
 10
1211.141
 20
1003.731
 10
1211.224
 20
1004.009
 10
1211.303
 20
1004.273
 10
1211.376
 20
1004.52
 10
1211.445
 20
1004.751
 10
1211.508
 20
1004.967
 10
1211.566
 20
1005.166
 10
1211.619
 20
1005.35
 10
1211.668
 20
1005.518
 10
1211.711
 20
1005.671
 10
1211.749
 20
1005.807
 10
1211.781
 20
1005.928
 10
1211.809
 20
1006.032
 10
1211.832
 20
1006.121
 10
1211.946
 20
1006.752
 10
1212.026
 20
1007.347
 10
1212.07
 20
1007.907
 10
1212.08
 20
1008.431
 10
1212.055
 20
1008.919
 10
1211.995
 20
1009.373
 10
1211.901
 20
1009.791
 10
1211.771
 20
1010.173
 10
1211.606
 20
1010.529
 10
1211.403
 20
1010.869
 10
1211.163
 20
1011.193
 10
1210.885
 20
1011.5
 10
1210.57
 20
1011.79
 10
1210.218
 20
1012.065
 10
1209.828
 20
1012.322
 10
1209.401
 20
1012.563
 10
1209.2
 20
1012.665
 10
1209.0
 20
1012.768
 10
1208.802
 20
1012.873
 10
1208.606
 20
1012.979
 10
1208.412
 20
1013.086
 10
1208.22
 20
1013.194
 10
1208.03
 20
1013.303
 10
1207.841
 20
1013.414
 10
1207.657
 20
1013.529
 10
1207.48
 20
1013.65
 10
1207.31
 20
1013.777
 10
1207.147
 20
1013.911
 10
1206.991
 20
1014.05
 10
1206.842
 20
1014.197
 10
1206.7
 20
1014.349
 10
1206.565
 20
1014.508
  0
LWPOLYLINE
  5
BA
330
17
100
AcDbEntity
  8
ENGRAVE_V
100
AcDbPolyline
 90
35
 70
1
 10
1213.817
 20
1023.341
 10
1211.143
 20
1020.464
 10
1211.397
 20
1020.261
 10
1211.652
 20
1020.056
 10
1211.909
 20
1019.85
 10
1212.166
 20
1019.643
 10
1212.425
 20
1019.435
 10
1212.685
 20
1019.226
 10
1212.947
 20
1019.015
 10
1213.21
 20
1018.803
 10
1213.473
 20
1018.591
 10
1213.736
 20
1018.38
 10
1214.0
 20
1018.17
 10
1214.263
 20
1017.962
 10
1214.526
 20
1017.755
 10
1214.79
 20
1017.549
 10
1215.053
 20
1017.345
 10
1215.316
 20
1017.142
 10
1217.99
 20
1020.018
 10
1217.727
 20
1020.231
 10
1217.465
 20
1020.442
 10
1217.203
 20
1020.654
 10
1216.942
 20
1020.864
 10
1216.682
 20
1021.074
 10
1216.422
 20
1021.283
 10
1216.163
 20
1021.492
 10
1215.904
 20
1021.7
 10
1215.645
 20
1021.907
 10
1215.386
 20
1022.114
 10
1215.126
 20
1022.32
 10
1214.866
 20
1022.525
 10
1214.605
 20
1022.73
 10
1214.343
 20
1022.934
 10
1214.08
 20
1023.138
 10
1213.817
 20
1023.341
  0
LWPOLYLINE
  5
BB
330
17
100
AcDbEntity
  8
ENGRAVE_V
100
AcDbPolyline
 90
162
 70
1
 10
1206.687
 20
1024.556
 10
1201.703
 20
1024.637
 10
1201.727
 20
1024.418
 10
1201.736
 20
1024.208
 10
1201.732
 20
1024.006
 10
1201.713
 20
1023.812
 10
1201.681
 20
1023.626
 10
1201.635
 20
1023.448
 10
1201.575
 20
1023.279
 10
1201.501
 20
1023.118
 10
1201.41
 20
1022.972
 10
1201.301
 20
1022.851
 10
1201.172
 20
1022.752
 10
1201.025
 20
1022.677
 10
1200.858
 20
1022.625
 10
1200.673
 20
1022.597
 10
1200.468
 20
1022.593
 10
1200.245
 20
1022.611
 10
1200.139
 20
1022.603
 10
1200.046
 20
1022.578
 10
1199.964
 20
1022.537
 10
1199.895
 20
1022.48
 10
1199.838
 20
1022.406
 10
1199.793
 20
1022.315
 10
1199.759
 20
1022.208
 10
1199.738
 20
1022.085
 10
1199.726
 20
1021.948
 10
1199.72
 20
1021.803
 10
1199.721
 20
1021.65
 10
1199.728
 20
1021.487
 10
1199.741
 20
1021.315
 10
1199.761
 20
1021.135
 10
1199.787
 20
1020.946
 10
1199.819
 20
1020.748
 10
1199.856
 20
1020.544
 10
1199.895
 20
1020.339
 10
1199.937
 20
1020.131
 10
1199.981
 20
1019.922
 10
1200.028
 20
1019.711
 10
1200.077
 20
1019.498
 10
1200.129
 20
1019.283
 10
1200.184
 20
1019.066
 10
1200.239
 20
1018.852
 10
1200.294
 20
1018.645
 10
1200.348
 20
1018.444
 10
1200.402
 20
1018.251
 10
1200.454
 20
1018.064
 10
1200.507
 20
1017.885
 10
1200.558
 20
1017.712
 10
1200.609
 20
1017.547
 10
1200.857
 20
1016.796
 10
1201.113
 20
1016.124
 10
1201.378
 20
1015.53
 10
1201.653
 20
1015.015
 10
1201.936
 20
1014.578
 10
1202.227
 20
1014.219
 10
1202.528
 20
1013.94
 10
1202.838
 20
1013.738
 10
1203.011
 20
1013.649
 10
1203.188
 20
1013.564
 10
1203.368
 20
1013.482
 10
1203.552
 20
1013.404
 10
1203.738
 20
1013.33
 10
1203.928
 20
1013.26
 10
1204.121
 20
1013.193
 10
1204.316
 20
1013.131
 10
1204.513
 20
1013.069
 10
1204.708
 20
1013.004
 10
1204.9
 20
1012.937
 10
1205.091
 20
1012.867
 10
1205.28
 20
1012.795
 10
1205.467
 20
1012.72
 10
1205.653
 20
1012.643
 10
1205.836
 20
1012.563
 10
1205.851
 20
1012.551
 10
1205.875
 20
1012.533
 10
1205.909
 20
1012.51
 10
1205.952
 20
1012.482
 10
1206.005
 20
1012.449
 10
1206.067
 20
1012.411
 10
1206.139
 20
1012.368
 10
1206.221
 20
1012.32
 10
1206.303
 20
1012.273
 10
1206.376
 20
1012.234
 10
1206.442
 20
1012.203
 10
1206.499
 20
1012.178
 10
1206.548
 20
1012.162
 10
1206.589
 20
1012.153
 10
1206.622
 20
1012.152
 10
1206.646
 20
1012.158
 10
1206.851
 20
1012.119
 10
1207.04
 20
1012.101
 10
1207.213
 20
1012.106
 10
1207.37
 20
1012.133
 10
1207.512
 20
1012.182
 10
1207.637
 20
1012.253
 10
1207.747
 20
1012.347
 10
1207.841
 20
1012.462
 10
1207.91
 20
1012.589
 10
1207.944
 20
1012.717
 10
1207.943
 20
1012.845
 10
1207.907
 20
1012.974
 10
1207.837
 20
1013.103
 10
1207.731
 20
1013.233
 10
1207.591
 20
1013.364
 10
1207.416
 20
1013.495
 10
1207.247
 20
1013.669
 10
1207.087
 20
1013.845
 10
1206.934
 20
1014.023
 10
1206.788
 20
1014.204
 10
1206.65
 20
1014.388
 10
1206.519
 20
1014.574
 10
1206.397
 20
1014.763
 10
1206.281
 20
1014.954
 10
1206.221
 20
1015.118
 10
1206.161
 20
1015.288
 10
1206.102
 20
1015.463
 10
1206.043
 20
1015.643
 10
1205.985
 20
1015.827
 10
1205.928
 20
1016.017
 10
1205.872
 20
1016.212
 10
1205.816
 20
1016.412
 10
1205.76
 20
1016.616
 10
1205.705
 20
1016.823
 10
1205.651
 20
1017.031
 10
1205.598
 20
1017.243
 10
1205.545
 20
1017.457
 10
1205.493
 20
1017.673
 10
1205.441
 20
1017.892
 10
1205.39
 20
1018.114
 10
1205.305
 20
1018.531
 10
1205.251
 20
1018.891
 10
1205.229
 20
1019.195
 10
1205.238
 20
1019.441
 10
1205.279
 20
1019.63
 10
1205.352
 20
1019.762
 10
1205.457
 20
1019.838
 10
1205.593
 20
1019.856
 10
1206.026
 20
1019.816
 10
1206.393
 20
1019.836
 10
1206.694
 20
1019.917
 10
1206.93
 20
1020.059
 10
1207.099
 20
1020.261
 10
1207.203
 20
1020.525
 10
1207.241
 20
1020.849
 10
1207.213
 20
1021.234
 10
1207.183
 20
1021.437
 10
1207.153
 20
1021.641
 10
1207.122
 20
1021.847
 10
1207.092
 20
1022.054
 10
1207.061
 20
1022.262
 10
1207.031
 20
1022.472
 10
1207.001
 20
1022.683
 10
1206.97
 20
1022.895
 10
1206.939
 20
1023.107
 10
1206.907
 20
1023.318
 10
1206.873
 20
1023.527
 10
1206.839
 20
1023.736
 10
1206.802
 20
1023.943
 10
1206.765
 20
1024.148
 10
1206.726
 20
1024.353
 10
1206.687
 20
1024.556
  0
LWPOLYLINE
  5
BC
330
17
100
AcDbEntity
  8
ENGRAVE_V
100
AcDbPolyline
 90
98
 70
1
 10
1200.366
 20
1030.755
 10
1200.611
 20
1029.918
 10
1200.837
 20
1029.068
 10
1201.046
 20
1028.206
 10
1201.237
 20
1027.331
 10
1201.411
 20
1026.444
 10
1201.566
 20
1025.544
 10
1201.704
 20
1024.631
 10
1201.825
 20
1023.705
 10
1207.051
 20
1022.814
 10
1206.89
 20
1023.487
 10
1206.73
 20
1024.15
 10
1206.571
 20
1024.801
 10
1206.413
 20
1025.442
 10
1206.257
 20
1026.072
 10
1206.102
 20
1026.692
 10
1205.948
 20
1027.301
 10
1205.795
 20
1027.899
 10
1205.635
 20
1028.489
 10
1205.458
 20
1029.075
 10
1205.265
 20
1029.656
 10
1205.056
 20
1030.233
 10
1204.83
 20
1030.806
 10
1204.587
 20
1031.374
 10
1204.328
 20
1031.938
 10
1204.053
 20
1032.497
 10
1203.737
 20
1033.104
 10
1203.415
 20
1033.669
 10
1203.088
 20
1034.193
 10
1202.757
 20
1034.675
 10
1202.42
 20
1035.115
 10
1202.078
 20
1035.513
 10
1201.731
 20
1035.869
 10
1201.379
 20
1036.184
 10
1201.151
 20
1036.371
 10
1200.933
 20
1036.546
 10
1200.726
 20
1036.71
 10
1200.528
 20
1036.863
 10
1200.341
 20
1037.004
 10
1200.164
 20
1037.134
 10
1199.996
 20
1037.252
 10
1199.839
 20
1037.359
 10
1199.684
 20
1037.458
 10
1199.523
 20
1037.553
 10
1199.355
 20
1037.643
 10
1199.181
 20
1037.729
 10
1199.001
 20
1037.81
 10
1198.814
 20
1037.887
 10
1198.621
 20
1037.959
 10
1198.421
 20
1038.027
 10
1198.208
 20
1038.094
 10
1197.973
 20
1038.16
 10
1197.717
 20
1038.228
 10
1197.439
 20
1038.296
 10
1197.139
 20
1038.365
 10
1196.819
 20
1038.434
 10
1196.476
 20
1038.504
 10
1196.112
 20
1038.574
 10
1195.751
 20
1038.621
 10
1195.436
 20
1038.597
 10
1195.168
 20
1038.504
 10
1194.947
 20
1038.341
 10
1194.773
 20
1038.109
 10
1194.646
 20
1037.807
 10
1194.565
 20
1037.436
 10
1194.532
 20
1036.994
 10
1194.517
 20
1036.528
 10
1194.512
 20
1036.1
 10
1194.517
 20
1035.712
 10
1194.532
 20
1035.364
 10
1194.557
 20
1035.054
 10
1194.593
 20
1034.784
 10
1194.638
 20
1034.553
 10
1194.694
 20
1034.361
 10
1194.729
 20
1034.098
 10
1194.833
 20
1033.837
 10
1195.007
 20
1033.576
 10
1195.251
 20
1033.318
 10
1195.564
 20
1033.06
 10
1195.947
 20
1032.803
 10
1196.4
 20
1032.548
 10
1196.922
 20
1032.294
 10
1197.202
 20
1032.165
 10
1197.473
 20
1032.041
 10
1197.736
 20
1031.922
 10
1197.991
 20
1031.808
 10
1198.238
 20
1031.699
 10
1198.476
 20
1031.596
 10
1198.706
 20
1031.497
 10
1198.928
 20
1031.403
 10
1199.141
 20
1031.313
 10
1199.344
 20
1031.226
 10
1199.538
 20
1031.141
 10
1199.723
 20
1031.059
 10
1199.898
 20
1030.979
 10
1200.064
 20
1030.902
 10
1200.22
 20
1030.827
 10
1200.366
 20
1030.755
  0
LWPOLYLINE
  5
BD
330
17
100
AcDbEntity
  8
ENGRAVE_V
100
AcDbPolyline
 90
35
 70
1
 10
1186.388
 20
1073.458
 10
1183.714
 20
1070.582
 10
1183.968
 20
1070.379
 10
1184.223
 20
1070.174
 10
1184.48
 20
1069.968
 10
1184.737
 20
1069.761
 10
1184.996
 20
1069.553
 10
1185.256
 20
1069.344
 10
1185.518
 20
1069.133
 10
1185.781
 20
1068.921
 10
1186.044
 20
1068.709
 10
1186.307
 20
1068.498
 10
1186.571
 20
1068.288
 10
1186.834
 20
1068.08
 10
1187.097
 20
1067.873
 10
1187.361
 20
1067.667
 10
1187.624
 20
1067.463
 10
1187.887
 20
1067.259
 10
1190.561
 20
1070.136
 10
1190.298
 20
1070.348
 10
1190.036
 20
1070.56
 10
1189.774
 20
1070.771
 10
1189.513
 20
1070.982
 10
1189.253
 20
1071.192
 10
1188.993
 20
1071.401
 10
1188.733
 20
1071.61
 10
1188.475
 20
1071.818
 10
1188.216
 20
1072.025
 10
1187.957
 20
1072.232
 10
1187.697
 20
1072.438
 10
1187.437
 20
1072.643
 10
1187.175
 20
1072.848
 10
1186.914
 20
1073.052
 10
1186.651
 20
1073.255
 10
1186.388
 20
1073.458
  0
LWPOLYLINE
  5
BE
330
17
100
AcDbEntity
  8
ENGRAVE_V
100
AcDbPolyline
 90
227
 70
1
 10
1196.558
 20
1049.311
 10
1196.563
 20
1049.241
 10
1196.58
 20
1049.172
 10
1196.609
 20
1049.104
 10
1196.649
 20
1049.038
 10
1196.7
 20
1048.972
 10
1196.763
 20
1048.908
 10
1196.837
 20
1048.846
 10
1196.922
 20
1048.784
 10
1197.209
 20
1048.602
 10
1197.503
 20
1048.42
 10
1197.805
 20
1048.237
 10
1198.112
 20
1048.055
 10
1198.427
 20
1047.873
 10
1198.749
 20
1047.69
 10
1199.078
 20
1047.508
 10
1199.414
 20
1047.326
 10
1199.756
 20
1047.144
 10
1200.104
 20
1046.964
 10
1200.458
 20
1046.785
 10
1200.817
 20
1046.607
 10
1201.182
 20
1046.43
 10
1201.553
 20
1046.255
 10
1201.929
 20
1046.081
 10
1202.311
 20
1045.908
 10
1202.773
 20
1045.718
 10
1203.228
 20
1045.553
 10
1203.675
 20
1045.414
 10
1204.114
 20
1045.3
 10
1204.546
 20
1045.211
 10
1204.97
 20
1045.148
 10
1205.386
 20
1045.11
 10
1205.795
 20
1045.097
 10
1206.087
 20
1045.104
 10
1206.375
 20
1045.123
 10
1206.659
 20
1045.154
 10
1206.94
 20
1045.199
 10
1207.216
 20
1045.256
 10
1207.489
 20
1045.325
 10
1207.758
 20
1045.408
 10
1208.024
 20
1045.503
 10
1208.496
 20
1045.684
 10
1208.94
 20
1045.905
 10
1209.357
 20
1046.165
 10
1209.746
 20
1046.465
 10
1210.106
 20
1046.804
 10
1210.439
 20
1047.181
 10
1210.745
 20
1047.599
 10
1211.022
 20
1048.055
 10
1211.297
 20
1048.588
 10
1211.536
 20
1049.154
 10
1211.738
 20
1049.753
 10
1211.903
 20
1050.385
 10
1212.032
 20
1051.049
 10
1212.123
 20
1051.747
 10
1212.178
 20
1052.478
 10
1212.197
 20
1053.241
 10
1212.183
 20
1054.108
 10
1212.142
 20
1054.967
 10
1212.074
 20
1055.817
 10
1211.979
 20
1056.66
 10
1211.856
 20
1057.494
 10
1211.707
 20
1058.319
 10
1211.53
 20
1059.137
 10
1211.326
 20
1059.946
 10
1211.104
 20
1060.738
 10
1210.874
 20
1061.502
 10
1210.635
 20
1062.24
 10
1210.389
 20
1062.95
 10
1210.134
 20
1063.632
 10
1209.871
 20
1064.288
 10
1209.6
 20
1064.916
 10
1209.32
 20
1065.517
 10
1209.32
 20
1065.517
 10
1209.158
 20
1066.166
 10
1208.888
 20
1067.015
 10
1208.566
 20
1067.822
 10
1208.189
 20
1068.585
 10
1207.76
 20
1069.306
 10
1207.278
 20
1069.983
 10
1206.742
 20
1070.617
 10
1206.154
 20
1071.209
 10
1205.512
 20
1071.757
 10
1204.825
 20
1072.279
 10
1204.121
 20
1072.772
 10
1203.402
 20
1073.236
 10
1202.665
 20
1073.671
 10
1201.913
 20
1074.077
 10
1201.144
 20
1074.454
 10
1200.358
 20
1074.801
 10
1199.556
 20
1075.12
 10
1199.405
 20
1075.159
 10
1199.257
 20
1075.195
 10
1199.111
 20
1075.23
 10
1198.968
 20
1075.261
 10
1198.828
 20
1075.29
 10
1198.69
 20
1075.317
 10
1198.554
 20
1075.341
 10
1198.421
 20
1075.363
 10
1198.291
 20
1075.382
 10
1198.163
 20
1075.398
 10
1198.038
 20
1075.412
 10
1197.915
 20
1075.423
 10
1197.795
 20
1075.432
 10
1197.677
 20
1075.439
 10
1197.562
 20
1075.442
 10
1197.449
 20
1075.444
 10
1197.16
 20
1075.434
 10
1196.882
 20
1075.404
 10
1196.613
 20
1075.355
 10
1196.355
 20
1075.287
 10
1196.107
 20
1075.198
 10
1195.869
 20
1075.09
 10
1195.641
 20
1074.963
 10
1195.423
 20
1074.816
 10
1195.224
 20
1074.65
 10
1195.051
 20
1074.467
 10
1194.905
 20
1074.268
 10
1194.785
 20
1074.051
 10
1194.692
 20
1073.817
 10
1194.626
 20
1073.566
 10
1194.586
 20
1073.298
 10
1194.572
 20
1073.013
 10
1194.603
 20
1072.645
 10
1194.694
 20
1072.271
 10
1194.846
 20
1071.89
 10
1195.059
 20
1071.504
 10
1195.332
 20
1071.11
 10
1195.666
 20
1070.711
 10
1196.061
 20
1070.305
 10
1196.517
 20
1069.893
 10
1197.383
 20
1069.184
 10
1198.297
 20
1068.495
 10
1199.261
 20
1067.827
 10
1200.275
 20
1067.178
 10
1201.338
 20
1066.55
 10
1202.45
 20
1065.943
 10
1203.612
 20
1065.355
 10
1204.823
 20
1064.788
 10
1204.924
 20
1064.499
 10
1205.024
 20
1064.201
 10
1205.124
 20
1063.892
 10
1205.223
 20
1063.573
 10
1205.321
 20
1063.243
 10
1205.419
 20
1062.904
 10
1205.516
 20
1062.555
 10
1205.613
 20
1062.195
 10
1205.709
 20
1061.825
 10
1205.804
 20
1061.443
 10
1205.899
 20
1061.05
 10
1205.993
 20
1060.645
 10
1206.086
 20
1060.229
 10
1206.179
 20
1059.802
 10
1206.271
 20
1059.363
 10
1206.362
 20
1058.913
 10
1206.422
 20
1058.63
 10
1206.478
 20
1058.349
 10
1206.531
 20
1058.068
 10
1206.58
 20
1057.789
 10
1206.627
 20
1057.511
 10
1206.67
 20
1057.234
 10
1206.71
 20
1056.959
 10
1206.747
 20
1056.685
 10
1206.781
 20
1056.412
 10
1206.809
 20
1056.14
 10
1206.834
 20
1055.87
 10
1206.854
 20
1055.601
 10
1206.869
 20
1055.333
 10
1206.88
 20
1055.067
 10
1206.887
 20
1054.802
 10
1206.889
 20
1054.538
 10
1206.889
 20
1054.396
 10
1206.887
 20
1054.257
 10
1206.883
 20
1054.118
 10
1206.879
 20
1053.98
 10
1206.873
 20
1053.844
 10
1206.866
 20
1053.71
 10
1206.858
 20
1053.576
 10
1206.849
 20
1053.444
 10
1206.838
 20
1053.312
 10
1206.826
 20
1053.18
 10
1206.813
 20
1053.049
 10
1206.798
 20
1052.917
 10
1206.782
 20
1052.785
 10
1206.765
 20
1052.654
 10
1206.747
 20
1052.522
 10
1206.727
 20
1052.39
 10
1206.6
 20
1051.678
 10
1206.421
 20
1051.02
 10
1206.19
 20
1050.417
 10
1205.907
 20
1049.868
 10
1205.572
 20
1049.374
 10
1205.185
 20
1048.934
 10
1204.746
 20
1048.548
 10
1204.256
 20
1048.217
 10
1204.08
 20
1048.132
 10
1203.899
 20
1048.058
 10
1203.711
 20
1047.995
 10
1203.516
 20
1047.944
 10
1203.316
 20
1047.904
 10
1203.109
 20
1047.875
 10
1202.895
 20
1047.858
 10
1202.676
 20
1047.852
 10
1202.141
 20
1047.88
 10
1201.569
 20
1047.961
 10
1200.961
 20
1048.097
 10
1200.316
 20
1048.288
 10
1199.634
 20
1048.533
 10
1198.915
 20
1048.832
 10
1198.16
 20
1049.186
 10
1197.368
 20
1049.595
 10
1197.29
 20
1049.623
 10
1197.219
 20
1049.648
 10
1197.153
 20
1049.669
 10
1197.095
 20
1049.686
 10
1197.042
 20
1049.699
 10
1196.996
 20
1049.709
 10
1196.956
 20
1049.714
 10
1196.922
 20
1049.716
 10
1196.837
 20
1049.71
 10
1196.763
 20
1049.691
 10
1196.7
 20
1049.659
 10
1196.649
 20
1049.615
 10
1196.609
 20
1049.558
 10
1196.58
 20
1049.488
 10
1196.563
 20
1049.406
 10
1196.558
 20
1049.311
  0
LWPOLYLINE
  5
BF
330
17
100
AcDbEntity
  8
ENGRAVE_V
100
AcDbPolyline
 90
73
 70
1
 10
1202.716
 20
1067.3
 10
1202.626
 20
1067.304
 10
1202.539
 20
1067.315
 10
1202.454
 20
1067.334
 10
1202.372
 20
1067.361
 10
1202.292
 20
1067.395
 10
1202.215
 20
1067.437
 10
1202.14
 20
1067.486
 10
1202.068
 20
1067.543
 10
1201.886
 20
1067.685
 10
1201.703
 20
1067.825
 10
1201.521
 20
1067.966
 10
1201.339
 20
1068.105
 10
1201.156
 20
1068.244
 10
1200.974
 20
1068.383
 10
1200.792
 20
1068.52
 10
1200.609
 20
1068.657
 10
1200.433
 20
1068.8
 10
1200.27
 20
1068.955
 10
1200.119
 20
1069.122
 10
1199.981
 20
1069.3
 10
1199.856
 20
1069.491
 10
1199.743
 20
1069.694
 10
1199.643
 20
1069.909
 10
1199.556
 20
1070.136
 10
1199.606
 20
1070.249
 10
1199.677
 20
1070.365
 10
1199.769
 20
1070.485
 10
1199.88
 20
1070.607
 10
1200.012
 20
1070.733
 10
1200.164
 20
1070.862
 10
1200.336
 20
1070.994
 10
1200.528
 20
1071.129
 10
1200.732
 20
1071.257
 10
1200.938
 20
1071.368
 10
1201.147
 20
1071.462
 10
1201.359
 20
1071.539
 10
1201.573
 20
1071.599
 10
1201.789
 20
1071.642
 10
1202.008
 20
1071.667
 10
1202.23
 20
1071.676
 10
1202.387
 20
1071.666
 10
1202.534
 20
1071.638
 10
1202.67
 20
1071.59
 10
1202.797
 20
1071.524
 10
1202.914
 20
1071.438
 10
1203.02
 20
1071.334
 10
1203.116
 20
1071.21
 10
1203.202
 20
1071.068
 10
1203.383
 20
1070.669
 10
1203.542
 20
1070.28
 10
1203.677
 20
1069.904
 10
1203.79
 20
1069.539
 10
1203.88
 20
1069.185
 10
1203.947
 20
1068.842
 10
1203.991
 20
1068.511
 10
1204.013
 20
1068.191
 10
1203.978
 20
1068.12
 10
1203.935
 20
1068.048
 10
1203.884
 20
1067.976
 10
1203.825
 20
1067.903
 10
1203.758
 20
1067.829
 10
1203.682
 20
1067.755
 10
1203.598
 20
1067.68
 10
1203.506
 20
1067.604
 10
1203.41
 20
1067.533
 10
1203.312
 20
1067.471
 10
1203.215
 20
1067.419
 10
1203.116
 20
1067.376
 10
1203.017
 20
1067.343
 10
1202.917
 20
1067.319
 10
1202.817
 20
1067.305
 10
1202.716
 20
1067.3
  0
LWPOLYLINE
  5
C0
330
17
100
AcDbEntity
  8
ENGRAVE_V
100
AcDbPolyline
 90
163
 70
1
 10
1200.731
 20
1086.707
 10
1200.191
 20
1086.848
 10
1199.644
 20
1086.965
 10
1199.092
 20
1087.06
 10
1198.533
 20
1087.132
 10
1197.968
 20
1087.182
 10
1197.396
 20
1087.208
 10
1196.818
 20
1087.212
 10
1196.234
 20
1087.193
 10
1183.147
 20
1086.302
 10
1188.049
 20
1083.263
 10
1188.295
 20
1083.283
 10
1188.524
 20
1083.302
 10
1188.738
 20
1083.321
 10
1188.936
 20
1083.339
 10
1189.118
 20
1083.357
 10
1189.284
 20
1083.373
 10
1189.434
 20
1083.389
 10
1189.569
 20
1083.405
 10
1189.693
 20
1083.42
 10
1189.813
 20
1083.435
 10
1189.929
 20
1083.451
 10
1190.04
 20
1083.466
 10
1190.146
 20
1083.481
 10
1190.249
 20
1083.496
 10
1190.346
 20
1083.511
 10
1190.44
 20
1083.527
 10
1190.535
 20
1083.542
 10
1190.637
 20
1083.557
 10
1190.747
 20
1083.572
 10
1190.865
 20
1083.587
 10
1190.991
 20
1083.602
 10
1191.124
 20
1083.618
 10
1191.264
 20
1083.633
 10
1191.412
 20
1083.648
 10
1191.574
 20
1083.663
 10
1191.757
 20
1083.677
 10
1191.959
 20
1083.691
 10
1192.182
 20
1083.704
 10
1192.425
 20
1083.716
 10
1192.688
 20
1083.728
 10
1192.972
 20
1083.739
 10
1193.276
 20
1083.749
 10
1193.808
 20
1083.77
 10
1194.352
 20
1083.792
 10
1194.907
 20
1083.816
 10
1195.474
 20
1083.841
 10
1196.052
 20
1083.866
 10
1196.641
 20
1083.894
 10
1197.242
 20
1083.922
 10
1197.854
 20
1083.952
 10
1198.465
 20
1083.98
 10
1199.062
 20
1084.005
 10
1199.645
 20
1084.026
 10
1200.214
 20
1084.043
 10
1200.769
 20
1084.056
 10
1201.311
 20
1084.066
 10
1201.838
 20
1084.072
 10
1202.351
 20
1084.073
 10
1202.569
 20
1083.554
 10
1202.777
 20
1083.009
 10
1202.974
 20
1082.437
 10
1203.162
 20
1081.84
 10
1203.339
 20
1081.217
 10
1203.506
 20
1080.568
 10
1203.663
 20
1079.892
 10
1203.81
 20
1079.191
 10
1203.946
 20
1078.481
 10
1204.071
 20
1077.777
 10
1204.184
 20
1077.08
 10
1204.286
 20
1076.391
 10
1204.377
 20
1075.708
 10
1204.456
 20
1075.032
 10
1204.523
 20
1074.363
 10
1204.58
 20
1073.701
 10
1204.598
 20
1073.366
 10
1204.611
 20
1073.029
 10
1204.621
 20
1072.69
 10
1204.625
 20
1072.349
 10
1204.626
 20
1072.006
 10
1204.622
 20
1071.662
 10
1204.613
 20
1071.315
 10
1204.6
 20
1070.967
 10
1204.579
 20
1070.623
 10
1204.546
 20
1070.292
 10
1204.5
 20
1069.972
 10
1204.443
 20
1069.665
 10
1204.374
 20
1069.37
 10
1204.292
 20
1069.086
 10
1204.199
 20
1068.815
 10
1204.094
 20
1068.556
 10
1203.974
 20
1068.314
 10
1203.838
 20
1068.095
 10
1203.685
 20
1067.899
 10
1203.516
 20
1067.725
 10
1203.331
 20
1067.575
 10
1203.129
 20
1067.447
 10
1202.91
 20
1067.342
 10
1202.676
 20
1067.259
 10
1202.953
 20
1067.158
 10
1203.238
 20
1067.056
 10
1203.53
 20
1066.953
 10
1203.83
 20
1066.849
 10
1204.138
 20
1066.745
 10
1204.453
 20
1066.64
 10
1204.776
 20
1066.535
 10
1205.106
 20
1066.429
 10
1205.445
 20
1066.323
 10
1205.79
 20
1066.217
 10
1206.143
 20
1066.113
 10
1206.504
 20
1066.009
 10
1206.873
 20
1065.905
 10
1207.249
 20
1065.802
 10
1207.632
 20
1065.7
 10
1208.024
 20
1065.598
 10
1208.24
 20
1065.619
 10
1208.443
 20
1065.66
 10
1208.632
 20
1065.723
 10
1208.809
 20
1065.806
 10
1208.972
 20
1065.91
 10
1209.121
 20
1066.035
 10
1209.258
 20
1066.181
 10
1209.381
 20
1066.348
 10
1209.491
 20
1066.528
 10
1209.59
 20
1066.714
 10
1209.676
 20
1066.905
 10
1209.751
 20
1067.102
 10
1209.813
 20
1067.305
 10
1209.863
 20
1067.514
 10
1209.902
 20
1067.728
 10
1209.928
 20
1067.948
 10
1209.965
 20
1068.307
 10
1209.995
 20
1068.674
 10
1210.018
 20
1069.049
 10
1210.034
 20
1069.432
 10
1210.043
 20
1069.824
 10
1210.046
 20
1070.223
 10
1210.041
 20
1070.631
 10
1210.029
 20
1071.048
 10
1210.011
 20
1071.472
 10
1209.987
 20
1071.905
 10
1209.958
 20
1072.346
 10
1209.923
 20
1072.795
 10
1209.882
 20
1073.252
 10
1209.835
 20
1073.718
 10
1209.783
 20
1074.192
 10
1209.725
 20
1074.674
 10
1209.549
 20
1075.816
 10
1209.325
 20
1076.911
 10
1209.053
 20
1077.96
 10
1208.733
 20
1078.963
 10
1208.364
 20
1079.92
 10
1207.948
 20
1080.831
 10
1207.483
 20
1081.695
 10
1206.97
 20
1082.514
 10
1206.403
 20
1083.275
 10
1205.775
 20
1083.968
 10
1205.086
 20
1084.594
 10
1204.337
 20
1085.152
 10
1203.526
 20
1085.643
 10
1202.655
 20
1086.065
 10
1201.723
 20
1086.42
 10
1200.731
 20
1086.707
  0
LWPOLYLINE
  5
C1
330
17
100
AcDbEntity
  8
ENGRAVE_V
100
AcDbPolyline
 90
179
 70
1
 10
1173.99
 20
1095.62
 10
1173.99
 20
1095.62
 10
1174.0
 20
1095.62
 10
1174.007
 20
1095.62
 10
1174.012
 20
1095.62
 10
1174.016
 20
1095.62
 10
1174.017
 20
1095.62
 10
1174.017
 20
1095.62
 10
1174.015
 20
1095.62
 10
1174.011
 20
1095.62
 10
1174.006
 20
1095.62
 10
1174.002
 20
1095.62
 10
1173.998
 20
1095.62
 10
1173.996
 20
1095.62
 10
1173.993
 20
1095.62
 10
1173.992
 20
1095.62
 10
1173.991
 20
1095.62
 10
1173.99
 20
1095.62
 10
1174.021
 20
1095.55
 10
1174.051
 20
1095.48
 10
1174.082
 20
1095.411
 10
1174.112
 20
1095.342
 10
1174.142
 20
1095.274
 10
1174.173
 20
1095.206
 10
1174.203
 20
1095.14
 10
1174.234
 20
1095.073
 10
1174.265
 20
1095.008
 10
1174.299
 20
1094.943
 10
1174.336
 20
1094.879
 10
1174.375
 20
1094.815
 10
1174.417
 20
1094.752
 10
1174.461
 20
1094.69
 10
1174.508
 20
1094.628
 10
1174.558
 20
1094.567
 10
1174.636
 20
1094.461
 10
1174.73
 20
1094.345
 10
1174.839
 20
1094.22
 10
1174.963
 20
1094.086
 10
1175.102
 20
1093.942
 10
1175.257
 20
1093.788
 10
1175.426
 20
1093.625
 10
1175.611
 20
1093.453
 10
1175.806
 20
1093.277
 10
1176.006
 20
1093.103
 10
1176.211
 20
1092.932
 10
1176.421
 20
1092.764
 10
1176.637
 20
1092.598
 10
1176.857
 20
1092.435
 10
1177.082
 20
1092.274
 10
1177.313
 20
1092.116
 10
1177.544
 20
1091.966
 10
1177.771
 20
1091.832
 10
1177.995
 20
1091.713
 10
1178.214
 20
1091.609
 10
1178.43
 20
1091.521
 10
1178.642
 20
1091.447
 10
1178.85
 20
1091.389
 10
1179.055
 20
1091.346
 10
1179.252
 20
1091.325
 10
1179.437
 20
1091.332
 10
1179.611
 20
1091.368
 10
1179.774
 20
1091.432
 10
1179.925
 20
1091.525
 10
1180.065
 20
1091.646
 10
1180.194
 20
1091.796
 10
1180.311
 20
1091.974
 10
1180.352
 20
1092.057
 10
1180.394
 20
1092.144
 10
1180.438
 20
1092.234
 10
1180.483
 20
1092.329
 10
1180.529
 20
1092.427
 10
1180.577
 20
1092.529
 10
1180.626
 20
1092.634
 10
1180.676
 20
1092.744
 10
1180.726
 20
1092.853
 10
1180.777
 20
1092.959
 10
1180.827
 20
1093.061
 10
1180.878
 20
1093.159
 10
1180.929
 20
1093.253
 10
1180.979
 20
1093.344
 10
1181.03
 20
1093.431
 10
1181.081
 20
1093.514
 10
1181.111
 20
1093.559
 10
1181.141
 20
1093.592
 10
1181.172
 20
1093.614
 10
1181.202
 20
1093.625
 10
1181.233
 20
1093.624
 10
1181.263
 20
1093.612
 10
1181.293
 20
1093.589
 10
1181.324
 20
1093.554
 10
1181.354
 20
1093.515
 10
1181.382
 20
1093.478
 10
1181.409
 20
1093.444
 10
1181.435
 20
1093.412
 10
1181.46
 20
1093.383
 10
1181.483
 20
1093.357
 10
1181.505
 20
1093.333
 10
1181.526
 20
1093.311
 10
1181.647
 20
1093.087
 10
1181.764
 20
1092.86
 10
1181.88
 20
1092.631
 10
1181.992
 20
1092.399
 10
1182.102
 20
1092.165
 10
1182.21
 20
1091.928
 10
1182.315
 20
1091.689
 10
1182.418
 20
1091.447
 10
1182.52
 20
1091.205
 10
1182.623
 20
1090.964
 10
1182.727
 20
1090.724
 10
1182.833
 20
1090.485
 10
1182.94
 20
1090.248
 10
1183.048
 20
1090.012
 10
1183.158
 20
1089.777
 10
1183.269
 20
1089.543
 10
1183.218
 20
1089.816
 10
1183.169
 20
1090.088
 10
1183.119
 20
1090.358
 10
1183.071
 20
1090.627
 10
1183.023
 20
1090.895
 10
1182.976
 20
1091.161
 10
1182.93
 20
1091.426
 10
1182.884
 20
1091.69
 10
1182.831
 20
1091.952
 10
1182.763
 20
1092.21
 10
1182.681
 20
1092.463
 10
1182.585
 20
1092.713
 10
1182.474
 20
1092.96
 10
1182.348
 20
1093.202
 10
1182.208
 20
1093.441
 10
1182.053
 20
1093.676
 10
1181.846
 20
1093.949
 10
1181.63
 20
1094.2
 10
1181.405
 20
1094.43
 10
1181.172
 20
1094.638
 10
1180.929
 20
1094.825
 10
1180.678
 20
1094.99
 10
1180.418
 20
1095.134
 10
1180.149
 20
1095.256
 10
1179.884
 20
1095.347
 10
1179.637
 20
1095.398
 10
1179.408
 20
1095.408
 10
1179.197
 20
1095.377
 10
1179.003
 20
1095.306
 10
1178.827
 20
1095.195
 10
1178.669
 20
1095.043
 10
1178.528
 20
1094.851
 10
1178.45
 20
1094.736
 10
1178.378
 20
1094.616
 10
1178.311
 20
1094.491
 10
1178.25
 20
1094.359
 10
1178.194
 20
1094.222
 10
1178.145
 20
1094.08
 10
1178.101
 20
1093.931
 10
1178.062
 20
1093.777
 10
1178.023
 20
1093.624
 10
1177.975
 20
1093.479
 10
1177.919
 20
1093.343
 10
1177.855
 20
1093.215
 10
1177.782
 20
1093.095
 10
1177.701
 20
1092.983
 10
1177.613
 20
1092.88
 10
1177.515
 20
1092.784
 10
1177.359
 20
1092.899
 10
1177.215
 20
1093.02
 10
1177.083
 20
1093.147
 10
1176.963
 20
1093.281
 10
1176.855
 20
1093.421
 10
1176.759
 20
1093.567
 10
1176.676
 20
1093.719
 10
1176.604
 20
1093.878
 10
1176.534
 20
1094.034
 10
1176.456
 20
1094.177
 10
1176.369
 20
1094.307
 10
1176.275
 20
1094.425
 10
1176.172
 20
1094.53
 10
1176.061
 20
1094.623
 10
1175.941
 20
1094.703
 10
1175.814
 20
1094.77
 10
1173.99
 20
1095.62
  0
LWPOLYLINE
  5
C2
330
17
100
AcDbEntity
  8
ENGRAVE_V
100
AcDbPolyline
 90
5
 70
1
 10
1189.143
 20
1091.326
 10
1206.362
 20
1092.46
 10
1201.582
 20
1095.458
 10
1184.362
 20
1094.324
 10
1189.143
 20
1091.326
  0
LWPOLYLINE
  5
C3
330
17
100
AcDbEntity
  8
ENGRAVE_V
100
AcDbPolyline
 90
449
 70
1
 10
1326.99
 20
915.737
 10
1326.966
 20
914.601
 10
1326.894
 20
913.493
 10
1326.773
 20
912.414
 10
1326.603
 20
911.362
 10
1326.385
 20
910.338
 10
1326.119
 20
909.342
 10
1325.804
 20
908.374
 10
1325.441
 20
907.434
 10
1325.032
 20
906.532
 10
1324.579
 20
905.679
 10
1324.082
 20
904.874
 10
1323.541
 20
904.118
 10
1322.956
 20
903.41
 10
1322.328
 20
902.75
 10
1321.655
 20
902.139
 10
1320.939
 20
901.576
 10
1320.181
 20
901.071
 10
1319.386
 20
900.633
 10
1318.554
 20
900.263
 10
1317.683
 20
899.96
 10
1316.774
 20
899.725
 10
1315.828
 20
899.556
 10
1314.844
 20
899.455
 10
1313.822
 20
899.422
 10
1312.875
 20
899.445
 10
1311.972
 20
899.515
 10
1311.111
 20
899.633
 10
1310.294
 20
899.797
 10
1309.519
 20
900.008
 10
1308.788
 20
900.266
 10
1308.1
 20
900.571
 10
1307.455
 20
900.922
 10
1306.851
 20
901.302
 10
1306.286
 20
901.691
 10
1305.759
 20
902.089
 10
1305.271
 20
902.496
 10
1304.821
 20
902.912
 10
1304.41
 20
903.337
 10
1304.037
 20
903.771
 10
1303.703
 20
904.215
 10
1303.528
 20
904.466
 10
1303.366
 20
904.714
 10
1303.217
 20
904.957
 10
1303.08
 20
905.195
 10
1302.956
 20
905.429
 10
1302.845
 20
905.658
 10
1302.748
 20
905.883
 10
1302.662
 20
906.103
 10
1302.589
 20
906.311
 10
1302.525
 20
906.502
 10
1302.471
 20
906.675
 10
1302.426
 20
906.829
 10
1302.392
 20
906.965
 10
1302.367
 20
907.083
 10
1302.353
 20
907.183
 10
1302.348
 20
907.265
 10
1302.352
 20
907.333
 10
1302.363
 20
907.392
 10
1302.382
 20
907.442
 10
1302.408
 20
907.482
 10
1302.442
 20
907.514
 10
1302.484
 20
907.537
 10
1302.533
 20
907.551
 10
1302.59
 20
907.555
 10
1302.649
 20
907.551
 10
1302.705
 20
907.54
 10
1302.758
 20
907.521
 10
1302.808
 20
907.495
 10
1302.855
 20
907.461
 10
1302.898
 20
907.419
 10
1302.939
 20
907.37
 10
1302.977
 20
907.313
 10
1303.372
 20
906.702
 10
1303.806
 20
906.128
 10
1304.28
 20
905.592
 10
1304.793
 20
905.092
 10
1305.345
 20
904.629
 10
1305.936
 20
904.204
 10
1306.567
 20
903.815
 10
1307.238
 20
903.464
 10
1307.936
 20
903.152
 10
1308.651
 20
902.882
 10
1309.382
 20
902.653
 10
1310.13
 20
902.466
 10
1310.895
 20
902.32
 10
1311.677
 20
902.216
 10
1312.475
 20
902.154
 10
1313.289
 20
902.133
 10
1314.218
 20
902.16
 10
1315.115
 20
902.242
 10
1315.982
 20
902.378
 10
1316.817
 20
902.568
 10
1317.622
 20
902.814
 10
1318.395
 20
903.113
 10
1319.138
 20
903.467
 10
1319.849
 20
903.876
 10
1320.525
 20
904.333
 10
1321.161
 20
904.832
 10
1321.757
 20
905.373
 10
1322.312
 20
905.957
 10
1322.828
 20
906.584
 10
1323.303
 20
907.253
 10
1323.739
 20
907.964
 10
1324.134
 20
908.717
 10
1324.486
 20
909.507
 10
1324.791
 20
910.327
 10
1325.049
 20
911.177
 10
1325.26
 20
912.058
 10
1325.424
 20
912.968
 10
1325.541
 20
913.909
 10
1325.611
 20
914.881
 10
1325.635
 20
915.882
 10
1325.55
 20
917.591
 10
1325.296
 20
919.28
 10
1324.872
 20
920.95
 10
1324.279
 20
922.6
 10
1323.517
 20
924.23
 10
1322.585
 20
925.84
 10
1321.483
 20
927.431
 10
1320.213
 20
929.003
 10
1318.79
 20
930.557
 10
1317.235
 20
932.098
 10
1315.547
 20
933.625
 10
1313.725
 20
935.139
 10
1311.77
 20
936.639
 10
1309.682
 20
938.126
 10
1307.461
 20
939.598
 10
1305.107
 20
941.058
 10
1304.172
 20
941.598
 10
1303.228
 20
942.132
 10
1302.277
 20
942.658
 10
1301.319
 20
943.176
 10
1300.353
 20
943.686
 10
1299.379
 20
944.189
 10
1298.398
 20
944.685
 10
1297.41
 20
945.173
 10
1296.419
 20
945.654
 10
1295.431
 20
946.129
 10
1294.446
 20
946.598
 10
1293.464
 20
947.061
 10
1292.485
 20
947.518
 10
1291.509
 20
947.969
 10
1290.536
 20
948.414
 10
1289.566
 20
948.852
 10
1288.634
 20
949.285
 10
1287.725
 20
949.713
 10
1286.84
 20
950.136
 10
1285.978
 20
950.553
 10
1285.139
 20
950.965
 10
1284.324
 20
951.371
 10
1283.532
 20
951.773
 10
1282.764
 20
952.169
 10
1282.023
 20
952.556
 10
1281.31
 20
952.931
 10
1280.628
 20
953.294
 10
1279.974
 20
953.645
 10
1279.351
 20
953.984
 10
1278.756
 20
954.311
 10
1278.192
 20
954.626
 10
1277.657
 20
954.928
 10
1277.156
 20
955.215
 10
1276.694
 20
955.48
 10
1276.272
 20
955.726
 10
1275.889
 20
955.951
 10
1275.546
 20
956.156
 10
1275.242
 20
956.34
 10
1274.977
 20
956.504
 10
1274.752
 20
956.647
 10
1275.194
 20
953.671
 10
1275.696
 20
950.869
 10
1276.259
 20
948.24
 10
1276.882
 20
945.784
 10
1277.566
 20
943.501
 10
1278.31
 20
941.392
 10
1279.115
 20
939.456
 10
1279.98
 20
937.693
 10
1280.908
 20
936.121
 10
1281.899
 20
934.759
 10
1282.953
 20
933.607
 10
1284.071
 20
932.664
 10
1285.253
 20
931.93
 10
1286.498
 20
931.407
 10
1287.807
 20
931.092
 10
1289.179
 20
930.987
 10
1289.882
 20
931.011
 10
1290.539
 20
931.081
 10
1291.15
 20
931.199
 10
1291.715
 20
931.363
 10
1292.233
 20
931.574
 10
1292.706
 20
931.832
 10
1293.132
 20
932.137
 10
1293.512
 20
932.488
 10
1293.847
 20
932.87
 10
1294.137
 20
933.266
 10
1294.382
 20
933.675
 10
1294.583
 20
934.098
 10
1294.74
 20
934.535
 10
1294.851
 20
934.985
 10
1294.918
 20
935.448
 10
1294.94
 20
935.926
 10
1294.921
 20
936.398
 10
1294.865
 20
936.871
 10
1294.77
 20
937.345
 10
1294.638
 20
937.82
 10
1294.468
 20
938.295
 10
1294.26
 20
938.772
 10
1294.014
 20
939.249
 10
1293.73
 20
939.726
 10
1293.413
 20
940.194
 10
1293.066
 20
940.643
 10
1292.69
 20
941.072
 10
1292.284
 20
941.481
 10
1291.848
 20
941.871
 10
1291.383
 20
942.241
 10
1290.889
 20
942.591
 10
1290.365
 20
942.922
 10
1289.816
 20
943.222
 10
1289.244
 20
943.483
 10
1288.651
 20
943.703
 10
1288.035
 20
943.884
 10
1287.398
 20
944.024
 10
1286.739
 20
944.124
 10
1286.058
 20
944.184
 10
1285.354
 20
944.205
 10
1285.012
 20
944.191
 10
1284.686
 20
944.15
 10
1284.376
 20
944.082
 10
1284.084
 20
943.987
 10
1283.807
 20
943.864
 10
1283.548
 20
943.714
 10
1283.305
 20
943.537
 10
1283.079
 20
943.333
 10
1282.965
 20
943.341
 10
1282.867
 20
943.363
 10
1282.784
 20
943.401
 10
1282.716
 20
943.454
 10
1282.663
 20
943.522
 10
1282.625
 20
943.605
 10
1282.602
 20
943.704
 10
1282.595
 20
943.817
 10
1282.608
 20
943.961
 10
1282.649
 20
944.1
 10
1282.717
 20
944.236
 10
1282.813
 20
944.368
 10
1282.935
 20
944.496
 10
1283.085
 20
944.621
 10
1283.262
 20
944.741
 10
1283.466
 20
944.858
 10
1283.691
 20
944.966
 10
1283.929
 20
945.059
 10
1284.181
 20
945.138
 10
1284.447
 20
945.203
 10
1284.726
 20
945.253
 10
1285.019
 20
945.289
 10
1285.325
 20
945.311
 10
1285.645
 20
945.318
 10
1286.442
 20
945.294
 10
1287.211
 20
945.223
 10
1287.952
 20
945.104
 10
1288.665
 20
944.937
 10
1289.35
 20
944.722
 10
1290.007
 20
944.46
 10
1290.636
 20
944.15
 10
1291.237
 20
943.793
 10
1291.807
 20
943.399
 10
1292.343
 20
942.979
 10
1292.845
 20
942.533
 10
1293.312
 20
942.062
 10
1293.746
 20
941.565
 10
1294.146
 20
941.042
 10
1294.512
 20
940.494
 10
1294.844
 20
939.92
 10
1295.139
 20
939.331
 10
1295.394
 20
938.738
 10
1295.611
 20
938.142
 10
1295.788
 20
937.542
 10
1295.925
 20
936.937
 10
1296.024
 20
936.33
 10
1296.083
 20
935.718
 10
1296.102
 20
935.103
 10
1296.089
 20
934.634
 10
1296.051
 20
934.171
 10
1295.987
 20
933.714
 10
1295.897
 20
933.263
 10
1295.781
 20
932.818
 10
1295.639
 20
932.379
 10
1295.472
 20
931.947
 10
1295.279
 20
931.52
 10
1295.06
 20
931.106
 10
1294.813
 20
930.711
 10
1294.539
 20
930.334
 10
1294.238
 20
929.977
 10
1293.91
 20
929.638
 10
1293.555
 20
929.319
 10
1293.172
 20
929.018
 10
1292.762
 20
928.736
 10
1292.325
 20
928.481
 10
1291.863
 20
928.26
 10
1291.375
 20
928.072
 10
1290.862
 20
927.919
 10
1290.322
 20
927.8
 10
1289.757
 20
927.715
 10
1289.166
 20
927.664
 10
1288.55
 20
927.647
 10
1287.74
 20
927.681
 10
1286.957
 20
927.785
 10
1286.2
 20
927.957
 10
1285.469
 20
928.198
 10
1284.766
 20
928.507
 10
1284.088
 20
928.886
 10
1283.437
 20
929.333
 10
1282.813
 20
929.85
 10
1282.212
 20
930.428
 10
1281.634
 20
931.063
 10
1281.078
 20
931.754
 10
1280.543
 20
932.5
 10
1280.031
 20
933.303
 10
1279.54
 20
934.162
 10
1279.072
 20
935.076
 10
1278.625
 20
936.047
 10
1278.197
 20
937.068
 10
1277.784
 20
938.135
 10
1277.386
 20
939.247
 10
1277.003
 20
940.404
 10
1276.635
 20
941.607
 10
1276.283
 20
942.855
 10
1275.945
 20
944.149
 10
1275.623
 20
945.487
 10
1275.314
 20
946.866
 10
1275.015
 20
948.279
 10
1274.727
 20
949.726
 10
1274.449
 20
951.206
 10
1274.182
 20
952.721
 10
1273.926
 20
954.27
 10
1273.68
 20
955.853
 10
1273.445
 20
957.47
 10
1272.985
 20
957.805
 10
1272.552
 20
958.134
 10
1272.144
 20
958.456
 10
1271.762
 20
958.771
 10
1271.406
 20
959.079
 10
1271.075
 20
959.381
 10
1270.77
 20
959.675
 10
1270.491
 20
959.963
 10
1270.242
 20
960.251
 10
1270.025
 20
960.546
 10
1269.842
 20
960.847
 10
1269.692
 20
961.155
 10
1269.576
 20
961.471
 10
1269.493
 20
961.792
 10
1269.443
 20
962.121
 10
1269.426
 20
962.457
 10
1269.432
 20
962.645
 10
1269.45
 20
962.824
 10
1269.481
 20
962.993
 10
1269.523
 20
963.153
 10
1269.577
 20
963.302
 10
1269.644
 20
963.442
 10
1269.723
 20
963.571
 10
1269.814
 20
963.691
 10
1269.916
 20
963.799
 10
1270.031
 20
963.892
 10
1270.158
 20
963.971
 10
1270.298
 20
964.036
 10
1270.449
 20
964.086
 10
1270.612
 20
964.122
 10
1270.788
 20
964.144
 10
1270.975
 20
964.151
 10
1271.247
 20
964.137
 10
1271.506
 20
964.094
 10
1271.753
 20
964.022
 10
1271.986
 20
963.921
 10
1272.207
 20
963.792
 10
1272.414
 20
963.634
 10
1272.609
 20
963.447
 10
1272.791
 20
963.231
 10
1272.962
 20
962.994
 10
1273.124
 20
962.741
 10
1273.277
 20
962.473
 10
1273.42
 20
962.19
 10
1273.555
 20
961.892
 10
1273.681
 20
961.579
 10
1273.797
 20
961.251
 10
1273.905
 20
960.907
 10
1274.005
 20
960.556
 10
1274.1
 20
960.205
 10
1274.189
 20
959.854
 10
1274.274
 20
959.503
 10
1274.353
 20
959.152
 10
1274.426
 20
958.801
 10
1274.495
 20
958.45
 10
1274.558
 20
958.099
 10
1275.335
 20
957.659
 10
1276.118
 20
957.232
 10
1276.906
 20
956.821
 10
1277.699
 20
956.423
 10
1278.497
 20
956.04
 10
1279.301
 20
955.671
 10
1280.11
 20
955.317
 10
1280.925
 20
954.977
 10
1281.744
 20
954.647
 10
1282.568
 20
954.323
 10
1283.396
 20
954.005
 10
1284.229
 20
953.694
 10
1285.066
 20
953.388
 10
1285.908
 20
953.088
 10
1286.755
 20
952.795
 10
1287.606
 20
952.508
 10
1288.461
 20
952.221
 10
1289.321
 20
951.93
 10
1290.186
 20
951.634
 10
1291.055
 20
951.333
 10
1291.929
 20
951.029
 10
1292.807
 20
950.719
 10
1293.69
 20
950.405
 10
1294.577
 20
950.087
 10
1295.47
 20
949.759
 10
1296.367
 20
949.417
 10
1297.27
 20
949.06
 10
1298.178
 20
948.689
 10
1299.092
 20
948.303
 10
1300.01
 20
947.904
 10
1300.934
 20
947.489
 10
1301.864
 20
947.061
 10
1303.756
 20
946.136
 10
1305.584
 20
945.176
 10
1307.348
 20
944.181
 10
1309.047
 20
943.152
 10
1310.682
 20
942.087
 10
1312.253
 20
940.988
 10
1313.759
 20
939.854
 10
1315.202
 20
938.685
 10
1316.572
 20
937.483
 10
1317.861
 20
936.249
 10
1319.071
 20
934.984
 10
1320.2
 20
933.687
 10
1321.25
 20
932.357
 10
1322.219
 20
930.997
 10
1323.108
 20
929.604
 10
1323.916
 20
928.179
 10
1324.637
 20
926.725
 10
1325.261
 20
925.241
 10
1325.79
 20
923.729
 10
1326.222
 20
922.188
 10
1326.558
 20
920.619
 10
1326.798
 20
919.02
 10
1326.942
 20
917.393
 10
1326.99
 20
915.737
  0
LWPOLYLINE
  5
C4
330
17
100
AcDbEntity
  8
ENGRAVE_V
100
AcDbPolyline
 90
41
 70
1
 10
1273.348
 20
958.971
 10
1273.26
 20
959.447
 10
1273.168
 20
959.882
 10
1273.07
 20
960.276
 10
1272.966
 20
960.629
 10
1272.858
 20
960.941
 10
1272.744
 20
961.213
 10
1272.625
 20
961.444
 10
1272.5
 20
961.634
 10
1272.375
 20
961.792
 10
1272.251
 20
961.93
 10
1272.129
 20
962.047
 10
1272.01
 20
962.142
 10
1271.893
 20
962.216
 10
1271.779
 20
962.269
 10
1271.666
 20
962.301
 10
1271.556
 20
962.311
 10
1271.42
 20
962.302
 10
1271.302
 20
962.275
 10
1271.202
 20
962.23
 10
1271.121
 20
962.166
 10
1271.057
 20
962.084
 10
1271.012
 20
961.985
 10
1270.985
 20
961.867
 10
1270.975
 20
961.73
 10
1270.988
 20
961.594
 10
1271.025
 20
961.45
 10
1271.088
 20
961.3
 10
1271.175
 20
961.143
 10
1271.287
 20
960.98
 10
1271.425
 20
960.809
 10
1271.587
 20
960.632
 10
1271.774
 20
960.447
 10
1271.974
 20
960.26
 10
1272.172
 20
960.074
 10
1272.37
 20
959.888
 10
1272.567
 20
959.703
 10
1272.763
 20
959.519
 10
1272.959
 20
959.335
 10
1273.154
 20
959.153
 10
1273.348
 20
958.971
  0
LWPOLYLINE
  5
C5
330
17
100
AcDbEntity
  8
ENGRAVE_V
100
AcDbPolyline
 90
363
 70
1
 10
1308.496
 20
953.645
 10
1308.493
 20
953.509
 10
1308.481
 20
953.365
 10
1308.462
 20
953.215
 10
1308.436
 20
953.058
 10
1308.402
 20
952.894
 10
1308.36
 20
952.724
 10
1308.311
 20
952.546
 10
1308.254
 20
952.362
 10
1308.187
 20
952.178
 10
1308.107
 20
951.999
 10
1308.015
 20
951.827
 10
1307.909
 20
951.66
 10
1307.791
 20
951.5
 10
1307.66
 20
951.346
 10
1307.516
 20
951.197
 10
1307.359
 20
951.055
 10
1307.185
 20
950.925
 10
1306.991
 20
950.812
 10
1306.776
 20
950.716
 10
1306.542
 20
950.638
 10
1306.286
 20
950.577
 10
1306.011
 20
950.533
 10
1305.714
 20
950.507
 10
1305.398
 20
950.498
 10
1305.077
 20
950.511
 10
1304.744
 20
950.55
 10
1304.399
 20
950.614
 10
1304.042
 20
950.704
 10
1303.673
 20
950.82
 10
1303.292
 20
950.961
 10
1302.898
 20
951.128
 10
1302.493
 20
951.321
 10
1302.088
 20
951.524
 10
1301.694
 20
951.721
 10
1301.313
 20
951.911
 10
1300.944
 20
952.096
 10
1300.587
 20
952.275
 10
1300.242
 20
952.447
 10
1299.909
 20
952.613
 10
1299.588
 20
952.774
 10
1299.581
 20
952.649
 10
1299.561
 20
952.541
 10
1299.527
 20
952.449
 10
1299.479
 20
952.374
 10
1299.418
 20
952.316
 10
1299.343
 20
952.275
 10
1299.255
 20
952.25
 10
1299.152
 20
952.241
 10
1299.106
 20
952.259
 10
1299.04
 20
952.287
 10
1298.955
 20
952.325
 10
1298.85
 20
952.374
 10
1298.725
 20
952.434
 10
1298.581
 20
952.504
 10
1298.416
 20
952.585
 10
1298.233
 20
952.677
 10
1298.034
 20
952.776
 10
1297.827
 20
952.88
 10
1297.611
 20
952.988
 10
1297.385
 20
953.101
 10
1297.151
 20
953.218
 10
1296.907
 20
953.34
 10
1296.655
 20
953.466
 10
1296.393
 20
953.597
 10
1296.128
 20
953.73
 10
1295.865
 20
953.862
 10
1295.604
 20
953.993
 10
1295.346
 20
954.123
 10
1295.09
 20
954.253
 10
1294.836
 20
954.382
 10
1294.584
 20
954.51
 10
1294.335
 20
954.638
 10
1294.094
 20
954.761
 10
1293.868
 20
954.878
 10
1293.656
 20
954.988
 10
1293.458
 20
955.092
 10
1293.274
 20
955.188
 10
1293.105
 20
955.278
 10
1292.951
 20
955.361
 10
1292.81
 20
955.437
 10
1292.561
 20
955.592
 10
1292.344
 20
955.769
 10
1292.161
 20
955.968
 10
1292.011
 20
956.187
 10
1291.895
 20
956.428
 10
1291.812
 20
956.689
 10
1291.762
 20
956.972
 10
1291.745
 20
957.276
 10
1291.745
 20
960.278
 10
1291.904
 20
960.075
 10
1292.067
 20
959.877
 10
1292.234
 20
959.685
 10
1292.405
 20
959.497
 10
1292.579
 20
959.315
 10
1292.757
 20
959.139
 10
1292.939
 20
958.967
 10
1293.125
 20
958.801
 10
1293.332
 20
958.633
 10
1293.577
 20
958.455
 10
1293.861
 20
958.267
 10
1294.184
 20
958.069
 10
1294.545
 20
957.861
 10
1294.945
 20
957.644
 10
1295.383
 20
957.417
 10
1295.86
 20
957.179
 10
1295.871
 20
957.174
 10
1295.903
 20
957.158
 10
1295.956
 20
957.132
 10
1296.03
 20
957.095
 10
1296.125
 20
957.047
 10
1296.242
 20
956.989
 10
1296.379
 20
956.92
 10
1296.538
 20
956.841
 10
1296.713
 20
956.753
 10
1296.9
 20
956.661
 10
1297.097
 20
956.563
 10
1297.307
 20
956.459
 10
1297.527
 20
956.351
 10
1297.759
 20
956.237
 10
1298.002
 20
956.118
 10
1298.257
 20
955.993
 10
1298.517
 20
955.866
 10
1298.779
 20
955.739
 10
1299.041
 20
955.612
 10
1299.304
 20
955.485
 10
1299.567
 20
955.358
 10
1299.832
 20
955.231
 10
1300.097
 20
955.104
 10
1300.363
 20
954.977
 10
1300.624
 20
954.852
 10
1300.874
 20
954.733
 10
1301.114
 20
954.619
 10
1301.343
 20
954.511
 10
1301.562
 20
954.407
 10
1301.77
 20
954.309
 10
1301.967
 20
954.217
 10
1302.154
 20
954.129
 10
1302.484
 20
953.979
 10
1302.797
 20
953.842
 10
1303.092
 20
953.719
 10
1303.37
 20
953.609
 10
1303.631
 20
953.513
 10
1303.874
 20
953.43
 10
1304.1
 20
953.362
 10
1304.309
 20
953.306
 10
1304.506
 20
953.261
 10
1304.7
 20
953.222
 10
1304.891
 20
953.188
 10
1305.077
 20
953.161
 10
1305.26
 20
953.14
 10
1305.439
 20
953.125
 10
1305.614
 20
953.116
 10
1305.785
 20
953.113
 10
1306.16
 20
953.129
 10
1306.484
 20
953.179
 10
1306.759
 20
953.262
 10
1306.983
 20
953.379
 10
1307.158
 20
953.529
 10
1307.283
 20
953.712
 10
1307.358
 20
953.928
 10
1307.383
 20
954.178
 10
1307.353
 20
954.476
 10
1307.265
 20
954.789
 10
1307.117
 20
955.117
 10
1306.911
 20
955.461
 10
1306.645
 20
955.819
 10
1306.321
 20
956.193
 10
1305.937
 20
956.582
 10
1305.495
 20
956.986
 10
1305.085
 20
957.324
 10
1304.656
 20
957.661
 10
1304.208
 20
957.996
 10
1303.74
 20
958.329
 10
1303.252
 20
958.661
 10
1302.744
 20
958.992
 10
1302.217
 20
959.321
 10
1301.67
 20
959.649
 10
1301.111
 20
959.973
 10
1300.547
 20
960.295
 10
1299.979
 20
960.612
 10
1299.407
 20
960.926
 10
1298.829
 20
961.235
 10
1298.248
 20
961.541
 10
1297.661
 20
961.843
 10
1297.071
 20
962.142
 10
1296.485
 20
962.434
 10
1295.915
 20
962.718
 10
1295.359
 20
962.994
 10
1294.819
 20
963.261
 10
1294.294
 20
963.521
 10
1293.785
 20
963.771
 10
1293.29
 20
964.014
 10
1292.81
 20
964.248
 10
1292.561
 20
964.394
 10
1292.344
 20
964.566
 10
1292.161
 20
964.763
 10
1292.011
 20
964.986
 10
1291.895
 20
965.235
 10
1291.812
 20
965.51
 10
1291.762
 20
965.81
 10
1291.745
 20
966.136
 10
1291.745
 20
968.799
 10
1291.977
 20
968.532
 10
1292.235
 20
968.265
 10
1292.521
 20
967.997
 10
1292.834
 20
967.728
 10
1293.175
 20
967.458
 10
1293.542
 20
967.188
 10
1293.937
 20
966.916
 10
1294.359
 20
966.644
 10
1294.81
 20
966.369
 10
1295.291
 20
966.086
 10
1295.803
 20
965.797
 10
1296.344
 20
965.501
 10
1296.916
 20
965.198
 10
1297.518
 20
964.888
 10
1298.151
 20
964.571
 10
1298.814
 20
964.248
 10
1299.001
 20
964.16
 10
1299.201
 20
964.066
 10
1299.413
 20
963.967
 10
1299.637
 20
963.861
 10
1299.873
 20
963.749
 10
1300.121
 20
963.631
 10
1300.381
 20
963.507
 10
1300.653
 20
963.376
 10
1300.934
 20
963.245
 10
1301.219
 20
963.118
 10
1301.509
 20
962.994
 10
1301.803
 20
962.874
 10
1302.102
 20
962.758
 10
1302.405
 20
962.646
 10
1302.713
 20
962.537
 10
1303.026
 20
962.432
 10
1303.34
 20
962.336
 10
1303.655
 20
962.252
 10
1303.97
 20
962.182
 10
1304.284
 20
962.124
 10
1304.599
 20
962.079
 10
1304.914
 20
962.047
 10
1305.228
 20
962.027
 10
1305.543
 20
962.021
 10
1305.94
 20
962.04
 10
1306.284
 20
962.097
 10
1306.576
 20
962.191
 10
1306.814
 20
962.323
 10
1306.999
 20
962.494
 10
1307.132
 20
962.702
 10
1307.211
 20
962.948
 10
1307.238
 20
963.231
 10
1307.202
 20
963.641
 10
1307.095
 20
964.048
 10
1306.918
 20
964.452
 10
1306.669
 20
964.853
 10
1306.349
 20
965.251
 10
1305.958
 20
965.646
 10
1305.495
 20
966.038
 10
1304.962
 20
966.427
 10
1304.374
 20
966.813
 10
1303.746
 20
967.198
 10
1303.078
 20
967.582
 10
1302.372
 20
967.964
 10
1301.626
 20
968.344
 10
1300.841
 20
968.723
 10
1300.016
 20
969.101
 10
1299.152
 20
969.477
 10
1299.153
 20
969.569
 10
1299.155
 20
969.651
 10
1299.159
 20
969.723
 10
1299.165
 20
969.785
 10
1299.171
 20
969.838
 10
1299.18
 20
969.881
 10
1299.189
 20
969.913
 10
1299.201
 20
969.937
 10
1299.217
 20
969.954
 10
1299.243
 20
969.971
 10
1299.278
 20
969.988
 10
1299.322
 20
970.003
 10
1299.375
 20
970.018
 10
1299.437
 20
970.032
 10
1299.508
 20
970.045
 10
1299.588
 20
970.058
 10
1299.918
 20
969.921
 10
1300.255
 20
969.778
 10
1300.599
 20
969.628
 10
1300.95
 20
969.471
 10
1301.307
 20
969.307
 10
1301.671
 20
969.136
 10
1302.043
 20
968.959
 10
1302.42
 20
968.775
 10
1302.8
 20
968.584
 10
1303.175
 20
968.387
 10
1303.547
 20
968.185
 10
1303.915
 20
967.976
 10
1304.279
 20
967.761
 10
1304.64
 20
967.54
 10
1304.997
 20
967.313
 10
1305.349
 20
967.08
 10
1305.692
 20
966.841
 10
1306.018
 20
966.596
 10
1306.328
 20
966.345
 10
1306.62
 20
966.088
 10
1306.896
 20
965.824
 10
1307.156
 20
965.555
 10
1307.399
 20
965.28
 10
1307.625
 20
964.998
 10
1307.829
 20
964.71
 10
1308.006
 20
964.416
 10
1308.156
 20
964.114
 10
1308.278
 20
963.806
 10
1308.374
 20
963.491
 10
1308.442
 20
963.169
 10
1308.483
 20
962.841
 10
1308.496
 20
962.505
 10
1308.482
 20
962.209
 10
1308.44
 20
961.927
 10
1308.37
 20
961.659
 10
1308.272
 20
961.404
 10
1308.146
 20
961.162
 10
1307.993
 20
960.935
 10
1307.811
 20
960.72
 10
1307.601
 20
960.52
 10
1307.365
 20
960.338
 10
1307.106
 20
960.181
 10
1306.823
 20
960.048
 10
1306.517
 20
959.939
 10
1306.188
 20
959.854
 10
1305.835
 20
959.794
 10
1305.459
 20
959.758
 10
1305.059
 20
959.745
 10
1304.729
 20
959.753
 10
1304.393
 20
959.776
 10
1304.051
 20
959.813
 10
1303.703
 20
959.866
 10
1303.349
 20
959.935
 10
1302.989
 20
960.018
 10
1302.623
 20
960.116
 10
1302.251
 20
960.23
 10
1302.614
 20
960.02
 10
1302.977
 20
959.803
 10
1303.34
 20
959.578
 10
1303.703
 20
959.346
 10
1304.066
 20
959.106
 10
1304.43
 20
958.859
 10
1304.793
 20
958.604
 10
1305.156
 20
958.341
 10
1305.511
 20
958.073
 10
1305.85
 20
957.8
 10
1306.174
 20
957.522
 10
1306.481
 20
957.24
 10
1306.773
 20
956.953
 10
1307.048
 20
956.662
 10
1307.308
 20
956.366
 10
1307.552
 20
956.066
 10
1307.774
 20
955.763
 10
1307.965
 20
955.461
 10
1308.128
 20
955.158
 10
1308.26
 20
954.856
 10
1308.364
 20
954.553
 10
1308.437
 20
954.25
 10
1308.482
 20
953.948
 10
1308.496
 20
953.645
  0
LWPOLYLINE
  5
C6
330
17
100
AcDbEntity
  8
ENGRAVE_V
100
AcDbPolyline
 90
235
 70
1
 10
1308.69
 20
970.493
 10
1308.671
 20
970.009
 10
1308.613
 20
969.548
 10
1308.516
 20
969.11
 10
1308.381
 20
968.696
 10
1308.208
 20
968.305
 10
1307.996
 20
967.938
 10
1307.745
 20
967.594
 10
1307.455
 20
967.274
 10
1307.145
 20
966.984
 10
1306.831
 20
966.734
 10
1306.512
 20
966.521
 10
1306.191
 20
966.348
 10
1305.865
 20
966.213
 10
1305.536
 20
966.116
 10
1305.202
 20
966.059
 10
1304.865
 20
966.039
 10
1304.59
 20
966.048
 10
1304.319
 20
966.074
 10
1304.054
 20
966.118
 10
1303.794
 20
966.178
 10
1303.54
 20
966.257
 10
1303.29
 20
966.352
 10
1303.046
 20
966.466
 10
1302.808
 20
966.596
 10
1302.586
 20
966.741
 10
1302.395
 20
966.897
 10
1302.232
 20
967.065
 10
1302.1
 20
967.244
 10
1301.996
 20
967.434
 10
1301.923
 20
967.635
 10
1301.878
 20
967.848
 10
1301.864
 20
968.073
 10
1301.767
 20
968.121
 10
1301.281
 20
968.386
 10
1300.794
 20
968.649
 10
1300.304
 20
968.91
 10
1299.812
 20
969.168
 10
1299.318
 20
969.424
 10
1298.821
 20
969.678
 10
1298.322
 20
969.929
 10
1297.821
 20
970.179
 10
1297.315
 20
970.43
 10
1296.8
 20
970.688
 10
1296.277
 20
970.954
 10
1295.745
 20
971.226
 10
1295.206
 20
971.504
 10
1294.657
 20
971.79
 10
1294.101
 20
972.082
 10
1293.536
 20
972.381
 10
1293.075
 20
972.638
 10
1292.635
 20
972.9
 10
1292.216
 20
973.168
 10
1291.818
 20
973.441
 10
1291.441
 20
973.719
 10
1291.085
 20
974.002
 10
1290.751
 20
974.29
 10
1290.438
 20
974.584
 10
1290.154
 20
974.887
 10
1289.908
 20
975.203
 10
1289.7
 20
975.532
 10
1289.53
 20
975.873
 10
1289.398
 20
976.228
 10
1289.303
 20
976.595
 10
1289.246
 20
976.975
 10
1289.228
 20
977.368
 10
1289.23
 20
977.469
 10
1289.238
 20
977.58
 10
1289.251
 20
977.699
 10
1289.27
 20
977.828
 10
1289.294
 20
977.966
 10
1289.323
 20
978.112
 10
1289.357
 20
978.268
 10
1289.397
 20
978.433
 10
1289.445
 20
978.592
 10
1289.504
 20
978.73
 10
1289.575
 20
978.846
 10
1289.657
 20
978.942
 10
1289.751
 20
979.016
 10
1289.855
 20
979.069
 10
1289.972
 20
979.1
 10
1290.099
 20
979.111
 10
1290.19
 20
979.104
 10
1290.268
 20
979.084
 10
1290.335
 20
979.05
 10
1290.389
 20
979.002
 10
1290.432
 20
978.941
 10
1290.462
 20
978.866
 10
1290.48
 20
978.777
 10
1290.486
 20
978.675
 10
1290.483
 20
978.589
 10
1290.474
 20
978.501
 10
1290.459
 20
978.411
 10
1290.438
 20
978.318
 10
1290.411
 20
978.223
 10
1290.377
 20
978.126
 10
1290.338
 20
978.027
 10
1290.293
 20
977.925
 10
1290.247
 20
977.825
 10
1290.208
 20
977.73
 10
1290.175
 20
977.64
 10
1290.147
 20
977.556
 10
1290.126
 20
977.477
 10
1290.111
 20
977.403
 10
1290.102
 20
977.334
 10
1290.099
 20
977.271
 10
1290.116
 20
977.046
 10
1290.166
 20
976.83
 10
1290.249
 20
976.622
 10
1290.365
 20
976.424
 10
1290.515
 20
976.235
 10
1290.698
 20
976.055
 10
1290.914
 20
975.884
 10
1291.164
 20
975.722
 10
1291.433
 20
975.575
 10
1291.706
 20
975.447
 10
1291.983
 20
975.339
 10
1292.266
 20
975.25
 10
1292.552
 20
975.181
 10
1292.843
 20
975.132
 10
1293.139
 20
975.102
 10
1293.44
 20
975.093
 10
1293.762
 20
975.099
 10
1294.077
 20
975.12
 10
1294.382
 20
975.154
 10
1294.68
 20
975.202
 10
1294.97
 20
975.263
 10
1295.251
 20
975.338
 10
1295.523
 20
975.426
 10
1295.788
 20
975.528
 10
1296.047
 20
975.64
 10
1296.304
 20
975.755
 10
1296.558
 20
975.876
 10
1296.81
 20
976.0
 10
1297.06
 20
976.13
 10
1297.308
 20
976.264
 10
1297.554
 20
976.402
 10
1297.797
 20
976.545
 10
1298.039
 20
976.688
 10
1298.282
 20
976.826
 10
1298.526
 20
976.96
 10
1298.771
 20
977.09
 10
1299.017
 20
977.215
 10
1299.263
 20
977.335
 10
1299.51
 20
977.451
 10
1299.758
 20
977.562
 10
1300.008
 20
977.664
 10
1300.264
 20
977.752
 10
1300.526
 20
977.827
 10
1300.792
 20
977.889
 10
1301.064
 20
977.936
 10
1301.342
 20
977.97
 10
1301.624
 20
977.991
 10
1301.912
 20
977.997
 10
1302.479
 20
977.984
 10
1303.018
 20
977.942
 10
1303.529
 20
977.872
 10
1304.012
 20
977.774
 10
1304.467
 20
977.648
 10
1304.894
 20
977.494
 10
1305.293
 20
977.312
 10
1305.664
 20
977.102
 10
1306.01
 20
976.869
 10
1306.334
 20
976.619
 10
1306.637
 20
976.352
 10
1306.917
 20
976.067
 10
1307.175
 20
975.765
 10
1307.412
 20
975.445
 10
1307.626
 20
975.108
 10
1307.819
 20
974.754
 10
1307.819
 20
974.802
 10
1307.781
 20
975.43
 10
1307.669
 20
976.029
 10
1307.482
 20
976.601
 10
1307.219
 20
977.144
 10
1306.882
 20
977.66
 10
1306.47
 20
978.147
 10
1305.984
 20
978.607
 10
1305.422
 20
979.038
 10
1304.8
 20
979.456
 10
1304.131
 20
979.872
 10
1303.417
 20
980.288
 10
1302.656
 20
980.703
 10
1301.85
 20
981.117
 10
1300.997
 20
981.53
 10
1300.098
 20
981.943
 10
1299.152
 20
982.355
 10
1299.159
 20
982.491
 10
1299.18
 20
982.609
 10
1299.214
 20
982.709
 10
1299.261
 20
982.79
 10
1299.323
 20
982.854
 10
1299.398
 20
982.899
 10
1299.486
 20
982.927
 10
1299.588
 20
982.936
 10
1300.131
 20
982.703
 10
1300.671
 20
982.464
 10
1301.208
 20
982.219
 10
1301.743
 20
981.967
 10
1302.274
 20
981.71
 10
1302.802
 20
981.447
 10
1303.327
 20
981.178
 10
1303.849
 20
980.902
 10
1304.358
 20
980.618
 10
1304.844
 20
980.321
 10
1305.308
 20
980.013
 10
1305.749
 20
979.692
 10
1306.167
 20
979.359
 10
1306.563
 20
979.014
 10
1306.936
 20
978.657
 10
1307.286
 20
978.288
 10
1307.604
 20
977.902
 10
1307.879
 20
977.495
 10
1308.112
 20
977.067
 10
1308.303
 20
976.618
 10
1308.451
 20
976.147
 10
1308.557
 20
975.655
 10
1308.62
 20
975.143
 10
1308.642
 20
974.609
 10
1308.639
 20
974.381
 10
1308.629
 20
974.158
 10
1308.614
 20
973.939
 10
1308.593
 20
973.725
 10
1308.566
 20
973.515
 10
1308.533
 20
973.31
 10
1308.493
 20
973.11
 10
1308.448
 20
972.914
 10
1308.505
 20
972.633
 10
1308.554
 20
972.345
 10
1308.595
 20
972.052
 10
1308.629
 20
971.752
 10
1308.656
 20
971.446
 10
1308.675
 20
971.135
 10
1308.686
 20
970.817
 10
1308.69
 20
970.493
  0
LWPOLYLINE
  5
C7
330
17
100
AcDbEntity
  8
ENGRAVE_V
100
AcDbPolyline
 90
105
 70
1
 10
1303.558
 20
969.767
 10
1303.847
 20
969.775
 10
1304.133
 20
969.8
 10
1304.416
 20
969.842
 10
1304.696
 20
969.9
 10
1304.973
 20
969.975
 10
1305.247
 20
970.067
 10
1305.517
 20
970.175
 10
1305.785
 20
970.3
 10
1306.043
 20
970.446
 10
1306.284
 20
970.62
 10
1306.509
 20
970.822
 10
1306.717
 20
971.05
 10
1306.908
 20
971.306
 10
1307.083
 20
971.589
 10
1307.241
 20
971.899
 10
1307.383
 20
972.236
 10
1307.189
 20
972.542
 10
1306.97
 20
972.831
 10
1306.726
 20
973.102
 10
1306.457
 20
973.356
 10
1306.163
 20
973.592
 10
1305.844
 20
973.811
 10
1305.5
 20
974.013
 10
1305.132
 20
974.197
 10
1304.748
 20
974.362
 10
1304.361
 20
974.504
 10
1303.971
 20
974.625
 10
1303.576
 20
974.723
 10
1303.178
 20
974.8
 10
1302.776
 20
974.855
 10
1302.37
 20
974.888
 10
1301.96
 20
974.899
 10
1301.621
 20
974.894
 10
1301.28
 20
974.881
 10
1300.937
 20
974.858
 10
1300.593
 20
974.826
 10
1300.247
 20
974.786
 10
1299.9
 20
974.736
 10
1299.551
 20
974.677
 10
1299.201
 20
974.609
 10
1298.851
 20
974.536
 10
1298.502
 20
974.462
 10
1298.155
 20
974.387
 10
1297.809
 20
974.312
 10
1297.465
 20
974.236
 10
1297.122
 20
974.159
 10
1296.781
 20
974.082
 10
1296.441
 20
974.003
 10
1296.107
 20
973.93
 10
1295.782
 20
973.866
 10
1295.465
 20
973.812
 10
1295.158
 20
973.767
 10
1294.86
 20
973.733
 10
1294.571
 20
973.708
 10
1294.291
 20
973.694
 10
1294.021
 20
973.689
 10
1293.937
 20
973.689
 10
1293.856
 20
973.69
 10
1293.777
 20
973.692
 10
1293.7
 20
973.695
 10
1293.625
 20
973.698
 10
1293.553
 20
973.702
 10
1293.483
 20
973.707
 10
1293.415
 20
973.713
 10
1293.349
 20
973.719
 10
1293.284
 20
973.726
 10
1293.219
 20
973.734
 10
1293.155
 20
973.743
 10
1293.092
 20
973.753
 10
1293.03
 20
973.763
 10
1292.968
 20
973.774
 10
1292.907
 20
973.785
 10
1293.241
 20
973.567
 10
1293.588
 20
973.348
 10
1293.949
 20
973.128
 10
1294.323
 20
972.908
 10
1294.711
 20
972.687
 10
1295.113
 20
972.465
 10
1295.528
 20
972.242
 10
1295.957
 20
972.018
 10
1296.391
 20
971.796
 10
1296.819
 20
971.575
 10
1297.244
 20
971.357
 10
1297.664
 20
971.141
 10
1298.079
 20
970.927
 10
1298.49
 20
970.716
 10
1298.896
 20
970.507
 10
1299.298
 20
970.3
 10
1299.688
 20
970.096
 10
1300.06
 20
969.897
 10
1300.414
 20
969.703
 10
1300.75
 20
969.513
 10
1301.068
 20
969.328
 10
1301.367
 20
969.147
 10
1301.649
 20
968.971
 10
1301.912
 20
968.799
 10
1301.97
 20
969.026
 10
1302.069
 20
969.222
 10
1302.212
 20
969.389
 10
1302.396
 20
969.525
 10
1302.623
 20
969.631
 10
1302.892
 20
969.707
 10
1303.204
 20
969.752
 10
1303.558
 20
969.767
  0
LWPOLYLINE
  5
C8
330
17
100
AcDbEntity
  8
ENGRAVE_V
100
AcDbPolyline
 90
57
 70
1
 10
1305.979
 20
968.169
 10
1306.169
 20
968.178
 10
1306.354
 20
968.203
 10
1306.533
 20
968.244
 10
1306.705
 20
968.303
 10
1306.871
 20
968.377
 10
1307.032
 20
968.469
 10
1307.186
 20
968.577
 10
1307.334
 20
968.702
 10
1307.471
 20
968.843
 10
1307.589
 20
969.002
 10
1307.688
 20
969.176
 10
1307.77
 20
969.368
 10
1307.834
 20
969.576
 10
1307.879
 20
969.8
 10
1307.906
 20
970.042
 10
1307.915
 20
970.3
 10
1307.914
 20
970.42
 10
1307.909
 20
970.539
 10
1307.902
 20
970.656
 10
1307.891
 20
970.772
 10
1307.878
 20
970.886
 10
1307.861
 20
970.999
 10
1307.841
 20
971.11
 10
1307.819
 20
971.22
 10
1307.656
 20
970.972
 10
1307.483
 20
970.737
 10
1307.299
 20
970.515
 10
1307.104
 20
970.306
 10
1306.899
 20
970.109
 10
1306.684
 20
969.926
 10
1306.458
 20
969.755
 10
1306.221
 20
969.598
 10
1305.974
 20
969.456
 10
1305.719
 20
969.333
 10
1305.454
 20
969.229
 10
1305.18
 20
969.144
 10
1304.897
 20
969.078
 10
1304.605
 20
969.03
 10
1304.304
 20
969.002
 10
1303.994
 20
968.992
 10
1304.115
 20
968.887
 10
1304.237
 20
968.79
 10
1304.36
 20
968.7
 10
1304.484
 20
968.617
 10
1304.608
 20
968.542
 10
1304.734
 20
968.475
 10
1304.86
 20
968.415
 10
1304.986
 20
968.363
 10
1305.113
 20
968.318
 10
1305.239
 20
968.278
 10
1305.364
 20
968.245
 10
1305.489
 20
968.218
 10
1305.612
 20
968.197
 10
1305.735
 20
968.182
 10
1305.857
 20
968.172
 10
1305.979
 20
968.169
  0
LWPOLYLINE
  5
C9
330
17
100
AcDbEntity
  8
ENGRAVE_V
100
AcDbPolyline
 90
253
 70
1
 10
1282.934
 20
992.425
 10
1283.171
 20
992.265
 10
1283.424
 20
992.101
 10
1283.692
 20
991.932
 10
1283.975
 20
991.759
 10
1284.273
 20
991.581
 10
1284.586
 20
991.399
 10
1284.914
 20
991.212
 10
1285.258
 20
991.021
 10
1285.607
 20
990.829
 10
1285.954
 20
990.641
 10
1286.297
 20
990.457
 10
1286.637
 20
990.277
 10
1286.975
 20
990.1
 10
1287.309
 20
989.927
 10
1287.64
 20
989.758
 10
1287.969
 20
989.593
 10
1288.286
 20
989.434
 10
1288.583
 20
989.286
 10
1288.861
 20
989.147
 10
1289.119
 20
989.018
 10
1289.357
 20
988.899
 10
1289.576
 20
988.789
 10
1289.774
 20
988.69
 10
1289.954
 20
988.6
 10
1289.954
 20
993.054
 10
1290.006
 20
993.052
 10
1290.066
 20
993.044
 10
1290.133
 20
993.03
 10
1290.208
 20
993.012
 10
1290.29
 20
992.988
 10
1290.38
 20
992.959
 10
1290.478
 20
992.925
 10
1290.583
 20
992.885
 10
1290.688
 20
992.838
 10
1290.786
 20
992.78
 10
1290.876
 20
992.713
 10
1290.958
 20
992.637
 10
1291.033
 20
992.55
 10
1291.101
 20
992.454
 10
1291.16
 20
992.347
 10
1291.213
 20
992.231
 10
1291.213
 20
988.019
 10
1291.548
 20
987.871
 10
1291.899
 20
987.718
 10
1292.268
 20
987.56
 10
1292.653
 20
987.396
 10
1293.055
 20
987.227
 10
1293.473
 20
987.052
 10
1293.908
 20
986.873
 10
1294.359
 20
986.688
 10
1294.822
 20
986.501
 10
1295.288
 20
986.316
 10
1295.76
 20
986.132
 10
1296.235
 20
985.949
 10
1296.716
 20
985.769
 10
1297.201
 20
985.589
 10
1297.69
 20
985.412
 10
1298.184
 20
985.235
 10
1298.676
 20
985.064
 10
1299.16
 20
984.9
 10
1299.635
 20
984.743
 10
1300.103
 20
984.594
 10
1300.561
 20
984.452
 10
1301.012
 20
984.319
 10
1301.454
 20
984.192
 10
1301.888
 20
984.073
 10
1302.307
 20
983.966
 10
1302.706
 20
983.872
 10
1303.085
 20
983.793
 10
1303.443
 20
983.729
 10
1303.781
 20
983.678
 10
1304.098
 20
983.642
 10
1304.395
 20
983.621
 10
1304.672
 20
983.614
 10
1305.023
 20
983.62
 10
1305.351
 20
983.638
 10
1305.655
 20
983.668
 10
1305.936
 20
983.71
 10
1306.194
 20
983.765
 10
1306.428
 20
983.831
 10
1306.639
 20
983.91
 10
1306.826
 20
984.001
 10
1306.991
 20
984.107
 10
1307.133
 20
984.234
 10
1307.254
 20
984.38
 10
1307.353
 20
984.545
 10
1307.429
 20
984.731
 10
1307.484
 20
984.936
 10
1307.517
 20
985.161
 10
1307.528
 20
985.405
 10
1307.508
 20
985.73
 10
1307.448
 20
986.052
 10
1307.348
 20
986.372
 10
1307.207
 20
986.688
 10
1307.027
 20
987.001
 10
1306.806
 20
987.311
 10
1306.546
 20
987.618
 10
1306.245
 20
987.922
 10
1305.914
 20
988.223
 10
1305.563
 20
988.52
 10
1305.191
 20
988.813
 10
1304.799
 20
989.102
 10
1304.386
 20
989.388
 10
1303.953
 20
989.67
 10
1303.499
 20
989.948
 10
1303.026
 20
990.222
 10
1302.541
 20
990.49
 10
1302.057
 20
990.75
 10
1301.573
 20
991.002
 10
1301.089
 20
991.245
 10
1300.605
 20
991.48
 10
1300.121
 20
991.706
 10
1299.637
 20
991.924
 10
1299.152
 20
992.134
 10
1299.159
 20
992.271
 10
1299.18
 20
992.389
 10
1299.214
 20
992.488
 10
1299.261
 20
992.57
 10
1299.323
 20
992.634
 10
1299.398
 20
992.679
 10
1299.486
 20
992.706
 10
1299.588
 20
992.715
 10
1299.919
 20
992.578
 10
1300.257
 20
992.434
 10
1300.603
 20
992.282
 10
1300.956
 20
992.122
 10
1301.317
 20
991.955
 10
1301.685
 20
991.78
 10
1302.061
 20
991.598
 10
1302.445
 20
991.408
 10
1302.83
 20
991.211
 10
1303.212
 20
991.007
 10
1303.589
 20
990.797
 10
1303.964
 20
990.579
 10
1304.334
 20
990.355
 10
1304.7
 20
990.124
 10
1305.063
 20
989.886
 10
1305.422
 20
989.641
 10
1305.771
 20
989.389
 10
1306.103
 20
989.13
 10
1306.418
 20
988.863
 10
1306.717
 20
988.588
 10
1306.999
 20
988.306
 10
1307.265
 20
988.016
 10
1307.514
 20
987.719
 10
1307.746
 20
987.414
 10
1307.956
 20
987.101
 10
1308.138
 20
986.78
 10
1308.292
 20
986.451
 10
1308.418
 20
986.113
 10
1308.516
 20
985.767
 10
1308.586
 20
985.412
 10
1308.628
 20
985.05
 10
1308.642
 20
984.679
 10
1308.624
 20
984.191
 10
1308.57
 20
983.744
 10
1308.482
 20
983.337
 10
1308.357
 20
982.972
 10
1308.197
 20
982.648
 10
1308.002
 20
982.364
 10
1307.77
 20
982.121
 10
1307.504
 20
981.919
 10
1307.209
 20
981.749
 10
1306.894
 20
981.601
 10
1306.559
 20
981.476
 10
1306.203
 20
981.374
 10
1305.826
 20
981.295
 10
1305.43
 20
981.238
 10
1305.012
 20
981.204
 10
1304.575
 20
981.193
 10
1304.239
 20
981.2
 10
1303.886
 20
981.223
 10
1303.516
 20
981.261
 10
1303.128
 20
981.314
 10
1302.723
 20
981.382
 10
1302.301
 20
981.465
 10
1301.861
 20
981.563
 10
1301.404
 20
981.677
 10
1300.936
 20
981.801
 10
1300.464
 20
981.933
 10
1299.989
 20
982.071
 10
1299.509
 20
982.216
 10
1299.026
 20
982.367
 10
1298.54
 20
982.526
 10
1298.049
 20
982.691
 10
1297.555
 20
982.863
 10
1297.063
 20
983.038
 10
1296.579
 20
983.213
 10
1296.103
 20
983.386
 10
1295.636
 20
983.559
 10
1295.178
 20
983.731
 10
1294.727
 20
983.902
 10
1294.285
 20
984.073
 10
1293.851
 20
984.243
 10
1293.434
 20
984.408
 10
1293.042
 20
984.564
 10
1292.674
 20
984.71
 10
1292.332
 20
984.848
 10
1292.015
 20
984.977
 10
1291.722
 20
985.096
 10
1291.455
 20
985.207
 10
1291.213
 20
985.308
 10
1291.213
 20
982.21
 10
1291.115
 20
982.215
 10
1291.016
 20
982.231
 10
1290.915
 20
982.257
 10
1290.813
 20
982.294
 10
1290.709
 20
982.342
 10
1290.604
 20
982.4
 10
1290.498
 20
982.469
 10
1290.389
 20
982.548
 10
1290.287
 20
982.634
 10
1290.199
 20
982.721
 10
1290.124
 20
982.809
 10
1290.063
 20
982.899
 10
1290.015
 20
982.991
 10
1289.981
 20
983.084
 10
1289.961
 20
983.179
 10
1289.954
 20
983.275
 10
1289.954
 20
985.841
 10
1289.754
 20
985.939
 10
1289.542
 20
986.042
 10
1289.318
 20
986.148
 10
1289.082
 20
986.258
 10
1288.834
 20
986.372
 10
1288.574
 20
986.49
 10
1288.302
 20
986.611
 10
1288.017
 20
986.736
 10
1287.723
 20
986.869
 10
1287.421
 20
987.013
 10
1287.112
 20
987.169
 10
1286.795
 20
987.335
 10
1286.47
 20
987.513
 10
1286.138
 20
987.703
 10
1285.798
 20
987.904
 10
1285.451
 20
988.116
 10
1285.168
 20
988.304
 10
1284.901
 20
988.505
 10
1284.648
 20
988.719
 10
1284.41
 20
988.945
 10
1284.188
 20
989.185
 10
1283.981
 20
989.437
 10
1283.789
 20
989.702
 10
1283.612
 20
989.98
 10
1283.453
 20
990.267
 10
1283.315
 20
990.559
 10
1283.198
 20
990.857
 10
1283.103
 20
991.16
 10
1283.029
 20
991.468
 10
1282.976
 20
991.782
 10
1282.944
 20
992.101
 10
1282.934
 20
992.425
  0
LWPOLYLINE
  5
CA
330
17
100
AcDbEntity
  8
ENGRAVE_V
100
AcDbPolyline
 90
932
 70
1
 10
1314.064
 20
1063.642
 10
1314.037
 20
1063.452
 10
1314.005
 20
1063.246
 10
1313.967
 20
1063.022
 10
1313.925
 20
1062.783
 10
1313.877
 20
1062.526
 10
1313.823
 20
1062.253
 10
1313.765
 20
1061.963
 10
1313.701
 20
1061.657
 10
1313.626
 20
1061.341
 10
1313.536
 20
1061.025
 10
1313.43
 20
1060.706
 10
1313.307
 20
1060.386
 10
1313.169
 20
1060.065
 10
1313.015
 20
1059.742
 10
1312.846
 20
1059.417
 10
1312.66
 20
1059.091
 10
1312.454
 20
1058.77
 10
1312.223
 20
1058.462
 10
1311.967
 20
1058.165
 10
1311.686
 20
1057.881
 10
1311.38
 20
1057.608
 10
1311.049
 20
1057.348
 10
1310.693
 20
1057.1
 10
1310.312
 20
1056.864
 10
1309.902
 20
1056.648
 10
1309.46
 20
1056.461
 10
1308.985
 20
1056.303
 10
1308.478
 20
1056.174
 10
1307.938
 20
1056.073
 10
1307.366
 20
1056.002
 10
1306.761
 20
1055.958
 10
1306.124
 20
1055.944
 10
1305.364
 20
1055.963
 10
1304.585
 20
1056.021
 10
1303.788
 20
1056.118
 10
1302.971
 20
1056.253
 10
1302.136
 20
1056.426
 10
1301.281
 20
1056.639
 10
1300.408
 20
1056.889
 10
1299.516
 20
1057.179
 10
1298.609
 20
1057.496
 10
1297.692
 20
1057.831
 10
1296.766
 20
1058.183
 10
1295.83
 20
1058.552
 10
1294.884
 20
1058.939
 10
1293.928
 20
1059.344
 10
1292.963
 20
1059.765
 10
1291.987
 20
1060.205
 10
1291.008
 20
1060.65
 10
1290.032
 20
1061.091
 10
1289.06
 20
1061.528
 10
1288.09
 20
1061.96
 10
1287.123
 20
1062.387
 10
1286.159
 20
1062.81
 10
1285.199
 20
1063.228
 10
1284.241
 20
1063.642
 10
1283.501
 20
1063.948
 10
1282.807
 20
1064.214
 10
1282.158
 20
1064.438
 10
1281.554
 20
1064.622
 10
1280.996
 20
1064.765
 10
1280.483
 20
1064.867
 10
1280.015
 20
1064.929
 10
1279.593
 20
1064.949
 10
1279.219
 20
1064.93
 10
1278.894
 20
1064.873
 10
1278.62
 20
1064.779
 10
1278.395
 20
1064.646
 10
1278.22
 20
1064.476
 10
1278.095
 20
1064.268
 10
1278.02
 20
1064.022
 10
1277.995
 20
1063.739
 10
1278.029
 20
1063.379
 10
1278.13
 20
1062.978
 10
1278.298
 20
1062.535
 10
1278.534
 20
1062.05
 10
1278.837
 20
1061.524
 10
1279.207
 20
1060.956
 10
1279.645
 20
1060.347
 10
1280.15
 20
1059.696
 10
1280.723
 20
1059.011
 10
1281.365
 20
1058.3
 10
1282.076
 20
1057.562
 10
1282.855
 20
1056.797
 10
1283.703
 20
1056.006
 10
1284.621
 20
1055.189
 10
1285.607
 20
1054.345
 10
1286.662
 20
1053.475
 10
1286.966
 20
1053.237
 10
1287.299
 20
1052.982
 10
1287.659
 20
1052.71
 10
1288.047
 20
1052.422
 10
1288.464
 20
1052.117
 10
1288.908
 20
1051.796
 10
1289.381
 20
1051.457
 10
1289.881
 20
1051.103
 10
1290.402
 20
1050.737
 10
1290.937
 20
1050.364
 10
1291.486
 20
1049.986
 10
1292.048
 20
1049.602
 10
1292.623
 20
1049.211
 10
1293.213
 20
1048.815
 10
1293.816
 20
1048.413
 10
1294.432
 20
1048.004
 10
1295.056
 20
1047.594
 10
1295.682
 20
1047.186
 10
1296.309
 20
1046.78
 10
1296.937
 20
1046.376
 10
1297.568
 20
1045.975
 10
1298.199
 20
1045.576
 10
1298.832
 20
1045.179
 10
1299.467
 20
1044.785
 10
1300.096
 20
1044.397
 10
1300.712
 20
1044.022
 10
1301.316
 20
1043.659
 10
1301.906
 20
1043.308
 10
1302.484
 20
1042.969
 10
1303.048
 20
1042.642
 10
1303.6
 20
1042.328
 10
1304.139
 20
1042.025
 10
1304.658
 20
1041.739
 10
1305.15
 20
1041.473
 10
1305.614
 20
1041.227
 10
1306.051
 20
1041.002
 10
1306.461
 20
1040.798
 10
1306.844
 20
1040.613
 10
1307.2
 20
1040.45
 10
1307.528
 20
1040.306
 10
1307.888
 20
1040.146
 10
1308.219
 20
1039.98
 10
1308.521
 20
1039.807
 10
1308.793
 20
1039.629
 10
1309.035
 20
1039.444
 10
1309.248
 20
1039.253
 10
1309.432
 20
1039.057
 10
1309.586
 20
1038.854
 10
1309.716
 20
1038.65
 10
1309.829
 20
1038.448
 10
1309.925
 20
1038.25
 10
1310.003
 20
1038.055
 10
1310.064
 20
1037.863
 10
1310.108
 20
1037.674
 10
1310.134
 20
1037.488
 10
1310.142
 20
1037.305
 10
1310.137
 20
1037.15
 10
1310.121
 20
1037.002
 10
1310.095
 20
1036.86
 10
1310.058
 20
1036.724
 10
1310.01
 20
1036.594
 10
1309.952
 20
1036.47
 10
1309.883
 20
1036.352
 10
1309.803
 20
1036.24
 10
1309.717
 20
1036.126
 10
1309.625
 20
1036.028
 10
1309.529
 20
1035.945
 10
1309.428
 20
1035.876
 10
1309.323
 20
1035.824
 10
1309.213
 20
1035.786
 10
1309.099
 20
1035.763
 10
1308.98
 20
1035.755
 10
1308.909
 20
1035.758
 10
1308.841
 20
1035.765
 10
1308.776
 20
1035.776
 10
1308.714
 20
1035.792
 10
1308.655
 20
1035.812
 10
1308.599
 20
1035.837
 10
1308.546
 20
1035.867
 10
1308.496
 20
1035.901
 10
1308.328
 20
1035.987
 10
1308.112
 20
1036.1
 10
1307.85
 20
1036.241
 10
1307.54
 20
1036.409
 10
1307.184
 20
1036.604
 10
1306.781
 20
1036.827
 10
1306.331
 20
1037.076
 10
1305.834
 20
1037.353
 10
1305.292
 20
1037.65
 10
1304.708
 20
1037.958
 10
1304.082
 20
1038.279
 10
1303.413
 20
1038.612
 10
1302.702
 20
1038.957
 10
1301.948
 20
1039.314
 10
1301.153
 20
1039.683
 10
1300.314
 20
1040.064
 10
1299.438
 20
1040.449
 10
1298.526
 20
1040.83
 10
1297.58
 20
1041.206
 10
1296.599
 20
1041.577
 10
1295.583
 20
1041.944
 10
1294.532
 20
1042.306
 10
1293.446
 20
1042.664
 10
1292.326
 20
1043.018
 10
1291.968
 20
1043.127
 10
1291.597
 20
1043.237
 10
1291.212
 20
1043.348
 10
1290.813
 20
1043.459
 10
1290.401
 20
1043.572
 10
1289.975
 20
1043.685
 10
1289.535
 20
1043.799
 10
1289.082
 20
1043.913
 10
1288.62
 20
1044.027
 10
1288.155
 20
1044.139
 10
1287.685
 20
1044.248
 10
1287.212
 20
1044.355
 10
1286.735
 20
1044.46
 10
1286.255
 20
1044.562
 10
1285.77
 20
1044.662
 10
1285.282
 20
1044.76
 10
1284.795
 20
1044.855
 10
1284.317
 20
1044.947
 10
1283.845
 20
1045.034
 10
1283.382
 20
1045.117
 10
1282.925
 20
1045.197
 10
1282.477
 20
1045.273
 10
1282.036
 20
1045.346
 10
1281.602
 20
1045.414
 10
1281.183
 20
1045.476
 10
1280.784
 20
1045.531
 10
1280.405
 20
1045.576
 10
1280.047
 20
1045.614
 10
1279.709
 20
1045.643
 10
1279.392
 20
1045.664
 10
1279.095
 20
1045.676
 10
1278.819
 20
1045.68
 10
1278.409
 20
1045.671
 10
1278.027
 20
1045.644
 10
1277.674
 20
1045.599
 10
1277.348
 20
1045.535
 10
1277.05
 20
1045.453
 10
1276.781
 20
1045.354
 10
1276.539
 20
1045.235
 10
1276.325
 20
1045.099
 10
1276.138
 20
1044.948
 10
1275.976
 20
1044.785
 10
1275.838
 20
1044.609
 10
1275.726
 20
1044.422
 10
1275.639
 20
1044.222
 10
1275.576
 20
1044.01
 10
1275.539
 20
1043.786
 10
1275.526
 20
1043.55
 10
1275.541
 20
1043.279
 10
1275.584
 20
1042.999
 10
1275.656
 20
1042.71
 10
1275.756
 20
1042.412
 10
1275.886
 20
1042.105
 10
1276.044
 20
1041.789
 10
1276.231
 20
1041.464
 10
1276.446
 20
1041.129
 10
1276.689
 20
1040.79
 10
1276.958
 20
1040.449
 10
1277.252
 20
1040.106
 10
1277.572
 20
1039.762
 10
1277.918
 20
1039.416
 10
1278.289
 20
1039.069
 10
1278.686
 20
1038.72
 10
1279.109
 20
1038.37
 10
1279.864
 20
1037.774
 10
1280.605
 20
1037.196
 10
1281.332
 20
1036.636
 10
1282.044
 20
1036.094
 10
1282.742
 20
1035.571
 10
1283.425
 20
1035.066
 10
1284.095
 20
1034.578
 10
1284.749
 20
1034.109
 10
1285.396
 20
1033.654
 10
1286.043
 20
1033.209
 10
1286.688
 20
1032.774
 10
1287.333
 20
1032.348
 10
1287.977
 20
1031.933
 10
1288.621
 20
1031.527
 10
1289.263
 20
1031.131
 10
1289.905
 20
1030.745
 10
1290.552
 20
1030.364
 10
1291.209
 20
1029.985
 10
1291.877
 20
1029.608
 10
1292.556
 20
1029.232
 10
1293.245
 20
1028.857
 10
1293.945
 20
1028.484
 10
1294.655
 20
1028.113
 10
1295.376
 20
1027.743
 10
1296.113
 20
1027.371
 10
1296.872
 20
1026.994
 10
1297.653
 20
1026.612
 10
1298.456
 20
1026.224
 10
1299.281
 20
1025.831
 10
1300.128
 20
1025.433
 10
1300.997
 20
1025.029
 10
1301.888
 20
1024.62
 10
1302.807
 20
1024.201
 10
1303.762
 20
1023.767
 10
1304.753
 20
1023.318
 10
1305.779
 20
1022.853
 10
1306.841
 20
1022.373
 10
1307.938
 20
1021.879
 10
1309.071
 20
1021.369
 10
1310.239
 20
1020.844
 10
1310.426
 20
1020.752
 10
1310.599
 20
1020.646
 10
1310.759
 20
1020.525
 10
1310.905
 20
1020.39
 10
1311.037
 20
1020.241
 10
1311.156
 20
1020.077
 10
1311.261
 20
1019.899
 10
1311.353
 20
1019.706
 10
1311.432
 20
1019.508
 10
1311.501
 20
1019.314
 10
1311.559
 20
1019.124
 10
1311.607
 20
1018.938
 10
1311.644
 20
1018.755
 10
1311.67
 20
1018.576
 10
1311.686
 20
1018.401
 10
1311.692
 20
1018.23
 10
1311.687
 20
1018.064
 10
1311.673
 20
1017.906
 10
1311.651
 20
1017.755
 10
1311.619
 20
1017.612
 10
1311.578
 20
1017.477
 10
1311.528
 20
1017.349
 10
1311.469
 20
1017.229
 10
1311.401
 20
1017.116
 10
1311.325
 20
1017.016
 10
1311.241
 20
1016.934
 10
1311.149
 20
1016.871
 10
1311.05
 20
1016.826
 10
1310.943
 20
1016.798
 10
1310.829
 20
1016.789
 10
1310.707
 20
1016.798
 10
1310.578
 20
1016.826
 10
1310.141
 20
1017.096
 10
1309.678
 20
1017.373
 10
1309.188
 20
1017.658
 10
1308.672
 20
1017.951
 10
1308.129
 20
1018.251
 10
1307.56
 20
1018.559
 10
1306.964
 20
1018.875
 10
1306.342
 20
1019.198
 10
1305.698
 20
1019.525
 10
1305.036
 20
1019.854
 10
1304.357
 20
1020.185
 10
1303.661
 20
1020.517
 10
1302.947
 20
1020.851
 10
1302.216
 20
1021.186
 10
1301.468
 20
1021.522
 10
1300.702
 20
1021.861
 10
1299.923
 20
1022.198
 10
1299.137
 20
1022.532
 10
1298.344
 20
1022.864
 10
1297.543
 20
1023.192
 10
1296.734
 20
1023.517
 10
1295.918
 20
1023.84
 10
1295.094
 20
1024.159
 10
1294.263
 20
1024.475
 10
1293.43
 20
1024.785
 10
1292.601
 20
1025.088
 10
1291.778
 20
1025.382
 10
1290.958
 20
1025.667
 10
1290.144
 20
1025.944
 10
1289.333
 20
1026.213
 10
1288.528
 20
1026.474
 10
1287.727
 20
1026.726
 10
1286.934
 20
1026.968
 10
1286.153
 20
1027.197
 10
1285.385
 20
1027.413
 10
1284.628
 20
1027.616
 10
1283.884
 20
1027.806
 10
1283.152
 20
1027.983
 10
1282.431
 20
1028.148
 10
1281.723
 20
1028.3
 10
1281.034
 20
1028.436
 10
1280.371
 20
1028.554
 10
1279.733
 20
1028.654
 10
1279.121
 20
1028.735
 10
1278.535
 20
1028.799
 10
1277.974
 20
1028.844
 10
1277.439
 20
1028.872
 10
1276.93
 20
1028.881
 10
1276.032
 20
1028.856
 10
1275.2
 20
1028.782
 10
1274.434
 20
1028.659
 10
1273.735
 20
1028.487
 10
1273.103
 20
1028.266
 10
1272.537
 20
1027.996
 10
1272.038
 20
1027.676
 10
1271.605
 20
1027.307
 10
1271.23
 20
1026.9
 10
1270.906
 20
1026.464
 10
1270.631
 20
1026.001
 10
1270.407
 20
1025.51
 10
1270.232
 20
1024.99
 10
1270.107
 20
1024.443
 10
1270.032
 20
1023.868
 10
1270.007
 20
1023.265
 10
1270.024
 20
1022.713
 10
1270.074
 20
1022.148
 10
1270.157
 20
1021.569
 10
1270.273
 20
1020.977
 10
1270.423
 20
1020.371
 10
1270.606
 20
1019.752
 10
1270.823
 20
1019.118
 10
1271.072
 20
1018.472
 10
1271.351
 20
1017.818
 10
1271.653
 20
1017.163
 10
1271.98
 20
1016.507
 10
1272.331
 20
1015.851
 10
1272.706
 20
1015.194
 10
1273.106
 20
1014.536
 10
1273.529
 20
1013.878
 10
1273.977
 20
1013.219
 10
1274.445
 20
1012.564
 10
1274.927
 20
1011.919
 10
1275.425
 20
1011.284
 10
1275.938
 20
1010.659
 10
1276.466
 20
1010.043
 10
1277.009
 20
1009.438
 10
1277.567
 20
1008.842
 10
1278.141
 20
1008.256
 10
1278.985
 20
1007.443
 10
1279.847
 20
1006.675
 10
1280.728
 20
1005.952
 10
1281.627
 20
1005.273
 10
1282.543
 20
1004.638
 10
1283.478
 20
1004.049
 10
1284.432
 20
1003.504
 10
1285.403
 20
1003.003
 10
1286.385
 20
1002.555
 10
1287.37
 20
1002.167
 10
1288.358
 20
1001.838
 10
1289.349
 20
1001.569
 10
1290.343
 20
1001.36
 10
1291.34
 20
1001.211
 10
1292.34
 20
1001.121
 10
1293.343
 20
1001.091
 10
1294.008
 20
1001.107
 10
1294.647
 20
1001.155
 10
1295.26
 20
1001.234
 10
1295.848
 20
1001.345
 10
1296.41
 20
1001.488
 10
1296.947
 20
1001.663
 10
1297.457
 20
1001.869
 10
1297.942
 20
1002.108
 10
1298.4
 20
1002.372
 10
1298.829
 20
1002.657
 10
1299.229
 20
1002.962
 10
1299.6
 20
1003.288
 10
1299.943
 20
1003.634
 10
1300.257
 20
1004.0
 10
1300.542
 20
1004.387
 10
1300.798
 20
1004.795
 10
1301.025
 20
1005.218
 10
1301.222
 20
1005.652
 10
1301.389
 20
1006.098
 10
1301.525
 20
1006.556
 10
1301.631
 20
1007.024
 10
1301.706
 20
1007.504
 10
1301.752
 20
1007.996
 10
1301.767
 20
1008.498
 10
1301.751
 20
1009.015
 10
1301.702
 20
1009.523
 10
1301.62
 20
1010.022
 10
1301.507
 20
1010.514
 10
1301.36
 20
1010.997
 10
1301.181
 20
1011.471
 10
1300.97
 20
1011.938
 10
1300.726
 20
1012.396
 10
1300.456
 20
1012.843
 10
1300.166
 20
1013.276
 10
1299.857
 20
1013.696
 10
1299.528
 20
1014.102
 10
1299.179
 20
1014.495
 10
1298.81
 20
1014.874
 10
1298.422
 20
1015.239
 10
1298.015
 20
1015.591
 10
1297.594
 20
1015.926
 10
1297.167
 20
1016.243
 10
1296.735
 20
1016.541
 10
1296.296
 20
1016.819
 10
1295.851
 20
1017.079
 10
1295.4
 20
1017.32
 10
1294.943
 20
1017.542
 10
1294.48
 20
1017.745
 10
1294.018
 20
1017.927
 10
1293.562
 20
1018.084
 10
1293.113
 20
1018.217
 10
1292.671
 20
1018.326
 10
1292.236
 20
1018.411
 10
1291.807
 20
1018.472
 10
1291.385
 20
1018.508
 10
1290.97
 20
1018.52
 10
1290.627
 20
1018.508
 10
1290.299
 20
1018.472
 10
1289.986
 20
1018.411
 10
1289.687
 20
1018.326
 10
1289.405
 20
1018.217
 10
1289.137
 20
1018.084
 10
1288.884
 20
1017.927
 10
1288.647
 20
1017.745
 10
1288.431
 20
1017.537
 10
1288.244
 20
1017.301
 10
1288.086
 20
1017.035
 10
1287.957
 20
1016.741
 10
1287.856
 20
1016.418
 10
1287.784
 20
1016.066
 10
1287.741
 20
1015.686
 10
1287.727
 20
1015.276
 10
1287.727
 20
1015.228
 10
1287.728
 20
1015.178
 10
1287.73
 20
1015.128
 10
1287.733
 20
1015.077
 10
1287.736
 20
1015.025
 10
1287.74
 20
1014.972
 10
1287.745
 20
1014.919
 10
1287.751
 20
1014.865
 10
1287.757
 20
1014.81
 10
1287.762
 20
1014.754
 10
1287.766
 20
1014.698
 10
1287.769
 20
1014.641
 10
1287.772
 20
1014.583
 10
1287.774
 20
1014.524
 10
1287.775
 20
1014.465
 10
1287.775
 20
1014.405
 10
1287.775
 20
1014.26
 10
1287.773
 20
1014.176
 10
1287.768
 20
1014.093
 10
1287.758
 20
1014.012
 10
1287.745
 20
1013.933
 10
1287.728
 20
1013.855
 10
1287.707
 20
1013.778
 10
1287.682
 20
1013.704
 10
1287.654
 20
1013.63
 10
1287.623
 20
1013.562
 10
1287.589
 20
1013.503
 10
1287.553
 20
1013.453
 10
1287.515
 20
1013.412
 10
1287.474
 20
1013.381
 10
1287.432
 20
1013.358
 10
1287.387
 20
1013.344
 10
1287.339
 20
1013.34
 10
1287.29
 20
1013.348
 10
1287.24
 20
1013.372
 10
1287.187
 20
1013.411
 10
1287.134
 20
1013.467
 10
1287.078
 20
1013.538
 10
1287.022
 20
1013.626
 10
1286.963
 20
1013.729
 10
1286.904
 20
1013.848
 10
1286.847
 20
1013.988
 10
1286.798
 20
1014.155
 10
1286.756
 20
1014.348
 10
1286.722
 20
1014.568
 10
1286.696
 20
1014.814
 10
1286.677
 20
1015.087
 10
1286.665
 20
1015.386
 10
1286.662
 20
1015.712
 10
1286.682
 20
1016.24
 10
1286.742
 20
1016.733
 10
1286.842
 20
1017.193
 10
1286.982
 20
1017.618
 10
1287.163
 20
1018.01
 10
1287.383
 20
1018.367
 10
1287.644
 20
1018.691
 10
1287.945
 20
1018.98
 10
1288.276
 20
1019.235
 10
1288.63
 20
1019.457
 10
1289.006
 20
1019.644
 10
1289.403
 20
1019.797
 10
1289.823
 20
1019.916
 10
1290.264
 20
1020.001
 10
1290.727
 20
1020.052
 10
1291.213
 20
1020.069
 10
1291.698
 20
1020.054
 10
1292.187
 20
1020.007
 10
1292.679
 20
1019.93
 10
1293.173
 20
1019.821
 10
1293.671
 20
1019.682
 10
1294.172
 20
1019.511
 10
1294.676
 20
1019.309
 10
1295.182
 20
1019.077
 10
1295.686
 20
1018.818
 10
1296.181
 20
1018.537
 10
1296.667
 20
1018.234
 10
1297.143
 20
1017.909
 10
1297.611
 20
1017.562
 10
1298.069
 20
1017.193
 10
1298.518
 20
1016.802
 10
1298.959
 20
1016.39
 10
1299.384
 20
1015.96
 10
1299.788
 20
1015.517
 10
1300.171
 20
1015.061
 10
1300.532
 20
1014.592
 10
1300.873
 20
1014.111
 10
1301.192
 20
1013.617
 10
1301.49
 20
1013.109
 10
1301.767
 20
1012.589
 10
1302.016
 20
1012.061
 10
1302.233
 20
1011.529
 10
1302.416
 20
1010.993
 10
1302.566
 20
1010.453
 10
1302.682
 20
1009.91
 10
1302.765
 20
1009.362
 10
1302.815
 20
1008.811
 10
1302.832
 20
1008.256
 10
1302.813
 20
1007.608
 10
1302.756
 20
1006.972
 10
1302.662
 20
1006.347
 10
1302.529
 20
1005.733
 10
1302.359
 20
1005.13
 10
1302.151
 20
1004.539
 10
1301.905
 20
1003.959
 10
1301.622
 20
1003.391
 10
1301.302
 20
1002.842
 10
1300.948
 20
1002.321
 10
1300.561
 20
1001.828
 10
1300.139
 20
1001.363
 10
1299.683
 20
1000.926
 10
1299.193
 20
1000.518
 10
1298.669
 20
1000.137
 10
1298.112
 20
999.784
 10
1297.523
 20
999.466
 10
1296.906
 20
999.191
 10
1296.261
 20
998.958
 10
1295.588
 20
998.767
 10
1294.887
 20
998.619
 10
1294.158
 20
998.513
 10
1293.401
 20
998.449
 10
1292.617
 20
998.428
 10
1291.855
 20
998.448
 10
1291.096
 20
998.507
 10
1290.339
 20
998.605
 10
1289.585
 20
998.743
 10
1288.832
 20
998.92
 10
1288.082
 20
999.136
 10
1287.334
 20
999.392
 10
1286.589
 20
999.687
 10
1285.85
 20
1000.013
 10
1285.121
 20
1000.363
 10
1284.404
 20
1000.737
 10
1283.696
 20
1001.133
 10
1283.0
 20
1001.554
 10
1282.313
 20
1001.997
 10
1281.638
 20
1002.464
 10
1280.973
 20
1002.955
 10
1280.323
 20
1003.461
 10
1279.691
 20
1003.976
 10
1279.079
 20
1004.499
 10
1278.486
 20
1005.031
 10
1277.911
 20
1005.57
 10
1277.356
 20
1006.118
 10
1276.819
 20
1006.675
 10
1276.301
 20
1007.24
 10
1275.742
 20
1007.873
 10
1275.204
 20
1008.516
 10
1274.686
 20
1009.169
 10
1274.189
 20
1009.83
 10
1273.712
 20
1010.5
 10
1273.255
 20
1011.179
 10
1272.819
 20
1011.868
 10
1272.404
 20
1012.565
 10
1272.01
 20
1013.267
 10
1271.638
 20
1013.968
 10
1271.289
 20
1014.668
 10
1270.963
 20
1015.367
 10
1270.66
 20
1016.066
 10
1270.379
 20
1016.764
 10
1270.121
 20
1017.461
 10
1269.886
 20
1018.157
 10
1269.676
 20
1018.847
 10
1269.494
 20
1019.526
 10
1269.34
 20
1020.194
 10
1269.214
 20
1020.85
 10
1269.116
 20
1021.495
 10
1269.046
 20
1022.128
 10
1269.004
 20
1022.751
 10
1268.99
 20
1023.361
 10
1269.024
 20
1024.238
 10
1269.124
 20
1025.076
 10
1269.29
 20
1025.875
 10
1269.523
 20
1026.635
 10
1269.823
 20
1027.357
 10
1270.189
 20
1028.041
 10
1270.621
 20
1028.686
 10
1271.121
 20
1029.292
 10
1271.694
 20
1029.842
 10
1272.349
 20
1030.319
 10
1273.086
 20
1030.723
 10
1273.905
 20
1031.053
 10
1274.805
 20
1031.31
 10
1275.787
 20
1031.493
 10
1276.85
 20
1031.604
 10
1277.995
 20
1031.64
 10
1278.488
 20
1031.632
 10
1278.999
 20
1031.607
 10
1279.526
 20
1031.565
 10
1280.071
 20
1031.507
 10
1280.634
 20
1031.432
 10
1281.214
 20
1031.341
 10
1281.811
 20
1031.232
 10
1282.425
 20
1031.108
 10
1283.049
 20
1030.972
 10
1283.672
 20
1030.829
 10
1284.295
 20
1030.681
 10
1284.919
 20
1030.527
 10
1285.542
 20
1030.366
 10
1286.165
 20
1030.2
 10
1286.789
 20
1030.027
 10
1287.412
 20
1029.849
 10
1288.027
 20
1029.668
 10
1288.624
 20
1029.489
 10
1289.204
 20
1029.311
 10
1289.766
 20
1029.135
 10
1290.311
 20
1028.96
 10
1290.839
 20
1028.787
 10
1291.349
 20
1028.615
 10
1291.842
 20
1028.445
 10
1291.842
 20
1028.542
 10
1291.069
 20
1028.972
 10
1290.324
 20
1029.39
 10
1289.608
 20
1029.798
 10
1288.919
 20
1030.194
 10
1288.258
 20
1030.579
 10
1287.625
 20
1030.952
 10
1287.021
 20
1031.314
 10
1286.444
 20
1031.664
 10
1285.886
 20
1032.01
 10
1285.338
 20
1032.356
 10
1284.8
 20
1032.703
 10
1284.271
 20
1033.05
 10
1283.753
 20
1033.399
 10
1283.244
 20
1033.748
 10
1282.745
 20
1034.098
 10
1282.256
 20
1034.448
 10
1281.769
 20
1034.805
 10
1281.276
 20
1035.171
 10
1280.776
 20
1035.549
 10
1280.271
 20
1035.937
 10
1279.76
 20
1036.336
 10
1279.242
 20
1036.745
 10
1278.719
 20
1037.165
 10
1278.189
 20
1037.595
 10
1277.753
 20
1037.977
 10
1277.339
 20
1038.373
 10
1276.948
 20
1038.782
 10
1276.579
 20
1039.205
 10
1276.234
 20
1039.641
 10
1275.911
 20
1040.092
 10
1275.61
 20
1040.555
 10
1275.333
 20
1041.033
 10
1275.083
 20
1041.514
 10
1274.867
 20
1041.992
 10
1274.684
 20
1042.465
 10
1274.534
 20
1042.933
 10
1274.417
 20
1043.397
 10
1274.334
 20
1043.856
 10
1274.284
 20
1044.31
 10
1274.268
 20
1044.76
 10
1274.284
 20
1045.152
 10
1274.334
 20
1045.529
 10
1274.417
 20
1045.891
 10
1274.534
 20
1046.237
 10
1274.684
 20
1046.568
 10
1274.867
 20
1046.885
 10
1275.083
 20
1047.186
 10
1275.333
 20
1047.472
 10
1275.622
 20
1047.733
 10
1275.959
 20
1047.959
 10
1276.343
 20
1048.15
 10
1276.773
 20
1048.307
 10
1277.25
 20
1048.429
 10
1277.775
 20
1048.516
 10
1278.346
 20
1048.568
 10
1278.964
 20
1048.585
 10
1279.035
 20
1048.585
 10
1279.103
 20
1048.585
 10
1279.168
 20
1048.585
 10
1279.23
 20
1048.585
 10
1279.289
 20
1048.585
 10
1279.345
 20
1048.585
 10
1279.398
 20
1048.585
 10
1279.448
 20
1048.585
 10
1279.499
 20
1048.584
 10
1279.557
 20
1048.582
 10
1279.62
 20
1048.578
 10
1279.69
 20
1048.573
 10
1279.766
 20
1048.566
 10
1279.847
 20
1048.558
 10
1279.935
 20
1048.548
 10
1280.029
 20
1048.537
 10
1281.188
 20
1048.413
 10
1282.342
 20
1048.258
 10
1283.491
 20
1048.074
 10
1284.634
 20
1047.859
 10
1285.772
 20
1047.614
 10
1286.905
 20
1047.338
 10
1288.033
 20
1047.033
 10
1289.155
 20
1046.697
 10
1290.276
 20
1046.344
 10
1291.399
 20
1045.989
 10
1292.524
 20
1045.63
 10
1293.651
 20
1045.269
 10
1294.781
 20
1044.904
 10
1295.913
 20
1044.537
 10
1297.048
 20
1044.166
 10
1298.184
 20
1043.792
 10
1297.583
 20
1044.184
 10
1296.944
 20
1044.609
 10
1296.264
 20
1045.068
 10
1295.546
 20
1045.559
 10
1294.788
 20
1046.084
 10
1293.99
 20
1046.643
 10
1293.154
 20
1047.234
 10
1292.278
 20
1047.859
 10
1291.378
 20
1048.508
 10
1290.471
 20
1049.172
 10
1289.557
 20
1049.851
 10
1288.634
 20
1050.546
 10
1287.705
 20
1051.255
 10
1286.768
 20
1051.98
 10
1285.823
 20
1052.72
 10
1284.87
 20
1053.475
 10
1283.745
 20
1054.399
 10
1282.692
 20
1055.306
 10
1281.711
 20
1056.196
 10
1280.803
 20
1057.07
 10
1279.968
 20
1057.927
 10
1279.206
 20
1058.767
 10
1278.516
 20
1059.591
 10
1277.899
 20
1060.398
 10
1277.354
 20
1061.18
 10
1276.882
 20
1061.926
 10
1276.483
 20
1062.638
 10
1276.156
 20
1063.315
 10
1275.902
 20
1063.957
 10
1275.72
 20
1064.565
 10
1275.611
 20
1065.137
 10
1275.575
 20
1065.675
 10
1275.625
 20
1066.288
 10
1275.774
 20
1066.819
 10
1276.024
 20
1067.268
 10
1276.374
 20
1067.636
 10
1276.823
 20
1067.922
 10
1277.372
 20
1068.126
 10
1278.021
 20
1068.249
 10
1278.77
 20
1068.29
 10
1279.08
 20
1068.282
 10
1279.406
 20
1068.261
 10
1279.746
 20
1068.225
 10
1280.101
 20
1068.175
 10
1280.472
 20
1068.11
 10
1280.858
 20
1068.031
 10
1281.259
 20
1067.938
 10
1281.675
 20
1067.83
 10
1282.102
 20
1067.707
 10
1282.534
 20
1067.568
 10
1282.973
 20
1067.413
 10
1283.418
 20
1067.243
 10
1283.869
 20
1067.056
 10
1284.326
 20
1066.854
 10
1284.789
 20
1066.636
 10
1285.258
 20
1066.402
 10
1285.8
 20
1066.132
 10
1286.364
 20
1065.855
 10
1286.947
 20
1065.572
 10
1287.551
 20
1065.282
 10
1288.176
 20
1064.985
 10
1288.821
 20
1064.681
 10
1289.486
 20
1064.371
 10
1290.172
 20
1064.053
 10
1290.872
 20
1063.735
 10
1291.58
 20
1063.42
 10
1292.297
 20
1063.108
 10
1293.022
 20
1062.801
 10
1293.755
 20
1062.497
 10
1294.497
 20
1062.197
 10
1295.247
 20
1061.901
 10
1296.006
 20
1061.609
 10
1296.766
 20
1061.324
 10
1297.523
 20
1061.053
 10
1298.276
 20
1060.795
 10
1299.025
 20
1060.549
 10
1299.771
 20
1060.317
 10
1300.513
 20
1060.097
 10
1301.25
 20
1059.89
 10
1301.985
 20
1059.696
 10
1302.71
 20
1059.52
 10
1303.42
 20
1059.368
 10
1304.117
 20
1059.239
 10
1304.799
 20
1059.133
 10
1305.466
 20
1059.051
 10
1306.119
 20
1058.993
 10
1306.758
 20
1058.957
 10
1307.383
 20
1058.946
 10
1308.032
 20
1058.965
 10
1308.649
 20
1059.023
 10
1309.233
 20
1059.119
 10
1309.785
 20
1059.254
 10
1310.305
 20
1059.428
 10
1310.791
 20
1059.64
 10
1311.246
 20
1059.891
 10
1311.667
 20
1060.18
 10
1312.048
 20
1060.517
 10
1312.377
 20
1060.911
 10
1312.656
 20
1061.362
 10
1312.884
 20
1061.869
 10
1313.061
 20
1062.433
 10
1313.188
 20
1063.053
 10
1313.264
 20
1063.731
 10
1313.289
 20
1064.465
 10
1313.289
 20
1064.755
 10
1313.294
 20
1064.926
 10
1313.307
 20
1065.073
 10
1313.33
 20
1065.198
 10
1313.362
 20
1065.3
 10
1313.403
 20
1065.38
 10
1313.453
 20
1065.436
 10
1313.512
 20
1065.47
 10
1313.58
 20
1065.482
 10
1313.628
 20
1065.474
 10
1313.677
 20
1065.451
 10
1313.725
 20
1065.414
 10
1313.773
 20
1065.361
 10
1313.822
 20
1065.293
 10
1313.87
 20
1065.209
 10
1313.919
 20
1065.111
 10
1313.967
 20
1064.997
 10
1314.011
 20
1064.87
 10
1314.046
 20
1064.731
 10
1314.071
 20
1064.58
 10
1314.088
 20
1064.417
 10
1314.096
 20
1064.241
 10
1314.094
 20
1064.053
 10
1314.084
 20
1063.854
 10
1314.064
 20
1063.642
  0
LWPOLYLINE
  5
CB
330
17
100
AcDbEntity
  8
ENGRAVE_V
100
AcDbPolyline
 90
401
 70
1
 10
1308.642
 20
1075.6
 10
1308.632
 20
1075.326
 10
1308.602
 20
1075.06
 10
1308.553
 20
1074.802
 10
1308.484
 20
1074.553
 10
1308.396
 20
1074.312
 10
1308.288
 20
1074.08
 10
1308.16
 20
1073.855
 10
1308.012
 20
1073.639
 10
1307.834
 20
1073.441
 10
1307.616
 20
1073.269
 10
1307.356
 20
1073.123
 10
1307.056
 20
1073.004
 10
1306.715
 20
1072.911
 10
1306.333
 20
1072.845
 10
1305.91
 20
1072.805
 10
1305.446
 20
1072.792
 10
1305.242
 20
1072.794
 10
1305.041
 20
1072.8
 10
1304.843
 20
1072.809
 10
1304.647
 20
1072.822
 10
1304.455
 20
1072.839
 10
1304.266
 20
1072.86
 10
1304.08
 20
1072.885
 10
1303.897
 20
1072.913
 10
1303.714
 20
1072.945
 10
1303.528
 20
1072.978
 10
1303.339
 20
1073.014
 10
1303.147
 20
1073.052
 10
1302.951
 20
1073.093
 10
1302.753
 20
1073.136
 10
1302.552
 20
1073.181
 10
1302.348
 20
1073.228
 10
1302.535
 20
1073.114
 10
1302.732
 20
1072.989
 10
1302.94
 20
1072.853
 10
1303.159
 20
1072.707
 10
1303.388
 20
1072.551
 10
1303.628
 20
1072.384
 10
1303.878
 20
1072.206
 10
1304.139
 20
1072.018
 10
1304.405
 20
1071.821
 10
1304.669
 20
1071.62
 10
1304.931
 20
1071.413
 10
1305.192
 20
1071.201
 10
1305.452
 20
1070.983
 10
1305.709
 20
1070.76
 10
1305.966
 20
1070.532
 10
1306.221
 20
1070.299
 10
1306.47
 20
1070.062
 10
1306.708
 20
1069.824
 10
1306.936
 20
1069.584
 10
1307.153
 20
1069.343
 10
1307.359
 20
1069.1
 10
1307.555
 20
1068.855
 10
1307.741
 20
1068.61
 10
1307.915
 20
1068.362
 10
1308.074
 20
1068.116
 10
1308.212
 20
1067.874
 10
1308.328
 20
1067.635
 10
1308.424
 20
1067.4
 10
1308.498
 20
1067.169
 10
1308.551
 20
1066.942
 10
1308.583
 20
1066.718
 10
1308.593
 20
1066.498
 10
1308.575
 20
1066.191
 10
1308.522
 20
1065.899
 10
1308.433
 20
1065.622
 10
1308.309
 20
1065.361
 10
1308.149
 20
1065.114
 10
1307.953
 20
1064.883
 10
1307.722
 20
1064.666
 10
1307.455
 20
1064.465
 10
1307.16
 20
1064.283
 10
1306.843
 20
1064.126
 10
1306.503
 20
1063.993
 10
1306.142
 20
1063.884
 10
1305.759
 20
1063.799
 10
1305.354
 20
1063.739
 10
1304.927
 20
1063.702
 10
1304.478
 20
1063.69
 10
1303.977
 20
1063.705
 10
1303.467
 20
1063.748
 10
1302.948
 20
1063.82
 10
1302.42
 20
1063.92
 10
1301.883
 20
1064.05
 10
1301.337
 20
1064.208
 10
1300.782
 20
1064.395
 10
1300.218
 20
1064.61
 10
1299.652
 20
1064.851
 10
1299.092
 20
1065.112
 10
1298.538
 20
1065.395
 10
1297.99
 20
1065.699
 10
1297.449
 20
1066.025
 10
1296.913
 20
1066.371
 10
1296.384
 20
1066.739
 10
1295.86
 20
1067.128
 10
1295.352
 20
1067.535
 10
1294.868
 20
1067.957
 10
1294.408
 20
1068.394
 10
1293.972
 20
1068.846
 10
1293.561
 20
1069.314
 10
1293.173
 20
1069.797
 10
1292.81
 20
1070.294
 10
1292.471
 20
1070.807
 10
1292.165
 20
1071.331
 10
1291.899
 20
1071.86
 10
1291.675
 20
1072.396
 10
1291.491
 20
1072.937
 10
1291.348
 20
1073.485
 10
1291.246
 20
1074.039
 10
1291.185
 20
1074.599
 10
1291.164
 20
1075.164
 10
1291.17
 20
1075.441
 10
1291.187
 20
1075.715
 10
1291.215
 20
1075.986
 10
1291.255
 20
1076.254
 10
1291.306
 20
1076.519
 10
1291.368
 20
1076.78
 10
1291.442
 20
1077.039
 10
1291.527
 20
1077.295
 10
1291.625
 20
1077.545
 10
1291.738
 20
1077.788
 10
1291.864
 20
1078.023
 10
1292.005
 20
1078.251
 10
1292.161
 20
1078.471
 10
1292.331
 20
1078.684
 10
1292.515
 20
1078.889
 10
1292.713
 20
1079.086
 10
1292.8
 20
1079.165
 10
1292.889
 20
1079.234
 10
1292.981
 20
1079.292
 10
1293.076
 20
1079.34
 10
1293.175
 20
1079.377
 10
1293.276
 20
1079.404
 10
1293.381
 20
1079.42
 10
1293.488
 20
1079.425
 10
1293.559
 20
1079.421
 10
1293.627
 20
1079.41
 10
1293.692
 20
1079.391
 10
1293.754
 20
1079.364
 10
1293.813
 20
1079.33
 10
1293.869
 20
1079.289
 10
1293.922
 20
1079.24
 10
1293.972
 20
1079.183
 10
1294.016
 20
1079.12
 10
1294.051
 20
1079.053
 10
1294.077
 20
1078.981
 10
1294.093
 20
1078.904
 10
1294.101
 20
1078.823
 10
1294.099
 20
1078.738
 10
1294.089
 20
1078.648
 10
1294.069
 20
1078.553
 10
1293.672
 20
1078.401
 10
1293.328
 20
1078.211
 10
1293.036
 20
1077.984
 10
1292.798
 20
1077.718
 10
1292.613
 20
1077.415
 10
1292.48
 20
1077.074
 10
1292.401
 20
1076.695
 10
1292.374
 20
1076.278
 10
1292.383
 20
1076.068
 10
1292.408
 20
1075.851
 10
1292.449
 20
1075.627
 10
1292.508
 20
1075.394
 10
1292.582
 20
1075.155
 10
1292.674
 20
1074.907
 10
1292.782
 20
1074.652
 10
1292.907
 20
1074.39
 10
1293.089
 20
1074.06
 10
1293.296
 20
1073.726
 10
1293.528
 20
1073.386
 10
1293.785
 20
1073.04
 10
1294.066
 20
1072.69
 10
1294.373
 20
1072.334
 10
1294.705
 20
1071.973
 10
1295.061
 20
1071.606
 10
1295.437
 20
1071.24
 10
1295.824
 20
1070.88
 10
1296.223
 20
1070.526
 10
1296.635
 20
1070.178
 10
1297.059
 20
1069.836
 10
1297.494
 20
1069.5
 10
1297.942
 20
1069.17
 10
1298.402
 20
1068.846
 10
1298.868
 20
1068.533
 10
1299.335
 20
1068.234
 10
1299.803
 20
1067.949
 10
1300.272
 20
1067.678
 10
1300.741
 20
1067.422
 10
1301.212
 20
1067.181
 10
1301.682
 20
1066.953
 10
1302.154
 20
1066.74
 10
1302.621
 20
1066.548
 10
1303.077
 20
1066.38
 10
1303.523
 20
1066.239
 10
1303.958
 20
1066.123
 10
1304.382
 20
1066.033
 10
1304.796
 20
1065.969
 10
1305.199
 20
1065.93
 10
1305.591
 20
1065.917
 10
1305.966
 20
1065.936
 10
1306.29
 20
1065.993
 10
1306.565
 20
1066.088
 10
1306.79
 20
1066.22
 10
1306.964
 20
1066.39
 10
1307.089
 20
1066.598
 10
1307.164
 20
1066.844
 10
1307.189
 20
1067.128
 10
1307.173
 20
1067.395
 10
1307.126
 20
1067.665
 10
1307.046
 20
1067.937
 10
1306.935
 20
1068.211
 10
1306.792
 20
1068.487
 10
1306.617
 20
1068.766
 10
1306.411
 20
1069.047
 10
1306.172
 20
1069.331
 10
1305.91
 20
1069.613
 10
1305.632
 20
1069.893
 10
1305.338
 20
1070.17
 10
1305.029
 20
1070.444
 10
1304.703
 20
1070.715
 10
1304.361
 20
1070.983
 10
1304.004
 20
1071.247
 10
1303.631
 20
1071.509
 10
1303.25
 20
1071.767
 10
1302.87
 20
1072.019
 10
1302.49
 20
1072.266
 10
1302.112
 20
1072.508
 10
1301.734
 20
1072.744
 10
1301.357
 20
1072.975
 10
1300.98
 20
1073.201
 10
1300.605
 20
1073.422
 10
1300.239
 20
1073.633
 10
1299.891
 20
1073.833
 10
1299.561
 20
1074.021
 10
1299.249
 20
1074.196
 10
1298.956
 20
1074.36
 10
1298.68
 20
1074.511
 10
1298.423
 20
1074.65
 10
1298.184
 20
1074.777
 10
1297.864
 20
1074.957
 10
1297.558
 20
1075.134
 10
1297.265
 20
1075.308
 10
1296.986
 20
1075.479
 10
1296.72
 20
1075.647
 10
1296.468
 20
1075.812
 10
1296.23
 20
1075.974
 10
1296.006
 20
1076.133
 10
1295.801
 20
1076.298
 10
1295.624
 20
1076.481
 10
1295.474
 20
1076.68
 10
1295.352
 20
1076.895
 10
1295.257
 20
1077.127
 10
1295.189
 20
1077.376
 10
1295.148
 20
1077.642
 10
1295.134
 20
1077.924
 10
1295.136
 20
1078.057
 10
1295.143
 20
1078.19
 10
1295.154
 20
1078.323
 10
1295.17
 20
1078.457
 10
1295.191
 20
1078.59
 10
1295.216
 20
1078.723
 10
1295.245
 20
1078.856
 10
1295.279
 20
1078.989
 10
1295.312
 20
1079.123
 10
1295.337
 20
1079.258
 10
1295.354
 20
1079.395
 10
1295.364
 20
1079.534
 10
1295.366
 20
1079.674
 10
1295.361
 20
1079.815
 10
1295.348
 20
1079.958
 10
1295.328
 20
1080.103
 10
1295.699
 20
1079.745
 10
1296.087
 20
1079.399
 10
1296.492
 20
1079.064
 10
1296.913
 20
1078.741
 10
1297.351
 20
1078.429
 10
1297.806
 20
1078.128
 10
1298.277
 20
1077.839
 10
1298.765
 20
1077.561
 10
1299.26
 20
1077.297
 10
1299.753
 20
1077.048
 10
1300.244
 20
1076.815
 10
1300.732
 20
1076.599
 10
1301.218
 20
1076.398
 10
1301.702
 20
1076.213
 10
1302.183
 20
1076.044
 10
1302.662
 20
1075.891
 10
1303.131
 20
1075.754
 10
1303.581
 20
1075.636
 10
1304.012
 20
1075.537
 10
1304.423
 20
1075.455
 10
1304.816
 20
1075.391
 10
1305.191
 20
1075.346
 10
1305.546
 20
1075.319
 10
1305.882
 20
1075.31
 10
1306.222
 20
1075.325
 10
1306.517
 20
1075.37
 10
1306.767
 20
1075.446
 10
1306.971
 20
1075.552
 10
1307.13
 20
1075.688
 10
1307.244
 20
1075.854
 10
1307.312
 20
1076.051
 10
1307.334
 20
1076.278
 10
1307.321
 20
1076.474
 10
1307.28
 20
1076.673
 10
1307.212
 20
1076.876
 10
1307.117
 20
1077.083
 10
1306.994
 20
1077.294
 10
1306.844
 20
1077.508
 10
1306.667
 20
1077.726
 10
1306.463
 20
1077.948
 10
1306.238
 20
1078.171
 10
1305.998
 20
1078.393
 10
1305.745
 20
1078.613
 10
1305.476
 20
1078.832
 10
1305.194
 20
1079.049
 10
1304.897
 20
1079.265
 10
1304.586
 20
1079.479
 10
1304.26
 20
1079.691
 10
1303.926
 20
1079.901
 10
1303.591
 20
1080.107
 10
1303.255
 20
1080.31
 10
1302.917
 20
1080.508
 10
1302.577
 20
1080.703
 10
1302.236
 20
1080.894
 10
1301.893
 20
1081.081
 10
1301.549
 20
1081.265
 10
1301.21
 20
1081.442
 10
1300.882
 20
1081.61
 10
1300.565
 20
1081.768
 10
1300.26
 20
1081.918
 10
1299.966
 20
1082.059
 10
1299.683
 20
1082.191
 10
1299.412
 20
1082.313
 10
1299.152
 20
1082.427
 10
1299.153
 20
1082.486
 10
1299.155
 20
1082.543
 10
1299.159
 20
1082.598
 10
1299.165
 20
1082.65
 10
1299.171
 20
1082.701
 10
1299.18
 20
1082.749
 10
1299.189
 20
1082.795
 10
1299.201
 20
1082.838
 10
1299.217
 20
1082.878
 10
1299.243
 20
1082.912
 10
1299.278
 20
1082.941
 10
1299.322
 20
1082.965
 10
1299.375
 20
1082.984
 10
1299.437
 20
1082.997
 10
1299.508
 20
1083.005
 10
1299.588
 20
1083.008
 10
1299.637
 20
1082.994
 10
1299.686
 20
1082.979
 10
1299.737
 20
1082.961
 10
1299.788
 20
1082.941
 10
1299.84
 20
1082.919
 10
1299.892
 20
1082.894
 10
1299.946
 20
1082.867
 10
1300.0
 20
1082.838
 10
1300.059
 20
1082.806
 10
1300.128
 20
1082.77
 10
1300.207
 20
1082.73
 10
1300.296
 20
1082.687
 10
1300.395
 20
1082.639
 10
1300.503
 20
1082.588
 10
1300.622
 20
1082.534
 10
1300.75
 20
1082.475
 10
1300.952
 20
1082.374
 10
1301.171
 20
1082.263
 10
1301.406
 20
1082.144
 10
1301.658
 20
1082.015
 10
1301.926
 20
1081.877
 10
1302.212
 20
1081.731
 10
1302.513
 20
1081.575
 10
1302.832
 20
1081.41
 10
1303.159
 20
1081.237
 10
1303.487
 20
1081.056
 10
1303.816
 20
1080.867
 10
1304.145
 20
1080.672
 10
1304.475
 20
1080.468
 10
1304.806
 20
1080.257
 10
1305.138
 20
1080.038
 10
1305.47
 20
1079.812
 10
1305.797
 20
1079.58
 10
1306.11
 20
1079.343
 10
1306.411
 20
1079.102
 10
1306.699
 20
1078.856
 10
1306.974
 20
1078.606
 10
1307.236
 20
1078.351
 10
1307.485
 20
1078.091
 10
1307.722
 20
1077.827
 10
1307.937
 20
1077.559
 10
1308.124
 20
1077.289
 10
1308.282
 20
1077.015
 10
1308.412
 20
1076.738
 10
1308.512
 20
1076.458
 10
1308.584
 20
1076.175
 10
1308.627
 20
1075.889
 10
1308.642
 20
1075.6
  0
LWPOLYLINE
  5
CC
330
17
100
AcDbEntity
  8
ENGRAVE_V
100
AcDbPolyline
 90
305
 70
1
 10
1299.007
 20
1082.475
 10
1298.786
 20
1082.576
 10
1298.534
 20
1082.684
 10
1298.25
 20
1082.799
 10
1297.936
 20
1082.923
 10
1297.591
 20
1083.054
 10
1297.214
 20
1083.192
 10
1296.807
 20
1083.338
 10
1296.369
 20
1083.492
 10
1295.908
 20
1083.65
 10
1295.435
 20
1083.809
 10
1294.949
 20
1083.97
 10
1294.45
 20
1084.133
 10
1293.938
 20
1084.297
 10
1293.414
 20
1084.463
 10
1292.876
 20
1084.63
 10
1292.326
 20
1084.799
 10
1291.773
 20
1084.963
 10
1291.228
 20
1085.117
 10
1290.69
 20
1085.26
 10
1290.16
 20
1085.392
 10
1289.637
 20
1085.514
 10
1289.122
 20
1085.625
 10
1288.614
 20
1085.726
 10
1288.114
 20
1085.816
 10
1287.927
 20
1085.856
 10
1287.752
 20
1085.903
 10
1287.591
 20
1085.958
 10
1287.442
 20
1086.021
 10
1287.306
 20
1086.092
 10
1287.184
 20
1086.17
 10
1287.073
 20
1086.255
 10
1286.976
 20
1086.348
 10
1286.891
 20
1086.446
 10
1286.817
 20
1086.545
 10
1286.755
 20
1086.645
 10
1286.704
 20
1086.747
 10
1286.664
 20
1086.851
 10
1286.636
 20
1086.956
 10
1286.619
 20
1087.063
 10
1286.613
 20
1087.171
 10
1286.623
 20
1087.327
 10
1286.651
 20
1087.48
 10
1286.698
 20
1087.63
 10
1286.764
 20
1087.776
 10
1286.85
 20
1087.92
 10
1286.954
 20
1088.061
 10
1287.077
 20
1088.198
 10
1287.218
 20
1088.333
 10
1287.378
 20
1088.458
 10
1287.553
 20
1088.566
 10
1287.744
 20
1088.658
 10
1287.951
 20
1088.732
 10
1288.173
 20
1088.791
 10
1288.412
 20
1088.832
 10
1288.667
 20
1088.857
 10
1288.937
 20
1088.866
 10
1289.27
 20
1088.853
 10
1289.591
 20
1088.816
 10
1289.899
 20
1088.753
 10
1290.196
 20
1088.666
 10
1290.48
 20
1088.554
 10
1290.753
 20
1088.416
 10
1291.013
 20
1088.254
 10
1291.261
 20
1088.067
 10
1291.501
 20
1087.861
 10
1291.739
 20
1087.645
 10
1291.974
 20
1087.417
 10
1292.205
 20
1087.177
 10
1292.433
 20
1086.926
 10
1292.659
 20
1086.664
 10
1292.881
 20
1086.391
 10
1293.101
 20
1086.106
 10
1293.112
 20
1086.228
 10
1293.123
 20
1086.351
 10
1293.134
 20
1086.476
 10
1293.143
 20
1086.602
 10
1293.152
 20
1086.73
 10
1293.16
 20
1086.859
 10
1293.167
 20
1086.99
 10
1293.173
 20
1087.123
 10
1293.179
 20
1087.257
 10
1293.184
 20
1087.395
 10
1293.188
 20
1087.536
 10
1293.191
 20
1087.679
 10
1293.194
 20
1087.826
 10
1293.196
 20
1087.976
 10
1293.197
 20
1088.129
 10
1293.197
 20
1088.285
 10
1293.193
 20
1088.853
 10
1293.179
 20
1089.419
 10
1293.157
 20
1089.984
 10
1293.125
 20
1090.548
 10
1293.084
 20
1091.11
 10
1293.034
 20
1091.671
 10
1292.975
 20
1092.23
 10
1292.907
 20
1092.787
 10
1292.977
 20
1092.81
 10
1293.043
 20
1092.83
 10
1293.104
 20
1092.846
 10
1293.161
 20
1092.86
 10
1293.213
 20
1092.87
 10
1293.261
 20
1092.878
 10
1293.304
 20
1092.882
 10
1293.343
 20
1092.884
 10
1293.505
 20
1092.878
 10
1293.679
 20
1092.861
 10
1293.862
 20
1092.833
 10
1294.057
 20
1092.793
 10
1294.262
 20
1092.742
 10
1294.477
 20
1092.68
 10
1294.704
 20
1092.606
 10
1294.94
 20
1092.521
 10
1295.179
 20
1092.43
 10
1295.412
 20
1092.338
 10
1295.639
 20
1092.245
 10
1295.86
 20
1092.152
 10
1296.075
 20
1092.058
 10
1296.284
 20
1091.963
 10
1296.487
 20
1091.867
 10
1296.683
 20
1091.77
 10
1296.803
 20
1091.716
 10
1296.945
 20
1091.649
 10
1297.109
 20
1091.571
 10
1297.295
 20
1091.48
 10
1297.502
 20
1091.377
 10
1297.732
 20
1091.262
 10
1297.983
 20
1091.135
 10
1298.257
 20
1090.996
 10
1298.546
 20
1090.849
 10
1298.844
 20
1090.699
 10
1299.151
 20
1090.546
 10
1299.467
 20
1090.391
 10
1299.792
 20
1090.232
 10
1300.127
 20
1090.07
 10
1300.47
 20
1089.905
 10
1300.823
 20
1089.737
 10
1301.179
 20
1089.571
 10
1301.534
 20
1089.412
 10
1301.887
 20
1089.259
 10
1302.239
 20
1089.114
 10
1302.589
 20
1088.975
 10
1302.938
 20
1088.843
 10
1303.285
 20
1088.718
 10
1303.631
 20
1088.599
 10
1303.969
 20
1088.492
 10
1304.295
 20
1088.398
 10
1304.608
 20
1088.319
 10
1304.908
 20
1088.254
 10
1305.195
 20
1088.204
 10
1305.469
 20
1088.168
 10
1305.73
 20
1088.147
 10
1305.979
 20
1088.139
 10
1306.274
 20
1088.155
 10
1306.53
 20
1088.2
 10
1306.746
 20
1088.276
 10
1306.923
 20
1088.381
 10
1307.061
 20
1088.518
 10
1307.159
 20
1088.684
 10
1307.218
 20
1088.881
 10
1307.238
 20
1089.108
 10
1307.204
 20
1089.349
 10
1307.103
 20
1089.613
 10
1306.935
 20
1089.9
 10
1306.699
 20
1090.209
 10
1306.396
 20
1090.541
 10
1306.026
 20
1090.896
 10
1305.588
 20
1091.273
 10
1305.083
 20
1091.674
 10
1304.519
 20
1092.085
 10
1303.905
 20
1092.497
 10
1303.239
 20
1092.908
 10
1302.523
 20
1093.32
 10
1301.757
 20
1093.731
 10
1300.939
 20
1094.143
 10
1300.071
 20
1094.554
 10
1299.152
 20
1094.966
 10
1299.159
 20
1095.102
 10
1299.18
 20
1095.22
 10
1299.214
 20
1095.32
 10
1299.261
 20
1095.402
 10
1299.323
 20
1095.465
 10
1299.398
 20
1095.51
 10
1299.486
 20
1095.538
 10
1299.588
 20
1095.547
 10
1299.919
 20
1095.409
 10
1300.257
 20
1095.264
 10
1300.603
 20
1095.11
 10
1300.956
 20
1094.948
 10
1301.317
 20
1094.777
 10
1301.685
 20
1094.598
 10
1302.061
 20
1094.411
 10
1302.445
 20
1094.215
 10
1302.829
 20
1094.013
 10
1303.209
 20
1093.805
 10
1303.583
 20
1093.592
 10
1303.951
 20
1093.374
 10
1304.315
 20
1093.151
 10
1304.673
 20
1092.922
 10
1305.026
 20
1092.688
 10
1305.374
 20
1092.448
 10
1305.711
 20
1092.204
 10
1306.033
 20
1091.955
 10
1306.34
 20
1091.702
 10
1306.632
 20
1091.444
 10
1306.909
 20
1091.181
 10
1307.171
 20
1090.914
 10
1307.418
 20
1090.643
 10
1307.649
 20
1090.366
 10
1307.859
 20
1090.087
 10
1308.041
 20
1089.804
 10
1308.195
 20
1089.518
 10
1308.321
 20
1089.229
 10
1308.419
 20
1088.937
 10
1308.489
 20
1088.642
 10
1308.531
 20
1088.344
 10
1308.545
 20
1088.043
 10
1308.533
 20
1087.813
 10
1308.498
 20
1087.583
 10
1308.439
 20
1087.353
 10
1308.357
 20
1087.123
 10
1308.252
 20
1086.893
 10
1308.123
 20
1086.663
 10
1307.97
 20
1086.433
 10
1307.794
 20
1086.203
 10
1307.592
 20
1085.987
 10
1307.36
 20
1085.8
 10
1307.099
 20
1085.642
 10
1306.808
 20
1085.513
 10
1306.488
 20
1085.412
 10
1306.138
 20
1085.34
 10
1305.758
 20
1085.297
 10
1305.349
 20
1085.283
 10
1304.975
 20
1085.292
 10
1304.604
 20
1085.319
 10
1304.234
 20
1085.365
 10
1303.867
 20
1085.428
 10
1303.502
 20
1085.51
 10
1303.139
 20
1085.61
 10
1302.779
 20
1085.728
 10
1302.42
 20
1085.864
 10
1302.066
 20
1086.011
 10
1301.717
 20
1086.164
 10
1301.373
 20
1086.32
 10
1301.035
 20
1086.481
 10
1300.701
 20
1086.647
 10
1300.373
 20
1086.817
 10
1300.051
 20
1086.992
 10
1299.733
 20
1087.171
 10
1299.423
 20
1087.35
 10
1299.122
 20
1087.525
 10
1298.83
 20
1087.695
 10
1298.547
 20
1087.861
 10
1298.273
 20
1088.022
 10
1298.009
 20
1088.179
 10
1297.753
 20
1088.331
 10
1297.506
 20
1088.478
 10
1297.27
 20
1088.614
 10
1297.046
 20
1088.732
 10
1296.835
 20
1088.832
 10
1296.635
 20
1088.914
 10
1296.447
 20
1088.978
 10
1296.272
 20
1089.023
 10
1296.108
 20
1089.05
 10
1295.957
 20
1089.059
 10
1295.747
 20
1089.042
 10
1295.552
 20
1088.991
 10
1295.372
 20
1088.906
 10
1295.207
 20
1088.787
 10
1295.057
 20
1088.634
 10
1294.922
 20
1088.447
 10
1294.803
 20
1088.225
 10
1294.698
 20
1087.97
 10
1294.607
 20
1087.687
 10
1294.526
 20
1087.384
 10
1294.455
 20
1087.061
 10
1294.396
 20
1086.717
 10
1294.347
 20
1086.353
 10
1294.308
 20
1085.968
 10
1294.28
 20
1085.563
 10
1294.263
 20
1085.138
 10
1294.801
 20
1084.927
 10
1295.303
 20
1084.729
 10
1295.769
 20
1084.545
 10
1296.199
 20
1084.375
 10
1296.593
 20
1084.219
 10
1296.95
 20
1084.076
 10
1297.27
 20
1083.946
 10
1297.555
 20
1083.831
 10
1297.82
 20
1083.722
 10
1298.081
 20
1083.616
 10
1298.34
 20
1083.511
 10
1298.596
 20
1083.407
 10
1298.848
 20
1083.305
 10
1299.098
 20
1083.204
 10
1299.345
 20
1083.105
 10
1299.588
 20
1083.008
 10
1299.579
 20
1082.83
 10
1299.552
 20
1082.684
 10
1299.506
 20
1082.57
 10
1299.443
 20
1082.487
 10
1299.361
 20
1082.436
 10
1299.261
 20
1082.417
 10
1299.143
 20
1082.43
 10
1299.007
 20
1082.475
  0
LWPOLYLINE
  5
CD
330
17
100
AcDbEntity
  8
ENGRAVE_V
100
AcDbPolyline
 90
305
 70
1
 10
1299.007
 20
1095.014
 10
1298.786
 20
1095.115
 10
1298.534
 20
1095.223
 10
1298.25
 20
1095.339
 10
1297.936
 20
1095.462
 10
1297.591
 20
1095.593
 10
1297.214
 20
1095.731
 10
1296.807
 20
1095.877
 10
1296.369
 20
1096.031
 10
1295.908
 20
1096.189
 10
1295.435
 20
1096.349
 10
1294.949
 20
1096.51
 10
1294.45
 20
1096.672
 10
1293.938
 20
1096.837
 10
1293.414
 20
1097.002
 10
1292.876
 20
1097.169
 10
1292.326
 20
1097.338
 10
1291.773
 20
1097.502
 10
1291.228
 20
1097.656
 10
1290.69
 20
1097.799
 10
1290.16
 20
1097.931
 10
1289.637
 20
1098.053
 10
1289.122
 20
1098.164
 10
1288.614
 20
1098.265
 10
1288.114
 20
1098.355
 10
1287.927
 20
1098.395
 10
1287.752
 20
1098.443
 10
1287.591
 20
1098.498
 10
1287.442
 20
1098.561
 10
1287.306
 20
1098.631
 10
1287.184
 20
1098.709
 10
1287.073
 20
1098.794
 10
1286.976
 20
1098.887
 10
1286.891
 20
1098.985
 10
1286.817
 20
1099.084
 10
1286.755
 20
1099.185
 10
1286.704
 20
1099.287
 10
1286.664
 20
1099.39
 10
1286.636
 20
1099.496
 10
1286.619
 20
1099.602
 10
1286.613
 20
1099.71
 10
1286.623
 20
1099.866
 10
1286.651
 20
1100.019
 10
1286.698
 20
1100.169
 10
1286.764
 20
1100.316
 10
1286.85
 20
1100.459
 10
1286.954
 20
1100.6
 10
1287.077
 20
1100.738
 10
1287.218
 20
1100.872
 10
1287.378
 20
1100.997
 10
1287.553
 20
1101.105
 10
1287.744
 20
1101.197
 10
1287.951
 20
1101.272
 10
1288.173
 20
1101.33
 10
1288.412
 20
1101.372
 10
1288.667
 20
1101.397
 10
1288.937
 20
1101.405
 10
1289.27
 20
1101.392
 10
1289.591
 20
1101.355
 10
1289.899
 20
1101.293
 10
1290.196
 20
1101.205
 10
1290.48
 20
1101.093
 10
1290.753
 20
1100.955
 10
1291.013
 20
1100.793
 10
1291.261
 20
1100.606
 10
1291.501
 20
1100.401
 10
1291.739
 20
1100.184
 10
1291.974
 20
1099.956
 10
1292.205
 20
1099.716
 10
1292.433
 20
1099.466
 10
1292.659
 20
1099.204
 10
1292.881
 20
1098.93
 10
1293.101
 20
1098.645
 10
1293.112
 20
1098.767
 10
1293.123
 20
1098.89
 10
1293.134
 20
1099.015
 10
1293.143
 20
1099.141
 10
1293.152
 20
1099.269
 10
1293.16
 20
1099.399
 10
1293.167
 20
1099.53
 10
1293.173
 20
1099.662
 10
1293.179
 20
1099.797
 10
1293.184
 20
1099.934
 10
1293.188
 20
1100.075
 10
1293.191
 20
1100.219
 10
1293.194
 20
1100.365
 10
1293.196
 20
1100.515
 10
1293.197
 20
1100.668
 10
1293.197
 20
1100.824
 10
1293.193
 20
1101.392
 10
1293.179
 20
1101.959
 10
1293.157
 20
1102.524
 10
1293.125
 20
1103.087
 10
1293.084
 20
1103.649
 10
1293.034
 20
1104.21
 10
1292.975
 20
1104.769
 10
1292.907
 20
1105.326
 10
1292.977
 20
1105.349
 10
1293.043
 20
1105.369
 10
1293.104
 20
1105.385
 10
1293.161
 20
1105.399
 10
1293.213
 20
1105.41
 10
1293.261
 20
1105.417
 10
1293.304
 20
1105.422
 10
1293.343
 20
1105.423
 10
1293.505
 20
1105.418
 10
1293.679
 20
1105.401
 10
1293.862
 20
1105.372
 10
1294.057
 20
1105.332
 10
1294.262
 20
1105.281
 10
1294.477
 20
1105.219
 10
1294.704
 20
1105.145
 10
1294.94
 20
1105.06
 10
1295.179
 20
1104.969
 10
1295.412
 20
1104.877
 10
1295.639
 20
1104.784
 10
1295.86
 20
1104.691
 10
1296.075
 20
1104.597
 10
1296.284
 20
1104.502
 10
1296.487
 20
1104.406
 10
1296.683
 20
1104.31
 10
1296.803
 20
1104.255
 10
1296.945
 20
1104.189
 10
1297.109
 20
1104.11
 10
1297.295
 20
1104.019
 10
1297.502
 20
1103.916
 10
1297.732
 20
1103.801
 10
1297.983
 20
1103.674
 10
1298.257
 20
1103.535
 10
1298.546
 20
1103.388
 10
1298.844
 20
1103.239
 10
1299.151
 20
1103.086
 10
1299.467
 20
1102.93
 10
1299.792
 20
1102.771
 10
1300.127
 20
1102.609
 10
1300.47
 20
1102.444
 10
1300.823
 20
1102.276
 10
1301.179
 20
1102.11
 10
1301.534
 20
1101.951
 10
1301.887
 20
1101.799
 10
1302.239
 20
1101.653
 10
1302.589
 20
1101.514
 10
1302.938
 20
1101.382
 10
1303.285
 20
1101.257
 10
1303.631
 20
1101.139
 10
1303.969
 20
1101.031
 10
1304.295
 20
1100.937
 10
1304.608
 20
1100.858
 10
1304.908
 20
1100.794
 10
1305.195
 20
1100.743
 10
1305.469
 20
1100.707
 10
1305.73
 20
1100.686
 10
1305.979
 20
1100.679
 10
1306.274
 20
1100.694
 10
1306.53
 20
1100.739
 10
1306.746
 20
1100.815
 10
1306.923
 20
1100.921
 10
1307.061
 20
1101.057
 10
1307.159
 20
1101.223
 10
1307.218
 20
1101.42
 10
1307.238
 20
1101.647
 10
1307.204
 20
1101.888
 10
1307.103
 20
1102.152
 10
1306.935
 20
1102.439
 10
1306.699
 20
1102.748
 10
1306.396
 20
1103.08
 10
1306.026
 20
1103.435
 10
1305.588
 20
1103.813
 10
1305.083
 20
1104.213
 10
1304.519
 20
1104.624
 10
1303.905
 20
1105.036
 10
1303.239
 20
1105.447
 10
1302.523
 20
1105.859
 10
1301.757
 20
1106.27
 10
1300.939
 20
1106.682
 10
1300.071
 20
1107.093
 10
1299.152
 20
1107.505
 10
1299.159
 20
1107.641
 10
1299.18
 20
1107.759
 10
1299.214
 20
1107.859
 10
1299.261
 20
1107.941
 10
1299.323
 20
1108.004
 10
1299.398
 20
1108.05
 10
1299.486
 20
1108.077
 10
1299.588
 20
1108.086
 10
1299.919
 20
1107.949
 10
1300.257
 20
1107.803
 10
1300.603
 20
1107.649
 10
1300.956
 20
1107.487
 10
1301.317
 20
1107.316
 10
1301.685
 20
1107.137
 10
1302.061
 20
1106.95
 10
1302.445
 20
1106.755
 10
1302.829
 20
1106.552
 10
1303.209
 20
1106.345
 10
1303.583
 20
1106.132
 10
1303.951
 20
1105.913
 10
1304.315
 20
1105.69
 10
1304.673
 20
1105.461
 10
1305.026
 20
1105.227
 10
1305.374
 20
1104.987
 10
1305.711
 20
1104.743
 10
1306.033
 20
1104.494
 10
1306.34
 20
1104.241
 10
1306.632
 20
1103.983
 10
1306.909
 20
1103.72
 10
1307.171
 20
1103.453
 10
1307.418
 20
1103.182
 10
1307.649
 20
1102.906
 10
1307.859
 20
1102.626
 10
1308.041
 20
1102.343
 10
1308.195
 20
1102.057
 10
1308.321
 20
1101.768
 10
1308.419
 20
1101.476
 10
1308.489
 20
1101.181
 10
1308.531
 20
1100.883
 10
1308.545
 20
1100.582
 10
1308.533
 20
1100.352
 10
1308.498
 20
1100.122
 10
1308.439
 20
1099.892
 10
1308.357
 20
1099.662
 10
1308.252
 20
1099.432
 10
1308.123
 20
1099.202
 10
1307.97
 20
1098.972
 10
1307.794
 20
1098.742
 10
1307.592
 20
1098.526
 10
1307.36
 20
1098.34
 10
1307.099
 20
1098.182
 10
1306.808
 20
1098.052
 10
1306.488
 20
1097.952
 10
1306.138
 20
1097.88
 10
1305.758
 20
1097.837
 10
1305.349
 20
1097.822
 10
1304.975
 20
1097.831
 10
1304.604
 20
1097.859
 10
1304.234
 20
1097.904
 10
1303.867
 20
1097.967
 10
1303.502
 20
1098.049
 10
1303.139
 20
1098.149
 10
1302.779
 20
1098.267
 10
1302.42
 20
1098.403
 10
1302.066
 20
1098.551
 10
1301.717
 20
1098.703
 10
1301.373
 20
1098.859
 10
1301.035
 20
1099.02
 10
1300.701
 20
1099.186
 10
1300.373
 20
1099.356
 10
1300.051
 20
1099.531
 10
1299.733
 20
1099.71
 10
1299.423
 20
1099.89
 10
1299.122
 20
1100.064
 10
1298.83
 20
1100.235
 10
1298.547
 20
1100.4
 10
1298.273
 20
1100.561
 10
1298.009
 20
1100.718
 10
1297.753
 20
1100.87
 10
1297.506
 20
1101.018
 10
1297.27
 20
1101.154
 10
1297.046
 20
1101.272
 10
1296.835
 20
1101.372
 10
1296.635
 20
1101.453
 10
1296.447
 20
1101.517
 10
1296.272
 20
1101.562
 10
1296.108
 20
1101.589
 10
1295.957
 20
1101.598
 10
1295.747
 20
1101.581
 10
1295.552
 20
1101.53
 10
1295.372
 20
1101.445
 10
1295.207
 20
1101.326
 10
1295.057
 20
1101.173
 10
1294.922
 20
1100.986
 10
1294.803
 20
1100.764
 10
1294.698
 20
1100.509
 10
1294.607
 20
1100.227
 10
1294.526
 20
1099.924
 10
1294.455
 20
1099.6
 10
1294.396
 20
1099.256
 10
1294.347
 20
1098.892
 10
1294.308
 20
1098.508
 10
1294.28
 20
1098.102
 10
1294.263
 20
1097.677
 10
1294.801
 20
1097.466
 10
1295.303
 20
1097.268
 10
1295.769
 20
1097.085
 10
1296.199
 20
1096.914
 10
1296.593
 20
1096.758
 10
1296.95
 20
1096.615
 10
1297.27
 20
1096.486
 10
1297.555
 20
1096.37
 10
1297.82
 20
1096.262
 10
1298.081
 20
1096.155
 10
1298.34
 20
1096.05
 10
1298.596
 20
1095.946
 10
1298.848
 20
1095.844
 10
1299.098
 20
1095.743
 10
1299.345
 20
1095.644
 10
1299.588
 20
1095.547
 10
1299.579
 20
1095.369
 10
1299.552
 20
1095.223
 10
1299.506
 20
1095.109
 10
1299.443
 20
1095.026
 10
1299.361
 20
1094.976
 10
1299.261
 20
1094.957
 10
1299.143
 20
1094.97
 10
1299.007
 20
1095.014
  0
LWPOLYLINE
  5
CE
330
17
100
AcDbEntity
  8
ENGRAVE_V
100
AcDbPolyline
 90
203
 70
1
 10
1308.496
 20
1108.861
 10
1308.48
 20
1108.429
 10
1308.431
 20
1108.032
 10
1308.35
 20
1107.667
 10
1308.236
 20
1107.336
 10
1308.09
 20
1107.038
 10
1307.911
 20
1106.773
 10
1307.699
 20
1106.541
 10
1307.455
 20
1106.343
 10
1307.19
 20
1106.173
 10
1306.915
 20
1106.025
 10
1306.63
 20
1105.901
 10
1306.336
 20
1105.798
 10
1306.031
 20
1105.719
 10
1305.717
 20
1105.662
 10
1305.393
 20
1105.628
 10
1305.059
 20
1105.617
 10
1304.877
 20
1105.62
 10
1304.694
 20
1105.627
 10
1304.511
 20
1105.641
 10
1304.327
 20
1105.659
 10
1304.142
 20
1105.683
 10
1303.956
 20
1105.712
 10
1303.77
 20
1105.747
 10
1303.582
 20
1105.786
 10
1303.397
 20
1105.83
 10
1303.215
 20
1105.876
 10
1303.037
 20
1105.924
 10
1302.862
 20
1105.974
 10
1302.692
 20
1106.026
 10
1302.525
 20
1106.081
 10
1302.362
 20
1106.138
 10
1302.202
 20
1106.198
 10
1293.924
 20
1109.442
 10
1293.828
 20
1109.476
 10
1293.736
 20
1109.505
 10
1293.647
 20
1109.53
 10
1293.561
 20
1109.551
 10
1293.477
 20
1109.566
 10
1293.397
 20
1109.578
 10
1293.32
 20
1109.585
 10
1293.246
 20
1109.587
 10
1293.127
 20
1109.583
 10
1293.011
 20
1109.572
 10
1292.9
 20
1109.553
 10
1292.792
 20
1109.526
 10
1292.688
 20
1109.492
 10
1292.588
 20
1109.451
 10
1292.491
 20
1109.401
 10
1292.399
 20
1109.345
 10
1292.311
 20
1109.286
 10
1292.231
 20
1109.233
 10
1292.157
 20
1109.184
 10
1292.09
 20
1109.139
 10
1292.03
 20
1109.099
 10
1291.977
 20
1109.063
 10
1291.93
 20
1109.032
 10
1291.89
 20
1109.006
 10
1291.793
 20
1111.669
 10
1291.786
 20
1111.844
 10
1291.786
 20
1112.006
 10
1291.795
 20
1112.155
 10
1291.812
 20
1112.292
 10
1291.837
 20
1112.416
 10
1291.871
 20
1112.526
 10
1291.913
 20
1112.624
 10
1291.963
 20
1112.71
 10
1292.019
 20
1112.783
 10
1292.076
 20
1112.847
 10
1292.137
 20
1112.901
 10
1292.199
 20
1112.946
 10
1292.264
 20
1112.98
 10
1292.331
 20
1113.005
 10
1292.4
 20
1113.019
 10
1292.471
 20
1113.024
 10
1292.551
 20
1113.019
 10
1292.647
 20
1113.003
 10
1292.757
 20
1112.977
 10
1292.883
 20
1112.939
 10
1293.024
 20
1112.892
 10
1293.179
 20
1112.834
 10
1293.35
 20
1112.765
 10
1293.536
 20
1112.685
 10
1293.836
 20
1112.559
 10
1294.154
 20
1112.422
 10
1294.49
 20
1112.275
 10
1294.844
 20
1112.116
 10
1295.216
 20
1111.948
 10
1295.606
 20
1111.768
 10
1296.015
 20
1111.579
 10
1296.441
 20
1111.378
 10
1296.878
 20
1111.173
 10
1297.319
 20
1110.968
 10
1297.762
 20
1110.764
 10
1298.208
 20
1110.561
 10
1298.658
 20
1110.359
 10
1299.11
 20
1110.157
 10
1299.565
 20
1109.956
 10
1300.024
 20
1109.756
 10
1300.48
 20
1109.56
 10
1300.929
 20
1109.372
 10
1301.37
 20
1109.191
 10
1301.803
 20
1109.018
 10
1302.229
 20
1108.852
 10
1302.647
 20
1108.694
 10
1303.058
 20
1108.544
 10
1303.461
 20
1108.401
 10
1303.849
 20
1108.27
 10
1304.215
 20
1108.157
 10
1304.557
 20
1108.061
 10
1304.877
 20
1107.983
 10
1305.175
 20
1107.922
 10
1305.449
 20
1107.879
 10
1305.701
 20
1107.853
 10
1305.93
 20
1107.844
 10
1306.085
 20
1107.849
 10
1306.233
 20
1107.864
 10
1306.375
 20
1107.888
 10
1306.511
 20
1107.923
 10
1306.641
 20
1107.967
 10
1306.766
 20
1108.021
 10
1306.884
 20
1108.085
 10
1306.995
 20
1108.159
 10
1307.098
 20
1108.244
 10
1307.186
 20
1108.345
 10
1307.261
 20
1108.459
 10
1307.322
 20
1108.588
 10
1307.37
 20
1108.732
 10
1307.404
 20
1108.889
 10
1307.424
 20
1109.061
 10
1307.431
 20
1109.248
 10
1307.419
 20
1109.502
 10
1307.381
 20
1109.755
 10
1307.319
 20
1110.007
 10
1307.232
 20
1110.259
 10
1307.119
 20
1110.509
 10
1306.982
 20
1110.759
 10
1306.82
 20
1111.009
 10
1306.632
 20
1111.257
 10
1306.425
 20
1111.503
 10
1306.204
 20
1111.746
 10
1305.969
 20
1111.984
 10
1305.719
 20
1112.219
 10
1305.454
 20
1112.45
 10
1305.175
 20
1112.678
 10
1304.882
 20
1112.901
 10
1304.575
 20
1113.121
 10
1304.257
 20
1113.337
 10
1303.933
 20
1113.549
 10
1303.603
 20
1113.758
 10
1303.268
 20
1113.962
 10
1302.926
 20
1114.163
 10
1302.578
 20
1114.36
 10
1302.224
 20
1114.553
 10
1301.864
 20
1114.743
 10
1301.504
 20
1114.927
 10
1301.149
 20
1115.104
 10
1300.802
 20
1115.275
 10
1300.46
 20
1115.439
 10
1300.124
 20
1115.596
 10
1299.794
 20
1115.746
 10
1299.47
 20
1115.889
 10
1299.152
 20
1116.026
 10
1299.159
 20
1116.162
 10
1299.18
 20
1116.28
 10
1299.214
 20
1116.38
 10
1299.261
 20
1116.462
 10
1299.323
 20
1116.525
 10
1299.398
 20
1116.571
 10
1299.486
 20
1116.598
 10
1299.588
 20
1116.607
 10
1299.896
 20
1116.481
 10
1300.214
 20
1116.347
 10
1300.544
 20
1116.203
 10
1300.883
 20
1116.05
 10
1301.233
 20
1115.888
 10
1301.594
 20
1115.717
 10
1301.966
 20
1115.537
 10
1302.348
 20
1115.348
 10
1302.732
 20
1115.151
 10
1303.112
 20
1114.947
 10
1303.486
 20
1114.736
 10
1303.855
 20
1114.519
 10
1304.218
 20
1114.295
 10
1304.576
 20
1114.064
 10
1304.929
 20
1113.826
 10
1305.277
 20
1113.581
 10
1305.615
 20
1113.33
 10
1305.938
 20
1113.073
 10
1306.247
 20
1112.809
 10
1306.542
 20
1112.54
 10
1306.822
 20
1112.265
 10
1307.088
 20
1111.983
 10
1307.339
 20
1111.696
 10
1307.576
 20
1111.402
 10
1307.792
 20
1111.103
 10
1307.979
 20
1110.799
 10
1308.137
 20
1110.489
 10
1308.266
 20
1110.174
 10
1308.367
 20
1109.853
 10
1308.439
 20
1109.528
 10
1308.482
 20
1109.197
 10
1308.496
 20
1108.861
  0
LWPOLYLINE
  5
CF
330
17
100
AcDbEntity
  8
ENGRAVE_V
100
AcDbPolyline
 90
65
 70
1
 10
1288.792
 20
1113.169
 10
1288.784
 20
1113.015
 10
1288.762
 20
1112.865
 10
1288.724
 20
1112.721
 10
1288.671
 20
1112.582
 10
1288.603
 20
1112.449
 10
1288.519
 20
1112.321
 10
1288.421
 20
1112.198
 10
1288.308
 20
1112.08
 10
1288.184
 20
1111.972
 10
1288.053
 20
1111.879
 10
1287.917
 20
1111.8
 10
1287.775
 20
1111.735
 10
1287.627
 20
1111.685
 10
1287.473
 20
1111.649
 10
1287.312
 20
1111.627
 10
1287.146
 20
1111.62
 10
1286.943
 20
1111.631
 10
1286.745
 20
1111.663
 10
1286.552
 20
1111.716
 10
1286.365
 20
1111.79
 10
1286.183
 20
1111.885
 10
1286.006
 20
1112.001
 10
1285.835
 20
1112.139
 10
1285.669
 20
1112.298
 10
1285.516
 20
1112.47
 10
1285.383
 20
1112.646
 10
1285.271
 20
1112.827
 10
1285.179
 20
1113.012
 10
1285.107
 20
1113.202
 10
1285.056
 20
1113.396
 10
1285.026
 20
1113.595
 10
1285.016
 20
1113.799
 10
1285.022
 20
1113.965
 10
1285.043
 20
1114.126
 10
1285.077
 20
1114.28
 10
1285.124
 20
1114.428
 10
1285.186
 20
1114.57
 10
1285.261
 20
1114.707
 10
1285.349
 20
1114.837
 10
1285.451
 20
1114.961
 10
1285.564
 20
1115.074
 10
1285.684
 20
1115.173
 10
1285.812
 20
1115.256
 10
1285.947
 20
1115.324
 10
1286.09
 20
1115.377
 10
1286.241
 20
1115.415
 10
1286.399
 20
1115.437
 10
1286.565
 20
1115.445
 10
1286.78
 20
1115.434
 10
1286.988
 20
1115.403
 10
1287.191
 20
1115.35
 10
1287.388
 20
1115.275
 10
1287.578
 20
1115.18
 10
1287.763
 20
1115.064
 10
1287.942
 20
1114.926
 10
1288.114
 20
1114.767
 10
1288.273
 20
1114.594
 10
1288.411
 20
1114.413
 10
1288.527
 20
1114.225
 10
1288.622
 20
1114.029
 10
1288.696
 20
1113.825
 10
1288.749
 20
1113.614
 10
1288.781
 20
1113.396
 10
1288.792
 20
1113.169
  0
LWPOLYLINE
  5
D0
330
17
100
AcDbEntity
  8
ENGRAVE_V
100
AcDbPolyline
 90
209
 70
1
 10
1308.69
 20
1119.512
 10
1308.672
 20
1119.07
 10
1308.617
 20
1118.639
 10
1308.527
 20
1118.219
 10
1308.399
 20
1117.811
 10
1308.236
 20
1117.414
 10
1308.036
 20
1117.029
 10
1307.8
 20
1116.655
 10
1307.528
 20
1116.292
 10
1307.219
 20
1115.957
 10
1306.871
 20
1115.667
 10
1306.486
 20
1115.422
 10
1306.064
 20
1115.221
 10
1305.603
 20
1115.065
 10
1305.104
 20
1114.953
 10
1304.568
 20
1114.886
 10
1303.994
 20
1114.864
 10
1303.494
 20
1114.878
 10
1302.986
 20
1114.92
 10
1302.471
 20
1114.99
 10
1301.948
 20
1115.088
 10
1301.418
 20
1115.214
 10
1300.88
 20
1115.368
 10
1300.335
 20
1115.55
 10
1299.782
 20
1115.76
 10
1299.229
 20
1115.993
 10
1298.685
 20
1116.244
 10
1298.149
 20
1116.513
 10
1297.621
 20
1116.801
 10
1297.102
 20
1117.106
 10
1296.591
 20
1117.43
 10
1296.088
 20
1117.772
 10
1295.594
 20
1118.132
 10
1295.115
 20
1118.506
 10
1294.659
 20
1118.891
 10
1294.226
 20
1119.287
 10
1293.815
 20
1119.693
 10
1293.427
 20
1120.11
 10
1293.061
 20
1120.537
 10
1292.719
 20
1120.975
 10
1292.399
 20
1121.424
 10
1292.109
 20
1121.878
 10
1291.859
 20
1122.333
 10
1291.646
 20
1122.789
 10
1291.473
 20
1123.246
 10
1291.338
 20
1123.703
 10
1291.241
 20
1124.161
 10
1291.183
 20
1124.62
 10
1291.164
 20
1125.079
 10
1291.172
 20
1125.309
 10
1291.197
 20
1125.536
 10
1291.239
 20
1125.762
 10
1291.297
 20
1125.987
 10
1291.372
 20
1126.21
 10
1291.464
 20
1126.432
 10
1291.572
 20
1126.652
 10
1291.697
 20
1126.871
 10
1291.842
 20
1127.075
 10
1292.011
 20
1127.252
 10
1292.205
 20
1127.402
 10
1292.423
 20
1127.524
 10
1292.665
 20
1127.62
 10
1292.931
 20
1127.688
 10
1293.222
 20
1127.728
 10
1293.536
 20
1127.742
 10
1293.843
 20
1127.728
 10
1294.157
 20
1127.685
 10
1294.478
 20
1127.613
 10
1294.807
 20
1127.512
 10
1295.144
 20
1127.383
 10
1295.488
 20
1127.225
 10
1295.84
 20
1127.038
 10
1296.199
 20
1126.822
 10
1296.559
 20
1126.58
 10
1296.913
 20
1126.314
 10
1297.261
 20
1126.023
 10
1297.603
 20
1125.709
 10
1297.939
 20
1125.37
 10
1298.269
 20
1125.007
 10
1298.593
 20
1124.619
 10
1298.91
 20
1124.208
 10
1299.043
 20
1124.02
 10
1299.174
 20
1123.821
 10
1299.303
 20
1123.609
 10
1299.431
 20
1123.385
 10
1299.557
 20
1123.149
 10
1299.682
 20
1122.901
 10
1299.805
 20
1122.64
 10
1299.927
 20
1122.368
 10
1300.045
 20
1122.09
 10
1300.159
 20
1121.811
 10
1300.266
 20
1121.533
 10
1300.369
 20
1121.255
 10
1300.466
 20
1120.976
 10
1300.558
 20
1120.698
 10
1300.645
 20
1120.419
 10
1300.726
 20
1120.141
 10
1300.8
 20
1119.869
 10
1300.864
 20
1119.609
 10
1300.918
 20
1119.36
 10
1300.962
 20
1119.124
 10
1300.996
 20
1118.9
 10
1301.021
 20
1118.689
 10
1301.036
 20
1118.489
 10
1301.041
 20
1118.301
 10
1301.192
 20
1118.241
 10
1301.355
 20
1118.182
 10
1301.531
 20
1118.123
 10
1301.718
 20
1118.065
 10
1301.918
 20
1118.008
 10
1302.13
 20
1117.952
 10
1302.354
 20
1117.896
 10
1302.59
 20
1117.841
 10
1302.833
 20
1117.79
 10
1303.077
 20
1117.746
 10
1303.323
 20
1117.709
 10
1303.57
 20
1117.678
 10
1303.819
 20
1117.654
 10
1304.069
 20
1117.637
 10
1304.321
 20
1117.627
 10
1304.575
 20
1117.624
 10
1304.874
 20
1117.631
 10
1305.165
 20
1117.654
 10
1305.449
 20
1117.692
 10
1305.725
 20
1117.745
 10
1305.993
 20
1117.813
 10
1306.254
 20
1117.896
 10
1306.508
 20
1117.994
 10
1306.753
 20
1118.108
 10
1306.98
 20
1118.242
 10
1307.177
 20
1118.401
 10
1307.343
 20
1118.587
 10
1307.48
 20
1118.798
 10
1307.586
 20
1119.034
 10
1307.661
 20
1119.297
 10
1307.707
 20
1119.585
 10
1307.722
 20
1119.899
 10
1307.707
 20
1120.295
 10
1307.664
 20
1120.684
 10
1307.592
 20
1121.067
 10
1307.492
 20
1121.442
 10
1307.362
 20
1121.811
 10
1307.204
 20
1122.173
 10
1307.017
 20
1122.528
 10
1306.802
 20
1122.876
 10
1306.564
 20
1123.217
 10
1306.312
 20
1123.548
 10
1306.044
 20
1123.87
 10
1305.761
 20
1124.184
 10
1305.463
 20
1124.488
 10
1305.15
 20
1124.783
 10
1304.821
 20
1125.069
 10
1304.478
 20
1125.346
 10
1304.126
 20
1125.613
 10
1303.773
 20
1125.871
 10
1303.418
 20
1126.118
 10
1303.062
 20
1126.356
 10
1302.704
 20
1126.584
 10
1302.345
 20
1126.803
 10
1301.984
 20
1127.011
 10
1301.622
 20
1127.21
 10
1301.265
 20
1127.398
 10
1300.923
 20
1127.576
 10
1300.593
 20
1127.743
 10
1300.278
 20
1127.899
 10
1299.976
 20
1128.045
 10
1299.688
 20
1128.181
 10
1299.413
 20
1128.306
 10
1299.152
 20
1128.42
 10
1299.159
 20
1128.556
 10
1299.18
 20
1128.674
 10
1299.214
 20
1128.774
 10
1299.261
 20
1128.856
 10
1299.323
 20
1128.919
 10
1299.398
 20
1128.965
 10
1299.486
 20
1128.992
 10
1299.588
 20
1129.001
 10
1299.931
 20
1128.841
 10
1300.281
 20
1128.676
 10
1300.639
 20
1128.505
 10
1301.004
 20
1128.329
 10
1301.377
 20
1128.148
 10
1301.758
 20
1127.961
 10
1302.146
 20
1127.77
 10
1302.541
 20
1127.573
 10
1302.937
 20
1127.368
 10
1303.327
 20
1127.155
 10
1303.709
 20
1126.933
 10
1304.085
 20
1126.701
 10
1304.453
 20
1126.461
 10
1304.815
 20
1126.211
 10
1305.171
 20
1125.952
 10
1305.519
 20
1125.684
 10
1305.856
 20
1125.405
 10
1306.178
 20
1125.113
 10
1306.486
 20
1124.806
 10
1306.778
 20
1124.486
 10
1307.054
 20
1124.153
 10
1307.316
 20
1123.805
 10
1307.563
 20
1123.445
 10
1307.794
 20
1123.07
 10
1308.004
 20
1122.681
 10
1308.186
 20
1122.276
 10
1308.34
 20
1121.855
 10
1308.466
 20
1121.418
 10
1308.564
 20
1120.965
 10
1308.634
 20
1120.497
 10
1308.676
 20
1120.012
 10
1308.69
 20
1119.512
  0
LWPOLYLINE
  5
D1
330
17
100
AcDbEntity
  8
ENGRAVE_V
100
AcDbPolyline
 90
73
 70
1
 10
1300.169
 20
1118.64
 10
1300.161
 20
1118.824
 10
1300.137
 20
1119.037
 10
1300.098
 20
1119.278
 10
1300.042
 20
1119.548
 10
1299.971
 20
1119.847
 10
1299.883
 20
1120.174
 10
1299.78
 20
1120.531
 10
1299.661
 20
1120.916
 10
1299.524
 20
1121.311
 10
1299.369
 20
1121.696
 10
1299.194
 20
1122.073
 10
1299.001
 20
1122.441
 10
1298.789
 20
1122.799
 10
1298.558
 20
1123.149
 10
1298.308
 20
1123.489
 10
1298.039
 20
1123.821
 10
1297.757
 20
1124.126
 10
1297.469
 20
1124.414
 10
1297.173
 20
1124.683
 10
1296.871
 20
1124.934
 10
1296.562
 20
1125.167
 10
1296.246
 20
1125.382
 10
1295.923
 20
1125.579
 10
1295.594
 20
1125.757
 10
1295.268
 20
1125.916
 10
1294.954
 20
1126.054
 10
1294.653
 20
1126.17
 10
1294.365
 20
1126.265
 10
1294.091
 20
1126.34
 10
1293.828
 20
1126.393
 10
1293.579
 20
1126.424
 10
1293.343
 20
1126.435
 10
1293.093
 20
1126.423
 10
1292.877
 20
1126.386
 10
1292.694
 20
1126.326
 10
1292.544
 20
1126.241
 10
1292.427
 20
1126.132
 10
1292.344
 20
1125.999
 10
1292.294
 20
1125.842
 10
1292.278
 20
1125.66
 10
1292.29
 20
1125.508
 10
1292.326
 20
1125.343
 10
1292.387
 20
1125.163
 10
1292.471
 20
1124.97
 10
1292.58
 20
1124.764
 10
1292.713
 20
1124.544
 10
1292.871
 20
1124.31
 10
1293.052
 20
1124.063
 10
1293.263
 20
1123.801
 10
1293.506
 20
1123.524
 10
1293.783
 20
1123.232
 10
1294.093
 20
1122.925
 10
1294.437
 20
1122.603
 10
1294.813
 20
1122.265
 10
1295.223
 20
1121.913
 10
1295.667
 20
1121.545
 10
1295.96
 20
1121.317
 10
1296.26
 20
1121.091
 10
1296.565
 20
1120.869
 10
1296.877
 20
1120.649
 10
1297.195
 20
1120.433
 10
1297.518
 20
1120.22
 10
1297.848
 20
1120.009
 10
1298.184
 20
1119.802
 10
1298.512
 20
1119.604
 10
1298.817
 20
1119.421
 10
1299.099
 20
1119.253
 10
1299.358
 20
1119.1
 10
1299.595
 20
1118.962
 10
1299.809
 20
1118.84
 10
1300.0
 20
1118.733
 10
1300.169
 20
1118.64
  0
LWPOLYLINE
  5
D2
330
17
100
AcDbEntity
  8
ENGRAVE_V
100
AcDbPolyline
 90
329
 70
1
 10
1308.496
 20
1139.507
 10
1308.479
 20
1139.109
 10
1308.427
 20
1138.738
 10
1308.34
 20
1138.395
 10
1308.218
 20
1138.078
 10
1308.061
 20
1137.789
 10
1307.87
 20
1137.528
 10
1307.644
 20
1137.293
 10
1307.383
 20
1137.086
 10
1307.098
 20
1136.904
 10
1306.802
 20
1136.747
 10
1306.493
 20
1136.614
 10
1306.172
 20
1136.505
 10
1305.84
 20
1136.42
 10
1305.495
 20
1136.36
 10
1305.138
 20
1136.323
 10
1304.768
 20
1136.311
 10
1304.659
 20
1136.312
 10
1304.549
 20
1136.314
 10
1304.438
 20
1136.318
 10
1304.327
 20
1136.323
 10
1304.214
 20
1136.33
 10
1304.101
 20
1136.339
 10
1303.987
 20
1136.348
 10
1303.873
 20
1136.36
 10
1303.757
 20
1136.373
 10
1303.641
 20
1136.39
 10
1303.524
 20
1136.41
 10
1303.407
 20
1136.432
 10
1303.288
 20
1136.458
 10
1303.169
 20
1136.487
 10
1303.049
 20
1136.519
 10
1302.929
 20
1136.553
 10
1303.198
 20
1136.381
 10
1303.475
 20
1136.201
 10
1303.758
 20
1136.014
 10
1304.048
 20
1135.821
 10
1304.345
 20
1135.621
 10
1304.649
 20
1135.414
 10
1304.959
 20
1135.2
 10
1305.277
 20
1134.98
 10
1305.592
 20
1134.752
 10
1305.897
 20
1134.517
 10
1306.191
 20
1134.274
 10
1306.475
 20
1134.024
 10
1306.748
 20
1133.766
 10
1307.011
 20
1133.5
 10
1307.263
 20
1133.227
 10
1307.504
 20
1132.947
 10
1307.725
 20
1132.658
 10
1307.917
 20
1132.361
 10
1308.079
 20
1132.056
 10
1308.212
 20
1131.742
 10
1308.315
 20
1131.42
 10
1308.389
 20
1131.09
 10
1308.433
 20
1130.752
 10
1308.448
 20
1130.405
 10
1308.443
 20
1130.245
 10
1308.43
 20
1130.08
 10
1308.407
 20
1129.909
 10
1308.375
 20
1129.733
 10
1308.334
 20
1129.552
 10
1308.285
 20
1129.365
 10
1308.226
 20
1129.174
 10
1308.157
 20
1128.977
 10
1308.076
 20
1128.78
 10
1307.979
 20
1128.589
 10
1307.865
 20
1128.405
 10
1307.734
 20
1128.226
 10
1307.586
 20
1128.054
 10
1307.422
 20
1127.887
 10
1307.241
 20
1127.727
 10
1307.044
 20
1127.573
 10
1306.826
 20
1127.431
 10
1306.584
 20
1127.308
 10
1306.318
 20
1127.204
 10
1306.027
 20
1127.119
 10
1305.713
 20
1127.053
 10
1305.374
 20
1127.005
 10
1305.011
 20
1126.977
 10
1304.623
 20
1126.967
 10
1304.099
 20
1126.982
 10
1303.567
 20
1127.025
 10
1303.028
 20
1127.097
 10
1302.481
 20
1127.197
 10
1301.926
 20
1127.327
 10
1301.364
 20
1127.485
 10
1300.795
 20
1127.672
 10
1300.218
 20
1127.887
 10
1299.641
 20
1128.128
 10
1299.072
 20
1128.39
 10
1298.512
 20
1128.673
 10
1297.96
 20
1128.977
 10
1297.417
 20
1129.302
 10
1296.881
 20
1129.648
 10
1296.355
 20
1130.016
 10
1295.836
 20
1130.405
 10
1295.334
 20
1130.811
 10
1294.856
 20
1131.231
 10
1294.402
 20
1131.664
 10
1293.972
 20
1132.111
 10
1293.567
 20
1132.572
 10
1293.185
 20
1133.046
 10
1292.828
 20
1133.534
 10
1292.495
 20
1134.036
 10
1292.195
 20
1134.547
 10
1291.934
 20
1135.062
 10
1291.714
 20
1135.581
 10
1291.533
 20
1136.106
 10
1291.393
 20
1136.634
 10
1291.293
 20
1137.168
 10
1291.233
 20
1137.706
 10
1291.213
 20
1138.248
 10
1291.227
 20
1138.681
 10
1291.27
 20
1139.107
 10
1291.342
 20
1139.528
 10
1291.442
 20
1139.942
 10
1291.572
 20
1140.351
 10
1291.73
 20
1140.753
 10
1291.917
 20
1141.15
 10
1292.132
 20
1141.54
 10
1291.789
 20
1141.723
 10
1291.435
 20
1141.909
 10
1291.071
 20
1142.098
 10
1290.698
 20
1142.29
 10
1290.315
 20
1142.486
 10
1289.922
 20
1142.684
 10
1289.519
 20
1142.885
 10
1289.107
 20
1143.089
 10
1288.689
 20
1143.295
 10
1288.273
 20
1143.501
 10
1287.857
 20
1143.707
 10
1287.442
 20
1143.912
 10
1287.028
 20
1144.118
 10
1286.615
 20
1144.324
 10
1286.202
 20
1144.53
 10
1285.79
 20
1144.735
 10
1285.383
 20
1144.938
 10
1284.984
 20
1145.135
 10
1284.593
 20
1145.325
 10
1284.211
 20
1145.51
 10
1283.837
 20
1145.689
 10
1283.471
 20
1145.861
 10
1283.113
 20
1146.027
 10
1282.764
 20
1146.188
 10
1282.43
 20
1146.341
 10
1282.115
 20
1146.484
 10
1281.821
 20
1146.619
 10
1281.548
 20
1146.745
 10
1281.295
 20
1146.861
 10
1281.062
 20
1146.968
 10
1280.85
 20
1147.067
 10
1280.658
 20
1147.156
 10
1280.254
 20
1147.337
 10
1279.888
 20
1147.515
 10
1279.561
 20
1147.691
 10
1279.272
 20
1147.864
 10
1279.022
 20
1148.035
 10
1278.811
 20
1148.205
 10
1278.638
 20
1148.371
 10
1278.504
 20
1148.536
 10
1278.396
 20
1148.703
 10
1278.303
 20
1148.879
 10
1278.224
 20
1149.064
 10
1278.159
 20
1149.256
 10
1278.109
 20
1149.457
 10
1278.073
 20
1149.666
 10
1278.051
 20
1149.884
 10
1278.044
 20
1150.109
 10
1278.046
 20
1150.244
 10
1278.051
 20
1150.383
 10
1278.061
 20
1150.526
 10
1278.074
 20
1150.672
 10
1278.091
 20
1150.822
 10
1278.112
 20
1150.976
 10
1278.137
 20
1151.134
 10
1278.165
 20
1151.295
 10
1278.193
 20
1151.459
 10
1278.215
 20
1151.621
 10
1278.232
 20
1151.782
 10
1278.244
 20
1151.943
 10
1278.25
 20
1152.103
 10
1278.251
 20
1152.262
 10
1278.247
 20
1152.421
 10
1278.238
 20
1152.578
 10
1278.315
 20
1152.508
 10
1278.428
 20
1152.418
 10
1278.576
 20
1152.308
 10
1278.758
 20
1152.179
 10
1278.975
 20
1152.03
 10
1279.227
 20
1151.861
 10
1279.514
 20
1151.673
 10
1279.835
 20
1151.465
 10
1280.187
 20
1151.241
 10
1280.563
 20
1151.005
 10
1280.964
 20
1150.757
 10
1281.391
 20
1150.497
 10
1281.842
 20
1150.224
 10
1282.318
 20
1149.94
 10
1282.819
 20
1149.643
 10
1283.345
 20
1149.335
 10
1283.89
 20
1149.017
 10
1284.448
 20
1148.695
 10
1285.019
 20
1148.367
 10
1285.603
 20
1148.034
 10
1286.199
 20
1147.695
 10
1286.808
 20
1147.351
 10
1287.431
 20
1147.002
 10
1288.066
 20
1146.648
 10
1288.709
 20
1146.291
 10
1289.356
 20
1145.937
 10
1290.007
 20
1145.583
 10
1290.662
 20
1145.232
 10
1291.32
 20
1144.881
 10
1291.983
 20
1144.533
 10
1292.649
 20
1144.185
 10
1293.319
 20
1143.84
 10
1293.987
 20
1143.498
 10
1294.648
 20
1143.163
 10
1295.303
 20
1142.836
 10
1295.951
 20
1142.514
 10
1296.592
 20
1142.2
 10
1297.226
 20
1141.893
 10
1297.854
 20
1141.592
 10
1298.475
 20
1141.298
 10
1299.083
 20
1141.015
 10
1299.673
 20
1140.747
 10
1300.245
 20
1140.495
 10
1300.798
 20
1140.257
 10
1301.334
 20
1140.035
 10
1301.851
 20
1139.827
 10
1302.351
 20
1139.635
 10
1302.832
 20
1139.458
 10
1303.29
 20
1139.299
 10
1303.718
 20
1139.162
 10
1304.119
 20
1139.045
 10
1304.49
 20
1138.95
 10
1304.833
 20
1138.876
 10
1305.147
 20
1138.823
 10
1305.432
 20
1138.791
 10
1305.688
 20
1138.78
 10
1305.843
 20
1138.785
 10
1305.992
 20
1138.799
 10
1306.137
 20
1138.821
 10
1306.275
 20
1138.853
 10
1306.409
 20
1138.894
 10
1306.537
 20
1138.944
 10
1306.66
 20
1139.003
 10
1306.778
 20
1139.071
 10
1306.885
 20
1139.15
 10
1306.979
 20
1139.24
 10
1307.058
 20
1139.343
 10
1307.123
 20
1139.458
 10
1307.173
 20
1139.585
 10
1307.209
 20
1139.725
 10
1307.23
 20
1139.876
 10
1307.238
 20
1140.039
 10
1307.223
 20
1140.27
 10
1307.18
 20
1140.502
 10
1307.108
 20
1140.736
 10
1307.008
 20
1140.971
 10
1306.878
 20
1141.208
 10
1306.72
 20
1141.446
 10
1306.533
 20
1141.686
 10
1306.318
 20
1141.927
 10
1306.081
 20
1142.168
 10
1305.829
 20
1142.407
 10
1305.563
 20
1142.643
 10
1305.283
 20
1142.878
 10
1304.988
 20
1143.109
 10
1304.679
 20
1143.339
 10
1304.356
 20
1143.566
 10
1304.018
 20
1143.791
 10
1303.674
 20
1144.012
 10
1303.331
 20
1144.227
 10
1302.99
 20
1144.436
 10
1302.65
 20
1144.639
 10
1302.312
 20
1144.835
 10
1301.976
 20
1145.026
 10
1301.64
 20
1145.21
 10
1301.307
 20
1145.389
 10
1300.982
 20
1145.559
 10
1300.673
 20
1145.717
 10
1300.38
 20
1145.864
 10
1300.103
 20
1146.0
 10
1299.841
 20
1146.125
 10
1299.596
 20
1146.238
 10
1299.366
 20
1146.339
 10
1299.152
 20
1146.43
 10
1299.159
 20
1146.566
 10
1299.18
 20
1146.684
 10
1299.214
 20
1146.784
 10
1299.261
 20
1146.866
 10
1299.323
 20
1146.929
 10
1299.398
 20
1146.975
 10
1299.486
 20
1147.002
 10
1299.588
 20
1147.011
 10
1299.85
 20
1146.897
 10
1300.127
 20
1146.775
 10
1300.419
 20
1146.643
 10
1300.726
 20
1146.503
 10
1301.048
 20
1146.353
 10
1301.386
 20
1146.194
 10
1301.738
 20
1146.026
 10
1302.106
 20
1145.849
 10
1302.48
 20
1145.664
 10
1302.853
 20
1145.471
 10
1303.224
 20
1145.27
 10
1303.594
 20
1145.062
 10
1303.963
 20
1144.847
 10
1304.33
 20
1144.623
 10
1304.695
 20
1144.393
 10
1305.059
 20
1144.154
 10
1305.415
 20
1143.909
 10
1305.756
 20
1143.657
 10
1306.084
 20
1143.398
 10
1306.396
 20
1143.132
 10
1306.695
 20
1142.859
 10
1306.979
 20
1142.579
 10
1307.249
 20
1142.293
 10
1307.504
 20
1142.0
 10
1307.736
 20
1141.702
 10
1307.938
 20
1141.399
 10
1308.109
 20
1141.093
 10
1308.248
 20
1140.784
 10
1308.357
 20
1140.47
 10
1308.434
 20
1140.153
 10
1308.481
 20
1139.832
 10
1308.496
 20
1139.507
  0
LWPOLYLINE
  5
D3
330
17
100
AcDbEntity
  8
ENGRAVE_V
100
AcDbPolyline
 90
97
 70
1
 10
1307.044
 20
1130.744
 10
1307.032
 20
1130.918
 10
1306.997
 20
1131.104
 10
1306.938
 20
1131.3
 10
1306.856
 20
1131.506
 10
1306.751
 20
1131.723
 10
1306.622
 20
1131.951
 10
1306.469
 20
1132.189
 10
1306.293
 20
1132.438
 10
1306.092
 20
1132.695
 10
1305.862
 20
1132.956
 10
1305.605
 20
1133.221
 10
1305.319
 20
1133.491
 10
1305.006
 20
1133.766
 10
1304.664
 20
1134.045
 10
1304.295
 20
1134.329
 10
1303.897
 20
1134.617
 10
1303.398
 20
1134.962
 10
1302.868
 20
1135.319
 10
1302.308
 20
1135.688
 10
1301.718
 20
1136.069
 10
1301.098
 20
1136.463
 10
1300.447
 20
1136.868
 10
1299.767
 20
1137.286
 10
1299.056
 20
1137.715
 10
1298.324
 20
1138.15
 10
1297.582
 20
1138.584
 10
1296.829
 20
1139.016
 10
1296.066
 20
1139.446
 10
1295.292
 20
1139.875
 10
1294.508
 20
1140.302
 10
1293.713
 20
1140.728
 10
1292.907
 20
1141.153
 10
1292.837
 20
1141.067
 10
1292.771
 20
1140.98
 10
1292.71
 20
1140.892
 10
1292.653
 20
1140.802
 10
1292.601
 20
1140.71
 10
1292.553
 20
1140.617
 10
1292.51
 20
1140.523
 10
1292.471
 20
1140.427
 10
1292.437
 20
1140.325
 10
1292.408
 20
1140.215
 10
1292.383
 20
1140.095
 10
1292.362
 20
1139.967
 10
1292.346
 20
1139.829
 10
1292.335
 20
1139.682
 10
1292.328
 20
1139.526
 10
1292.326
 20
1139.361
 10
1292.341
 20
1139.08
 10
1292.385
 20
1138.791
 10
1292.459
 20
1138.496
 10
1292.562
 20
1138.193
 10
1292.695
 20
1137.884
 10
1292.857
 20
1137.569
 10
1293.049
 20
1137.246
 10
1293.27
 20
1136.917
 10
1293.515
 20
1136.584
 10
1293.777
 20
1136.251
 10
1294.056
 20
1135.918
 10
1294.353
 20
1135.585
 10
1294.668
 20
1135.252
 10
1294.999
 20
1134.919
 10
1295.349
 20
1134.587
 10
1295.715
 20
1134.254
 10
1296.094
 20
1133.925
 10
1296.481
 20
1133.603
 10
1296.875
 20
1133.289
 10
1297.276
 20
1132.983
 10
1297.686
 20
1132.684
 10
1298.102
 20
1132.393
 10
1298.527
 20
1132.109
 10
1298.959
 20
1131.833
 10
1299.393
 20
1131.568
 10
1299.823
 20
1131.316
 10
1300.249
 20
1131.077
 10
1300.671
 20
1130.853
 10
1301.09
 20
1130.642
 10
1301.505
 20
1130.444
 10
1301.916
 20
1130.26
 10
1302.324
 20
1130.09
 10
1302.722
 20
1129.937
 10
1303.106
 20
1129.804
 10
1303.475
 20
1129.692
 10
1303.83
 20
1129.6
 10
1304.171
 20
1129.528
 10
1304.498
 20
1129.477
 10
1304.81
 20
1129.447
 10
1305.107
 20
1129.437
 10
1305.561
 20
1129.457
 10
1305.955
 20
1129.518
 10
1306.287
 20
1129.62
 10
1306.56
 20
1129.763
 10
1306.772
 20
1129.947
 10
1306.923
 20
1130.172
 10
1307.014
 20
1130.437
 10
1307.044
 20
1130.744
  0
TEXT
  5
D4
330
17
100
AcDbEntity
  8
LABELS
100
AcDbText
 10
747.9990499782987
 20
1026.0009961800831
 30
0.0
 40
14.0
  1
Front panel — Arch
 72
1
 11
747.9990499782987
 21
1026.0009961800831
 31
0.0
100
AcDbText
 73
2
  0
LWPOLYLINE
  5
D5
330
17
100
AcDbEntity
  8
CUT_OUTSIDE
100
AcDbPolyline
 90
4
 70
1
 10
1238.0
 20
602.0
 10
8.0
 20
602.0
 10
8.0
 20
242.0
 10
1238.0
 20
242.0
  0
CIRCLE
  5
D6
330
17
100
AcDbEntity
  8
CUT_INSIDE
100
AcDbCircle
 10
748.0
 20
532.0
 30
0.0
 40
14.0
  0
LWPOLYLINE
  5
D7
330
17
100
AcDbEntity
  8
CUT_INSIDE
100
AcDbPolyline
 90
50
 70
1
 10
53.0
 20
325.0
 10
52.347
 20
325.043
 10
51.706
 20
325.17
 10
51.087
 20
325.381
 10
50.5
 20
325.67
 10
49.956
 20
326.033
 10
49.464
 20
326.464
 10
49.033
 20
326.956
 10
48.67
 20
327.5
 10
48.381
 20
328.087
 10
48.17
 20
328.706
 10
48.043
 20
329.347
 10
48.0
 20
330.0
 10
48.043
 20
330.653
 10
48.17
 20
331.294
 10
48.381
 20
331.913
 10
48.67
 20
332.5
 10
49.033
 20
333.044
 10
49.464
 20
333.536
 10
49.956
 20
333.967
 10
50.5
 20
334.33
 10
51.087
 20
334.619
 10
51.706
 20
334.83
 10
52.347
 20
334.957
 10
53.0
 20
335.0
 10
123.0
 20
335.0
 10
123.653
 20
334.957
 10
124.294
 20
334.83
 10
124.913
 20
334.619
 10
125.5
 20
334.33
 10
126.044
 20
333.967
 10
126.536
 20
333.536
 10
126.967
 20
333.044
 10
127.33
 20
332.5
 10
127.619
 20
331.913
 10
127.83
 20
331.294
 10
127.957
 20
330.653
 10
128.0
 20
330.0
 10
127.957
 20
329.347
 10
127.83
 20
328.706
 10
127.619
 20
328.087
 10
127.33
 20
327.5
 10
126.967
 20
326.956
 10
126.536
 20
326.464
 10
126.044
 20
326.033
 10
125.5
 20
325.67
 10
124.913
 20
325.381
 10
124.294
 20
325.17
 10
123.653
 20
325.043
 10
123.0
 20
325.0
  0
LWPOLYLINE
  5
D8
330
17
100
AcDbEntity
  8
CUT_INSIDE
100
AcDbPolyline
 90
50
 70
1
 10
1083.0
 20
325.0
 10
1082.347
 20
325.043
 10
1081.706
 20
325.17
 10
1081.087
 20
325.381
 10
1080.5
 20
325.67
 10
1079.956
 20
326.033
 10
1079.464
 20
326.464
 10
1079.033
 20
326.956
 10
1078.67
 20
327.5
 10
1078.381
 20
328.087
 10
1078.17
 20
328.706
 10
1078.043
 20
329.347
 10
1078.0
 20
330.0
 10
1078.043
 20
330.653
 10
1078.17
 20
331.294
 10
1078.381
 20
331.913
 10
1078.67
 20
332.5
 10
1079.033
 20
333.044
 10
1079.464
 20
333.536
 10
1079.956
 20
333.967
 10
1080.5
 20
334.33
 10
1081.087
 20
334.619
 10
1081.706
 20
334.83
 10
1082.347
 20
334.957
 10
1083.0
 20
335.0
 10
1143.0
 20
335.0
 10
1143.653
 20
334.957
 10
1144.294
 20
334.83
 10
1144.913
 20
334.619
 10
1145.5
 20
334.33
 10
1146.044
 20
333.967
 10
1146.536
 20
333.536
 10
1146.967
 20
333.044
 10
1147.33
 20
332.5
 10
1147.619
 20
331.913
 10
1147.83
 20
331.294
 10
1147.957
 20
330.653
 10
1148.0
 20
330.0
 10
1147.957
 20
329.347
 10
1147.83
 20
328.706
 10
1147.619
 20
328.087
 10
1147.33
 20
327.5
 10
1146.967
 20
326.956
 10
1146.536
 20
326.464
 10
1146.044
 20
326.033
 10
1145.5
 20
325.67
 10
1144.913
 20
325.381
 10
1144.294
 20
325.17
 10
1143.653
 20
325.043
 10
1143.0
 20
325.0
  0
LWPOLYLINE
  5
D9
330
17
100
AcDbEntity
  8
CUT_INSIDE
100
AcDbPolyline
 90
50
 70
1
 10
53.0
 20
370.0
 10
52.347
 20
370.043
 10
51.706
 20
370.17
 10
51.087
 20
370.381
 10
50.5
 20
370.67
 10
49.956
 20
371.033
 10
49.464
 20
371.464
 10
49.033
 20
371.956
 10
48.67
 20
372.5
 10
48.381
 20
373.087
 10
48.17
 20
373.706
 10
48.043
 20
374.347
 10
48.0
 20
375.0
 10
48.043
 20
375.653
 10
48.17
 20
376.294
 10
48.381
 20
376.913
 10
48.67
 20
377.5
 10
49.033
 20
378.044
 10
49.464
 20
378.536
 10
49.956
 20
378.967
 10
50.5
 20
379.33
 10
51.087
 20
379.619
 10
51.706
 20
379.83
 10
52.347
 20
379.957
 10
53.0
 20
380.0
 10
123.0
 20
380.0
 10
123.653
 20
379.957
 10
124.294
 20
379.83
 10
124.913
 20
379.619
 10
125.5
 20
379.33
 10
126.044
 20
378.967
 10
126.536
 20
378.536
 10
126.967
 20
378.044
 10
127.33
 20
377.5
 10
127.619
 20
376.913
 10
127.83
 20
376.294
 10
127.957
 20
375.653
 10
128.0
 20
375.0
 10
127.957
 20
374.347
 10
127.83
 20
373.706
 10
127.619
 20
373.087
 10
127.33
 20
372.5
 10
126.967
 20
371.956
 10
126.536
 20
371.464
 10
126.044
 20
371.033
 10
125.5
 20
370.67
 10
124.913
 20
370.381
 10
124.294
 20
370.17
 10
123.653
 20
370.043
 10
123.0
 20
370.0
  0
LWPOLYLINE
  5
DA
330
17
100
AcDbEntity
  8
CUT_INSIDE
100
AcDbPolyline
 90
50
 70
1
 10
1083.0
 20
370.0
 10
1082.347
 20
370.043
 10
1081.706
 20
370.17
 10
1081.087
 20
370.381
 10
1080.5
 20
370.67
 10
1079.956
 20
371.033
 10
1079.464
 20
371.464
 10
1079.033
 20
371.956
 10
1078.67
 20
372.5
 10
1078.381
 20
373.087
 10
1078.17
 20
373.706
 10
1078.043
 20
374.347
 10
1078.0
 20
375.0
 10
1078.043
 20
375.653
 10
1078.17
 20
376.294
 10
1078.381
 20
376.913
 10
1078.67
 20
377.5
 10
1079.033
 20
378.044
 10
1079.464
 20
378.536
 10
1079.956
 20
378.967
 10
1080.5
 20
379.33
 10
1081.087
 20
379.619
 10
1081.706
 20
379.83
 10
1082.347
 20
379.957
 10
1083.0
 20
380.0
 10
1143.0
 20
380.0
 10
1143.653
 20
379.957
 10
1144.294
 20
379.83
 10
1144.913
 20
379.619
 10
1145.5
 20
379.33
 10
1146.044
 20
378.967
 10
1146.536
 20
378.536
 10
1146.967
 20
378.044
 10
1147.33
 20
377.5
 10
1147.619
 20
376.913
 10
1147.83
 20
376.294
 10
1147.957
 20
375.653
 10
1148.0
 20
375.0
 10
1147.957
 20
374.347
 10
1147.83
 20
373.706
 10
1147.619
 20
373.087
 10
1147.33
 20
372.5
 10
1146.967
 20
371.956
 10
1146.536
 20
371.464
 10
1146.044
 20
371.033
 10
1145.5
 20
370.67
 10
1144.913
 20
370.381
 10
1144.294
 20
370.17
 10
1143.653
 20
370.043
 10
1143.0
 20
370.0
  0
LWPOLYLINE
  5
DB
330
17
100
AcDbEntity
  8
CUT_INSIDE
100
AcDbPolyline
 90
50
 70
1
 10
53.0
 20
415.0
 10
52.347
 20
415.043
 10
51.706
 20
415.17
 10
51.087
 20
415.381
 10
50.5
 20
415.67
 10
49.956
 20
416.033
 10
49.464
 20
416.464
 10
49.033
 20
416.956
 10
48.67
 20
417.5
 10
48.381
 20
418.087
 10
48.17
 20
418.706
 10
48.043
 20
419.347
 10
48.0
 20
420.0
 10
48.043
 20
420.653
 10
48.17
 20
421.294
 10
48.381
 20
421.913
 10
48.67
 20
422.5
 10
49.033
 20
423.044
 10
49.464
 20
423.536
 10
49.956
 20
423.967
 10
50.5
 20
424.33
 10
51.087
 20
424.619
 10
51.706
 20
424.83
 10
52.347
 20
424.957
 10
53.0
 20
425.0
 10
123.0
 20
425.0
 10
123.653
 20
424.957
 10
124.294
 20
424.83
 10
124.913
 20
424.619
 10
125.5
 20
424.33
 10
126.044
 20
423.967
 10
126.536
 20
423.536
 10
126.967
 20
423.044
 10
127.33
 20
422.5
 10
127.619
 20
421.913
 10
127.83
 20
421.294
 10
127.957
 20
420.653
 10
128.0
 20
420.0
 10
127.957
 20
419.347
 10
127.83
 20
418.706
 10
127.619
 20
418.087
 10
127.33
 20
417.5
 10
126.967
 20
416.956
 10
126.536
 20
416.464
 10
126.044
 20
416.033
 10
125.5
 20
415.67
 10
124.913
 20
415.381
 10
124.294
 20
415.17
 10
123.653
 20
415.043
 10
123.0
 20
415.0
  0
LWPOLYLINE
  5
DC
330
17
100
AcDbEntity
  8
CUT_INSIDE
100
AcDbPolyline
 90
50
 70
1
 10
1083.0
 20
415.0
 10
1082.347
 20
415.043
 10
1081.706
 20
415.17
 10
1081.087
 20
415.381
 10
1080.5
 20
415.67
 10
1079.956
 20
416.033
 10
1079.464
 20
416.464
 10
1079.033
 20
416.956
 10
1078.67
 20
417.5
 10
1078.381
 20
418.087
 10
1078.17
 20
418.706
 10
1078.043
 20
419.347
 10
1078.0
 20
420.0
 10
1078.043
 20
420.653
 10
1078.17
 20
421.294
 10
1078.381
 20
421.913
 10
1078.67
 20
422.5
 10
1079.033
 20
423.044
 10
1079.464
 20
423.536
 10
1079.956
 20
423.967
 10
1080.5
 20
424.33
 10
1081.087
 20
424.619
 10
1081.706
 20
424.83
 10
1082.347
 20
424.957
 10
1083.0
 20
425.0
 10
1143.0
 20
425.0
 10
1143.653
 20
424.957
 10
1144.294
 20
424.83
 10
1144.913
 20
424.619
 10
1145.5
 20
424.33
 10
1146.044
 20
423.967
 10
1146.536
 20
423.536
 10
1146.967
 20
423.044
 10
1147.33
 20
422.5
 10
1147.619
 20
421.913
 10
1147.83
 20
421.294
 10
1147.957
 20
420.653
 10
1148.0
 20
420.0
 10
1147.957
 20
419.347
 10
1147.83
 20
418.706
 10
1147.619
 20
418.087
 10
1147.33
 20
417.5
 10
1146.967
 20
416.956
 10
1146.536
 20
416.464
 10
1146.044
 20
416.033
 10
1145.5
 20
415.67
 10
1144.913
 20
415.381
 10
1144.294
 20
415.17
 10
1143.653
 20
415.043
 10
1143.0
 20
415.0
  0
LWPOLYLINE
  5
DD
330
17
100
AcDbEntity
  8
CUT_INSIDE
100
AcDbPolyline
 90
50
 70
1
 10
53.0
 20
460.0
 10
52.347
 20
460.043
 10
51.706
 20
460.17
 10
51.087
 20
460.381
 10
50.5
 20
460.67
 10
49.956
 20
461.033
 10
49.464
 20
461.464
 10
49.033
 20
461.956
 10
48.67
 20
462.5
 10
48.381
 20
463.087
 10
48.17
 20
463.706
 10
48.043
 20
464.347
 10
48.0
 20
465.0
 10
48.043
 20
465.653
 10
48.17
 20
466.294
 10
48.381
 20
466.913
 10
48.67
 20
467.5
 10
49.033
 20
468.044
 10
49.464
 20
468.536
 10
49.956
 20
468.967
 10
50.5
 20
469.33
 10
51.087
 20
469.619
 10
51.706
 20
469.83
 10
52.347
 20
469.957
 10
53.0
 20
470.0
 10
123.0
 20
470.0
 10
123.653
 20
469.957
 10
124.294
 20
469.83
 10
124.913
 20
469.619
 10
125.5
 20
469.33
 10
126.044
 20
468.967
 10
126.536
 20
468.536
 10
126.967
 20
468.044
 10
127.33
 20
467.5
 10
127.619
 20
466.913
 10
127.83
 20
466.294
 10
127.957
 20
465.653
 10
128.0
 20
465.0
 10
127.957
 20
464.347
 10
127.83
 20
463.706
 10
127.619
 20
463.087
 10
127.33
 20
462.5
 10
126.967
 20
461.956
 10
126.536
 20
461.464
 10
126.044
 20
461.033
 10
125.5
 20
460.67
 10
124.913
 20
460.381
 10
124.294
 20
460.17
 10
123.653
 20
460.043
 10
123.0
 20
460.0
  0
LWPOLYLINE
  5
DE
330
17
100
AcDbEntity
  8
CUT_INSIDE
100
AcDbPolyline
 90
50
 70
1
 10
1083.0
 20
460.0
 10
1082.347
 20
460.043
 10
1081.706
 20
460.17
 10
1081.087
 20
460.381
 10
1080.5
 20
460.67
 10
1079.956
 20
461.033
 10
1079.464
 20
461.464
 10
1079.033
 20
461.956
 10
1078.67
 20
462.5
 10
1078.381
 20
463.087
 10
1078.17
 20
463.706
 10
1078.043
 20
464.347
 10
1078.0
 20
465.0
 10
1078.043
 20
465.653
 10
1078.17
 20
466.294
 10
1078.381
 20
466.913
 10
1078.67
 20
467.5
 10
1079.033
 20
468.044
 10
1079.464
 20
468.536
 10
1079.956
 20
468.967
 10
1080.5
 20
469.33
 10
1081.087
 20
469.619
 10
1081.706
 20
469.83
 10
1082.347
 20
469.957
 10
1083.0
 20
470.0
 10
1143.0
 20
470.0
 10
1143.653
 20
469.957
 10
1144.294
 20
469.83
 10
1144.913
 20
469.619
 10
1145.5
 20
469.33
 10
1146.044
 20
468.967
 10
1146.536
 20
468.536
 10
1146.967
 20
468.044
 10
1147.33
 20
467.5
 10
1147.619
 20
466.913
 10
1147.83
 20
466.294
 10
1147.957
 20
465.653
 10
1148.0
 20
465.0
 10
1147.957
 20
464.347
 10
1147.83
 20
463.706
 10
1147.619
 20
463.087
 10
1147.33
 20
462.5
 10
1146.967
 20
461.956
 10
1146.536
 20
461.464
 10
1146.044
 20
461.033
 10
1145.5
 20
460.67
 10
1144.913
 20
460.381
 10
1144.294
 20
460.17
 10
1143.653
 20
460.043
 10
1143.0
 20
460.0
  0
LWPOLYLINE
  5
DF
330
17
100
AcDbEntity
  8
CUT_INSIDE
100
AcDbPolyline
 90
50
 70
1
 10
53.0
 20
505.0
 10
52.347
 20
505.043
 10
51.706
 20
505.17
 10
51.087
 20
505.381
 10
50.5
 20
505.67
 10
49.956
 20
506.033
 10
49.464
 20
506.464
 10
49.033
 20
506.956
 10
48.67
 20
507.5
 10
48.381
 20
508.087
 10
48.17
 20
508.706
 10
48.043
 20
509.347
 10
48.0
 20
510.0
 10
48.043
 20
510.653
 10
48.17
 20
511.294
 10
48.381
 20
511.913
 10
48.67
 20
512.5
 10
49.033
 20
513.044
 10
49.464
 20
513.536
 10
49.956
 20
513.967
 10
50.5
 20
514.33
 10
51.087
 20
514.619
 10
51.706
 20
514.83
 10
52.347
 20
514.957
 10
53.0
 20
515.0
 10
123.0
 20
515.0
 10
123.653
 20
514.957
 10
124.294
 20
514.83
 10
124.913
 20
514.619
 10
125.5
 20
514.33
 10
126.044
 20
513.967
 10
126.536
 20
513.536
 10
126.967
 20
513.044
 10
127.33
 20
512.5
 10
127.619
 20
511.913
 10
127.83
 20
511.294
 10
127.957
 20
510.653
 10
128.0
 20
510.0
 10
127.957
 20
509.347
 10
127.83
 20
508.706
 10
127.619
 20
508.087
 10
127.33
 20
507.5
 10
126.967
 20
506.956
 10
126.536
 20
506.464
 10
126.044
 20
506.033
 10
125.5
 20
505.67
 10
124.913
 20
505.381
 10
124.294
 20
505.17
 10
123.653
 20
505.043
 10
123.0
 20
505.0
  0
LWPOLYLINE
  5
E0
330
17
100
AcDbEntity
  8
CUT_INSIDE
100
AcDbPolyline
 90
50
 70
1
 10
1083.0
 20
505.0
 10
1082.347
 20
505.043
 10
1081.706
 20
505.17
 10
1081.087
 20
505.381
 10
1080.5
 20
505.67
 10
1079.956
 20
506.033
 10
1079.464
 20
506.464
 10
1079.033
 20
506.956
 10
1078.67
 20
507.5
 10
1078.381
 20
508.087
 10
1078.17
 20
508.706
 10
1078.043
 20
509.347
 10
1078.0
 20
510.0
 10
1078.043
 20
510.653
 10
1078.17
 20
511.294
 10
1078.381
 20
511.913
 10
1078.67
 20
512.5
 10
1079.033
 20
513.044
 10
1079.464
 20
513.536
 10
1079.956
 20
513.967
 10
1080.5
 20
514.33
 10
1081.087
 20
514.619
 10
1081.706
 20
514.83
 10
1082.347
 20
514.957
 10
1083.0
 20
515.0
 10
1143.0
 20
515.0
 10
1143.653
 20
514.957
 10
1144.294
 20
514.83
 10
1144.913
 20
514.619
 10
1145.5
 20
514.33
 10
1146.044
 20
513.967
 10
1146.536
 20
513.536
 10
1146.967
 20
513.044
 10
1147.33
 20
512.5
 10
1147.619
 20
511.913
 10
1147.83
 20
511.294
 10
1147.957
 20
510.653
 10
1148.0
 20
510.0
 10
1147.957
 20
509.347
 10
1147.83
 20
508.706
 10
1147.619
 20
508.087
 10
1147.33
 20
507.5
 10
1146.967
 20
506.956
 10
1146.536
 20
506.464
 10
1146.044
 20
506.033
 10
1145.5
 20
505.67
 10
1144.913
 20
505.381
 10
1144.294
 20
505.17
 10
1143.653
 20
505.043
 10
1143.0
 20
505.0
  0
LWPOLYLINE
  5
E1
330
17
100
AcDbEntity
  8
CUT_DOOR
100
AcDbPolyline
 90
4
 70
1
 10
1198.0
 20
562.0
 10
296.0
 20
562.0
 10
296.0
 20
282.0
 10
1198.0
 20
282.0
  0
CIRCLE
  5
E2
330
17
100
AcDbEntity
  8
DRILL_7
100
AcDbCircle
 10
1178.0
 20
251.0
 30
0.0
 40
3.5
  0
CIRCLE
  5
E3
330
17
100
AcDbEntity
  8
DRILL_7
100
AcDbCircle
 10
1178.0
 20
593.0
 30
0.0
 40
3.5
  0
CIRCLE
  5
E4
330
17
100
AcDbEntity
  8
DRILL_7
100
AcDbCircle
 10
988.0
 20
251.0
 30
0.0
 40
3.5
  0
CIRCLE
  5
E5
330
17
100
AcDbEntity
  8
DRILL_7
100
AcDbCircle
 10
988.0
 20
593.0
 30
0.0
 40
3.5
  0
CIRCLE
  5
E6
330
17
100
AcDbEntity
  8
DRILL_7
100
AcDbCircle
 10
758.0
 20
251.0
 30
0.0
 40
3.5
  0
CIRCLE
  5
E7
330
17
100
AcDbEntity
  8
DRILL_7
100
AcDbCircle
 10
758.0
 20
593.0
 30
0.0
 40
3.5
  0
CIRCLE
  5
E8
330
17
100
AcDbEntity
  8
DRILL_7
100
AcDbCircle
 10
518.0
 20
251.0
 30
0.0
 40
3.5
  0
CIRCLE
  5
E9
330
17
100
AcDbEntity
  8
DRILL_7
100
AcDbCircle
 10
518.0
 20
593.0
 30
0.0
 40
3.5
  0
CIRCLE
  5
EA
330
17
100
AcDbEntity
  8
DRILL_7
100
AcDbCircle
 10
278.0
 20
251.0
 30
0.0
 40
3.5
  0
CIRCLE
  5
EB
330
17
100
AcDbEntity
  8
DRILL_7
100
AcDbCircle
 10
278.0
 20
593.0
 30
0.0
 40
3.5
  0
CIRCLE
  5
EC
330
17
100
AcDbEntity
  8
DRILL_7
100
AcDbCircle
 10
188.0
 20
251.0
 30
0.0
 40
3.5
  0
CIRCLE
  5
ED
330
17
100
AcDbEntity
  8
DRILL_7
100
AcDbCircle
 10
188.0
 20
593.0
 30
0.0
 40
3.5
  0
CIRCLE
  5
EE
330
17
100
AcDbEntity
  8
DRILL_7
100
AcDbCircle
 10
68.0
 20
251.0
 30
0.0
 40
3.5
  0
CIRCLE
  5
EF
330
17
100
AcDbEntity
  8
DRILL_7
100
AcDbCircle
 10
68.0
 20
593.0
 30
0.0
 40
3.5
  0
CIRCLE
  5
F0
330
17
100
AcDbEntity
  8
DRILL_7
100
AcDbCircle
 10
272.0
 20
312.0
 30
0.0
 40
3.5
  0
CIRCLE
  5
F1
330
17
100
AcDbEntity
  8
DRILL_7
100
AcDbCircle
 10
272.0
 20
532.0
 30
0.0
 40
3.5
  0
CIRCLE
  5
F2
330
17
100
AcDbEntity
  8
DRILL_7
100
AcDbCircle
 10
17.0
 20
312.0
 30
0.0
 40
3.5
  0
CIRCLE
  5
F3
330
17
100
AcDbEntity
  8
DRILL_7
100
AcDbCircle
 10
17.0
 20
532.0
 30
0.0
 40
3.5
  0
CIRCLE
  5
F4
330
17
100
AcDbEntity
  8
DRILL_7
100
AcDbCircle
 10
17.0
 20
422.0
 30
0.0
 40
3.5
  0
TEXT
  5
F5
330
17
100
AcDbEntity
  8
LABELS
100
AcDbText
 10
623.0
 20
422.0
 30
0.0
 40
14.0
  1
Back panel (with door)
 72
1
 11
623.0
 21
422.0
 31
0.0
100
AcDbText
 73
2
  0
LWPOLYLINE
  5
F6
330
17
100
AcDbEntity
  8
CUT_OUTSIDE
100
AcDbPolyline
 90
4
 70
1
 10
1238.0
 20
836.0
 10
8.0
 20
836.0
 10
8.0
 20
612.0
 10
1238.0
 20
612.0
  0
LWPOLYLINE
  5
F7
330
17
100
AcDbEntity
  8
CUT_INSIDE
100
AcDbPolyline
 90
50
 70
1
 10
494.0
 20
767.0
 10
494.145
 20
769.219
 10
494.579
 20
771.4
 10
495.294
 20
773.506
 10
496.278
 20
775.5
 10
497.513
 20
777.349
 10
498.979
 20
779.021
 10
500.651
 20
780.487
 10
502.5
 20
781.722
 10
504.494
 20
782.706
 10
506.6
 20
783.421
 10
508.781
 20
783.855
 10
511.0
 20
784.0
 10
513.219
 20
783.855
 10
515.4
 20
783.421
 10
517.506
 20
782.706
 10
519.5
 20
781.722
 10
521.349
 20
780.487
 10
523.021
 20
779.021
 10
524.487
 20
777.349
 10
525.722
 20
775.5
 10
526.706
 20
773.506
 10
527.421
 20
771.4
 10
527.855
 20
769.219
 10
528.0
 20
767.0
 10
528.0
 20
681.0
 10
527.855
 20
678.781
 10
527.421
 20
676.6
 10
526.706
 20
674.494
 10
525.722
 20
672.5
 10
524.487
 20
670.651
 10
523.021
 20
668.979
 10
521.349
 20
667.513
 10
519.5
 20
666.278
 10
517.506
 20
665.294
 10
515.4
 20
664.579
 10
513.219
 20
664.145
 10
511.0
 20
664.0
 10
508.781
 20
664.145
 10
506.6
 20
664.579
 10
504.494
 20
665.294
 10
502.5
 20
666.278
 10
500.651
 20
667.513
 10
498.979
 20
668.979
 10
497.513
 20
670.651
 10
496.278
 20
672.5
 10
495.294
 20
674.494
 10
494.579
 20
676.6
 10
494.145
 20
678.781
 10
494.0
 20
681.0
  0
CIRCLE
  5
F8
330
17
100
AcDbEntity
  8
CUT_INSIDE
100
AcDbCircle
 10
1168.0
 20
724.0
 30
0.0
 40
22.0
  0
CIRCLE
  5
F9
330
17
100
AcDbEntity
  8
DRILL_7
100
AcDbCircle
 10
272.0
 20
657.0
 30
0.0
 40
3.5
  0
CIRCLE
  5
FA
330
17
100
AcDbEntity
  8
DRILL_7
100
AcDbCircle
 10
272.0
 20
724.0
 30
0.0
 40
3.5
  0
CIRCLE
  5
FB
330
17
100
AcDbEntity
  8
DRILL_7
100
AcDbCircle
 10
272.0
 20
791.0
 30
0.0
 40
3.5
  0
CIRCLE
  5
FC
330
17
100
AcDbEntity
  8
DRILL_7
100
AcDbCircle
 10
17.0
 20
657.0
 30
0.0
 40
3.5
  0
CIRCLE
  5
FD
330
17
100
AcDbEntity
  8
DRILL_7
100
AcDbCircle
 10
17.0
 20
724.0
 30
0.0
 40
3.5
  0
CIRCLE
  5
FE
330
17
100
AcDbEntity
  8
DRILL_7
100
AcDbCircle
 10
17.0
 20
791.0
 30
0.0
 40
3.5
  0
TEXT
  5
FF
330
17
100
AcDbEntity
  8
LABELS
100
AcDbText
 10
623.0
 20
724.0
 30
0.0
 40
14.0
  1
Side panel 1
 72
1
 11
623.0
 21
724.0
 31
0.0
100
AcDbText
 73
2
  0
LWPOLYLINE
  5
100
330
17
100
AcDbEntity
  8
CUT_OUTSIDE
100
AcDbPolyline
 90
4
 70
1
 10
1238.0
 20
232.0
 10
8.0
 20
232.0
 10
8.0
 20
8.0
 10
1238.0
 20
8.0
  0
LWPOLYLINE
  5
101
330
17
100
AcDbEntity
  8
CUT_INSIDE
100
AcDbPolyline
 90
50
 70
1
 10
494.0
 20
163.0
 10
494.145
 20
165.219
 10
494.579
 20
167.4
 10
495.294
 20
169.506
 10
496.278
 20
171.5
 10
497.513
 20
173.349
 10
498.979
 20
175.021
 10
500.651
 20
176.487
 10
502.5
 20
177.722
 10
504.494
 20
178.706
 10
506.6
 20
179.421
 10
508.781
 20
179.855
 10
511.0
 20
180.0
 10
513.219
 20
179.855
 10
515.4
 20
179.421
 10
517.506
 20
178.706
 10
519.5
 20
177.722
 10
521.349
 20
176.487
 10
523.021
 20
175.021
 10
524.487
 20
173.349
 10
525.722
 20
171.5
 10
526.706
 20
169.506
 10
527.421
 20
167.4
 10
527.855
 20
165.219
 10
528.0
 20
163.0
 10
528.0
 20
77.0
 10
527.855
 20
74.781
 10
527.421
 20
72.6
 10
526.706
 20
70.494
 10
525.722
 20
68.5
 10
524.487
 20
66.651
 10
523.021
 20
64.979
 10
521.349
 20
63.513
 10
519.5
 20
62.278
 10
517.506
 20
61.294
 10
515.4
 20
60.579
 10
513.219
 20
60.145
 10
511.0
 20
60.0
 10
508.781
 20
60.145
 10
506.6
 20
60.579
 10
504.494
 20
61.294
 10
502.5
 20
62.278
 10
500.651
 20
63.513
 10
498.979
 20
64.979
 10
497.513
 20
66.651
 10
496.278
 20
68.5
 10
495.294
 20
70.494
 10
494.579
 20
72.6
 10
494.145
 20
74.781
 10
494.0
 20
77.0
  0
CIRCLE
  5
102
330
17
100
AcDbEntity
  8
DRILL_7
100
AcDbCircle
 10
272.0
 20
53.0
 30
0.0
 40
3.5
  0
CIRCLE
  5
103
330
17
100
AcDbEntity
  8
DRILL_7
100
AcDbCircle
 10
272.0
 20
120.0
 30
0.0
 40
3.5
  0
CIRCLE
  5
104
330
17
100
AcDbEntity
  8
DRILL_7
100
AcDbCircle
 10
272.0
 20
187.0
 30
0.0
 40
3.5
  0
CIRCLE
  5
105
330
17
100
AcDbEntity
  8
DRILL_7
100
AcDbCircle
 10
17.0
 20
53.0
 30
0.0
 40
3.5
  0
CIRCLE
  5
106
330
17
100
AcDbEntity
  8
DRILL_7
100
AcDbCircle
 10
17.0
 20
120.0
 30
0.0
 40
3.5
  0
CIRCLE
  5
107
330
17
100
AcDbEntity
  8
DRILL_7
100
AcDbCircle
 10
17.0
 20
187.0
 30
0.0
 40
3.5
  0
TEXT
  5
108
330
17
100
AcDbEntity
  8
LABELS
100
AcDbText
 10
623.0
 20
120.0
 30
0.0
 40
14.0
  1
Side panel 2
 72
1
 11
623.0
 21
120.0
 31
0.0
100
AcDbText
 73
2
  0
LWPOLYLINE
  5
109
330
17
100
AcDbEntity
  8
CUT_OUTSIDE
100
AcDbPolyline
 90
88
 70
1
 10
1615.997
 20
582.003
 10
1616.0
 20
582.074
 10
1616.0
 20
619.0
 10
1616.014
 20
619.294
 10
1616.058
 20
619.585
 10
1616.129
 20
619.871
 10
1616.228
 20
620.148
 10
1616.354
 20
620.414
 10
1616.506
 20
620.667
 10
1616.681
 20
620.903
 10
1616.879
 20
621.121
 10
1617.097
 20
621.319
 10
1617.333
 20
621.494
 10
1617.586
 20
621.646
 10
1617.852
 20
621.772
 10
1618.129
 20
621.871
 10
1618.415
 20
621.942
 10
1618.706
 20
621.986
 10
1619.0
 20
622.0
 10
1887.0
 20
622.0
 10
1887.294
 20
621.986
 10
1887.585
 20
621.942
 10
1887.871
 20
621.871
 10
1888.148
 20
621.772
 10
1888.414
 20
621.646
 10
1888.667
 20
621.494
 10
1888.903
 20
621.319
 10
1889.121
 20
621.121
 10
1889.319
 20
620.903
 10
1889.494
 20
620.667
 10
1889.646
 20
620.414
 10
1889.772
 20
620.148
 10
1889.871
 20
619.871
 10
1889.942
 20
619.585
 10
1889.986
 20
619.294
 10
1890.0
 20
619.0
 10
1890.0
 20
401.0
 10
1889.986
 20
400.706
 10
1889.942
 20
400.415
 10
1889.871
 20
400.129
 10
1889.772
 20
399.852
 10
1889.646
 20
399.586
 10
1889.494
 20
399.333
 10
1889.319
 20
399.097
 10
1889.121
 20
398.879
 10
1888.903
 20
398.681
 10
1888.667
 20
398.506
 10
1888.414
 20
398.354
 10
1888.148
 20
398.228
 10
1887.871
 20
398.129
 10
1887.585
 20
398.058
 10
1887.294
 20
398.014
 10
1887.0
 20
398.0
 10
1569.0
 20
398.0
 10
1568.706
 20
398.014
 10
1568.415
 20
398.058
 10
1568.129
 20
398.129
 10
1567.852
 20
398.228
 10
1567.586
 20
398.354
 10
1567.333
 20
398.506
 10
1567.097
 20
398.681
 10
1566.879
 20
398.879
 10
1566.681
 20
399.097
 10
1566.506
 20
399.333
 10
1566.354
 20
399.586
 10
1566.228
 20
399.852
 10
1566.129
 20
400.129
 10
1566.058
 20
400.415
 10
1566.014
 20
400.706
 10
1566.0
 20
401.0
 10
1566.0
 20
579.0
 10
1566.014
 20
579.294
 10
1566.058
 20
579.585
 10
1566.129
 20
579.871
 10
1566.228
 20
580.148
 10
1566.354
 20
580.414
 10
1566.506
 20
580.667
 10
1566.681
 20
580.903
 10
1566.879
 20
581.121
 10
1567.097
 20
581.319
 10
1567.333
 20
581.494
 10
1567.586
 20
581.646
 10
1567.852
 20
581.772
 10
1568.129
 20
581.871
 10
1568.415
 20
581.942
 10
1568.706
 20
581.986
 10
1569.0
 20
582.0
 10
1615.926
 20
582.0
  0
LWPOLYLINE
  5
10A
330
17
100
AcDbEntity
  8
CUT_INSIDE
100
AcDbPolyline
 90
50
 70
1
 10
1724.5
 20
549.5
 10
1724.53
 20
549.957
 10
1724.619
 20
550.406
 10
1724.766
 20
550.839
 10
1724.969
 20
551.25
 10
1725.223
 20
551.631
 10
1725.525
 20
551.975
 10
1725.869
 20
552.277
 10
1726.25
 20
552.531
 10
1726.661
 20
552.734
 10
1727.094
 20
552.881
 10
1727.543
 20
552.97
 10
1728.0
 20
553.0
 10
1728.457
 20
552.97
 10
1728.906
 20
552.881
 10
1729.339
 20
552.734
 10
1729.75
 20
552.531
 10
1730.131
 20
552.277
 10
1730.475
 20
551.975
 10
1730.777
 20
551.631
 10
1731.031
 20
551.25
 10
1731.234
 20
550.839
 10
1731.381
 20
550.406
 10
1731.47
 20
549.957
 10
1731.5
 20
549.5
 10
1731.5
 20
446.5
 10
1731.47
 20
446.043
 10
1731.381
 20
445.594
 10
1731.234
 20
445.161
 10
1731.031
 20
444.75
 10
1730.777
 20
444.369
 10
1730.475
 20
444.025
 10
1730.131
 20
443.723
 10
1729.75
 20
443.469
 10
1729.339
 20
443.266
 10
1728.906
 20
443.119
 10
1728.457
 20
443.03
 10
1728.0
 20
443.0
 10
1727.543
 20
443.03
 10
1727.094
 20
443.119
 10
1726.661
 20
443.266
 10
1726.25
 20
443.469
 10
1725.869
 20
443.723
 10
1725.525
 20
444.025
 10
1725.223
 20
444.369
 10
1724.969
 20
444.75
 10
1724.766
 20
445.161
 10
1724.619
 20
445.594
 10
1724.53
 20
446.043
 10
1724.5
 20
446.5
  0
TEXT
  5
10B
330
17
100
AcDbEntity
  8
LABELS
100
AcDbText
 10
1728.0
 20
490.0
 30
0.0
 40
14.0
  1
Camera shelf
 72
1
 11
1728.0
 21
490.0
 31
0.0
100
AcDbText
 73
2
  0
LWPOLYLINE
  5
10C
330
17
100
AcDbEntity
  8
CUT_OUTSIDE
100
AcDbPolyline
 90
4
 70
1
 10
2412.0
 20
332.0
 10
2188.0
 20
332.0
 10
2188.0
 20
8.0
 10
2412.0
 20
8.0
  0
CIRCLE
  5
10D
330
17
100
AcDbEntity
  8
CUT_INSIDE
100
AcDbCircle
 10
2300.0
 20
89.0
 30
0.0
 40
14.0
  0
CIRCLE
  5
10E
330
17
100
AcDbEntity
  8
CUT_INSIDE
100
AcDbCircle
 10
2300.0
 20
170.0
 30
0.0
 40
14.0
  0
CIRCLE
  5
10F
330
17
100
AcDbEntity
  8
CUT_INSIDE
100
AcDbCircle
 10
2300.0
 20
251.0
 30
0.0
 40
14.0
  0
TEXT
  5
110
330
17
100
AcDbEntity
  8
LABELS
100
AcDbText
 10
2300.0
 20
170.0
 30
0.0
 40
14.0
  1
Top plate
 72
1
 11
2300.0
 21
170.0
 31
0.0
100
AcDbText
 73
2
  0
LWPOLYLINE
  5
111
330
17
100
AcDbEntity
  8
CUT_OUTSIDE
100
AcDbPolyline
 90
312
 70
1
 10
1408.5
 20
353.742
 10
1405.365
 20
352.443
 10
1402.0
 20
352.0
 10
1398.635
 20
352.443
 10
1395.5
 20
353.742
 10
1392.808
 20
355.808
 10
1390.742
 20
358.5
 10
1389.443
 20
361.635
 10
1389.184
 20
363.6
 10
1387.984
 20
363.689
 10
1381.018
 20
364.548
 10
1374.102
 20
365.748
 10
1370.194
 20
366.625
 10
1369.687
 20
365.401
 10
1367.621
 20
362.709
 10
1364.929
 20
360.643
 10
1361.793
 20
359.344
 10
1358.429
 20
358.901
 10
1355.064
 20
359.344
 10
1351.929
 20
360.643
 10
1349.236
 20
362.709
 10
1347.17
 20
365.401
 10
1345.872
 20
368.536
 10
1345.429
 20
371.901
 10
1345.777
 20
374.55
 10
1340.86
 20
376.73
 10
1334.59
 20
379.885
 10
1328.691
 20
383.227
 10
1328.315
 20
382.736
 10
1325.622
 20
380.67
 10
1322.487
 20
379.372
 10
1319.122
 20
378.929
 10
1315.758
 20
379.372
 10
1312.622
 20
380.67
 10
1309.93
 20
382.736
 10
1307.864
 20
385.429
 10
1306.565
 20
388.564
 10
1306.122
 20
391.929
 10
1306.565
 20
395.293
 10
1307.858
 20
398.413
 10
1305.967
 20
400.044
 10
1300.884
 20
404.884
 10
1296.044
 20
409.967
 10
1294.413
 20
411.858
 10
1291.293
 20
410.565
 10
1287.929
 20
410.122
 10
1284.564
 20
410.565
 10
1281.429
 20
411.864
 10
1278.736
 20
413.93
 10
1276.67
 20
416.622
 10
1275.372
 20
419.758
 10
1274.929
 20
423.122
 10
1275.372
 20
426.487
 10
1276.67
 20
429.622
 10
1278.736
 20
432.315
 10
1279.227
 20
432.691
 10
1275.885
 20
438.59
 10
1272.73
 20
444.86
 10
1270.55
 20
449.777
 10
1267.901
 20
449.429
 10
1264.536
 20
449.872
 10
1261.401
 20
451.17
 10
1258.709
 20
453.236
 10
1256.643
 20
455.929
 10
1255.344
 20
459.064
 10
1254.901
 20
462.429
 10
1255.344
 20
465.793
 10
1256.643
 20
468.929
 10
1258.709
 20
471.621
 10
1261.401
 20
473.687
 10
1262.625
 20
474.194
 10
1261.748
 20
478.102
 10
1260.548
 20
485.018
 10
1259.689
 20
491.984
 10
1259.6
 20
493.184
 10
1257.635
 20
493.443
 10
1254.5
 20
494.742
 10
1251.808
 20
496.808
 10
1249.742
 20
499.5
 10
1248.443
 20
502.635
 10
1248.0
 20
506.0
 10
1248.443
 20
509.365
 10
1249.742
 20
512.5
 10
1251.808
 20
515.192
 10
1254.5
 20
517.258
 10
1257.635
 20
518.557
 10
1259.6
 20
518.816
 10
1259.689
 20
520.016
 10
1260.548
 20
526.982
 10
1261.748
 20
533.898
 10
1262.625
 20
537.806
 10
1261.401
 20
538.313
 10
1258.709
 20
540.379
 10
1256.643
 20
543.071
 10
1255.344
 20
546.207
 10
1254.901
 20
549.571
 10
1255.344
 20
552.936
 10
1256.643
 20
556.071
 10
1258.709
 20
558.764
 10
1261.401
 20
560.83
 10
1264.536
 20
562.128
 10
1267.901
 20
562.571
 10
1270.55
 20
562.223
 10
1272.73
 20
567.14
 10
1275.885
 20
573.41
 10
1279.227
 20
579.309
 10
1278.736
 20
579.685
 10
1276.67
 20
582.378
 10
1275.372
 20
585.513
 10
1274.929
 20
588.878
 10
1275.372
 20
592.242
 10
1276.67
 20
595.378
 10
1278.736
 20
598.07
 10
1281.429
 20
600.136
 10
1284.564
 20
601.435
 10
1287.929
 20
601.878
 10
1291.293
 20
601.435
 10
1294.413
 20
600.142
 10
1296.044
 20
602.033
 10
1300.884
 20
607.116
 10
1305.967
 20
611.956
 10
1307.858
 20
613.587
 10
1306.565
 20
616.707
 10
1306.122
 20
620.071
 10
1306.565
 20
623.436
 10
1307.864
 20
626.571
 10
1309.93
 20
629.264
 10
1312.622
 20
631.33
 10
1315.758
 20
632.628
 10
1319.122
 20
633.071
 10
1322.487
 20
632.628
 10
1325.622
 20
631.33
 10
1328.315
 20
629.264
 10
1328.691
 20
628.773
 10
1334.59
 20
632.115
 10
1340.86
 20
635.27
 10
1345.777
 20
637.45
 10
1345.429
 20
640.099
 10
1345.872
 20
643.464
 10
1347.17
 20
646.599
 10
1349.236
 20
649.291
 10
1351.929
 20
651.357
 10
1355.064
 20
652.656
 10
1358.429
 20
653.099
 10
1361.793
 20
652.656
 10
1364.929
 20
651.357
 10
1367.621
 20
649.291
 10
1369.687
 20
646.599
 10
1370.194
 20
645.375
 10
1374.102
 20
646.252
 10
1381.018
 20
647.452
 10
1387.984
 20
648.311
 10
1389.184
 20
648.4
 10
1389.443
 20
650.365
 10
1390.742
 20
653.5
 10
1392.808
 20
656.192
 10
1395.5
 20
658.258
 10
1398.635
 20
659.557
 10
1402.0
 20
660.0
 10
1405.365
 20
659.557
 10
1408.5
 20
658.258
 10
1411.192
 20
656.192
 10
1413.258
 20
653.5
 10
1414.557
 20
650.365
 10
1414.816
 20
648.4
 10
1416.016
 20
648.311
 10
1422.982
 20
647.452
 10
1429.898
 20
646.252
 10
1433.806
 20
645.375
 10
1434.313
 20
646.599
 10
1436.379
 20
649.291
 10
1439.071
 20
651.357
 10
1442.207
 20
652.656
 10
1445.571
 20
653.099
 10
1448.936
 20
652.656
 10
1452.071
 20
651.357
 10
1454.764
 20
649.291
 10
1456.83
 20
646.599
 10
1458.128
 20
643.464
 10
1458.571
 20
640.099
 10
1458.223
 20
637.45
 10
1463.14
 20
635.27
 10
1469.41
 20
632.115
 10
1475.309
 20
628.773
 10
1475.685
 20
629.264
 10
1478.378
 20
631.33
 10
1481.513
 20
632.628
 10
1484.878
 20
633.071
 10
1488.242
 20
632.628
 10
1491.378
 20
631.33
 10
1494.07
 20
629.264
 10
1496.136
 20
626.571
 10
1497.435
 20
623.436
 10
1497.878
 20
620.071
 10
1497.435
 20
616.707
 10
1496.142
 20
613.587
 10
1498.033
 20
611.956
 10
1503.116
 20
607.116
 10
1507.956
 20
602.033
 10
1509.587
 20
600.142
 10
1512.707
 20
601.435
 10
1516.071
 20
601.878
 10
1519.436
 20
601.435
 10
1522.571
 20
600.136
 10
1525.264
 20
598.07
 10
1527.33
 20
595.378
 10
1528.628
 20
592.242
 10
1529.071
 20
588.878
 10
1528.628
 20
585.513
 10
1527.33
 20
582.378
 10
1525.264
 20
579.685
 10
1524.773
 20
579.309
 10
1528.115
 20
573.41
 10
1531.27
 20
567.14
 10
1533.45
 20
562.223
 10
1536.099
 20
562.571
 10
1539.464
 20
562.128
 10
1542.599
 20
560.83
 10
1545.291
 20
558.764
 10
1547.357
 20
556.071
 10
1548.656
 20
552.936
 10
1549.099
 20
549.571
 10
1548.656
 20
546.207
 10
1547.357
 20
543.071
 10
1545.291
 20
540.379
 10
1542.599
 20
538.313
 10
1541.375
 20
537.806
 10
1542.252
 20
533.898
 10
1543.452
 20
526.982
 10
1544.311
 20
520.016
 10
1544.4
 20
518.816
 10
1546.365
 20
518.557
 10
1549.5
 20
517.258
 10
1552.192
 20
515.192
 10
1554.258
 20
512.5
 10
1555.557
 20
509.365
 10
1556.0
 20
506.0
 10
1555.557
 20
502.635
 10
1554.258
 20
499.5
 10
1552.192
 20
496.808
 10
1549.5
 20
494.742
 10
1546.365
 20
493.443
 10
1544.4
 20
493.184
 10
1544.311
 20
491.984
 10
1543.452
 20
485.018
 10
1542.252
 20
478.102
 10
1541.375
 20
474.194
 10
1542.599
 20
473.687
 10
1545.291
 20
471.621
 10
1547.357
 20
468.929
 10
1548.656
 20
465.793
 10
1549.099
 20
462.429
 10
1548.656
 20
459.064
 10
1547.357
 20
455.929
 10
1545.291
 20
453.236
 10
1542.599
 20
451.17
 10
1539.464
 20
449.872
 10
1536.099
 20
449.429
 10
1533.45
 20
449.777
 10
1531.27
 20
444.86
 10
1528.115
 20
438.59
 10
1524.773
 20
432.691
 10
1525.264
 20
432.315
 10
1527.33
 20
429.622
 10
1528.628
 20
426.487
 10
1529.071
 20
423.122
 10
1528.628
 20
419.758
 10
1527.33
 20
416.622
 10
1525.264
 20
413.93
 10
1522.571
 20
411.864
 10
1519.436
 20
410.565
 10
1516.071
 20
410.122
 10
1512.707
 20
410.565
 10
1509.587
 20
411.858
 10
1507.956
 20
409.967
 10
1503.116
 20
404.884
 10
1498.033
 20
400.044
 10
1496.142
 20
398.413
 10
1497.435
 20
395.293
 10
1497.878
 20
391.929
 10
1497.435
 20
388.564
 10
1496.136
 20
385.429
 10
1494.07
 20
382.736
 10
1491.378
 20
380.67
 10
1488.242
 20
379.372
 10
1484.878
 20
378.929
 10
1481.513
 20
379.372
 10
1478.378
 20
380.67
 10
1475.685
 20
382.736
 10
1475.309
 20
383.227
 10
1469.41
 20
379.885
 10
1463.14
 20
376.73
 10
1458.223
 20
374.55
 10
1458.571
 20
371.901
 10
1458.128
 20
368.536
 10
1456.83
 20
365.401
 10
1454.764
 20
362.709
 10
1452.071
 20
360.643
 10
1448.936
 20
359.344
 10
1445.571
 20
358.901
 10
1442.207
 20
359.344
 10
1439.071
 20
360.643
 10
1436.379
 20
362.709
 10
1434.313
 20
365.401
 10
1433.806
 20
366.625
 10
1429.898
 20
365.748
 10
1422.982
 20
364.548
 10
1416.016
 20
363.689
 10
1414.816
 20
363.6
 10
1414.557
 20
361.635
 10
1413.258
 20
358.5
 10
1411.192
 20
355.808
  0
CIRCLE
  5
112
330
17
100
AcDbEntity
  8
CUT_INSIDE
100
AcDbCircle
 10
1402.0
 20
506.0
 30
0.0
 40
131.0
  0
TEXT
  5
113
330
17
100
AcDbEntity
  8
LABELS
100
AcDbText
 10
1402.0
 20
507.68232379316635
 30
0.0
 40
14.0
  1
Camera rosette (glue on front)
 72
1
 11
1402.0
 21
507.68232379316635
 31
0.0
100
AcDbText
 73
2
  0
LWPOLYLINE
  5
114
330
17
100
AcDbEntity
  8
CUT_NESTED
100
AcDbPolyline
 90
4
 70
1
 10
2329.99
 20
897.0
 10
2329.99
 20
937.0
 10
1949.99
 20
937.0
 10
1949.99
 20
897.0
  0
TEXT
  5
115
330
17
100
AcDbEntity
  8
LABELS
100
AcDbText
 10
2139.990477571341
 20
917.0
 30
0.0
 40
14.0
  1
Monitor rail 1
 72
1
 11
2139.990477571341
 21
917.0
 31
0.0
100
AcDbText
 73
2
  0
LWPOLYLINE
  5
116
330
17
100
AcDbEntity
  8
CUT_NESTED
100
AcDbPolyline
 90
4
 70
1
 10
2329.99
 20
947.0
 10
2329.99
 20
987.0
 10
1949.99
 20
987.0
 10
1949.99
 20
947.0
  0
TEXT
  5
117
330
17
100
AcDbEntity
  8
LABELS
100
AcDbText
 10
2139.990477571341
 20
967.0
 30
0.0
 40
14.0
  1
Monitor rail 2
 72
1
 11
2139.990477571341
 21
967.0
 31
0.0
100
AcDbText
 73
2
  0
LWPOLYLINE
  5
118
330
17
100
AcDbEntity
  8
CUT_NESTED
100
AcDbPolyline
 90
52
 70
1
 10
649.99
 20
1013.0
 10
650.059
 20
1014.044
 10
650.263
 20
1015.071
 10
650.599
 20
1016.061
 10
651.062
 20
1017.0
 10
651.644
 20
1017.87
 10
652.334
 20
1018.657
 10
653.12
 20
1019.347
 10
653.99
 20
1019.928
 10
654.929
 20
1020.391
 10
655.92
 20
1020.727
 10
656.946
 20
1020.932
 10
657.99
 20
1021.0
 10
941.99
 20
1021.0
 10
943.035
 20
1020.932
 10
944.061
 20
1020.727
 10
945.052
 20
1020.391
 10
945.99
 20
1019.928
 10
946.861
 20
1019.347
 10
947.647
 20
1018.657
 10
948.337
 20
1017.87
 10
948.919
 20
1017.0
 10
949.382
 20
1016.061
 10
949.718
 20
1015.071
 10
949.922
 20
1014.044
 10
949.99
 20
1013.0
 10
949.99
 20
974.0
 10
949.922
 20
972.956
 10
949.718
 20
971.929
 10
949.382
 20
970.939
 10
948.919
 20
970.0
 10
948.337
 20
969.13
 10
947.647
 20
968.343
 10
946.861
 20
967.653
 10
945.99
 20
967.072
 10
945.052
 20
966.609
 10
944.061
 20
966.273
 10
943.035
 20
966.068
 10
941.99
 20
966.0
 10
657.99
 20
966.0
 10
656.946
 20
966.068
 10
655.92
 20
966.273
 10
654.929
 20
966.609
 10
653.99
 20
967.072
 10
653.12
 20
967.653
 10
652.334
 20
968.343
 10
651.644
 20
969.13
 10
651.062
 20
970.0
 10
650.599
 20
970.939
 10
650.263
 20
971.929
 10
650.059
 20
972.956
 10
649.99
 20
974.0
  0
LWPOLYLINE
  5
119
330
17
100
AcDbEntity
  8
CUT_INSIDE
100
AcDbPolyline
 90
50
 70
1
 10
919.49
 20
986.0
 10
918.512
 20
986.064
 10
917.549
 20
986.256
 10
916.62
 20
986.571
 10
915.74
 20
987.005
 10
914.925
 20
987.55
 10
914.187
 20
988.197
 10
913.54
 20
988.934
 10
912.995
 20
989.75
 10
912.561
 20
990.63
 10
912.246
 20
991.559
 10
912.055
 20
992.521
 10
911.99
 20
993.5
 10
912.055
 20
994.479
 10
912.246
 20
995.441
 10
912.561
 20
996.37
 10
912.995
 20
997.25
 10
913.54
 20
998.066
 10
914.187
 20
998.803
 10
914.925
 20
999.45
 10
915.74
 20
999.995
 10
916.62
 20
1000.429
 10
917.549
 20
1000.744
 10
918.512
 20
1000.936
 10
919.49
 20
1001.0
 10
934.49
 20
1001.0
 10
935.469
 20
1000.936
 10
936.432
 20
1000.744
 10
937.361
 20
1000.429
 10
938.24
 20
999.995
 10
939.056
 20
999.45
 10
939.794
 20
998.803
 10
940.441
 20
998.066
 10
940.986
 20
997.25
 10
941.42
 20
996.37
 10
941.735
 20
995.441
 10
941.926
 20
994.479
 10
941.99
 20
993.5
 10
941.926
 20
992.521
 10
941.735
 20
991.559
 10
941.42
 20
990.63
 10
940.986
 20
989.75
 10
940.441
 20
988.934
 10
939.794
 20
988.197
 10
939.056
 20
987.55
 10
938.24
 20
987.005
 10
937.361
 20
986.571
 10
936.432
 20
986.256
 10
935.469
 20
986.064
 10
934.49
 20
986.0
  0
LWPOLYLINE
  5
11A
330
17
100
AcDbEntity
  8
CUT_INSIDE
100
AcDbPolyline
 90
50
 70
1
 10
665.49
 20
986.0
 10
664.512
 20
986.064
 10
663.549
 20
986.256
 10
662.62
 20
986.571
 10
661.74
 20
987.005
 10
660.925
 20
987.55
 10
660.187
 20
988.197
 10
659.54
 20
988.934
 10
658.995
 20
989.75
 10
658.561
 20
990.63
 10
658.246
 20
991.559
 10
658.055
 20
992.521
 10
657.99
 20
993.5
 10
658.055
 20
994.479
 10
658.246
 20
995.441
 10
658.561
 20
996.37
 10
658.995
 20
997.25
 10
659.54
 20
998.066
 10
660.187
 20
998.803
 10
660.925
 20
999.45
 10
661.74
 20
999.995
 10
662.62
 20
1000.429
 10
663.549
 20
1000.744
 10
664.512
 20
1000.936
 10
665.49
 20
1001.0
 10
680.49
 20
1001.0
 10
681.469
 20
1000.936
 10
682.432
 20
1000.744
 10
683.361
 20
1000.429
 10
684.24
 20
999.995
 10
685.056
 20
999.45
 10
685.794
 20
998.803
 10
686.441
 20
998.066
 10
686.986
 20
997.25
 10
687.42
 20
996.37
 10
687.735
 20
995.441
 10
687.926
 20
994.479
 10
687.99
 20
993.5
 10
687.926
 20
992.521
 10
687.735
 20
991.559
 10
687.42
 20
990.63
 10
686.986
 20
989.75
 10
686.441
 20
988.934
 10
685.794
 20
988.197
 10
685.056
 20
987.55
 10
684.24
 20
987.005
 10
683.361
 20
986.571
 10
682.432
 20
986.256
 10
681.469
 20
986.064
 10
680.49
 20
986.0
  0
TEXT
  5
11B
330
17
100
AcDbEntity
  8
LABELS
100
AcDbText
 10
799.9904775713414
 20
993.5
 30
0.0
 40
14.0
  1
Monitor clamp bar 1
 72
1
 11
799.9904775713414
 21
993.5
 31
0.0
100
AcDbText
 73
2
  0
LWPOLYLINE
  5
11C
330
17
100
AcDbEntity
  8
CUT_NESTED
100
AcDbPolyline
 90
52
 70
1
 10
649.99
 20
1078.0
 10
650.059
 20
1079.044
 10
650.263
 20
1080.071
 10
650.599
 20
1081.061
 10
651.062
 20
1082.0
 10
651.644
 20
1082.87
 10
652.334
 20
1083.657
 10
653.12
 20
1084.347
 10
653.99
 20
1084.928
 10
654.929
 20
1085.391
 10
655.92
 20
1085.727
 10
656.946
 20
1085.932
 10
657.99
 20
1086.0
 10
941.99
 20
1086.0
 10
943.035
 20
1085.932
 10
944.061
 20
1085.727
 10
945.052
 20
1085.391
 10
945.99
 20
1084.928
 10
946.861
 20
1084.347
 10
947.647
 20
1083.657
 10
948.337
 20
1082.87
 10
948.919
 20
1082.0
 10
949.382
 20
1081.061
 10
949.718
 20
1080.071
 10
949.922
 20
1079.044
 10
949.99
 20
1078.0
 10
949.99
 20
1039.0
 10
949.922
 20
1037.956
 10
949.718
 20
1036.929
 10
949.382
 20
1035.939
 10
948.919
 20
1035.0
 10
948.337
 20
1034.13
 10
947.647
 20
1033.343
 10
946.861
 20
1032.653
 10
945.99
 20
1032.072
 10
945.052
 20
1031.609
 10
944.061
 20
1031.273
 10
943.035
 20
1031.068
 10
941.99
 20
1031.0
 10
657.99
 20
1031.0
 10
656.946
 20
1031.068
 10
655.92
 20
1031.273
 10
654.929
 20
1031.609
 10
653.99
 20
1032.072
 10
653.12
 20
1032.653
 10
652.334
 20
1033.343
 10
651.644
 20
1034.13
 10
651.062
 20
1035.0
 10
650.599
 20
1035.939
 10
650.263
 20
1036.929
 10
650.059
 20
1037.956
 10
649.99
 20
1039.0
  0
LWPOLYLINE
  5
11D
330
17
100
AcDbEntity
  8
CUT_INSIDE
100
AcDbPolyline
 90
50
 70
1
 10
919.49
 20
1051.0
 10
918.512
 20
1051.064
 10
917.549
 20
1051.256
 10
916.62
 20
1051.571
 10
915.74
 20
1052.005
 10
914.925
 20
1052.55
 10
914.187
 20
1053.197
 10
913.54
 20
1053.934
 10
912.995
 20
1054.75
 10
912.561
 20
1055.63
 10
912.246
 20
1056.559
 10
912.055
 20
1057.521
 10
911.99
 20
1058.5
 10
912.055
 20
1059.479
 10
912.246
 20
1060.441
 10
912.561
 20
1061.37
 10
912.995
 20
1062.25
 10
913.54
 20
1063.066
 10
914.187
 20
1063.803
 10
914.925
 20
1064.45
 10
915.74
 20
1064.995
 10
916.62
 20
1065.429
 10
917.549
 20
1065.744
 10
918.512
 20
1065.936
 10
919.49
 20
1066.0
 10
934.49
 20
1066.0
 10
935.469
 20
1065.936
 10
936.432
 20
1065.744
 10
937.361
 20
1065.429
 10
938.24
 20
1064.995
 10
939.056
 20
1064.45
 10
939.794
 20
1063.803
 10
940.441
 20
1063.066
 10
940.986
 20
1062.25
 10
941.42
 20
1061.37
 10
941.735
 20
1060.441
 10
941.926
 20
1059.479
 10
941.99
 20
1058.5
 10
941.926
 20
1057.521
 10
941.735
 20
1056.559
 10
941.42
 20
1055.63
 10
940.986
 20
1054.75
 10
940.441
 20
1053.934
 10
939.794
 20
1053.197
 10
939.056
 20
1052.55
 10
938.24
 20
1052.005
 10
937.361
 20
1051.571
 10
936.432
 20
1051.256
 10
935.469
 20
1051.064
 10
934.49
 20
1051.0
  0
LWPOLYLINE
  5
11E
330
17
100
AcDbEntity
  8
CUT_INSIDE
100
AcDbPolyline
 90
50
 70
1
 10
665.49
 20
1051.0
 10
664.512
 20
1051.064
 10
663.549
 20
1051.256
 10
662.62
 20
1051.571
 10
661.74
 20
1052.005
 10
660.925
 20
1052.55
 10
660.187
 20
1053.197
 10
659.54
 20
1053.934
 10
658.995
 20
1054.75
 10
658.561
 20
1055.63
 10
658.246
 20
1056.559
 10
658.055
 20
1057.521
 10
657.99
 20
1058.5
 10
658.055
 20
1059.479
 10
658.246
 20
1060.441
 10
658.561
 20
1061.37
 10
658.995
 20
1062.25
 10
659.54
 20
1063.066
 10
660.187
 20
1063.803
 10
660.925
 20
1064.45
 10
661.74
 20
1064.995
 10
662.62
 20
1065.429
 10
663.549
 20
1065.744
 10
664.512
 20
1065.936
 10
665.49
 20
1066.0
 10
680.49
 20
1066.0
 10
681.469
 20
1065.936
 10
682.432
 20
1065.744
 10
683.361
 20
1065.429
 10
684.24
 20
1064.995
 10
685.056
 20
1064.45
 10
685.794
 20
1063.803
 10
686.441
 20
1063.066
 10
686.986
 20
1062.25
 10
687.42
 20
1061.37
 10
687.735
 20
1060.441
 10
687.926
 20
1059.479
 10
687.99
 20
1058.5
 10
687.926
 20
1057.521
 10
687.735
 20
1056.559
 10
687.42
 20
1055.63
 10
686.986
 20
1054.75
 10
686.441
 20
1053.934
 10
685.794
 20
1053.197
 10
685.056
 20
1052.55
 10
684.24
 20
1052.005
 10
683.361
 20
1051.571
 10
682.432
 20
1051.256
 10
681.469
 20
1051.064
 10
680.49
 20
1051.0
  0
TEXT
  5
11F
330
17
100
AcDbEntity
  8
LABELS
100
AcDbText
 10
799.9904775713414
 20
1058.5
 30
0.0
 40
14.0
  1
Monitor clamp bar 2
 72
1
 11
799.9904775713414
 21
1058.5
 31
0.0
100
AcDbText
 73
2
  0
LWPOLYLINE
  5
120
330
17
100
AcDbEntity
  8
CUT_OUTSIDE
100
AcDbPolyline
 90
52
 70
1
 10
2178.0
 20
14.0
 10
2177.949
 20
13.217
 10
2177.796
 20
12.447
 10
2177.543
 20
11.704
 10
2177.196
 20
11.0
 10
2176.76
 20
10.347
 10
2176.243
 20
9.757
 10
2175.653
 20
9.24
 10
2175.0
 20
8.804
 10
2174.296
 20
8.457
 10
2173.553
 20
8.204
 10
2172.783
 20
8.051
 10
2172.0
 20
8.0
 10
1644.0
 20
8.0
 10
1643.217
 20
8.051
 10
1642.447
 20
8.204
 10
1641.704
 20
8.457
 10
1641.0
 20
8.804
 10
1640.347
 20
9.24
 10
1639.757
 20
9.757
 10
1639.24
 20
10.347
 10
1638.804
 20
11.0
 10
1638.457
 20
11.704
 10
1638.204
 20
12.447
 10
1638.051
 20
13.217
 10
1638.0
 20
14.0
 10
1638.0
 20
382.0
 10
1638.051
 20
382.783
 10
1638.204
 20
383.553
 10
1638.457
 20
384.296
 10
1638.804
 20
385.0
 10
1639.24
 20
385.653
 10
1639.757
 20
386.243
 10
1640.347
 20
386.76
 10
1641.0
 20
387.196
 10
1641.704
 20
387.543
 10
1642.447
 20
387.796
 10
1643.217
 20
387.949
 10
1644.0
 20
388.0
 10
2172.0
 20
388.0
 10
2172.783
 20
387.949
 10
2173.553
 20
387.796
 10
2174.296
 20
387.543
 10
2175.0
 20
387.196
 10
2175.653
 20
386.76
 10
2176.243
 20
386.243
 10
2176.76
 20
385.653
 10
2177.196
 20
385.0
 10
2177.543
 20
384.296
 10
2177.796
 20
383.553
 10
2177.949
 20
382.783
 10
2178.0
 20
382.0
  0
LWPOLYLINE
  5
121
330
17
100
AcDbEntity
  8
CUT_INSIDE
100
AcDbPolyline
 90
50
 70
1
 10
1963.0
 20
243.0
 10
1968.874
 20
242.615
 10
1974.647
 20
241.467
 10
1980.221
 20
239.575
 10
1985.5
 20
236.971
 10
1990.394
 20
233.701
 10
1994.82
 20
229.82
 10
1998.701
 20
225.394
 10
2001.971
 20
220.5
 10
2004.575
 20
215.221
 10
2006.467
 20
209.647
 10
2007.615
 20
203.874
 10
2008.0
 20
198.0
 10
2007.615
 20
192.126
 10
2006.467
 20
186.353
 10
2004.575
 20
180.779
 10
2001.971
 20
175.5
 10
1998.701
 20
170.606
 10
1994.82
 20
166.18
 10
1990.394
 20
162.299
 10
1985.5
 20
159.029
 10
1980.221
 20
156.425
 10
1974.647
 20
154.533
 10
1968.874
 20
153.385
 10
1963.0
 20
153.0
 10
1853.0
 20
153.0
 10
1847.126
 20
153.385
 10
1841.353
 20
154.533
 10
1835.779
 20
156.425
 10
1830.5
 20
159.029
 10
1825.606
 20
162.299
 10
1821.18
 20
166.18
 10
1817.299
 20
170.606
 10
1814.029
 20
175.5
 10
1811.425
 20
180.779
 10
1809.533
 20
186.353
 10
1808.385
 20
192.126
 10
1808.0
 20
198.0
 10
1808.385
 20
203.874
 10
1809.533
 20
209.647
 10
1811.425
 20
215.221
 10
1814.029
 20
220.5
 10
1817.299
 20
225.394
 10
1821.18
 20
229.82
 10
1825.606
 20
233.701
 10
1830.5
 20
236.971
 10
1835.779
 20
239.575
 10
1841.353
 20
241.467
 10
1847.126
 20
242.615
 10
1853.0
 20
243.0
  0
CIRCLE
  5
122
330
17
100
AcDbEntity
  8
DRILL_7
100
AcDbCircle
 10
1647.0
 20
68.0
 30
0.0
 40
3.5
  0
CIRCLE
  5
123
330
17
100
AcDbEntity
  8
DRILL_7
100
AcDbCircle
 10
2169.0
 20
68.0
 30
0.0
 40
3.5
  0
CIRCLE
  5
124
330
17
100
AcDbEntity
  8
DRILL_7
100
AcDbCircle
 10
1647.0
 20
198.0
 30
0.0
 40
3.5
  0
CIRCLE
  5
125
330
17
100
AcDbEntity
  8
DRILL_7
100
AcDbCircle
 10
2169.0
 20
198.0
 30
0.0
 40
3.5
  0
CIRCLE
  5
126
330
17
100
AcDbEntity
  8
DRILL_7
100
AcDbCircle
 10
1647.0
 20
328.0
 30
0.0
 40
3.5
  0
CIRCLE
  5
127
330
17
100
AcDbEntity
  8
DRILL_7
100
AcDbCircle
 10
2169.0
 20
328.0
 30
0.0
 40
3.5
  0
CIRCLE
  5
128
330
17
100
AcDbEntity
  8
DRILL_7
100
AcDbCircle
 10
1728.0
 20
17.0
 30
0.0
 40
3.5
  0
CIRCLE
  5
129
330
17
100
AcDbEntity
  8
DRILL_7
100
AcDbCircle
 10
1908.0
 20
17.0
 30
0.0
 40
3.5
  0
CIRCLE
  5
12A
330
17
100
AcDbEntity
  8
DRILL_7
100
AcDbCircle
 10
2088.0
 20
17.0
 30
0.0
 40
3.5
  0
CIRCLE
  5
12B
330
17
100
AcDbEntity
  8
DRILL_7
100
AcDbCircle
 10
1728.0
 20
379.0
 30
0.0
 40
3.5
  0
CIRCLE
  5
12C
330
17
100
AcDbEntity
  8
DRILL_7
100
AcDbCircle
 10
1908.0
 20
379.0
 30
0.0
 40
3.5
  0
CIRCLE
  5
12D
330
17
100
AcDbEntity
  8
DRILL_7
100
AcDbCircle
 10
2088.0
 20
379.0
 30
0.0
 40
3.5
  0
CIRCLE
  5
12E
330
17
100
AcDbEntity
  8
DRILL_10
100
AcDbCircle
 10
1776.0
 20
116.0
 30
0.0
 40
5.0
  0
CIRCLE
  5
12F
330
17
100
AcDbEntity
  8
DRILL_10
100
AcDbCircle
 10
2040.0
 20
116.0
 30
0.0
 40
5.0
  0
CIRCLE
  5
130
330
17
100
AcDbEntity
  8
DRILL_10
100
AcDbCircle
 10
1776.0
 20
280.0
 30
0.0
 40
5.0
  0
CIRCLE
  5
131
330
17
100
AcDbEntity
  8
DRILL_10
100
AcDbCircle
 10
2040.0
 20
280.0
 30
0.0
 40
5.0
  0
LWPOLYLINE
  5
132
330
17
100
AcDbEntity
  8
ENGRAVE_V
100
AcDbPolyline
 90
5
 70
1
 10
1654.0
 20
24.0
 10
1654.0
 20
372.0
 10
2162.0
 20
372.0
 10
2162.0
 20
24.0
 10
1654.0
 20
24.0
  0
TEXT
  5
133
330
17
100
AcDbEntity
  8
LABELS
100
AcDbText
 10
1908.0
 20
198.0
 30
0.0
 40
14.0
  1
Cabinet top = tower floor
 72
1
 11
1908.0
 21
198.0
 31
0.0
100
AcDbText
 73
2
  0
LWPOLYLINE
  5
134
330
17
100
AcDbEntity
  8
CUT_OUTSIDE
100
AcDbPolyline
 90
52
 70
1
 10
1871.99
 20
1210.0
 10
1872.774
 20
1209.949
 10
1873.543
 20
1209.796
 10
1874.287
 20
1209.543
 10
1874.99
 20
1209.196
 10
1875.643
 20
1208.76
 10
1876.233
 20
1208.243
 10
1876.751
 20
1207.653
 10
1877.187
 20
1207.0
 10
1877.534
 20
1206.296
 10
1877.786
 20
1205.553
 10
1877.939
 20
1204.783
 10
1877.99
 20
1204.0
 10
1877.99
 20
676.0
 10
1877.939
 20
675.217
 10
1877.786
 20
674.447
 10
1877.534
 20
673.704
 10
1877.187
 20
673.0
 10
1876.751
 20
672.347
 10
1876.233
 20
671.757
 10
1875.643
 20
671.24
 10
1874.99
 20
670.804
 10
1874.287
 20
670.457
 10
1873.543
 20
670.204
 10
1872.774
 20
670.051
 10
1871.99
 20
670.0
 10
1503.99
 20
670.0
 10
1503.207
 20
670.051
 10
1502.438
 20
670.204
 10
1501.694
 20
670.457
 10
1500.99
 20
670.804
 10
1500.338
 20
671.24
 10
1499.748
 20
671.757
 10
1499.23
 20
672.347
 10
1498.794
 20
673.0
 10
1498.447
 20
673.704
 10
1498.195
 20
674.447
 10
1498.042
 20
675.217
 10
1497.99
 20
676.0
 10
1497.99
 20
1204.0
 10
1498.042
 20
1204.783
 10
1498.195
 20
1205.553
 10
1498.447
 20
1206.296
 10
1498.794
 20
1207.0
 10
1499.23
 20
1207.653
 10
1499.748
 20
1208.243
 10
1500.338
 20
1208.76
 10
1500.99
 20
1209.196
 10
1501.694
 20
1209.543
 10
1502.438
 20
1209.796
 10
1503.207
 20
1209.949
 10
1503.99
 20
1210.0
  0
CIRCLE
  5
135
330
17
100
AcDbEntity
  8
DRILL_7
100
AcDbCircle
 10
1817.9904775713414
 20
679.0
 30
0.0
 40
3.5
  0
CIRCLE
  5
136
330
17
100
AcDbEntity
  8
DRILL_7
100
AcDbCircle
 10
1817.9904775713414
 20
1201.0
 30
0.0
 40
3.5
  0
CIRCLE
  5
137
330
17
100
AcDbEntity
  8
DRILL_7
100
AcDbCircle
 10
1687.9904775713414
 20
679.0
 30
0.0
 40
3.5
  0
CIRCLE
  5
138
330
17
100
AcDbEntity
  8
DRILL_7
100
AcDbCircle
 10
1687.9904775713414
 20
1201.0
 30
0.0
 40
3.5
  0
CIRCLE
  5
139
330
17
100
AcDbEntity
  8
DRILL_7
100
AcDbCircle
 10
1557.9904775713414
 20
679.0
 30
0.0
 40
3.5
  0
CIRCLE
  5
13A
330
17
100
AcDbEntity
  8
DRILL_7
100
AcDbCircle
 10
1557.9904775713414
 20
1201.0
 30
0.0
 40
3.5
  0
CIRCLE
  5
13B
330
17
100
AcDbEntity
  8
DRILL_7
100
AcDbCircle
 10
1868.9904775713414
 20
760.0
 30
0.0
 40
3.5
  0
CIRCLE
  5
13C
330
17
100
AcDbEntity
  8
DRILL_7
100
AcDbCircle
 10
1868.9904775713414
 20
940.0
 30
0.0
 40
3.5
  0
CIRCLE
  5
13D
330
17
100
AcDbEntity
  8
DRILL_7
100
AcDbCircle
 10
1868.9904775713414
 20
1120.0
 30
0.0
 40
3.5
  0
CIRCLE
  5
13E
330
17
100
AcDbEntity
  8
DRILL_10
100
AcDbCircle
 10
1822.9904775713414
 20
725.0
 30
0.0
 40
5.0
  0
CIRCLE
  5
13F
330
17
100
AcDbEntity
  8
DRILL_10
100
AcDbCircle
 10
1822.9904775713414
 20
1155.0
 30
0.0
 40
5.0
  0
CIRCLE
  5
140
330
17
100
AcDbEntity
  8
DRILL_10
100
AcDbCircle
 10
1552.9904775713414
 20
725.0
 30
0.0
 40
5.0
  0
CIRCLE
  5
141
330
17
100
AcDbEntity
  8
DRILL_10
100
AcDbCircle
 10
1552.9904775713414
 20
1155.0
 30
0.0
 40
5.0
  0
TEXT
  5
142
330
17
100
AcDbEntity
  8
LABELS
100
AcDbText
 10
1687.9904775713414
 20
940.0
 30
0.0
 40
14.0
  1
Cabinet bottom
 72
1
 11
1687.9904775713414
 21
940.0
 31
0.0
100
AcDbText
 73
2
  0
LWPOLYLINE
  5
143
330
17
100
AcDbEntity
  8
CUT_OUTSIDE
100
AcDbPolyline
 90
4
 70
1
 10
1628.0
 20
8.0
 10
1628.0
 20
342.0
 10
1248.0
 20
342.0
 10
1248.0
 20
8.0
  0
LWPOLYLINE
  5
144
330
17
100
AcDbEntity
  8
CUT_INSIDE
100
AcDbPolyline
 90
50
 70
1
 10
1481.0
 20
312.0
 10
1483.219
 20
311.855
 10
1485.4
 20
311.421
 10
1487.506
 20
310.706
 10
1489.5
 20
309.722
 10
1491.349
 20
308.487
 10
1493.021
 20
307.021
 10
1494.487
 20
305.349
 10
1495.722
 20
303.5
 10
1496.706
 20
301.506
 10
1497.421
 20
299.4
 10
1497.855
 20
297.219
 10
1498.0
 20
295.0
 10
1497.855
 20
292.781
 10
1497.421
 20
290.6
 10
1496.706
 20
288.494
 10
1495.722
 20
286.5
 10
1494.487
 20
284.651
 10
1493.021
 20
282.979
 10
1491.349
 20
281.513
 10
1489.5
 20
280.278
 10
1487.506
 20
279.294
 10
1485.4
 20
278.579
 10
1483.219
 20
278.145
 10
1481.0
 20
278.0
 10
1395.0
 20
278.0
 10
1392.781
 20
278.145
 10
1390.6
 20
278.579
 10
1388.494
 20
279.294
 10
1386.5
 20
280.278
 10
1384.651
 20
281.513
 10
1382.979
 20
282.979
 10
1381.513
 20
284.651
 10
1380.278
 20
286.5
 10
1379.294
 20
288.494
 10
1378.579
 20
290.6
 10
1378.145
 20
292.781
 10
1378.0
 20
295.0
 10
1378.145
 20
297.219
 10
1378.579
 20
299.4
 10
1379.294
 20
301.506
 10
1380.278
 20
303.5
 10
1381.513
 20
305.349
 10
1382.979
 20
307.021
 10
1384.651
 20
308.487
 10
1386.5
 20
309.722
 10
1388.494
 20
310.706
 10
1390.6
 20
311.421
 10
1392.781
 20
311.855
 10
1395.0
 20
312.0
  0
LWPOLYLINE
  5
145
330
17
100
AcDbEntity
  8
CUT_INSIDE
100
AcDbPolyline
 90
50
 70
1
 10
1358.0
 20
203.0
 10
1358.043
 20
203.653
 10
1358.17
 20
204.294
 10
1358.381
 20
204.913
 10
1358.67
 20
205.5
 10
1359.033
 20
206.044
 10
1359.464
 20
206.536
 10
1359.956
 20
206.967
 10
1360.5
 20
207.33
 10
1361.087
 20
207.619
 10
1361.706
 20
207.83
 10
1362.347
 20
207.957
 10
1363.0
 20
208.0
 10
1363.653
 20
207.957
 10
1364.294
 20
207.83
 10
1364.913
 20
207.619
 10
1365.5
 20
207.33
 10
1366.044
 20
206.967
 10
1366.536
 20
206.536
 10
1366.967
 20
206.044
 10
1367.33
 20
205.5
 10
1367.619
 20
204.913
 10
1367.83
 20
204.294
 10
1367.957
 20
203.653
 10
1368.0
 20
203.0
 10
1368.0
 20
73.0
 10
1367.957
 20
72.347
 10
1367.83
 20
71.706
 10
1367.619
 20
71.087
 10
1367.33
 20
70.5
 10
1366.967
 20
69.956
 10
1366.536
 20
69.464
 10
1366.044
 20
69.033
 10
1365.5
 20
68.67
 10
1364.913
 20
68.381
 10
1364.294
 20
68.17
 10
1363.653
 20
68.043
 10
1363.0
 20
68.0
 10
1362.347
 20
68.043
 10
1361.706
 20
68.17
 10
1361.087
 20
68.381
 10
1360.5
 20
68.67
 10
1359.956
 20
69.033
 10
1359.464
 20
69.464
 10
1359.033
 20
69.956
 10
1358.67
 20
70.5
 10
1358.381
 20
71.087
 10
1358.17
 20
71.706
 10
1358.043
 20
72.347
 10
1358.0
 20
73.0
  0
LWPOLYLINE
  5
146
330
17
100
AcDbEntity
  8
CUT_INSIDE
100
AcDbPolyline
 90
50
 70
1
 10
1398.0
 20
203.0
 10
1398.043
 20
203.653
 10
1398.17
 20
204.294
 10
1398.381
 20
204.913
 10
1398.67
 20
205.5
 10
1399.033
 20
206.044
 10
1399.464
 20
206.536
 10
1399.956
 20
206.967
 10
1400.5
 20
207.33
 10
1401.087
 20
207.619
 10
1401.706
 20
207.83
 10
1402.347
 20
207.957
 10
1403.0
 20
208.0
 10
1403.653
 20
207.957
 10
1404.294
 20
207.83
 10
1404.913
 20
207.619
 10
1405.5
 20
207.33
 10
1406.044
 20
206.967
 10
1406.536
 20
206.536
 10
1406.967
 20
206.044
 10
1407.33
 20
205.5
 10
1407.619
 20
204.913
 10
1407.83
 20
204.294
 10
1407.957
 20
203.653
 10
1408.0
 20
203.0
 10
1408.0
 20
73.0
 10
1407.957
 20
72.347
 10
1407.83
 20
71.706
 10
1407.619
 20
71.087
 10
1407.33
 20
70.5
 10
1406.967
 20
69.956
 10
1406.536
 20
69.464
 10
1406.044
 20
69.033
 10
1405.5
 20
68.67
 10
1404.913
 20
68.381
 10
1404.294
 20
68.17
 10
1403.653
 20
68.043
 10
1403.0
 20
68.0
 10
1402.347
 20
68.043
 10
1401.706
 20
68.17
 10
1401.087
 20
68.381
 10
1400.5
 20
68.67
 10
1399.956
 20
69.033
 10
1399.464
 20
69.464
 10
1399.033
 20
69.956
 10
1398.67
 20
70.5
 10
1398.381
 20
71.087
 10
1398.17
 20
71.706
 10
1398.043
 20
72.347
 10
1398.0
 20
73.0
  0
LWPOLYLINE
  5
147
330
17
100
AcDbEntity
  8
CUT_INSIDE
100
AcDbPolyline
 90
50
 70
1
 10
1438.0
 20
203.0
 10
1438.043
 20
203.653
 10
1438.17
 20
204.294
 10
1438.381
 20
204.913
 10
1438.67
 20
205.5
 10
1439.033
 20
206.044
 10
1439.464
 20
206.536
 10
1439.956
 20
206.967
 10
1440.5
 20
207.33
 10
1441.087
 20
207.619
 10
1441.706
 20
207.83
 10
1442.347
 20
207.957
 10
1443.0
 20
208.0
 10
1443.653
 20
207.957
 10
1444.294
 20
207.83
 10
1444.913
 20
207.619
 10
1445.5
 20
207.33
 10
1446.044
 20
206.967
 10
1446.536
 20
206.536
 10
1446.967
 20
206.044
 10
1447.33
 20
205.5
 10
1447.619
 20
204.913
 10
1447.83
 20
204.294
 10
1447.957
 20
203.653
 10
1448.0
 20
203.0
 10
1448.0
 20
73.0
 10
1447.957
 20
72.347
 10
1447.83
 20
71.706
 10
1447.619
 20
71.087
 10
1447.33
 20
70.5
 10
1446.967
 20
69.956
 10
1446.536
 20
69.464
 10
1446.044
 20
69.033
 10
1445.5
 20
68.67
 10
1444.913
 20
68.381
 10
1444.294
 20
68.17
 10
1443.653
 20
68.043
 10
1443.0
 20
68.0
 10
1442.347
 20
68.043
 10
1441.706
 20
68.17
 10
1441.087
 20
68.381
 10
1440.5
 20
68.67
 10
1439.956
 20
69.033
 10
1439.464
 20
69.464
 10
1439.033
 20
69.956
 10
1438.67
 20
70.5
 10
1438.381
 20
71.087
 10
1438.17
 20
71.706
 10
1438.043
 20
72.347
 10
1438.0
 20
73.0
  0
LWPOLYLINE
  5
148
330
17
100
AcDbEntity
  8
CUT_INSIDE
100
AcDbPolyline
 90
50
 70
1
 10
1478.0
 20
203.0
 10
1478.043
 20
203.653
 10
1478.17
 20
204.294
 10
1478.381
 20
204.913
 10
1478.67
 20
205.5
 10
1479.033
 20
206.044
 10
1479.464
 20
206.536
 10
1479.956
 20
206.967
 10
1480.5
 20
207.33
 10
1481.087
 20
207.619
 10
1481.706
 20
207.83
 10
1482.347
 20
207.957
 10
1483.0
 20
208.0
 10
1483.653
 20
207.957
 10
1484.294
 20
207.83
 10
1484.913
 20
207.619
 10
1485.5
 20
207.33
 10
1486.044
 20
206.967
 10
1486.536
 20
206.536
 10
1486.967
 20
206.044
 10
1487.33
 20
205.5
 10
1487.619
 20
204.913
 10
1487.83
 20
204.294
 10
1487.957
 20
203.653
 10
1488.0
 20
203.0
 10
1488.0
 20
73.0
 10
1487.957
 20
72.347
 10
1487.83
 20
71.706
 10
1487.619
 20
71.087
 10
1487.33
 20
70.5
 10
1486.967
 20
69.956
 10
1486.536
 20
69.464
 10
1486.044
 20
69.033
 10
1485.5
 20
68.67
 10
1484.913
 20
68.381
 10
1484.294
 20
68.17
 10
1483.653
 20
68.043
 10
1483.0
 20
68.0
 10
1482.347
 20
68.043
 10
1481.706
 20
68.17
 10
1481.087
 20
68.381
 10
1480.5
 20
68.67
 10
1479.956
 20
69.033
 10
1479.464
 20
69.464
 10
1479.033
 20
69.956
 10
1478.67
 20
70.5
 10
1478.381
 20
71.087
 10
1478.17
 20
71.706
 10
1478.043
 20
72.347
 10
1478.0
 20
73.0
  0
LWPOLYLINE
  5
149
330
17
100
AcDbEntity
  8
CUT_INSIDE
100
AcDbPolyline
 90
50
 70
1
 10
1518.0
 20
203.0
 10
1518.043
 20
203.653
 10
1518.17
 20
204.294
 10
1518.381
 20
204.913
 10
1518.67
 20
205.5
 10
1519.033
 20
206.044
 10
1519.464
 20
206.536
 10
1519.956
 20
206.967
 10
1520.5
 20
207.33
 10
1521.087
 20
207.619
 10
1521.706
 20
207.83
 10
1522.347
 20
207.957
 10
1523.0
 20
208.0
 10
1523.653
 20
207.957
 10
1524.294
 20
207.83
 10
1524.913
 20
207.619
 10
1525.5
 20
207.33
 10
1526.044
 20
206.967
 10
1526.536
 20
206.536
 10
1526.967
 20
206.044
 10
1527.33
 20
205.5
 10
1527.619
 20
204.913
 10
1527.83
 20
204.294
 10
1527.957
 20
203.653
 10
1528.0
 20
203.0
 10
1528.0
 20
73.0
 10
1527.957
 20
72.347
 10
1527.83
 20
71.706
 10
1527.619
 20
71.087
 10
1527.33
 20
70.5
 10
1526.967
 20
69.956
 10
1526.536
 20
69.464
 10
1526.044
 20
69.033
 10
1525.5
 20
68.67
 10
1524.913
 20
68.381
 10
1524.294
 20
68.17
 10
1523.653
 20
68.043
 10
1523.0
 20
68.0
 10
1522.347
 20
68.043
 10
1521.706
 20
68.17
 10
1521.087
 20
68.381
 10
1520.5
 20
68.67
 10
1519.956
 20
69.033
 10
1519.464
 20
69.464
 10
1519.033
 20
69.956
 10
1518.67
 20
70.5
 10
1518.381
 20
71.087
 10
1518.17
 20
71.706
 10
1518.043
 20
72.347
 10
1518.0
 20
73.0
  0
CIRCLE
  5
14A
330
17
100
AcDbEntity
  8
DRILL_7
100
AcDbCircle
 10
1257.0
 20
68.0
 30
0.0
 40
3.5
  0
CIRCLE
  5
14B
330
17
100
AcDbEntity
  8
DRILL_7
100
AcDbCircle
 10
1257.0
 20
175.0
 30
0.0
 40
3.5
  0
CIRCLE
  5
14C
330
17
100
AcDbEntity
  8
DRILL_7
100
AcDbCircle
 10
1257.0
 20
282.0
 30
0.0
 40
3.5
  0
CIRCLE
  5
14D
330
17
100
AcDbEntity
  8
DRILL_7
100
AcDbCircle
 10
1619.0
 20
292.0
 30
0.0
 40
3.5
  0
TEXT
  5
14E
330
17
100
AcDbEntity
  8
LABELS
100
AcDbText
 10
1438.0
 20
175.0
 30
0.0
 40
14.0
  1
Cabinet side 1
 72
1
 11
1438.0
 21
175.0
 31
0.0
100
AcDbText
 73
2
  0
LWPOLYLINE
  5
14F
330
17
100
AcDbEntity
  8
CUT_OUTSIDE
100
AcDbPolyline
 90
4
 70
1
 10
2280.0
 20
508.0
 10
2280.0
 20
842.0
 10
1900.0
 20
842.0
 10
1900.0
 20
508.0
  0
LWPOLYLINE
  5
150
330
17
100
AcDbEntity
  8
CUT_INSIDE
100
AcDbPolyline
 90
50
 70
1
 10
2133.0
 20
812.0
 10
2135.219
 20
811.855
 10
2137.4
 20
811.421
 10
2139.506
 20
810.706
 10
2141.5
 20
809.722
 10
2143.349
 20
808.487
 10
2145.021
 20
807.021
 10
2146.487
 20
805.349
 10
2147.722
 20
803.5
 10
2148.706
 20
801.506
 10
2149.421
 20
799.4
 10
2149.855
 20
797.219
 10
2150.0
 20
795.0
 10
2149.855
 20
792.781
 10
2149.421
 20
790.6
 10
2148.706
 20
788.494
 10
2147.722
 20
786.5
 10
2146.487
 20
784.651
 10
2145.021
 20
782.979
 10
2143.349
 20
781.513
 10
2141.5
 20
780.278
 10
2139.506
 20
779.294
 10
2137.4
 20
778.579
 10
2135.219
 20
778.145
 10
2133.0
 20
778.0
 10
2047.0
 20
778.0
 10
2044.781
 20
778.145
 10
2042.6
 20
778.579
 10
2040.494
 20
779.294
 10
2038.5
 20
780.278
 10
2036.651
 20
781.513
 10
2034.979
 20
782.979
 10
2033.513
 20
784.651
 10
2032.278
 20
786.5
 10
2031.294
 20
788.494
 10
2030.579
 20
790.6
 10
2030.145
 20
792.781
 10
2030.0
 20
795.0
 10
2030.145
 20
797.219
 10
2030.579
 20
799.4
 10
2031.294
 20
801.506
 10
2032.278
 20
803.5
 10
2033.513
 20
805.349
 10
2034.979
 20
807.021
 10
2036.651
 20
808.487
 10
2038.5
 20
809.722
 10
2040.494
 20
810.706
 10
2042.6
 20
811.421
 10
2044.781
 20
811.855
 10
2047.0
 20
812.0
  0
LWPOLYLINE
  5
151
330
17
100
AcDbEntity
  8
CUT_INSIDE
100
AcDbPolyline
 90
50
 70
1
 10
2010.0
 20
703.0
 10
2010.043
 20
703.653
 10
2010.17
 20
704.294
 10
2010.381
 20
704.913
 10
2010.67
 20
705.5
 10
2011.033
 20
706.044
 10
2011.464
 20
706.536
 10
2011.956
 20
706.967
 10
2012.5
 20
707.33
 10
2013.087
 20
707.619
 10
2013.706
 20
707.83
 10
2014.347
 20
707.957
 10
2015.0
 20
708.0
 10
2015.653
 20
707.957
 10
2016.294
 20
707.83
 10
2016.913
 20
707.619
 10
2017.5
 20
707.33
 10
2018.044
 20
706.967
 10
2018.536
 20
706.536
 10
2018.967
 20
706.044
 10
2019.33
 20
705.5
 10
2019.619
 20
704.913
 10
2019.83
 20
704.294
 10
2019.957
 20
703.653
 10
2020.0
 20
703.0
 10
2020.0
 20
573.0
 10
2019.957
 20
572.347
 10
2019.83
 20
571.706
 10
2019.619
 20
571.087
 10
2019.33
 20
570.5
 10
2018.967
 20
569.956
 10
2018.536
 20
569.464
 10
2018.044
 20
569.033
 10
2017.5
 20
568.67
 10
2016.913
 20
568.381
 10
2016.294
 20
568.17
 10
2015.653
 20
568.043
 10
2015.0
 20
568.0
 10
2014.347
 20
568.043
 10
2013.706
 20
568.17
 10
2013.087
 20
568.381
 10
2012.5
 20
568.67
 10
2011.956
 20
569.033
 10
2011.464
 20
569.464
 10
2011.033
 20
569.956
 10
2010.67
 20
570.5
 10
2010.381
 20
571.087
 10
2010.17
 20
571.706
 10
2010.043
 20
572.347
 10
2010.0
 20
573.0
  0
LWPOLYLINE
  5
152
330
17
100
AcDbEntity
  8
CUT_INSIDE
100
AcDbPolyline
 90
50
 70
1
 10
2050.0
 20
703.0
 10
2050.043
 20
703.653
 10
2050.17
 20
704.294
 10
2050.381
 20
704.913
 10
2050.67
 20
705.5
 10
2051.033
 20
706.044
 10
2051.464
 20
706.536
 10
2051.956
 20
706.967
 10
2052.5
 20
707.33
 10
2053.087
 20
707.619
 10
2053.706
 20
707.83
 10
2054.347
 20
707.957
 10
2055.0
 20
708.0
 10
2055.653
 20
707.957
 10
2056.294
 20
707.83
 10
2056.913
 20
707.619
 10
2057.5
 20
707.33
 10
2058.044
 20
706.967
 10
2058.536
 20
706.536
 10
2058.967
 20
706.044
 10
2059.33
 20
705.5
 10
2059.619
 20
704.913
 10
2059.83
 20
704.294
 10
2059.957
 20
703.653
 10
2060.0
 20
703.0
 10
2060.0
 20
573.0
 10
2059.957
 20
572.347
 10
2059.83
 20
571.706
 10
2059.619
 20
571.087
 10
2059.33
 20
570.5
 10
2058.967
 20
569.956
 10
2058.536
 20
569.464
 10
2058.044
 20
569.033
 10
2057.5
 20
568.67
 10
2056.913
 20
568.381
 10
2056.294
 20
568.17
 10
2055.653
 20
568.043
 10
2055.0
 20
568.0
 10
2054.347
 20
568.043
 10
2053.706
 20
568.17
 10
2053.087
 20
568.381
 10
2052.5
 20
568.67
 10
2051.956
 20
569.033
 10
2051.464
 20
569.464
 10
2051.033
 20
569.956
 10
2050.67
 20
570.5
 10
2050.381
 20
571.087
 10
2050.17
 20
571.706
 10
2050.043
 20
572.347
 10
2050.0
 20
573.0
  0
LWPOLYLINE
  5
153
330
17
100
AcDbEntity
  8
CUT_INSIDE
100
AcDbPolyline
 90
50
 70
1
 10
2090.0
 20
703.0
 10
2090.043
 20
703.653
 10
2090.17
 20
704.294
 10
2090.381
 20
704.913
 10
2090.67
 20
705.5
 10
2091.033
 20
706.044
 10
2091.464
 20
706.536
 10
2091.956
 20
706.967
 10
2092.5
 20
707.33
 10
2093.087
 20
707.619
 10
2093.706
 20
707.83
 10
2094.347
 20
707.957
 10
2095.0
 20
708.0
 10
2095.653
 20
707.957
 10
2096.294
 20
707.83
 10
2096.913
 20
707.619
 10
2097.5
 20
707.33
 10
2098.044
 20
706.967
 10
2098.536
 20
706.536
 10
2098.967
 20
706.044
 10
2099.33
 20
705.5
 10
2099.619
 20
704.913
 10
2099.83
 20
704.294
 10
2099.957
 20
703.653
 10
2100.0
 20
703.0
 10
2100.0
 20
573.0
 10
2099.957
 20
572.347
 10
2099.83
 20
571.706
 10
2099.619
 20
571.087
 10
2099.33
 20
570.5
 10
2098.967
 20
569.956
 10
2098.536
 20
569.464
 10
2098.044
 20
569.033
 10
2097.5
 20
568.67
 10
2096.913
 20
568.381
 10
2096.294
 20
568.17
 10
2095.653
 20
568.043
 10
2095.0
 20
568.0
 10
2094.347
 20
568.043
 10
2093.706
 20
568.17
 10
2093.087
 20
568.381
 10
2092.5
 20
568.67
 10
2091.956
 20
569.033
 10
2091.464
 20
569.464
 10
2091.033
 20
569.956
 10
2090.67
 20
570.5
 10
2090.381
 20
571.087
 10
2090.17
 20
571.706
 10
2090.043
 20
572.347
 10
2090.0
 20
573.0
  0
LWPOLYLINE
  5
154
330
17
100
AcDbEntity
  8
CUT_INSIDE
100
AcDbPolyline
 90
50
 70
1
 10
2130.0
 20
703.0
 10
2130.043
 20
703.653
 10
2130.17
 20
704.294
 10
2130.381
 20
704.913
 10
2130.67
 20
705.5
 10
2131.033
 20
706.044
 10
2131.464
 20
706.536
 10
2131.956
 20
706.967
 10
2132.5
 20
707.33
 10
2133.087
 20
707.619
 10
2133.706
 20
707.83
 10
2134.347
 20
707.957
 10
2135.0
 20
708.0
 10
2135.653
 20
707.957
 10
2136.294
 20
707.83
 10
2136.913
 20
707.619
 10
2137.5
 20
707.33
 10
2138.044
 20
706.967
 10
2138.536
 20
706.536
 10
2138.967
 20
706.044
 10
2139.33
 20
705.5
 10
2139.619
 20
704.913
 10
2139.83
 20
704.294
 10
2139.957
 20
703.653
 10
2140.0
 20
703.0
 10
2140.0
 20
573.0
 10
2139.957
 20
572.347
 10
2139.83
 20
571.706
 10
2139.619
 20
571.087
 10
2139.33
 20
570.5
 10
2138.967
 20
569.956
 10
2138.536
 20
569.464
 10
2138.044
 20
569.033
 10
2137.5
 20
568.67
 10
2136.913
 20
568.381
 10
2136.294
 20
568.17
 10
2135.653
 20
568.043
 10
2135.0
 20
568.0
 10
2134.347
 20
568.043
 10
2133.706
 20
568.17
 10
2133.087
 20
568.381
 10
2132.5
 20
568.67
 10
2131.956
 20
569.033
 10
2131.464
 20
569.464
 10
2131.033
 20
569.956
 10
2130.67
 20
570.5
 10
2130.381
 20
571.087
 10
2130.17
 20
571.706
 10
2130.043
 20
572.347
 10
2130.0
 20
573.0
  0
LWPOLYLINE
  5
155
330
17
100
AcDbEntity
  8
CUT_INSIDE
100
AcDbPolyline
 90
50
 70
1
 10
2170.0
 20
703.0
 10
2170.043
 20
703.653
 10
2170.17
 20
704.294
 10
2170.381
 20
704.913
 10
2170.67
 20
705.5
 10
2171.033
 20
706.044
 10
2171.464
 20
706.536
 10
2171.956
 20
706.967
 10
2172.5
 20
707.33
 10
2173.087
 20
707.619
 10
2173.706
 20
707.83
 10
2174.347
 20
707.957
 10
2175.0
 20
708.0
 10
2175.653
 20
707.957
 10
2176.294
 20
707.83
 10
2176.913
 20
707.619
 10
2177.5
 20
707.33
 10
2178.044
 20
706.967
 10
2178.536
 20
706.536
 10
2178.967
 20
706.044
 10
2179.33
 20
705.5
 10
2179.619
 20
704.913
 10
2179.83
 20
704.294
 10
2179.957
 20
703.653
 10
2180.0
 20
703.0
 10
2180.0
 20
573.0
 10
2179.957
 20
572.347
 10
2179.83
 20
571.706
 10
2179.619
 20
571.087
 10
2179.33
 20
570.5
 10
2178.967
 20
569.956
 10
2178.536
 20
569.464
 10
2178.044
 20
569.033
 10
2177.5
 20
568.67
 10
2176.913
 20
568.381
 10
2176.294
 20
568.17
 10
2175.653
 20
568.043
 10
2175.0
 20
568.0
 10
2174.347
 20
568.043
 10
2173.706
 20
568.17
 10
2173.087
 20
568.381
 10
2172.5
 20
568.67
 10
2171.956
 20
569.033
 10
2171.464
 20
569.464
 10
2171.033
 20
569.956
 10
2170.67
 20
570.5
 10
2170.381
 20
571.087
 10
2170.17
 20
571.706
 10
2170.043
 20
572.347
 10
2170.0
 20
573.0
  0
CIRCLE
  5
156
330
17
100
AcDbEntity
  8
DRILL_7
100
AcDbCircle
 10
1909.0
 20
568.0
 30
0.0
 40
3.5
  0
CIRCLE
  5
157
330
17
100
AcDbEntity
  8
DRILL_7
100
AcDbCircle
 10
1909.0
 20
675.0
 30
0.0
 40
3.5
  0
CIRCLE
  5
158
330
17
100
AcDbEntity
  8
DRILL_7
100
AcDbCircle
 10
1909.0
 20
782.0
 30
0.0
 40
3.5
  0
CIRCLE
  5
159
330
17
100
AcDbEntity
  8
DRILL_7
100
AcDbCircle
 10
2271.0
 20
792.0
 30
0.0
 40
3.5
  0
TEXT
  5
15A
330
17
100
AcDbEntity
  8
LABELS
100
AcDbText
 10
2090.0
 20
675.0
 30
0.0
 40
14.0
  1
Cabinet side 2
 72
1
 11
2090.0
 21
675.0
 31
0.0
100
AcDbText
 73
2
  0
LWPOLYLINE
  5
15B
330
17
100
AcDbEntity
  8
CUT_OUTSIDE
100
AcDbPolyline
 90
4
 70
1
 10
2391.99
 20
852.0
 10
2391.99
 20
1186.0
 10
1887.99
 20
1186.0
 10
1887.99
 20
852.0
  0
LWPOLYLINE
  5
15C
330
17
100
AcDbEntity
  8
CUT_INSIDE
100
AcDbPolyline
 90
199
 70
1
 10
1936.99
 20
872.0
 10
1936.892
 20
872.005
 10
1936.795
 20
872.019
 10
1936.7
 20
872.043
 10
1936.608
 20
872.076
 10
1936.519
 20
872.118
 10
1936.435
 20
872.169
 10
1936.356
 20
872.227
 10
1936.283
 20
872.293
 10
1936.217
 20
872.366
 10
1936.159
 20
872.444
 10
1936.109
 20
872.529
 10
1936.067
 20
872.617
 10
1936.034
 20
872.71
 10
1936.01
 20
872.805
 10
1935.995
 20
872.902
 10
1935.99
 20
873.0
 10
1935.99
 20
1021.96
 10
1935.994
 20
1022.04
 10
1936.247
 20
1025.211
 10
1936.257
 20
1025.291
 10
1936.273
 20
1025.371
 10
1937.009
 20
1028.345
 10
1937.031
 20
1028.421
 10
1937.059
 20
1028.496
 10
1938.264
 20
1031.331
 10
1938.296
 20
1031.398
 10
1938.332
 20
1031.463
 10
1939.994
 20
1034.174
 10
1940.07
 20
1034.281
 10
1942.177
 20
1036.878
 10
1942.254
 20
1036.962
 10
1944.792
 20
1039.449
 10
1944.864
 20
1039.513
 10
1947.815
 20
1041.894
 10
1947.88
 20
1041.942
 10
1951.226
 20
1044.221
 10
1951.284
 20
1044.257
 10
1955.004
 20
1046.438
 10
1955.053
 20
1046.465
 10
1959.126
 20
1048.552
 10
1959.168
 20
1048.572
 10
1963.572
 20
1050.571
 10
1963.608
 20
1050.587
 10
1968.321
 20
1052.504
 10
1968.352
 20
1052.516
 10
1973.353
 20
1054.357
 10
1973.379
 20
1054.366
 10
1978.646
 20
1056.139
 10
1978.669
 20
1056.146
 10
1984.18
 20
1057.856
 10
1984.199
 20
1057.862
 10
1989.935
 20
1059.518
 10
1989.95
 20
1059.522
 10
1995.888
 20
1061.13
 10
1995.901
 20
1061.134
 10
2002.02
 20
1062.701
 10
2002.031
 20
1062.704
 10
2008.31
 20
1064.238
 10
2008.319
 20
1064.24
 10
2014.737
 20
1065.749
 10
2014.744
 20
1065.751
 10
2021.28
 20
1067.241
 10
2021.285
 20
1067.242
 10
2027.919
 20
1068.722
 10
2027.922
 20
1068.723
 10
2034.632
 20
1070.199
 10
2034.633
 20
1070.199
 10
2041.398
 20
1071.68
 10
2048.196
 20
1073.172
 10
2055.007
 20
1074.682
 10
2061.809
 20
1076.219
 10
2068.581
 20
1077.789
 10
2075.303
 20
1079.401
 10
2081.956
 20
1081.062
 10
2081.962
 20
1081.063
 10
2088.516
 20
1082.779
 10
2088.522
 20
1082.78
 10
2094.963
 20
1084.559
 10
2094.97
 20
1084.561
 10
2101.276
 20
1086.411
 10
2101.285
 20
1086.413
 10
2107.435
 20
1088.341
 10
2107.445
 20
1088.344
 10
2113.418
 20
1090.357
 10
2113.43
 20
1090.361
 10
2119.206
 20
1092.468
 10
2119.219
 20
1092.473
 10
2124.777
 20
1094.679
 10
2124.792
 20
1094.685
 10
2130.11
 20
1096.999
 10
2130.127
 20
1097.007
 10
2135.184
 20
1099.435
 10
2135.203
 20
1099.444
 10
2139.52
 20
1101.749
 10
2139.608
 20
1101.79
 10
2139.7
 20
1101.823
 10
2139.796
 20
1101.847
 10
2139.893
 20
1101.862
 10
2139.99
 20
1101.866
 10
2140.088
 20
1101.862
 10
2140.185
 20
1101.847
 10
2140.28
 20
1101.823
 10
2140.373
 20
1101.79
 10
2140.461
 20
1101.749
 10
2144.778
 20
1099.444
 10
2144.797
 20
1099.435
 10
2149.854
 20
1097.007
 10
2149.871
 20
1096.999
 10
2155.189
 20
1094.685
 10
2155.204
 20
1094.679
 10
2160.762
 20
1092.473
 10
2160.775
 20
1092.468
 10
2166.551
 20
1090.361
 10
2166.563
 20
1090.357
 10
2172.536
 20
1088.344
 10
2172.546
 20
1088.341
 10
2178.696
 20
1086.413
 10
2178.705
 20
1086.411
 10
2185.011
 20
1084.561
 10
2185.018
 20
1084.559
 10
2191.459
 20
1082.78
 10
2191.465
 20
1082.779
 10
2198.019
 20
1081.063
 10
2198.024
 20
1081.062
 10
2204.669
 20
1079.403
 10
2211.393
 20
1077.791
 10
2218.167
 20
1076.22
 10
2224.97
 20
1074.683
 10
2231.782
 20
1073.172
 10
2238.582
 20
1071.68
 10
2245.348
 20
1070.199
 10
2245.349
 20
1070.199
 10
2252.059
 20
1068.723
 10
2252.062
 20
1068.722
 10
2258.696
 20
1067.242
 10
2258.701
 20
1067.241
 10
2265.237
 20
1065.751
 10
2265.244
 20
1065.749
 10
2271.662
 20
1064.24
 10
2271.671
 20
1064.238
 10
2277.95
 20
1062.704
 10
2277.961
 20
1062.701
 10
2284.08
 20
1061.134
 10
2284.093
 20
1061.13
 10
2290.03
 20
1059.522
 10
2290.046
 20
1059.518
 10
2295.782
 20
1057.862
 10
2295.801
 20
1057.856
 10
2301.312
 20
1056.146
 10
2301.335
 20
1056.139
 10
2306.602
 20
1054.366
 10
2306.628
 20
1054.357
 10
2311.629
 20
1052.516
 10
2311.66
 20
1052.504
 10
2316.373
 20
1050.587
 10
2316.409
 20
1050.571
 10
2320.813
 20
1048.572
 10
2320.855
 20
1048.552
 10
2324.928
 20
1046.465
 10
2324.977
 20
1046.438
 10
2328.697
 20
1044.257
 10
2328.754
 20
1044.221
 10
2332.101
 20
1041.942
 10
2332.166
 20
1041.894
 10
2335.117
 20
1039.513
 10
2335.189
 20
1039.449
 10
2337.727
 20
1036.962
 10
2337.804
 20
1036.878
 10
2339.911
 20
1034.281
 10
2339.987
 20
1034.174
 10
2341.649
 20
1031.463
 10
2341.685
 20
1031.398
 10
2341.717
 20
1031.331
 10
2342.922
 20
1028.496
 10
2342.95
 20
1028.421
 10
2342.972
 20
1028.345
 10
2343.708
 20
1025.371
 10
2343.724
 20
1025.291
 10
2343.734
 20
1025.211
 10
2343.987
 20
1022.04
 10
2343.99
 20
1021.96
 10
2343.99
 20
873.0
 10
2343.986
 20
872.902
 10
2343.971
 20
872.805
 10
2343.947
 20
872.71
 10
2343.914
 20
872.617
 10
2343.872
 20
872.529
 10
2343.822
 20
872.444
 10
2343.763
 20
872.366
 10
2343.698
 20
872.293
 10
2343.625
 20
872.227
 10
2343.546
 20
872.169
 10
2343.462
 20
872.118
 10
2343.373
 20
872.076
 10
2343.281
 20
872.043
 10
2343.186
 20
872.019
 10
2343.088
 20
872.005
 10
2342.99
 20
872.0
  0
LWPOLYLINE
  5
15D
330
17
100
AcDbEntity
  8
CUT_INSIDE
100
AcDbPolyline
 90
200
 70
1
 10
2139.982
 20
1150.222
 10
2139.983
 20
1150.223
 10
2139.99
 20
1150.148
 10
2139.998
 20
1150.223
 10
2139.999
 20
1150.222
 10
2140.005
 20
1150.285
 10
2140.018
 20
1150.385
 10
2140.046
 20
1150.55
 10
2140.098
 20
1150.792
 10
2140.142
 20
1150.963
 10
2140.256
 20
1151.329
 10
2140.32
 20
1151.507
 10
2140.511
 20
1151.966
 10
2140.599
 20
1152.151
 10
2140.879
 20
1152.667
 10
2140.996
 20
1152.856
 10
2141.369
 20
1153.392
 10
2141.521
 20
1153.583
 10
2141.985
 20
1154.101
 10
2142.175
 20
1154.287
 10
2142.724
 20
1154.755
 10
2142.956
 20
1154.926
 10
2143.578
 20
1155.319
 10
2143.711
 20
1155.396
 10
2143.85
 20
1155.463
 10
2144.535
 20
1155.76
 10
2144.685
 20
1155.818
 10
2144.84
 20
1155.863
 10
2145.576
 20
1156.05
 10
2145.737
 20
1156.084
 10
2145.901
 20
1156.104
 10
2146.676
 20
1156.169
 10
2146.841
 20
1156.176
 10
2147.006
 20
1156.169
 10
2147.805
 20
1156.104
 10
2147.967
 20
1156.084
 10
2148.126
 20
1156.051
 10
2148.928
 20
1155.851
 10
2149.082
 20
1155.806
 10
2149.231
 20
1155.749
 10
2150.01
 20
1155.416
 10
2150.153
 20
1155.348
 10
2150.289
 20
1155.269
 10
2151.016
 20
1154.811
 10
2151.146
 20
1154.721
 10
2151.268
 20
1154.622
 10
2151.913
 20
1154.056
 10
2152.029
 20
1153.945
 10
2152.136
 20
1153.826
 10
2152.674
 20
1153.174
 10
2152.774
 20
1153.043
 10
2152.862
 20
1152.903
 10
2153.276
 20
1152.19
 10
2153.355
 20
1152.038
 10
2153.422
 20
1151.88
 10
2153.7
 20
1151.126
 10
2153.754
 20
1150.958
 10
2153.793
 20
1150.786
 10
2153.933
 20
1150.003
 10
2153.957
 20
1149.827
 10
2153.965
 20
1149.65
 10
2153.965
 20
1148.841
 10
2153.957
 20
1148.669
 10
2153.935
 20
1148.498
 10
2153.789
 20
1147.658
 10
2153.755
 20
1147.502
 10
2153.71
 20
1147.349
 10
2153.408
 20
1146.474
 10
2153.298
 20
1146.215
 10
2152.833
 20
1145.306
 10
2152.714
 20
1145.103
 10
2152.087
 20
1144.167
 10
2151.974
 20
1144.015
 10
2151.196
 20
1143.063
 10
2151.099
 20
1142.954
 10
2150.191
 20
1141.995
 10
2150.118
 20
1141.921
 10
2149.108
 20
1140.961
 10
2149.058
 20
1140.915
 10
2147.981
 20
1139.957
 10
2147.954
 20
1139.934
 10
2146.843
 20
1138.981
 10
2146.839
 20
1138.978
 10
2145.741
 20
1138.04
 10
2145.732
 20
1138.032
 10
2144.692
 20
1137.125
 10
2144.675
 20
1137.109
 10
2143.722
 20
1136.236
 10
2143.696
 20
1136.211
 10
2142.85
 20
1135.379
 10
2142.818
 20
1135.345
 10
2142.093
 20
1134.562
 10
2142.056
 20
1134.519
 10
2141.534
 20
1133.886
 10
2141.403
 20
1133.741
 10
2141.257
 20
1133.61
 10
2141.1
 20
1133.494
 10
2140.932
 20
1133.393
 10
2140.754
 20
1133.309
 10
2140.57
 20
1133.244
 10
2140.38
 20
1133.196
 10
2140.186
 20
1133.167
 10
2139.99
 20
1133.158
 10
2139.795
 20
1133.167
 10
2139.601
 20
1133.196
 10
2139.411
 20
1133.244
 10
2139.227
 20
1133.309
 10
2139.049
 20
1133.393
 10
2138.881
 20
1133.494
 10
2138.724
 20
1133.61
 10
2138.578
 20
1133.741
 10
2138.447
 20
1133.886
 10
2137.925
 20
1134.519
 10
2137.888
 20
1134.562
 10
2137.163
 20
1135.345
 10
2137.131
 20
1135.379
 10
2136.285
 20
1136.211
 10
2136.259
 20
1136.236
 10
2135.306
 20
1137.109
 10
2135.289
 20
1137.125
 10
2134.249
 20
1138.032
 10
2134.24
 20
1138.04
 10
2133.142
 20
1138.978
 10
2133.138
 20
1138.981
 10
2132.026
 20
1139.934
 10
2132.0
 20
1139.957
 10
2130.923
 20
1140.915
 10
2130.873
 20
1140.961
 10
2129.863
 20
1141.921
 10
2129.789
 20
1141.995
 10
2128.881
 20
1142.954
 10
2128.785
 20
1143.063
 10
2128.007
 20
1144.015
 10
2127.894
 20
1144.167
 10
2127.267
 20
1145.103
 10
2127.148
 20
1145.306
 10
2126.683
 20
1146.215
 10
2126.573
 20
1146.474
 10
2126.271
 20
1147.349
 10
2126.225
 20
1147.502
 10
2126.192
 20
1147.658
 10
2126.046
 20
1148.498
 10
2126.023
 20
1148.669
 10
2126.016
 20
1148.841
 10
2126.016
 20
1149.65
 10
2126.024
 20
1149.827
 10
2126.048
 20
1150.003
 10
2126.188
 20
1150.786
 10
2126.227
 20
1150.958
 10
2126.281
 20
1151.126
 10
2126.559
 20
1151.88
 10
2126.626
 20
1152.038
 10
2126.705
 20
1152.19
 10
2127.118
 20
1152.903
 10
2127.207
 20
1153.043
 10
2127.307
 20
1153.174
 10
2127.845
 20
1153.826
 10
2127.952
 20
1153.945
 10
2128.068
 20
1154.056
 10
2128.713
 20
1154.622
 10
2128.835
 20
1154.721
 10
2128.965
 20
1154.811
 10
2129.691
 20
1155.269
 10
2129.828
 20
1155.348
 10
2129.971
 20
1155.416
 10
2130.75
 20
1155.749
 10
2130.899
 20
1155.806
 10
2131.053
 20
1155.851
 10
2131.855
 20
1156.051
 10
2132.014
 20
1156.084
 10
2132.176
 20
1156.104
 10
2132.975
 20
1156.169
 10
2133.14
 20
1156.176
 10
2133.305
 20
1156.169
 10
2134.08
 20
1156.104
 10
2134.244
 20
1156.084
 10
2134.405
 20
1156.05
 10
2135.141
 20
1155.863
 10
2135.295
 20
1155.818
 10
2135.445
 20
1155.76
 10
2136.131
 20
1155.463
 10
2136.27
 20
1155.396
 10
2136.403
 20
1155.319
 10
2137.025
 20
1154.926
 10
2137.257
 20
1154.755
 10
2137.806
 20
1154.287
 10
2137.996
 20
1154.101
 10
2138.46
 20
1153.583
 10
2138.612
 20
1153.392
 10
2138.985
 20
1152.856
 10
2139.102
 20
1152.667
 10
2139.382
 20
1152.151
 10
2139.47
 20
1151.966
 10
2139.661
 20
1151.507
 10
2139.725
 20
1151.329
 10
2139.838
 20
1150.963
 10
2139.883
 20
1150.792
 10
2139.935
 20
1150.55
 10
2139.963
 20
1150.385
 10
2139.976
 20
1150.285
  0
LWPOLYLINE
  5
15E
330
17
100
AcDbEntity
  8
ENGRAVE_V
100
AcDbPolyline
 90
5
 70
1
 10
2377.99
 20
866.0
 10
1901.99
 20
866.0
 10
1901.99
 20
1172.0
 10
2377.99
 20
1172.0
 10
2377.99
 20
866.0
  0
LWPOLYLINE
  5
15F
330
17
100
AcDbEntity
  8
ENGRAVE_V
100
AcDbPolyline
 90
323
 70
1
 10
1936.99
 20
860.0
 10
1936.402
 20
860.014
 10
1936.304
 20
860.019
 10
1935.132
 20
860.135
 10
1935.035
 20
860.149
 10
1933.88
 20
860.379
 10
1933.784
 20
860.403
 10
1932.658
 20
860.745
 10
1932.565
 20
860.778
 10
1931.477
 20
861.228
 10
1931.388
 20
861.27
 10
1930.35
 20
861.825
 10
1930.266
 20
861.876
 10
1929.287
 20
862.53
 10
1929.208
 20
862.588
 10
1928.297
 20
863.336
 10
1928.225
 20
863.401
 10
1927.392
 20
864.234
 10
1927.326
 20
864.307
 10
1926.579
 20
865.217
 10
1926.521
 20
865.296
 10
1925.866
 20
866.275
 10
1925.816
 20
866.359
 10
1925.261
 20
867.398
 10
1925.219
 20
867.487
 10
1924.768
 20
868.575
 10
1924.735
 20
868.667
 10
1924.393
 20
869.794
 10
1924.369
 20
869.889
 10
1924.14
 20
871.044
 10
1924.125
 20
871.141
 10
1924.01
 20
872.313
 10
1924.005
 20
872.411
 10
1923.99
 20
873.0
 10
1923.99
 20
1021.96
 10
1924.0
 20
1022.438
 10
1924.003
 20
1022.518
 10
1924.032
 20
1022.995
 10
1924.285
 20
1026.165
 10
1924.334
 20
1026.652
 10
1924.343
 20
1026.732
 10
1924.5
 20
1027.697
 10
1924.516
 20
1027.776
 10
1924.624
 20
1028.253
 10
1925.36
 20
1031.227
 10
1925.484
 20
1031.689
 10
1925.506
 20
1031.765
 10
1925.809
 20
1032.672
 10
1925.837
 20
1032.747
 10
1926.015
 20
1033.19
 10
1927.22
 20
1036.025
 10
1927.402
 20
1036.431
 10
1927.433
 20
1036.498
 10
1927.84
 20
1037.287
 10
1927.876
 20
1037.352
 10
1928.101
 20
1037.735
 10
1929.764
 20
1040.446
 10
1930.199
 20
1041.106
 10
1930.275
 20
1041.213
 10
1930.752
 20
1041.843
 10
1932.86
 20
1044.44
 10
1933.305
 20
1044.957
 10
1933.381
 20
1045.041
 10
1933.855
 20
1045.533
 10
1936.393
 20
1048.02
 10
1936.816
 20
1048.414
 10
1936.888
 20
1048.479
 10
1937.329
 20
1048.853
 10
1940.281
 20
1051.234
 10
1940.665
 20
1051.531
 10
1940.73
 20
1051.579
 10
1941.126
 20
1051.861
 10
1944.472
 20
1054.139
 10
1944.811
 20
1054.362
 10
1944.869
 20
1054.398
 10
1945.215
 20
1054.61
 10
1948.935
 20
1056.79
 10
1949.231
 20
1056.958
 10
1949.28
 20
1056.985
 10
1949.581
 20
1057.144
 10
1953.653
 20
1059.231
 10
1953.908
 20
1059.358
 10
1953.95
 20
1059.379
 10
1954.208
 20
1059.499
 10
1958.612
 20
1061.498
 10
1958.83
 20
1061.595
 10
1958.867
 20
1061.61
 10
1959.087
 20
1061.703
 10
1963.8
 20
1063.619
 10
1963.987
 20
1063.694
 10
1964.018
 20
1063.706
 10
1964.206
 20
1063.777
 10
1969.206
 20
1065.618
 10
1969.365
 20
1065.675
 10
1969.392
 20
1065.685
 10
1969.552
 20
1065.74
 10
1974.819
 20
1067.512
 10
1974.954
 20
1067.557
 10
1974.976
 20
1067.564
 10
1975.112
 20
1067.607
 10
1980.624
 20
1069.317
 10
1980.738
 20
1069.352
 10
1980.757
 20
1069.358
 10
1980.871
 20
1069.391
 10
1986.606
 20
1071.047
 10
1986.702
 20
1071.074
 10
1986.718
 20
1071.079
 10
1986.814
 20
1071.105
 10
1992.752
 20
1072.713
 10
1992.831
 20
1072.734
 10
1992.844
 20
1072.738
 10
1992.923
 20
1072.758
 10
1999.042
 20
1074.326
 10
1999.107
 20
1074.342
 10
1999.118
 20
1074.345
 10
1999.182
 20
1074.361
 10
2005.462
 20
1075.895
 10
2005.513
 20
1075.908
 10
2005.521
 20
1075.91
 10
2005.573
 20
1075.922
 10
2011.991
 20
1077.431
 10
2012.03
 20
1077.44
 10
2012.037
 20
1077.441
 10
2012.076
 20
1077.45
 10
2018.612
 20
1078.941
 10
2018.64
 20
1078.947
 10
2018.645
 20
1078.948
 10
2018.672
 20
1078.955
 10
2025.306
 20
1080.434
 10
2025.323
 20
1080.438
 10
2025.326
 20
1080.439
 10
2025.343
 20
1080.442
 10
2032.053
 20
1081.919
 10
2032.061
 20
1081.921
 10
2038.83
 20
1083.402
 10
2045.611
 20
1084.89
 10
2052.385
 20
1086.392
 10
2059.131
 20
1087.916
 10
2065.827
 20
1089.469
 10
2072.451
 20
1091.057
 10
2078.984
 20
1092.688
 10
2085.399
 20
1094.367
 10
2091.677
 20
1096.101
 10
2097.792
 20
1097.894
 10
2103.724
 20
1099.753
 10
2109.446
 20
1101.682
 10
2114.936
 20
1103.684
 10
2120.168
 20
1105.76
 10
2125.118
 20
1107.914
 10
2129.76
 20
1110.142
 10
2133.869
 20
1112.335
 10
2134.394
 20
1112.599
 10
2134.483
 20
1112.641
 10
2135.57
 20
1113.09
 10
2135.662
 20
1113.123
 10
2136.788
 20
1113.465
 10
2136.883
 20
1113.488
 10
2138.037
 20
1113.718
 10
2138.134
 20
1113.732
 10
2139.304
 20
1113.847
 10
2139.402
 20
1113.852
 10
2140.579
 20
1113.852
 10
2140.677
 20
1113.847
 10
2141.847
 20
1113.732
 10
2141.944
 20
1113.718
 10
2143.098
 20
1113.488
 10
2143.193
 20
1113.465
 10
2144.319
 20
1113.123
 10
2144.411
 20
1113.09
 10
2145.498
 20
1112.641
 10
2145.587
 20
1112.599
 10
2146.113
 20
1112.335
 10
2150.203
 20
1110.151
 10
2154.847
 20
1107.921
 10
2159.799
 20
1105.766
 10
2165.032
 20
1103.688
 10
2170.524
 20
1101.686
 10
2176.248
 20
1099.757
 10
2182.18
 20
1097.897
 10
2188.297
 20
1096.103
 10
2194.575
 20
1094.369
 10
2200.992
 20
1092.689
 10
2207.521
 20
1091.059
 10
2214.147
 20
1089.471
 10
2220.845
 20
1087.918
 10
2227.592
 20
1086.393
 10
2234.367
 20
1084.89
 10
2241.151
 20
1083.402
 10
2247.913
 20
1081.922
 10
2247.921
 20
1081.92
 10
2254.638
 20
1080.442
 10
2254.655
 20
1080.439
 10
2254.658
 20
1080.438
 10
2254.675
 20
1080.434
 10
2261.309
 20
1078.955
 10
2261.336
 20
1078.948
 10
2261.341
 20
1078.947
 10
2261.369
 20
1078.941
 10
2267.905
 20
1077.45
 10
2267.944
 20
1077.441
 10
2267.951
 20
1077.44
 10
2267.99
 20
1077.431
 10
2274.408
 20
1075.922
 10
2274.46
 20
1075.91
 10
2274.468
 20
1075.908
 10
2274.519
 20
1075.895
 10
2280.799
 20
1074.361
 10
2280.863
 20
1074.345
 10
2280.874
 20
1074.342
 10
2280.939
 20
1074.326
 10
2287.058
 20
1072.758
 10
2287.137
 20
1072.738
 10
2287.15
 20
1072.734
 10
2287.229
 20
1072.713
 10
2293.167
 20
1071.105
 10
2293.263
 20
1071.079
 10
2293.279
 20
1071.074
 10
2293.375
 20
1071.047
 10
2299.11
 20
1069.391
 10
2299.224
 20
1069.358
 10
2299.243
 20
1069.352
 10
2299.357
 20
1069.317
 10
2304.869
 20
1067.607
 10
2305.005
 20
1067.564
 10
2305.027
 20
1067.557
 10
2305.162
 20
1067.512
 10
2310.429
 20
1065.74
 10
2310.589
 20
1065.685
 10
2310.616
 20
1065.675
 10
2310.775
 20
1065.618
 10
2315.775
 20
1063.777
 10
2315.963
 20
1063.706
 10
2315.994
 20
1063.694
 10
2316.181
 20
1063.619
 10
2320.894
 20
1061.703
 10
2321.114
 20
1061.61
 10
2321.151
 20
1061.595
 10
2321.369
 20
1061.498
 10
2325.773
 20
1059.499
 10
2326.03
 20
1059.379
 10
2326.073
 20
1059.358
 10
2326.328
 20
1059.231
 10
2330.4
 20
1057.144
 10
2330.7
 20
1056.985
 10
2330.75
 20
1056.958
 10
2331.046
 20
1056.79
 10
2334.765
 20
1054.61
 10
2335.112
 20
1054.398
 10
2335.17
 20
1054.362
 10
2335.509
 20
1054.139
 10
2338.855
 20
1051.861
 10
2339.251
 20
1051.579
 10
2339.316
 20
1051.531
 10
2339.7
 20
1051.234
 10
2342.652
 20
1048.853
 10
2343.093
 20
1048.479
 10
2343.165
 20
1048.414
 10
2343.588
 20
1048.02
 10
2346.126
 20
1045.533
 10
2346.6
 20
1045.041
 10
2346.676
 20
1044.957
 10
2347.121
 20
1044.44
 10
2349.228
 20
1041.843
 10
2349.706
 20
1041.213
 10
2349.782
 20
1041.106
 10
2350.217
 20
1040.446
 10
2351.88
 20
1037.735
 10
2352.105
 20
1037.352
 10
2352.141
 20
1037.287
 10
2352.548
 20
1036.498
 10
2352.579
 20
1036.431
 10
2352.761
 20
1036.025
 10
2353.966
 20
1033.19
 10
2354.144
 20
1032.747
 10
2354.172
 20
1032.672
 10
2354.475
 20
1031.765
 10
2354.497
 20
1031.689
 10
2354.621
 20
1031.227
 10
2355.357
 20
1028.253
 10
2355.465
 20
1027.776
 10
2355.481
 20
1027.697
 10
2355.638
 20
1026.732
 10
2355.647
 20
1026.652
 10
2355.696
 20
1026.165
 10
2355.949
 20
1022.995
 10
2355.978
 20
1022.518
 10
2355.981
 20
1022.438
 10
2355.99
 20
1021.96
 10
2355.99
 20
873.0
 10
2355.976
 20
872.411
 10
2355.971
 20
872.313
 10
2355.856
 20
871.141
 10
2355.841
 20
871.044
 10
2355.612
 20
869.889
 10
2355.588
 20
869.794
 10
2355.246
 20
868.667
 10
2355.213
 20
868.575
 10
2354.762
 20
867.487
 10
2354.72
 20
867.398
 10
2354.165
 20
866.359
 10
2354.115
 20
866.275
 10
2353.46
 20
865.296
 10
2353.402
 20
865.217
 10
2352.655
 20
864.307
 10
2352.589
 20
864.234
 10
2351.756
 20
863.401
 10
2351.684
 20
863.336
 10
2350.773
 20
862.588
 10
2350.694
 20
862.53
 10
2349.715
 20
861.876
 10
2349.631
 20
861.825
 10
2348.593
 20
861.27
 10
2348.504
 20
861.228
 10
2347.416
 20
860.778
 10
2347.323
 20
860.745
 10
2346.197
 20
860.403
 10
2346.101
 20
860.379
 10
2344.946
 20
860.149
 10
2344.849
 20
860.135
 10
2343.677
 20
860.019
 10
2343.579
 20
860.014
 10
2342.99
 20
860.0
 10
1936.99
 20
860.0
  0
LWPOLYLINE
  5
160
330
17
100
AcDbEntity
  8
ENGRAVE_V
100
AcDbPolyline
 90
256
 70
1
 10
1954.645
 20
1150.698
 10
1954.552
 20
1150.696
 10
1954.458
 20
1150.692
 10
1954.365
 20
1150.684
 10
1954.271
 20
1150.674
 10
1954.178
 20
1150.661
 10
1954.084
 20
1150.645
 10
1953.991
 20
1150.626
 10
1953.898
 20
1150.604
 10
1953.307
 20
1150.42
 10
1952.673
 20
1150.071
 10
1951.995
 20
1149.556
 10
1951.274
 20
1148.876
 10
1950.508
 20
1148.03
 10
1949.699
 20
1147.019
 10
1948.846
 20
1145.842
 10
1947.949
 20
1144.5
 10
1947.802
 20
1144.279
 10
1947.655
 20
1144.051
 10
1947.51
 20
1143.818
 10
1947.365
 20
1143.577
 10
1947.222
 20
1143.331
 10
1947.079
 20
1143.078
 10
1946.937
 20
1142.819
 10
1946.797
 20
1142.554
 10
1946.657
 20
1142.283
 10
1946.517
 20
1142.008
 10
1946.376
 20
1141.728
 10
1946.236
 20
1141.444
 10
1946.096
 20
1141.156
 10
1945.956
 20
1140.863
 10
1945.816
 20
1140.566
 10
1945.676
 20
1140.264
 10
1945.515
 20
1139.914
 10
1945.376
 20
1139.564
 10
1945.258
 20
1139.213
 10
1945.162
 20
1138.863
 10
1945.087
 20
1138.513
 10
1945.033
 20
1138.162
 10
1945.001
 20
1137.812
 10
1944.99
 20
1137.461
 10
1944.995
 20
1137.237
 10
1945.01
 20
1137.016
 10
1945.034
 20
1136.797
 10
1945.068
 20
1136.582
 10
1945.112
 20
1136.369
 10
1945.166
 20
1136.159
 10
1945.229
 20
1135.952
 10
1945.302
 20
1135.749
 10
1945.626
 20
1135.026
 10
1946.036
 20
1134.4
 10
1946.533
 20
1133.87
 10
1947.116
 20
1133.436
 10
1947.786
 20
1133.099
 10
1948.543
 20
1132.858
 10
1949.386
 20
1132.714
 10
1950.316
 20
1132.665
 10
1950.604
 20
1132.67
 10
1950.892
 20
1132.683
 10
1951.18
 20
1132.705
 10
1951.468
 20
1132.735
 10
1951.756
 20
1132.775
 10
1952.045
 20
1132.823
 10
1952.333
 20
1132.88
 10
1952.621
 20
1132.946
 10
1953.01
 20
1133.045
 10
1953.398
 20
1133.158
 10
1953.786
 20
1133.283
 10
1954.174
 20
1133.421
 10
1954.561
 20
1133.571
 10
1954.948
 20
1133.734
 10
1955.334
 20
1133.91
 10
1955.72
 20
1134.098
 10
1956.101
 20
1134.297
 10
1956.475
 20
1134.504
 10
1956.841
 20
1134.719
 10
1957.199
 20
1134.943
 10
1957.549
 20
1135.175
 10
1957.892
 20
1135.415
 10
1958.227
 20
1135.663
 10
1958.554
 20
1135.92
 10
1958.868
 20
1136.182
 10
1959.166
 20
1136.446
 10
1959.446
 20
1136.713
 10
1959.71
 20
1136.983
 10
1959.956
 20
1137.254
 10
1960.186
 20
1137.529
 10
1960.398
 20
1137.805
 10
1960.594
 20
1138.084
 10
1960.967
 20
1132.634
 10
1963.147
 20
1136.06
 10
1961.87
 20
1155.369
 10
1959.566
 20
1151.57
 10
1960.562
 20
1139.704
 10
1960.435
 20
1139.633
 10
1960.302
 20
1139.562
 10
1960.162
 20
1139.489
 10
1960.017
 20
1139.416
 10
1959.867
 20
1139.341
 10
1959.71
 20
1139.266
 10
1959.547
 20
1139.189
 10
1959.379
 20
1139.112
 10
1959.206
 20
1139.034
 10
1959.029
 20
1138.954
 10
1958.848
 20
1138.874
 10
1958.663
 20
1138.793
 10
1958.474
 20
1138.711
 10
1958.281
 20
1138.627
 10
1958.085
 20
1138.543
 10
1957.884
 20
1138.458
 10
1957.528
 20
1138.312
 10
1957.161
 20
1138.169
 10
1956.783
 20
1138.03
 10
1956.393
 20
1137.894
 10
1955.992
 20
1137.761
 10
1955.58
 20
1137.632
 10
1955.157
 20
1137.506
 10
1954.723
 20
1137.384
 10
1954.282
 20
1137.271
 10
1953.838
 20
1137.172
 10
1953.392
 20
1137.089
 10
1952.944
 20
1137.022
 10
1952.493
 20
1136.969
 10
1952.04
 20
1136.931
 10
1951.584
 20
1136.908
 10
1951.126
 20
1136.901
 10
1951.001
 20
1136.901
 10
1950.597
 20
1136.915
 10
1950.211
 20
1136.957
 10
1949.842
 20
1137.028
 10
1949.491
 20
1137.127
 10
1949.157
 20
1137.254
 10
1948.841
 20
1137.409
 10
1948.542
 20
1137.592
 10
1948.261
 20
1137.804
 10
1947.918
 20
1138.084
 10
1947.62
 20
1138.365
 10
1947.369
 20
1138.645
 10
1947.163
 20
1138.925
 10
1947.003
 20
1139.206
 10
1946.888
 20
1139.486
 10
1946.82
 20
1139.766
 10
1946.797
 20
1140.046
 10
1946.801
 20
1140.185
 10
1946.812
 20
1140.321
 10
1946.832
 20
1140.454
 10
1946.859
 20
1140.584
 10
1946.894
 20
1140.711
 10
1946.937
 20
1140.835
 10
1946.988
 20
1140.956
 10
1947.046
 20
1141.074
 10
1947.156
 20
1141.277
 10
1947.269
 20
1141.479
 10
1947.384
 20
1141.681
 10
1947.501
 20
1141.884
 10
1947.621
 20
1142.086
 10
1947.744
 20
1142.289
 10
1947.869
 20
1142.491
 10
1947.996
 20
1142.694
 10
1948.125
 20
1142.896
 10
1948.254
 20
1143.097
 10
1948.383
 20
1143.297
 10
1948.514
 20
1143.496
 10
1948.644
 20
1143.694
 10
1948.775
 20
1143.891
 10
1948.907
 20
1144.087
 10
1949.039
 20
1144.282
 10
1949.333
 20
1144.681
 10
1949.654
 20
1145.053
 10
1950.003
 20
1145.397
 10
1950.378
 20
1145.715
 10
1950.781
 20
1146.005
 10
1951.211
 20
1146.267
 10
1951.669
 20
1146.503
 10
1952.154
 20
1146.711
 10
1952.208
 20
1146.734
 10
1952.261
 20
1146.754
 10
1952.313
 20
1146.773
 10
1952.364
 20
1146.789
 10
1952.414
 20
1146.804
 10
1952.463
 20
1146.816
 10
1952.511
 20
1146.827
 10
1952.558
 20
1146.836
 10
1952.605
 20
1146.843
 10
1952.65
 20
1146.849
 10
1952.694
 20
1146.855
 10
1952.738
 20
1146.859
 10
1952.78
 20
1146.863
 10
1952.821
 20
1146.865
 10
1952.862
 20
1146.866
 10
1952.901
 20
1146.867
 10
1953.228
 20
1146.83
 10
1953.524
 20
1146.719
 10
1953.789
 20
1146.534
 10
1954.022
 20
1146.275
 10
1954.225
 20
1145.942
 10
1954.396
 20
1145.536
 10
1954.536
 20
1145.055
 10
1954.645
 20
1144.5
 10
1954.509
 20
1144.439
 10
1954.38
 20
1144.381
 10
1954.26
 20
1144.326
 10
1954.147
 20
1144.274
 10
1954.042
 20
1144.225
 10
1953.944
 20
1144.179
 10
1953.855
 20
1144.136
 10
1953.773
 20
1144.095
 10
1953.695
 20
1144.057
 10
1953.616
 20
1144.02
 10
1953.537
 20
1143.985
 10
1953.458
 20
1143.951
 10
1953.378
 20
1143.919
 10
1953.297
 20
1143.888
 10
1953.216
 20
1143.858
 10
1953.135
 20
1143.83
 10
1953.048
 20
1143.802
 10
1952.951
 20
1143.773
 10
1952.843
 20
1143.742
 10
1952.726
 20
1143.71
 10
1952.598
 20
1143.676
 10
1952.46
 20
1143.641
 10
1952.312
 20
1143.604
 10
1952.154
 20
1143.566
 10
1950.814
 20
1139.486
 10
1951.712
 20
1139.855
 10
1952.537
 20
1140.276
 10
1953.289
 20
1140.75
 10
1953.968
 20
1141.277
 10
1954.574
 20
1141.856
 10
1955.106
 20
1142.487
 10
1955.566
 20
1143.172
 10
1955.953
 20
1143.908
 10
1956.179
 20
1144.438
 10
1956.375
 20
1144.954
 10
1956.541
 20
1145.454
 10
1956.677
 20
1145.94
 10
1956.783
 20
1146.412
 10
1956.858
 20
1146.869
 10
1956.903
 20
1147.311
 10
1956.919
 20
1147.739
 10
1956.91
 20
1148.058
 10
1956.884
 20
1148.363
 10
1956.84
 20
1148.652
 10
1956.778
 20
1148.926
 10
1956.7
 20
1149.185
 10
1956.603
 20
1149.429
 10
1956.489
 20
1149.658
 10
1956.358
 20
1149.872
 10
1956.209
 20
1150.066
 10
1956.041
 20
1150.233
 10
1955.854
 20
1150.375
 10
1955.649
 20
1150.491
 10
1955.426
 20
1150.582
 10
1955.184
 20
1150.646
 10
1954.924
 20
1150.685
 10
1954.645
 20
1150.698
  0
LWPOLYLINE
  5
161
330
17
100
AcDbEntity
  8
ENGRAVE_V
100
AcDbPolyline
 90
35
 70
1
 10
1969.563
 20
1144.625
 10
1971.432
 20
1148.331
 10
1971.058
 20
1148.261
 10
1970.684
 20
1148.191
 10
1970.31
 20
1148.12
 10
1969.937
 20
1148.05
 10
1969.563
 20
1147.98
 10
1969.189
 20
1147.91
 10
1968.816
 20
1147.84
 10
1968.442
 20
1147.77
 10
1968.068
 20
1147.7
 10
1967.694
 20
1147.63
 10
1967.321
 20
1147.56
 10
1966.947
 20
1147.49
 10
1966.573
 20
1147.42
 10
1966.199
 20
1147.35
 10
1965.826
 20
1147.28
 10
1965.452
 20
1147.21
 10
1963.583
 20
1143.503
 10
1963.957
 20
1143.573
 10
1964.331
 20
1143.644
 10
1964.705
 20
1143.714
 10
1965.078
 20
1143.784
 10
1965.452
 20
1143.854
 10
1965.826
 20
1143.924
 10
1966.199
 20
1143.994
 10
1966.573
 20
1144.064
 10
1966.947
 20
1144.134
 10
1967.321
 20
1144.204
 10
1967.694
 20
1144.274
 10
1968.068
 20
1144.344
 10
1968.442
 20
1144.414
 10
1968.816
 20
1144.484
 10
1969.189
 20
1144.555
 10
1969.563
 20
1144.625
  0
LWPOLYLINE
  5
162
330
17
100
AcDbEntity
  8
ENGRAVE_V
100
AcDbPolyline
 90
59
 70
1
 10
1970.342
 20
1140.264
 10
1970.248
 20
1140.327
 10
1970.04
 20
1139.814
 10
1969.806
 20
1139.352
 10
1969.546
 20
1138.938
 10
1969.259
 20
1138.575
 10
1968.946
 20
1138.261
 10
1968.607
 20
1137.997
 10
1968.242
 20
1137.782
 10
1967.85
 20
1137.617
 10
1967.643
 20
1137.548
 10
1967.411
 20
1137.482
 10
1967.154
 20
1137.418
 10
1966.873
 20
1137.356
 10
1966.567
 20
1137.297
 10
1966.235
 20
1137.241
 10
1965.879
 20
1137.186
 10
1965.499
 20
1137.134
 10
1965.093
 20
1137.085
 10
1964.661
 20
1137.038
 10
1964.203
 20
1136.994
 10
1963.72
 20
1136.952
 10
1963.21
 20
1136.912
 10
1962.675
 20
1136.875
 10
1962.114
 20
1136.84
 10
1961.528
 20
1136.807
 10
1960.967
 20
1132.634
 10
1962.032
 20
1132.716
 10
1963.017
 20
1132.823
 10
1963.921
 20
1132.954
 10
1964.743
 20
1133.109
 10
1965.486
 20
1133.289
 10
1966.147
 20
1133.493
 10
1966.727
 20
1133.721
 10
1967.227
 20
1133.973
 10
1967.583
 20
1134.196
 10
1967.918
 20
1134.458
 10
1968.233
 20
1134.76
 10
1968.527
 20
1135.102
 10
1968.801
 20
1135.484
 10
1969.055
 20
1135.906
 10
1969.288
 20
1136.368
 10
1969.501
 20
1136.87
 10
1969.599
 20
1137.117
 10
1969.691
 20
1137.359
 10
1969.778
 20
1137.598
 10
1969.859
 20
1137.831
 10
1969.934
 20
1138.061
 10
1970.003
 20
1138.286
 10
1970.066
 20
1138.507
 10
1970.124
 20
1138.723
 10
1970.175
 20
1138.934
 10
1970.219
 20
1139.14
 10
1970.256
 20
1139.341
 10
1970.287
 20
1139.536
 10
1970.311
 20
1139.726
 10
1970.328
 20
1139.911
 10
1970.338
 20
1140.09
 10
1970.342
 20
1140.264
  0
LWPOLYLINE
  5
163
330
17
100
AcDbEntity
  8
ENGRAVE_V
100
AcDbPolyline
 90
121
 70
1
 10
1984.668
 20
1141.105
 10
1984.658
 20
1141.142
 10
1984.644
 20
1141.174
 10
1984.627
 20
1141.202
 10
1984.605
 20
1141.226
 10
1984.58
 20
1141.245
 10
1984.551
 20
1141.26
 10
1984.518
 20
1141.271
 10
1984.481
 20
1141.277
 10
1984.443
 20
1141.277
 10
1984.409
 20
1141.272
 10
1984.377
 20
1141.26
 10
1984.348
 20
1141.242
 10
1984.323
 20
1141.217
 10
1984.3
 20
1141.186
 10
1984.28
 20
1141.149
 10
1984.263
 20
1141.105
 10
1984.066
 20
1140.704
 10
1983.848
 20
1140.325
 10
1983.61
 20
1139.968
 10
1983.352
 20
1139.634
 10
1983.073
 20
1139.322
 10
1982.774
 20
1139.032
 10
1982.454
 20
1138.765
 10
1982.114
 20
1138.52
 10
1981.736
 20
1138.276
 10
1981.348
 20
1138.042
 10
1980.951
 20
1137.817
 10
1980.545
 20
1137.602
 10
1980.13
 20
1137.396
 10
1979.705
 20
1137.201
 10
1979.271
 20
1137.015
 10
1978.828
 20
1136.839
 10
1978.379
 20
1136.669
 10
1977.926
 20
1136.502
 10
1977.47
 20
1136.338
 10
1977.01
 20
1136.177
 10
1976.547
 20
1136.019
 10
1976.081
 20
1135.863
 10
1975.611
 20
1135.711
 10
1975.138
 20
1135.562
 10
1974.603
 20
1135.394
 10
1974.105
 20
1135.232
 10
1973.644
 20
1135.076
 10
1973.218
 20
1134.927
 10
1972.83
 20
1134.784
 10
1972.478
 20
1134.648
 10
1972.162
 20
1134.518
 10
1971.883
 20
1134.394
 10
1971.637
 20
1134.276
 10
1971.42
 20
1134.162
 10
1971.232
 20
1134.054
 10
1971.073
 20
1133.95
 10
1970.944
 20
1133.851
 10
1970.844
 20
1133.757
 10
1970.773
 20
1133.668
 10
1970.731
 20
1133.584
 10
1970.715
 20
1133.505
 10
1970.722
 20
1133.429
 10
1970.752
 20
1133.359
 10
1970.805
 20
1133.292
 10
1970.88
 20
1133.23
 10
1970.979
 20
1133.172
 10
1971.1
 20
1133.119
 10
1971.245
 20
1133.07
 10
1971.409
 20
1133.025
 10
1971.589
 20
1132.982
 10
1971.786
 20
1132.941
 10
1972.0
 20
1132.903
 10
1972.23
 20
1132.867
 10
1972.477
 20
1132.834
 10
1972.74
 20
1132.803
 10
1973.02
 20
1132.774
 10
1973.313
 20
1132.748
 10
1973.616
 20
1132.725
 10
1973.928
 20
1132.704
 10
1974.25
 20
1132.685
 10
1974.582
 20
1132.669
 10
1974.924
 20
1132.655
 10
1975.275
 20
1132.643
 10
1975.636
 20
1132.634
 10
1976.216
 20
1132.631
 10
1976.772
 20
1132.652
 10
1977.304
 20
1132.697
 10
1977.812
 20
1132.767
 10
1978.297
 20
1132.86
 10
1978.757
 20
1132.979
 10
1979.194
 20
1133.121
 10
1979.607
 20
1133.288
 10
1979.999
 20
1133.476
 10
1980.375
 20
1133.679
 10
1980.733
 20
1133.9
 10
1981.074
 20
1134.137
 10
1981.399
 20
1134.39
 10
1981.706
 20
1134.661
 10
1981.996
 20
1134.947
 10
1982.27
 20
1135.25
 10
1982.394
 20
1135.404
 10
1982.517
 20
1135.57
 10
1982.639
 20
1135.749
 10
1982.76
 20
1135.939
 10
1982.88
 20
1136.142
 10
1983.0
 20
1136.357
 10
1983.118
 20
1136.584
 10
1983.235
 20
1136.823
 10
1983.351
 20
1137.071
 10
1983.464
 20
1137.323
 10
1983.575
 20
1137.581
 10
1983.683
 20
1137.843
 10
1983.789
 20
1138.11
 10
1983.892
 20
1138.382
 10
1983.993
 20
1138.659
 10
1984.092
 20
1138.941
 10
1984.186
 20
1139.223
 10
1984.274
 20
1139.502
 10
1984.355
 20
1139.778
 10
1984.43
 20
1140.05
 10
1984.499
 20
1140.319
 10
1984.562
 20
1140.585
 10
1984.618
 20
1140.847
 10
1984.668
 20
1141.105
  0
LWPOLYLINE
  5
164
330
17
100
AcDbEntity
  8
ENGRAVE_V
100
AcDbPolyline
 90
186
 70
1
 10
1992.485
 20
1132.883
 10
1992.485
 20
1132.883
 10
1992.903
 20
1132.974
 10
1993.317
 20
1133.091
 10
1993.726
 20
1133.233
 10
1994.132
 20
1133.401
 10
1994.532
 20
1133.595
 10
1994.929
 20
1133.815
 10
1995.321
 20
1134.06
 10
1995.708
 20
1134.332
 10
1996.088
 20
1134.623
 10
1996.456
 20
1134.928
 10
1996.812
 20
1135.248
 10
1997.156
 20
1135.581
 10
1997.489
 20
1135.929
 10
1997.81
 20
1136.291
 10
1998.12
 20
1136.667
 10
1998.418
 20
1137.057
 10
1998.7
 20
1137.457
 10
1998.965
 20
1137.862
 10
1999.21
 20
1138.274
 10
1999.438
 20
1138.692
 10
1999.646
 20
1139.115
 10
1999.837
 20
1139.544
 10
2000.008
 20
1139.979
 10
2000.162
 20
1140.42
 10
2000.294
 20
1140.862
 10
2000.402
 20
1141.301
 10
2000.487
 20
1141.736
 10
2000.547
 20
1142.168
 10
2000.584
 20
1142.597
 10
2000.597
 20
1143.022
 10
2000.586
 20
1143.443
 10
2000.551
 20
1143.862
 10
2000.488
 20
1144.271
 10
2000.393
 20
1144.666
 10
2000.266
 20
1145.048
 10
2000.107
 20
1145.415
 10
1999.916
 20
1145.768
 10
1999.693
 20
1146.107
 10
1999.437
 20
1146.432
 10
1999.15
 20
1146.742
 10
1999.075
 20
1146.811
 10
1998.993
 20
1146.877
 10
1998.902
 20
1146.939
 10
1998.803
 20
1146.999
 10
1998.696
 20
1147.056
 10
1998.58
 20
1147.11
 10
1998.456
 20
1147.161
 10
1998.324
 20
1147.21
 10
1998.191
 20
1147.247
 10
1998.064
 20
1147.266
 10
1997.944
 20
1147.266
 10
1997.83
 20
1147.248
 10
1997.722
 20
1147.212
 10
1997.621
 20
1147.157
 10
1997.525
 20
1147.083
 10
1997.437
 20
1146.992
 10
1997.254
 20
1146.778
 10
1997.081
 20
1146.557
 10
1996.918
 20
1146.33
 10
1996.763
 20
1146.096
 10
1996.618
 20
1145.855
 10
1996.482
 20
1145.608
 10
1996.355
 20
1145.353
 10
1996.238
 20
1145.092
 10
1996.124
 20
1144.828
 10
1996.007
 20
1144.564
 10
1995.888
 20
1144.302
 10
1995.767
 20
1144.041
 10
1995.643
 20
1143.78
 10
1995.516
 20
1143.521
 10
1995.388
 20
1143.263
 10
1995.257
 20
1143.005
 10
1995.205
 20
1142.888
 10
1995.159
 20
1142.769
 10
1995.119
 20
1142.648
 10
1995.085
 20
1142.526
 10
1995.057
 20
1142.403
 10
1995.035
 20
1142.278
 10
1995.018
 20
1142.152
 10
1995.007
 20
1142.024
 10
1995.006
 20
1141.897
 10
1995.015
 20
1141.774
 10
1995.037
 20
1141.654
 10
1995.07
 20
1141.537
 10
1995.115
 20
1141.424
 10
1995.171
 20
1141.315
 10
1995.239
 20
1141.208
 10
1995.319
 20
1141.105
 10
1995.427
 20
1141.002
 10
1995.55
 20
1140.91
 10
1995.686
 20
1140.829
 10
1995.837
 20
1140.759
 10
1996.001
 20
1140.7
 10
1996.18
 20
1140.653
 10
1996.373
 20
1140.617
 10
1996.58
 20
1140.591
 10
1996.793
 20
1140.576
 10
1997.002
 20
1140.567
 10
1997.207
 20
1140.566
 10
1997.409
 20
1140.572
 10
1997.608
 20
1140.585
 10
1997.804
 20
1140.606
 10
1997.996
 20
1140.634
 10
1998.184
 20
1140.669
 10
1998.222
 20
1140.612
 10
1998.259
 20
1140.55
 10
1998.294
 20
1140.482
 10
1998.328
 20
1140.408
 10
1998.361
 20
1140.33
 10
1998.391
 20
1140.246
 10
1998.421
 20
1140.157
 10
1998.449
 20
1140.062
 10
1998.472
 20
1139.968
 10
1998.487
 20
1139.882
 10
1998.493
 20
1139.803
 10
1998.492
 20
1139.731
 10
1998.482
 20
1139.667
 10
1998.463
 20
1139.609
 10
1998.437
 20
1139.56
 10
1998.402
 20
1139.517
 10
1998.283
 20
1139.386
 10
1998.161
 20
1139.258
 10
1998.034
 20
1139.133
 10
1997.904
 20
1139.011
 10
1997.77
 20
1138.892
 10
1997.631
 20
1138.775
 10
1997.489
 20
1138.662
 10
1997.343
 20
1138.552
 10
1997.193
 20
1138.445
 10
1997.04
 20
1138.343
 10
1996.882
 20
1138.246
 10
1996.72
 20
1138.154
 10
1996.555
 20
1138.067
 10
1996.386
 20
1137.985
 10
1996.212
 20
1137.908
 10
1996.035
 20
1137.835
 10
1995.365
 20
1137.564
 10
1994.692
 20
1137.294
 10
1994.018
 20
1137.026
 10
1993.341
 20
1136.761
 10
1992.663
 20
1136.497
 10
1991.983
 20
1136.235
 10
1991.3
 20
1135.975
 10
1990.616
 20
1135.717
 10
1989.936
 20
1135.455
 10
1989.265
 20
1135.182
 10
1988.604
 20
1134.898
 10
1987.953
 20
1134.604
 10
1987.312
 20
1134.299
 10
1986.68
 20
1133.983
 10
1986.058
 20
1133.657
 10
1985.446
 20
1133.319
 10
1985.417
 20
1133.302
 10
1985.392
 20
1133.281
 10
1985.37
 20
1133.257
 10
1985.353
 20
1133.23
 10
1985.339
 20
1133.199
 10
1985.33
 20
1133.165
 10
1985.324
 20
1133.127
 10
1985.322
 20
1133.086
 10
1985.324
 20
1133.045
 10
1985.331
 20
1133.009
 10
1985.344
 20
1132.977
 10
1985.361
 20
1132.95
 10
1985.383
 20
1132.926
 10
1985.409
 20
1132.908
 10
1985.441
 20
1132.893
 10
1985.477
 20
1132.883
 10
1985.907
 20
1132.846
 10
1986.339
 20
1132.81
 10
1986.773
 20
1132.778
 10
1987.21
 20
1132.747
 10
1987.649
 20
1132.719
 10
1988.091
 20
1132.694
 10
1988.535
 20
1132.67
 10
1988.981
 20
1132.65
 10
1989.428
 20
1132.636
 10
1989.872
 20
1132.635
 10
1990.313
 20
1132.646
 10
1990.752
 20
1132.669
 10
1991.189
 20
1132.705
 10
1991.623
 20
1132.752
 10
1992.055
 20
1132.812
 10
1992.485
 20
1132.883
  0
LWPOLYLINE
  5
165
330
17
100
AcDbEntity
  8
ENGRAVE_V
100
AcDbPolyline
 90
73
 70
1
 10
2016.434
 20
1147.334
 10
2016.431
 20
1147.282
 10
2016.423
 20
1147.233
 10
2016.408
 20
1147.188
 10
2016.388
 20
1147.147
 10
2016.361
 20
1147.11
 10
2016.329
 20
1147.077
 10
2016.291
 20
1147.048
 10
2016.248
 20
1147.023
 10
2015.91
 20
1146.864
 10
2015.565
 20
1146.713
 10
2015.215
 20
1146.572
 10
2014.858
 20
1146.439
 10
2014.494
 20
1146.315
 10
2014.125
 20
1146.199
 10
2013.749
 20
1146.093
 10
2013.367
 20
1145.995
 10
2012.98
 20
1145.902
 10
2012.589
 20
1145.81
 10
2012.195
 20
1145.719
 10
2011.798
 20
1145.629
 10
2011.397
 20
1145.54
 10
2010.993
 20
1145.452
 10
2010.585
 20
1145.365
 10
2010.175
 20
1145.279
 10
2010.385
 20
1145.489
 10
2010.596
 20
1145.701
 10
2010.807
 20
1145.914
 10
2011.019
 20
1146.127
 10
2011.232
 20
1146.342
 10
2011.445
 20
1146.557
 10
2011.658
 20
1146.774
 10
2011.872
 20
1146.992
 10
2012.09
 20
1147.205
 10
2012.315
 20
1147.41
 10
2012.547
 20
1147.606
 10
2012.787
 20
1147.793
 10
2013.034
 20
1147.972
 10
2013.288
 20
1148.142
 10
2013.549
 20
1148.303
 10
2013.818
 20
1148.455
 10
2013.866
 20
1148.485
 10
2013.914
 20
1148.512
 10
2013.963
 20
1148.536
 10
2014.013
 20
1148.556
 10
2014.064
 20
1148.574
 10
2014.116
 20
1148.59
 10
2014.169
 20
1148.602
 10
2014.223
 20
1148.611
 10
2014.278
 20
1148.618
 10
2014.332
 20
1148.625
 10
2014.387
 20
1148.63
 10
2014.441
 20
1148.634
 10
2014.496
 20
1148.638
 10
2014.55
 20
1148.64
 10
2014.605
 20
1148.642
 10
2014.659
 20
1148.642
 10
2014.828
 20
1148.637
 10
2014.993
 20
1148.62
 10
2015.153
 20
1148.592
 10
2015.309
 20
1148.553
 10
2015.461
 20
1148.502
 10
2015.608
 20
1148.441
 10
2015.751
 20
1148.368
 10
2015.889
 20
1148.284
 10
2016.017
 20
1148.191
 10
2016.128
 20
1148.09
 10
2016.222
 20
1147.983
 10
2016.298
 20
1147.867
 10
2016.358
 20
1147.745
 10
2016.4
 20
1147.615
 10
2016.426
 20
1147.478
 10
2016.434
 20
1147.334
  0
LWPOLYLINE
  5
166
330
17
100
AcDbEntity
  8
ENGRAVE_V
100
AcDbPolyline
 90
244
 70
1
 10
2006.126
 20
1141.199
 10
2006.204
 20
1141.199
 10
2006.283
 20
1141.201
 10
2006.364
 20
1141.203
 10
2006.445
 20
1141.207
 10
2006.527
 20
1141.211
 10
2006.61
 20
1141.216
 10
2006.695
 20
1141.223
 10
2006.78
 20
1141.23
 10
2006.866
 20
1141.238
 10
2006.953
 20
1141.247
 10
2007.041
 20
1141.258
 10
2007.13
 20
1141.269
 10
2007.22
 20
1141.281
 10
2007.311
 20
1141.294
 10
2007.403
 20
1141.308
 10
2007.496
 20
1141.323
 10
2007.654
 20
1141.348
 10
2007.817
 20
1141.376
 10
2007.985
 20
1141.407
 10
2008.158
 20
1141.44
 10
2008.336
 20
1141.477
 10
2008.518
 20
1141.516
 10
2008.705
 20
1141.558
 10
2008.898
 20
1141.604
 10
2009.092
 20
1141.651
 10
2009.286
 20
1141.698
 10
2009.479
 20
1141.746
 10
2009.672
 20
1141.794
 10
2009.865
 20
1141.843
 10
2010.057
 20
1141.893
 10
2010.248
 20
1141.943
 10
2010.439
 20
1141.993
 10
2010.626
 20
1142.042
 10
2010.804
 20
1142.089
 10
2010.974
 20
1142.134
 10
2011.136
 20
1142.176
 10
2011.29
 20
1142.216
 10
2011.435
 20
1142.253
 10
2011.572
 20
1142.288
 10
2011.701
 20
1142.32
 10
2011.701
 20
1142.32
 10
2011.933
 20
1142.407
 10
2012.164
 20
1142.497
 10
2012.393
 20
1142.59
 10
2012.619
 20
1142.686
 10
2012.844
 20
1142.785
 10
2013.067
 20
1142.886
 10
2013.288
 20
1142.991
 10
2013.507
 20
1143.099
 10
2013.723
 20
1143.209
 10
2013.937
 20
1143.32
 10
2014.148
 20
1143.434
 10
2014.356
 20
1143.55
 10
2014.56
 20
1143.668
 10
2014.762
 20
1143.788
 10
2014.961
 20
1143.909
 10
2015.158
 20
1144.033
 10
2015.509
 20
1144.263
 10
2015.846
 20
1144.503
 10
2016.168
 20
1144.752
 10
2016.477
 20
1145.01
 10
2016.772
 20
1145.277
 10
2017.052
 20
1145.554
 10
2017.319
 20
1145.84
 10
2017.571
 20
1146.135
 10
2017.813
 20
1146.44
 10
2018.049
 20
1146.755
 10
2018.278
 20
1147.08
 10
2018.502
 20
1147.416
 10
2018.718
 20
1147.762
 10
2018.929
 20
1148.118
 10
2019.133
 20
1148.484
 10
2019.331
 20
1148.86
 10
2019.389
 20
1148.978
 10
2019.44
 20
1149.1
 10
2019.483
 20
1149.224
 10
2019.518
 20
1149.351
 10
2019.545
 20
1149.481
 10
2019.564
 20
1149.613
 10
2019.576
 20
1149.749
 10
2019.58
 20
1149.888
 10
2019.57
 20
1150.102
 10
2019.54
 20
1150.31
 10
2019.49
 20
1150.511
 10
2019.42
 20
1150.705
 10
2019.331
 20
1150.893
 10
2019.221
 20
1151.073
 10
2019.091
 20
1151.247
 10
2018.941
 20
1151.414
 10
2018.778
 20
1151.567
 10
2018.606
 20
1151.7
 10
2018.425
 20
1151.812
 10
2018.237
 20
1151.904
 10
2018.04
 20
1151.976
 10
2017.835
 20
1152.027
 10
2017.622
 20
1152.058
 10
2017.4
 20
1152.068
 10
2017.183
 20
1152.063
 10
2016.97
 20
1152.048
 10
2016.759
 20
1152.022
 10
2016.551
 20
1151.986
 10
2016.346
 20
1151.94
 10
2016.144
 20
1151.884
 10
2015.945
 20
1151.818
 10
2015.749
 20
1151.741
 10
2015.56
 20
1151.658
 10
2015.383
 20
1151.575
 10
2015.218
 20
1151.489
 10
2015.064
 20
1151.402
 10
2014.922
 20
1151.314
 10
2014.792
 20
1151.224
 10
2014.673
 20
1151.133
 10
2014.566
 20
1151.04
 10
2014.194
 20
1150.688
 10
2013.825
 20
1150.334
 10
2013.46
 20
1149.976
 10
2013.098
 20
1149.615
 10
2012.74
 20
1149.252
 10
2012.385
 20
1148.885
 10
2012.033
 20
1148.516
 10
2011.685
 20
1148.144
 10
2011.339
 20
1147.769
 10
2010.995
 20
1147.392
 10
2010.652
 20
1147.014
 10
2010.311
 20
1146.633
 10
2009.971
 20
1146.251
 10
2009.632
 20
1145.866
 10
2009.295
 20
1145.48
 10
2008.96
 20
1145.092
 10
2008.732
 20
1145.046
 10
2008.501
 20
1145.004
 10
2008.265
 20
1144.965
 10
2008.026
 20
1144.928
 10
2007.782
 20
1144.895
 10
2007.535
 20
1144.864
 10
2007.284
 20
1144.836
 10
2007.029
 20
1144.811
 10
2006.998
 20
1144.843
 10
2007.082
 20
1145.026
 10
2007.161
 20
1145.204
 10
2007.237
 20
1145.375
 10
2007.309
 20
1145.539
 10
2007.377
 20
1145.698
 10
2007.442
 20
1145.85
 10
2007.502
 20
1145.996
 10
2007.558
 20
1146.135
 10
2007.611
 20
1146.269
 10
2007.662
 20
1146.397
 10
2007.709
 20
1146.52
 10
2007.753
 20
1146.637
 10
2007.794
 20
1146.749
 10
2007.833
 20
1146.856
 10
2007.868
 20
1146.958
 10
2007.901
 20
1147.054
 10
2007.908
 20
1147.073
 10
2007.915
 20
1147.101
 10
2007.92
 20
1147.136
 10
2007.924
 20
1147.178
 10
2007.928
 20
1147.229
 10
2007.93
 20
1147.287
 10
2007.932
 20
1147.354
 10
2007.932
 20
1147.428
 10
2007.932
 20
1147.464
 10
2007.93
 20
1147.496
 10
2007.928
 20
1147.522
 10
2007.924
 20
1147.544
 10
2007.92
 20
1147.561
 10
2007.915
 20
1147.574
 10
2007.908
 20
1147.581
 10
2007.901
 20
1147.583
 10
2007.892
 20
1147.582
 10
2007.882
 20
1147.577
 10
2007.869
 20
1147.57
 10
2007.854
 20
1147.56
 10
2007.838
 20
1147.547
 10
2007.819
 20
1147.531
 10
2007.799
 20
1147.512
 10
2007.776
 20
1147.49
 10
2007.66
 20
1147.241
 10
2007.529
 20
1147.009
 10
2007.384
 20
1146.793
 10
2007.224
 20
1146.594
 10
2007.049
 20
1146.412
 10
2006.86
 20
1146.246
 10
2006.656
 20
1146.097
 10
2006.437
 20
1145.964
 10
2006.019
 20
1145.775
 10
2005.464
 20
1145.6
 10
2004.773
 20
1145.437
 10
2003.946
 20
1145.286
 10
2002.982
 20
1145.149
 10
2001.882
 20
1145.024
 10
2000.646
 20
1144.911
 10
1999.274
 20
1144.811
 10
1998.589
 20
1140.7
 10
1998.806
 20
1140.726
 10
1999.035
 20
1140.754
 10
1999.277
 20
1140.786
 10
1999.531
 20
1140.821
 10
1999.798
 20
1140.86
 10
2000.078
 20
1140.902
 10
2000.371
 20
1140.947
 10
2000.676
 20
1140.996
 10
2000.986
 20
1141.048
 10
2001.296
 20
1141.102
 10
2001.603
 20
1141.159
 10
2001.91
 20
1141.218
 10
2002.215
 20
1141.28
 10
2002.518
 20
1141.344
 10
2002.82
 20
1141.41
 10
2003.12
 20
1141.479
 10
2003.411
 20
1141.549
 10
2003.684
 20
1141.617
 10
2003.939
 20
1141.685
 10
2004.175
 20
1141.752
 10
2004.394
 20
1141.817
 10
2004.595
 20
1141.882
 10
2004.778
 20
1141.946
 10
2004.942
 20
1142.008
 10
2004.935
 20
1141.984
 10
2004.929
 20
1141.956
 10
2004.923
 20
1141.925
 10
2004.919
 20
1141.892
 10
2004.916
 20
1141.855
 10
2004.913
 20
1141.816
 10
2004.912
 20
1141.773
 10
2004.911
 20
1141.728
 10
2004.917
 20
1141.646
 10
2004.936
 20
1141.572
 10
2004.966
 20
1141.506
 10
2005.009
 20
1141.448
 10
2005.063
 20
1141.397
 10
2005.13
 20
1141.354
 10
2005.209
 20
1141.319
 10
2005.301
 20
1141.292
 10
2005.399
 20
1141.27
 10
2005.498
 20
1141.251
 10
2005.599
 20
1141.235
 10
2005.701
 20
1141.222
 10
2005.805
 20
1141.212
 10
2005.911
 20
1141.205
 10
2006.018
 20
1141.2
 10
2006.126
 20
1141.199
  0
LWPOLYLINE
  5
167
330
17
100
AcDbEntity
  8
ENGRAVE_V
100
AcDbPolyline
 90
35
 70
1
 10
2038.858
 20
1146.026
 10
2036.647
 20
1148.082
 10
2036.491
 20
1147.886
 10
2036.333
 20
1147.69
 10
2036.175
 20
1147.493
 10
2036.016
 20
1147.295
 10
2035.856
 20
1147.096
 10
2035.695
 20
1146.896
 10
2035.533
 20
1146.695
 10
2035.37
 20
1146.493
 10
2035.207
 20
1146.291
 10
2035.045
 20
1146.088
 10
2034.884
 20
1145.886
 10
2034.724
 20
1145.683
 10
2034.565
 20
1145.481
 10
2034.406
 20
1145.279
 10
2034.249
 20
1145.076
 10
2034.093
 20
1144.874
 10
2036.304
 20
1142.818
 10
2036.467
 20
1143.02
 10
2036.63
 20
1143.222
 10
2036.793
 20
1143.423
 10
2036.954
 20
1143.624
 10
2037.116
 20
1143.824
 10
2037.276
 20
1144.024
 10
2037.437
 20
1144.223
 10
2037.597
 20
1144.422
 10
2037.756
 20
1144.621
 10
2037.915
 20
1144.82
 10
2038.073
 20
1145.02
 10
2038.231
 20
1145.22
 10
2038.389
 20
1145.421
 10
2038.546
 20
1145.622
 10
2038.702
 20
1145.824
 10
2038.858
 20
1146.026
  0
LWPOLYLINE
  5
168
330
17
100
AcDbEntity
  8
ENGRAVE_V
100
AcDbPolyline
 90
137
 70
1
 10
2037.238
 20
1137.742
 10
2037.177
 20
1137.739
 10
2037.118
 20
1137.73
 10
2037.06
 20
1137.716
 10
2037.005
 20
1137.695
 10
2036.951
 20
1137.669
 10
2036.9
 20
1137.637
 10
2036.85
 20
1137.599
 10
2036.802
 20
1137.555
 10
2036.636
 20
1137.414
 10
2036.462
 20
1137.286
 10
2036.281
 20
1137.172
 10
2036.094
 20
1137.072
 10
2035.9
 20
1136.986
 10
2035.699
 20
1136.913
 10
2035.491
 20
1136.853
 10
2035.276
 20
1136.807
 10
2034.698
 20
1136.717
 10
2034.115
 20
1136.633
 10
2033.528
 20
1136.556
 10
2032.937
 20
1136.484
 10
2032.341
 20
1136.419
 10
2031.741
 20
1136.361
 10
2031.136
 20
1136.308
 10
2030.527
 20
1136.262
 10
2029.92
 20
1136.214
 10
2029.321
 20
1136.154
 10
2028.731
 20
1136.084
 10
2028.148
 20
1136.002
 10
2027.574
 20
1135.908
 10
2027.009
 20
1135.804
 10
2026.451
 20
1135.688
 10
2025.902
 20
1135.562
 10
2025.829
 20
1135.537
 10
2025.766
 20
1135.511
 10
2025.712
 20
1135.483
 10
2025.669
 20
1135.453
 10
2025.635
 20
1135.421
 10
2025.61
 20
1135.387
 10
2025.596
 20
1135.351
 10
2025.591
 20
1135.313
 10
2025.592
 20
1135.297
 10
2025.597
 20
1135.279
 10
2025.604
 20
1135.261
 10
2025.614
 20
1135.243
 10
2025.627
 20
1135.223
 10
2025.643
 20
1135.202
 10
2025.662
 20
1135.18
 10
2025.684
 20
1135.157
 10
2025.809
 20
1135.063
 10
2025.982
 20
1134.954
 10
2026.202
 20
1134.83
 10
2026.471
 20
1134.69
 10
2026.786
 20
1134.534
 10
2027.15
 20
1134.363
 10
2027.561
 20
1134.176
 10
2028.02
 20
1133.973
 10
2028.263
 20
1133.875
 10
2028.494
 20
1133.781
 10
2028.713
 20
1133.692
 10
2028.919
 20
1133.607
 10
2029.114
 20
1133.528
 10
2029.296
 20
1133.454
 10
2029.466
 20
1133.384
 10
2029.624
 20
1133.319
 10
2029.77
 20
1133.26
 10
2029.905
 20
1133.206
 10
2030.029
 20
1133.159
 10
2030.142
 20
1133.117
 10
2030.243
 20
1133.081
 10
2030.333
 20
1133.051
 10
2030.412
 20
1133.026
 10
2030.48
 20
1133.008
 10
2030.773
 20
1132.92
 10
2031.06
 20
1132.844
 10
2031.342
 20
1132.78
 10
2031.617
 20
1132.728
 10
2031.887
 20
1132.687
 10
2032.15
 20
1132.658
 10
2032.408
 20
1132.64
 10
2032.66
 20
1132.634
 10
2032.919
 20
1132.641
 10
2033.164
 20
1132.661
 10
2033.395
 20
1132.696
 10
2033.614
 20
1132.743
 10
2033.82
 20
1132.805
 10
2034.012
 20
1132.879
 10
2034.192
 20
1132.968
 10
2034.358
 20
1133.07
 10
2034.517
 20
1133.186
 10
2034.674
 20
1133.315
 10
2034.83
 20
1133.459
 10
2034.984
 20
1133.615
 10
2035.138
 20
1133.786
 10
2035.289
 20
1133.969
 10
2035.439
 20
1134.167
 10
2035.588
 20
1134.378
 10
2035.675
 20
1134.518
 10
2035.765
 20
1134.659
 10
2035.858
 20
1134.799
 10
2035.954
 20
1134.939
 10
2036.053
 20
1135.079
 10
2036.154
 20
1135.219
 10
2036.259
 20
1135.359
 10
2036.366
 20
1135.499
 10
2036.476
 20
1135.637
 10
2036.588
 20
1135.768
 10
2036.702
 20
1135.894
 10
2036.818
 20
1136.013
 10
2036.936
 20
1136.127
 10
2037.056
 20
1136.235
 10
2037.177
 20
1136.337
 10
2037.301
 20
1136.434
 10
2037.403
 20
1136.48
 10
2037.492
 20
1136.541
 10
2037.566
 20
1136.616
 10
2037.628
 20
1136.706
 10
2037.675
 20
1136.811
 10
2037.71
 20
1136.93
 10
2037.73
 20
1137.064
 10
2037.737
 20
1137.212
 10
2037.735
 20
1137.266
 10
2037.729
 20
1137.317
 10
2037.719
 20
1137.367
 10
2037.706
 20
1137.415
 10
2037.688
 20
1137.461
 10
2037.667
 20
1137.504
 10
2037.641
 20
1137.546
 10
2037.612
 20
1137.586
 10
2037.579
 20
1137.623
 10
2037.542
 20
1137.654
 10
2037.501
 20
1137.681
 10
2037.457
 20
1137.703
 10
2037.408
 20
1137.72
 10
2037.355
 20
1137.732
 10
2037.299
 20
1137.739
 10
2037.238
 20
1137.742
  0
LWPOLYLINE
  5
169
330
17
100
AcDbEntity
  8
ENGRAVE_V
100
AcDbPolyline
 90
35
 70
1
 10
2051.845
 20
1152.193
 10
2049.634
 20
1154.248
 10
2049.478
 20
1154.053
 10
2049.32
 20
1153.857
 10
2049.162
 20
1153.66
 10
2049.003
 20
1153.462
 10
2048.843
 20
1153.263
 10
2048.682
 20
1153.063
 10
2048.52
 20
1152.862
 10
2048.357
 20
1152.66
 10
2048.194
 20
1152.457
 10
2048.032
 20
1152.255
 10
2047.871
 20
1152.052
 10
2047.711
 20
1151.85
 10
2047.551
 20
1151.648
 10
2047.393
 20
1151.445
 10
2047.236
 20
1151.243
 10
2047.08
 20
1151.04
 10
2049.291
 20
1148.985
 10
2049.454
 20
1149.187
 10
2049.617
 20
1149.389
 10
2049.779
 20
1149.59
 10
2049.941
 20
1149.791
 10
2050.103
 20
1149.991
 10
2050.263
 20
1150.191
 10
2050.424
 20
1150.39
 10
2050.584
 20
1150.589
 10
2050.743
 20
1150.787
 10
2050.902
 20
1150.987
 10
2051.06
 20
1151.186
 10
2051.218
 20
1151.387
 10
2051.376
 20
1151.587
 10
2051.533
 20
1151.789
 10
2051.689
 20
1151.99
 10
2051.845
 20
1152.193
  0
LWPOLYLINE
  5
16A
330
17
100
AcDbEntity
  8
ENGRAVE_V
100
AcDbPolyline
 90
234
 70
1
 10
2044.744
 20
1138.614
 10
2044.289
 20
1138.539
 10
2043.859
 20
1138.472
 10
2043.452
 20
1138.411
 10
2043.07
 20
1138.357
 10
2042.713
 20
1138.31
 10
2042.379
 20
1138.269
 10
2042.07
 20
1138.236
 10
2041.785
 20
1138.209
 10
2041.521
 20
1138.188
 10
2041.273
 20
1138.17
 10
2041.04
 20
1138.156
 10
2040.824
 20
1138.147
 10
2040.624
 20
1138.141
 10
2040.439
 20
1138.139
 10
2040.271
 20
1138.141
 10
2040.119
 20
1138.147
 10
2039.979
 20
1138.155
 10
2039.848
 20
1138.166
 10
2039.724
 20
1138.179
 10
2039.609
 20
1138.193
 10
2039.503
 20
1138.21
 10
2039.404
 20
1138.228
 10
2039.314
 20
1138.249
 10
2039.232
 20
1138.271
 10
2039.042
 20
1138.341
 10
2038.863
 20
1138.424
 10
2038.694
 20
1138.522
 10
2038.535
 20
1138.633
 10
2038.386
 20
1138.759
 10
2038.248
 20
1138.899
 10
2038.12
 20
1139.053
 10
2038.002
 20
1139.221
 10
2037.898
 20
1139.399
 10
2037.812
 20
1139.582
 10
2037.744
 20
1139.771
 10
2037.694
 20
1139.965
 10
2037.662
 20
1140.164
 10
2037.648
 20
1140.369
 10
2037.652
 20
1140.579
 10
2037.675
 20
1140.794
 10
2037.674
 20
1140.808
 10
2037.672
 20
1140.821
 10
2037.668
 20
1140.832
 10
2037.663
 20
1140.841
 10
2037.656
 20
1140.847
 10
2037.648
 20
1140.852
 10
2037.639
 20
1140.855
 10
2037.628
 20
1140.856
 10
2037.616
 20
1140.855
 10
2037.605
 20
1140.852
 10
2037.595
 20
1140.847
 10
2037.585
 20
1140.841
 10
2037.575
 20
1140.832
 10
2037.566
 20
1140.821
 10
2037.558
 20
1140.808
 10
2037.55
 20
1140.794
 10
2037.318
 20
1140.333
 10
2037.105
 20
1139.886
 10
2036.911
 20
1139.452
 10
2036.736
 20
1139.03
 10
2036.58
 20
1138.622
 10
2036.443
 20
1138.227
 10
2036.325
 20
1137.846
 10
2036.226
 20
1137.477
 10
2036.151
 20
1137.124
 10
2036.103
 20
1136.788
 10
2036.083
 20
1136.47
 10
2036.09
 20
1136.169
 10
2036.125
 20
1135.886
 10
2036.188
 20
1135.62
 10
2036.279
 20
1135.372
 10
2036.398
 20
1135.141
 10
2036.547
 20
1134.931
 10
2036.731
 20
1134.744
 10
2036.95
 20
1134.581
 10
2037.203
 20
1134.441
 10
2037.491
 20
1134.324
 10
2037.814
 20
1134.23
 10
2038.171
 20
1134.16
 10
2038.562
 20
1134.114
 10
2038.992
 20
1134.093
 10
2039.464
 20
1134.101
 10
2039.979
 20
1134.138
 10
2040.536
 20
1134.203
 10
2041.135
 20
1134.297
 10
2041.777
 20
1134.42
 10
2042.461
 20
1134.572
 10
2043.187
 20
1134.752
 10
2043.178
 20
1134.689
 10
2043.168
 20
1134.624
 10
2043.157
 20
1134.556
 10
2043.144
 20
1134.487
 10
2043.13
 20
1134.416
 10
2043.114
 20
1134.343
 10
2043.097
 20
1134.268
 10
2043.078
 20
1134.191
 10
2043.059
 20
1134.115
 10
2043.04
 20
1134.043
 10
2043.022
 20
1133.975
 10
2043.004
 20
1133.911
 10
2042.987
 20
1133.851
 10
2042.97
 20
1133.794
 10
2042.954
 20
1133.742
 10
2042.938
 20
1133.693
 10
2042.932
 20
1133.662
 10
2042.931
 20
1133.632
 10
2042.934
 20
1133.602
 10
2042.942
 20
1133.572
 10
2042.954
 20
1133.543
 10
2042.97
 20
1133.515
 10
2042.991
 20
1133.487
 10
2043.016
 20
1133.46
 10
2043.043
 20
1133.434
 10
2043.069
 20
1133.414
 10
2043.095
 20
1133.397
 10
2043.121
 20
1133.386
 10
2043.146
 20
1133.378
 10
2043.17
 20
1133.375
 10
2043.195
 20
1133.376
 10
2043.218
 20
1133.382
 10
2043.293
 20
1133.408
 10
2043.362
 20
1133.441
 10
2043.425
 20
1133.48
 10
2043.483
 20
1133.526
 10
2043.534
 20
1133.578
 10
2043.58
 20
1133.636
 10
2043.62
 20
1133.7
 10
2043.654
 20
1133.771
 10
2043.685
 20
1133.846
 10
2043.713
 20
1133.922
 10
2043.741
 20
1133.999
 10
2043.767
 20
1134.079
 10
2043.792
 20
1134.159
 10
2043.815
 20
1134.241
 10
2043.836
 20
1134.324
 10
2043.857
 20
1134.409
 10
2043.876
 20
1134.493
 10
2043.896
 20
1134.571
 10
2043.917
 20
1134.644
 10
2043.938
 20
1134.713
 10
2043.96
 20
1134.777
 10
2043.982
 20
1134.836
 10
2044.005
 20
1134.89
 10
2044.028
 20
1134.939
 10
2044.649
 20
1135.073
 10
2045.265
 20
1135.209
 10
2045.877
 20
1135.349
 10
2046.484
 20
1135.492
 10
2047.087
 20
1135.637
 10
2047.686
 20
1135.786
 10
2048.281
 20
1135.937
 10
2048.871
 20
1136.091
 10
2049.45
 20
1136.246
 10
2050.012
 20
1136.401
 10
2050.558
 20
1136.554
 10
2051.086
 20
1136.706
 10
2051.597
 20
1136.858
 10
2052.091
 20
1137.008
 10
2052.568
 20
1137.157
 10
2053.028
 20
1137.306
 10
2054.99
 20
1141.541
 10
2054.866
 20
1141.491
 10
2054.742
 20
1141.45
 10
2054.619
 20
1141.417
 10
2054.496
 20
1141.393
 10
2054.374
 20
1141.378
 10
2054.252
 20
1141.372
 10
2054.13
 20
1141.374
 10
2054.009
 20
1141.386
 10
2053.891
 20
1141.406
 10
2053.779
 20
1141.434
 10
2053.671
 20
1141.472
 10
2053.57
 20
1141.518
 10
2053.473
 20
1141.573
 10
2053.382
 20
1141.637
 10
2053.296
 20
1141.709
 10
2053.215
 20
1141.79
 10
2053.141
 20
1142.083
 10
2053.06
 20
1142.368
 10
2052.97
 20
1142.645
 10
2052.873
 20
1142.916
 10
2052.768
 20
1143.179
 10
2052.655
 20
1143.434
 10
2052.534
 20
1143.683
 10
2052.406
 20
1143.924
 10
2052.267
 20
1144.154
 10
2052.117
 20
1144.371
 10
2051.956
 20
1144.573
 10
2051.783
 20
1144.761
 10
2051.598
 20
1144.935
 10
2051.401
 20
1145.095
 10
2051.193
 20
1145.24
 10
2050.973
 20
1145.372
 10
2050.749
 20
1145.483
 10
2050.527
 20
1145.569
 10
2050.309
 20
1145.628
 10
2050.093
 20
1145.66
 10
2049.88
 20
1145.666
 10
2049.671
 20
1145.646
 10
2049.464
 20
1145.6
 10
2049.26
 20
1145.528
 10
2049.059
 20
1145.434
 10
2048.861
 20
1145.325
 10
2048.666
 20
1145.201
 10
2048.474
 20
1145.061
 10
2048.284
 20
1144.905
 10
2048.098
 20
1144.734
 10
2047.915
 20
1144.547
 10
2047.734
 20
1144.344
 10
2047.557
 20
1144.13
 10
2047.384
 20
1143.909
 10
2047.214
 20
1143.681
 10
2047.049
 20
1143.445
 10
2046.887
 20
1143.202
 10
2046.73
 20
1142.952
 10
2046.576
 20
1142.694
 10
2046.426
 20
1142.429
 10
2046.281
 20
1142.161
 10
2046.141
 20
1141.895
 10
2046.006
 20
1141.63
 10
2045.877
 20
1141.366
 10
2045.753
 20
1141.104
 10
2045.635
 20
1140.844
 10
2045.522
 20
1140.584
 10
2045.414
 20
1140.327
 10
2045.311
 20
1140.075
 10
2045.214
 20
1139.834
 10
2045.123
 20
1139.604
 10
2045.036
 20
1139.385
 10
2044.955
 20
1139.176
 10
2044.879
 20
1138.978
 10
2044.809
 20
1138.79
 10
2044.744
 20
1138.614
  0
LWPOLYLINE
  5
16B
330
17
100
AcDbEntity
  8
ENGRAVE_V
100
AcDbPolyline
 90
66
 70
1
 10
2050.039
 20
1139.922
 10
2050.053
 20
1139.884
 10
2050.066
 20
1139.849
 10
2050.077
 20
1139.816
 10
2050.085
 20
1139.786
 10
2050.092
 20
1139.758
 10
2050.097
 20
1139.732
 10
2050.1
 20
1139.709
 10
2050.101
 20
1139.688
 10
2050.097
 20
1139.669
 10
2050.085
 20
1139.65
 10
2050.066
 20
1139.632
 10
2050.039
 20
1139.614
 10
2050.004
 20
1139.597
 10
2049.961
 20
1139.58
 10
2049.91
 20
1139.564
 10
2049.852
 20
1139.548
 10
2045.492
 20
1138.676
 10
2045.585
 20
1138.879
 10
2045.678
 20
1139.081
 10
2045.772
 20
1139.283
 10
2045.865
 20
1139.486
 10
2045.959
 20
1139.688
 10
2046.052
 20
1139.891
 10
2046.146
 20
1140.093
 10
2046.239
 20
1140.296
 10
2046.337
 20
1140.494
 10
2046.443
 20
1140.683
 10
2046.559
 20
1140.863
 10
2046.683
 20
1141.035
 10
2046.816
 20
1141.198
 10
2046.957
 20
1141.353
 10
2047.108
 20
1141.498
 10
2047.267
 20
1141.635
 10
2047.369
 20
1141.714
 10
2047.474
 20
1141.781
 10
2047.581
 20
1141.835
 10
2047.691
 20
1141.876
 10
2047.803
 20
1141.905
 10
2047.918
 20
1141.921
 10
2048.035
 20
1141.924
 10
2048.154
 20
1141.915
 10
2048.273
 20
1141.896
 10
2048.387
 20
1141.868
 10
2048.497
 20
1141.833
 10
2048.602
 20
1141.79
 10
2048.703
 20
1141.74
 10
2048.8
 20
1141.681
 10
2048.892
 20
1141.615
 10
2048.98
 20
1141.541
 10
2049.071
 20
1141.462
 10
2049.159
 20
1141.38
 10
2049.242
 20
1141.295
 10
2049.322
 20
1141.207
 10
2049.398
 20
1141.116
 10
2049.47
 20
1141.022
 10
2049.538
 20
1140.925
 10
2049.603
 20
1140.825
 10
2049.664
 20
1140.722
 10
2049.723
 20
1140.617
 10
2049.781
 20
1140.508
 10
2049.836
 20
1140.397
 10
2049.89
 20
1140.282
 10
2049.941
 20
1140.165
 10
2049.991
 20
1140.045
 10
2050.039
 20
1139.922
  0
LWPOLYLINE
  5
16C
330
17
100
AcDbEntity
  8
ENGRAVE_V
100
AcDbPolyline
 90
874
 70
1
 10
2236.666
 20
1126.0
 10
2236.173
 20
1126.012
 10
2235.703
 20
1126.047
 10
2235.257
 20
1126.106
 10
2234.835
 20
1126.188
 10
2234.437
 20
1126.293
 10
2234.063
 20
1126.423
 10
2233.713
 20
1126.575
 10
2233.387
 20
1126.751
 10
2233.092
 20
1126.944
 10
2232.837
 20
1127.147
 10
2232.621
 20
1127.359
 10
2232.444
 20
1127.582
 10
2232.307
 20
1127.814
 10
2232.209
 20
1128.057
 10
2232.15
 20
1128.309
 10
2232.13
 20
1128.571
 10
2232.143
 20
1128.769
 10
2232.182
 20
1128.971
 10
2232.246
 20
1129.177
 10
2232.336
 20
1129.388
 10
2232.452
 20
1129.603
 10
2232.593
 20
1129.823
 10
2232.761
 20
1130.047
 10
2232.954
 20
1130.276
 10
2233.175
 20
1130.505
 10
2233.429
 20
1130.728
 10
2233.715
 20
1130.945
 10
2234.033
 20
1131.157
 10
2234.384
 20
1131.364
 10
2234.766
 20
1131.565
 10
2235.18
 20
1131.761
 10
2235.626
 20
1131.952
 10
2236.339
 20
1132.235
 10
2237.064
 20
1132.491
 10
2237.798
 20
1132.72
 10
2238.544
 20
1132.923
 10
2239.301
 20
1133.1
 10
2240.068
 20
1133.249
 10
2240.847
 20
1133.372
 10
2241.636
 20
1133.469
 10
2242.433
 20
1133.547
 10
2243.237
 20
1133.614
 10
2244.048
 20
1133.671
 10
2244.864
 20
1133.718
 10
2245.687
 20
1133.754
 10
2246.517
 20
1133.78
 10
2247.352
 20
1133.796
 10
2248.194
 20
1133.801
 10
2248.415
 20
1134.169
 10
2248.63
 20
1134.55
 10
2248.84
 20
1134.945
 10
2249.043
 20
1135.354
 10
2249.241
 20
1135.776
 10
2249.432
 20
1136.212
 10
2249.618
 20
1136.661
 10
2249.798
 20
1137.124
 10
2249.973
 20
1137.596
 10
2250.144
 20
1138.073
 10
2250.31
 20
1138.556
 10
2250.473
 20
1139.045
 10
2250.632
 20
1139.539
 10
2250.787
 20
1140.038
 10
2250.937
 20
1140.543
 10
2251.084
 20
1141.053
 10
2251.226
 20
1141.564
 10
2251.365
 20
1142.071
 10
2251.501
 20
1142.575
 10
2251.633
 20
1143.075
 10
2251.761
 20
1143.572
 10
2251.885
 20
1144.065
 10
2252.006
 20
1144.554
 10
2252.124
 20
1145.04
 10
2251.988
 20
1144.739
 10
2251.842
 20
1144.428
 10
2251.685
 20
1144.107
 10
2251.517
 20
1143.776
 10
2251.338
 20
1143.435
 10
2251.149
 20
1143.084
 10
2250.948
 20
1142.724
 10
2250.737
 20
1142.353
 10
2250.516
 20
1141.979
 10
2250.287
 20
1141.608
 10
2250.05
 20
1141.241
 10
2249.805
 20
1140.876
 10
2249.552
 20
1140.515
 10
2249.29
 20
1140.156
 10
2249.021
 20
1139.801
 10
2248.743
 20
1139.449
 10
2248.458
 20
1139.107
 10
2248.165
 20
1138.779
 10
2247.866
 20
1138.466
 10
2247.559
 20
1138.167
 10
2247.244
 20
1137.884
 10
2246.923
 20
1137.616
 10
2246.594
 20
1137.362
 10
2246.259
 20
1137.124
 10
2245.838
 20
1136.86
 10
2245.413
 20
1136.631
 10
2244.985
 20
1136.437
 10
2244.554
 20
1136.278
 10
2244.119
 20
1136.155
 10
2243.68
 20
1136.067
 10
2243.237
 20
1136.014
 10
2242.791
 20
1135.997
 10
2242.465
 20
1136.009
 10
2242.15
 20
1136.046
 10
2241.847
 20
1136.106
 10
2241.556
 20
1136.192
 10
2241.277
 20
1136.302
 10
2241.009
 20
1136.436
 10
2240.753
 20
1136.594
 10
2240.509
 20
1136.777
 10
2240.285
 20
1136.986
 10
2240.092
 20
1137.223
 10
2239.928
 20
1137.488
 10
2239.794
 20
1137.781
 10
2239.69
 20
1138.102
 10
2239.615
 20
1138.451
 10
2239.57
 20
1138.828
 10
2239.555
 20
1139.233
 10
2239.556
 20
1139.277
 10
2239.556
 20
1139.321
 10
2239.558
 20
1139.367
 10
2239.559
 20
1139.413
 10
2239.561
 20
1139.461
 10
2239.564
 20
1139.509
 10
2239.567
 20
1139.558
 10
2239.57
 20
1139.608
 10
2239.574
 20
1139.659
 10
2239.578
 20
1139.709
 10
2239.583
 20
1139.76
 10
2239.588
 20
1139.811
 10
2239.594
 20
1139.861
 10
2239.6
 20
1139.912
 10
2239.606
 20
1139.962
 10
2239.613
 20
1140.013
 10
2239.679
 20
1140.378
 10
2239.759
 20
1140.75
 10
2239.854
 20
1141.129
 10
2239.964
 20
1141.515
 10
2240.088
 20
1141.909
 10
2240.228
 20
1142.31
 10
2240.383
 20
1142.718
 10
2240.552
 20
1143.133
 10
2240.732
 20
1143.551
 10
2240.919
 20
1143.968
 10
2241.112
 20
1144.384
 10
2241.311
 20
1144.798
 10
2241.516
 20
1145.211
 10
2241.728
 20
1145.622
 10
2241.946
 20
1146.033
 10
2242.17
 20
1146.441
 10
2242.396
 20
1146.844
 10
2242.617
 20
1147.237
 10
2242.835
 20
1147.619
 10
2243.048
 20
1147.991
 10
2243.257
 20
1148.352
 10
2243.462
 20
1148.703
 10
2243.663
 20
1149.044
 10
2243.86
 20
1149.374
 10
2244.088
 20
1149.751
 10
2244.308
 20
1150.129
 10
2244.521
 20
1150.509
 10
2244.727
 20
1150.891
 10
2244.926
 20
1151.275
 10
2245.117
 20
1151.66
 10
2245.301
 20
1152.047
 10
2245.478
 20
1152.437
 10
2245.647
 20
1152.825
 10
2245.805
 20
1153.209
 10
2245.954
 20
1153.59
 10
2246.092
 20
1153.968
 10
2246.221
 20
1154.342
 10
2246.34
 20
1154.712
 10
2246.449
 20
1155.078
 10
2246.547
 20
1155.441
 10
2246.635
 20
1155.797
 10
2246.712
 20
1156.142
 10
2246.776
 20
1156.476
 10
2246.829
 20
1156.799
 10
2246.87
 20
1157.112
 10
2246.9
 20
1157.413
 10
2246.917
 20
1157.704
 10
2246.923
 20
1157.984
 10
2246.919
 20
1158.19
 10
2246.908
 20
1158.391
 10
2246.889
 20
1158.586
 10
2246.862
 20
1158.775
 10
2246.827
 20
1158.958
 10
2246.785
 20
1159.135
 10
2246.735
 20
1159.306
 10
2246.677
 20
1159.472
 10
2246.611
 20
1159.63
 10
2246.536
 20
1159.778
 10
2246.451
 20
1159.917
 10
2246.356
 20
1160.046
 10
2246.252
 20
1160.166
 10
2246.138
 20
1160.276
 10
2246.015
 20
1160.377
 10
2245.883
 20
1160.469
 10
2245.558
 20
1160.658
 10
2245.218
 20
1160.823
 10
2244.864
 20
1160.962
 10
2244.496
 20
1161.075
 10
2244.113
 20
1161.164
 10
2243.716
 20
1161.227
 10
2243.304
 20
1161.265
 10
2242.878
 20
1161.278
 10
2242.413
 20
1161.265
 10
2241.941
 20
1161.225
 10
2241.463
 20
1161.16
 10
2240.978
 20
1161.068
 10
2240.488
 20
1160.95
 10
2239.991
 20
1160.806
 10
2239.487
 20
1160.636
 10
2238.978
 20
1160.44
 10
2238.466
 20
1160.221
 10
2237.958
 20
1159.984
 10
2237.453
 20
1159.728
 10
2236.952
 20
1159.454
 10
2236.453
 20
1159.161
 10
2235.957
 20
1158.85
 10
2235.465
 20
1158.52
 10
2234.976
 20
1158.172
 10
2234.495
 20
1157.808
 10
2234.027
 20
1157.432
 10
2233.572
 20
1157.044
 10
2233.131
 20
1156.644
 10
2232.702
 20
1156.232
 10
2232.286
 20
1155.807
 10
2231.884
 20
1155.37
 10
2231.494
 20
1154.921
 10
2231.123
 20
1154.464
 10
2230.772
 20
1154.002
 10
2230.444
 20
1153.536
 10
2230.137
 20
1153.065
 10
2229.851
 20
1152.59
 10
2229.588
 20
1152.11
 10
2229.346
 20
1151.625
 10
2229.125
 20
1151.136
 10
2229.0
 20
1150.829
 10
2228.882
 20
1150.526
 10
2228.774
 20
1150.229
 10
2228.674
 20
1149.937
 10
2228.582
 20
1149.651
 10
2228.5
 20
1149.37
 10
2228.425
 20
1149.095
 10
2228.36
 20
1148.825
 10
2228.302
 20
1148.56
 10
2228.252
 20
1148.301
 10
2228.21
 20
1148.048
 10
2228.175
 20
1147.799
 10
2228.149
 20
1147.556
 10
2228.129
 20
1147.319
 10
2228.118
 20
1147.087
 10
2228.114
 20
1146.86
 10
2228.124
 20
1146.479
 10
2228.152
 20
1146.114
 10
2228.199
 20
1145.765
 10
2228.266
 20
1145.434
 10
2228.351
 20
1145.119
 10
2228.455
 20
1144.821
 10
2228.579
 20
1144.539
 10
2228.721
 20
1144.274
 10
2228.878
 20
1144.026
 10
2229.048
 20
1143.793
 10
2229.229
 20
1143.576
 10
2229.421
 20
1143.375
 10
2229.626
 20
1143.19
 10
2229.842
 20
1143.02
 10
2230.07
 20
1142.867
 10
2230.31
 20
1142.729
 10
2230.558
 20
1142.607
 10
2230.81
 20
1142.501
 10
2231.067
 20
1142.412
 10
2231.328
 20
1142.339
 10
2231.594
 20
1142.282
 10
2231.865
 20
1142.241
 10
2232.14
 20
1142.217
 10
2232.419
 20
1142.209
 10
2232.65
 20
1142.214
 10
2232.881
 20
1142.229
 10
2233.112
 20
1142.253
 10
2233.344
 20
1142.288
 10
2233.575
 20
1142.333
 10
2233.806
 20
1142.387
 10
2234.037
 20
1142.452
 10
2234.268
 20
1142.526
 10
2234.519
 20
1142.62
 10
2234.766
 20
1142.729
 10
2235.008
 20
1142.852
 10
2235.247
 20
1142.989
 10
2235.481
 20
1143.14
 10
2235.712
 20
1143.307
 10
2235.938
 20
1143.487
 10
2236.161
 20
1143.682
 10
2236.378
 20
1143.888
 10
2236.589
 20
1144.099
 10
2236.793
 20
1144.317
 10
2236.991
 20
1144.542
 10
2237.183
 20
1144.772
 10
2237.369
 20
1145.009
 10
2237.548
 20
1145.253
 10
2237.721
 20
1145.502
 10
2237.886
 20
1145.756
 10
2238.041
 20
1146.01
 10
2238.187
 20
1146.265
 10
2238.324
 20
1146.521
 10
2238.451
 20
1146.778
 10
2238.569
 20
1147.036
 10
2238.677
 20
1147.294
 10
2238.775
 20
1147.554
 10
2238.863
 20
1147.811
 10
2238.94
 20
1148.061
 10
2239.004
 20
1148.305
 10
2239.057
 20
1148.543
 10
2239.098
 20
1148.775
 10
2239.128
 20
1149.0
 10
2239.145
 20
1149.219
 10
2239.151
 20
1149.432
 10
2239.144
 20
1149.637
 10
2239.125
 20
1149.832
 10
2239.092
 20
1150.018
 10
2239.046
 20
1150.194
 10
2238.987
 20
1150.361
 10
2238.915
 20
1150.518
 10
2238.83
 20
1150.666
 10
2238.732
 20
1150.804
 10
2238.619
 20
1150.929
 10
2238.489
 20
1151.038
 10
2238.343
 20
1151.13
 10
2238.179
 20
1151.205
 10
2238.0
 20
1151.264
 10
2237.803
 20
1151.305
 10
2237.59
 20
1151.33
 10
2237.36
 20
1151.339
 10
2237.272
 20
1151.337
 10
2237.183
 20
1151.333
 10
2237.092
 20
1151.326
 10
2236.999
 20
1151.317
 10
2236.904
 20
1151.305
 10
2236.807
 20
1151.29
 10
2236.709
 20
1151.272
 10
2236.608
 20
1151.252
 10
2236.58
 20
1151.245
 10
2236.552
 20
1151.239
 10
2236.526
 20
1151.234
 10
2236.5
 20
1151.23
 10
2236.475
 20
1151.227
 10
2236.451
 20
1151.225
 10
2236.428
 20
1151.224
 10
2236.406
 20
1151.223
 10
2236.385
 20
1151.223
 10
2236.365
 20
1151.223
 10
2236.345
 20
1151.223
 10
2236.327
 20
1151.223
 10
2236.309
 20
1151.223
 10
2236.292
 20
1151.223
 10
2236.277
 20
1151.223
 10
2236.262
 20
1151.223
 10
2236.201
 20
1151.225
 10
2236.148
 20
1151.23
 10
2236.103
 20
1151.239
 10
2236.067
 20
1151.252
 10
2236.038
 20
1151.268
 10
2236.018
 20
1151.288
 10
2236.006
 20
1151.312
 10
2236.002
 20
1151.339
 10
2236.004
 20
1151.354
 10
2236.013
 20
1151.372
 10
2236.026
 20
1151.392
 10
2236.045
 20
1151.415
 10
2236.069
 20
1151.439
 10
2236.099
 20
1151.466
 10
2236.134
 20
1151.495
 10
2236.175
 20
1151.526
 10
2236.219
 20
1151.557
 10
2236.264
 20
1151.585
 10
2236.309
 20
1151.61
 10
2236.356
 20
1151.631
 10
2236.403
 20
1151.65
 10
2236.451
 20
1151.665
 10
2236.501
 20
1151.677
 10
2236.551
 20
1151.685
 10
2236.756
 20
1151.733
 10
2236.953
 20
1151.774
 10
2237.143
 20
1151.809
 10
2237.324
 20
1151.837
 10
2237.496
 20
1151.859
 10
2237.661
 20
1151.875
 10
2237.818
 20
1151.884
 10
2237.966
 20
1151.888
 10
2238.253
 20
1151.877
 10
2238.519
 20
1151.846
 10
2238.765
 20
1151.794
 10
2238.992
 20
1151.722
 10
2239.199
 20
1151.628
 10
2239.386
 20
1151.514
 10
2239.553
 20
1151.379
 10
2239.7
 20
1151.223
 10
2239.829
 20
1151.051
 10
2239.94
 20
1150.867
 10
2240.034
 20
1150.672
 10
2240.112
 20
1150.465
 10
2240.172
 20
1150.246
 10
2240.215
 20
1150.015
 10
2240.24
 20
1149.773
 10
2240.249
 20
1149.518
 10
2240.237
 20
1149.211
 10
2240.203
 20
1148.895
 10
2240.145
 20
1148.57
 10
2240.065
 20
1148.236
 10
2239.961
 20
1147.894
 10
2239.834
 20
1147.544
 10
2239.685
 20
1147.185
 10
2239.512
 20
1146.817
 10
2239.318
 20
1146.447
 10
2239.105
 20
1146.082
 10
2238.872
 20
1145.721
 10
2238.62
 20
1145.365
 10
2238.349
 20
1145.013
 10
2238.058
 20
1144.666
 10
2237.747
 20
1144.324
 10
2237.417
 20
1143.986
 10
2237.069
 20
1143.658
 10
2236.704
 20
1143.349
 10
2236.322
 20
1143.057
 10
2235.922
 20
1142.783
 10
2235.506
 20
1142.526
 10
2235.072
 20
1142.287
 10
2234.621
 20
1142.066
 10
2234.153
 20
1141.862
 10
2233.892
 20
1141.76
 10
2233.629
 20
1141.672
 10
2233.364
 20
1141.598
 10
2233.098
 20
1141.537
 10
2232.83
 20
1141.49
 10
2232.56
 20
1141.456
 10
2232.288
 20
1141.435
 10
2232.015
 20
1141.429
 10
2231.656
 20
1141.44
 10
2231.304
 20
1141.475
 10
2230.957
 20
1141.532
 10
2230.617
 20
1141.613
 10
2230.282
 20
1141.716
 10
2229.953
 20
1141.843
 10
2229.63
 20
1141.993
 10
2229.313
 20
1142.165
 10
2229.006
 20
1142.359
 10
2228.714
 20
1142.573
 10
2228.438
 20
1142.805
 10
2228.175
 20
1143.057
 10
2227.928
 20
1143.329
 10
2227.696
 20
1143.62
 10
2227.479
 20
1143.93
 10
2227.276
 20
1144.26
 10
2227.093
 20
1144.607
 10
2226.935
 20
1144.97
 10
2226.801
 20
1145.348
 10
2226.691
 20
1145.741
 10
2226.606
 20
1146.149
 10
2226.545
 20
1146.573
 10
2226.508
 20
1147.012
 10
2226.496
 20
1147.467
 10
2226.501
 20
1147.748
 10
2226.514
 20
1148.028
 10
2226.537
 20
1148.306
 10
2226.568
 20
1148.583
 10
2226.609
 20
1148.859
 10
2226.659
 20
1149.133
 10
2226.717
 20
1149.406
 10
2226.785
 20
1149.677
 10
2226.861
 20
1149.949
 10
2226.946
 20
1150.224
 10
2227.038
 20
1150.5
 10
2227.139
 20
1150.779
 10
2227.248
 20
1151.06
 10
2227.365
 20
1151.343
 10
2227.49
 20
1151.629
 10
2227.623
 20
1151.917
 10
2227.901
 20
1152.467
 10
2228.201
 20
1153.005
 10
2228.522
 20
1153.53
 10
2228.865
 20
1154.044
 10
2229.23
 20
1154.545
 10
2229.616
 20
1155.034
 10
2230.025
 20
1155.511
 10
2230.454
 20
1155.976
 10
2230.901
 20
1156.427
 10
2231.358
 20
1156.863
 10
2231.827
 20
1157.285
 10
2232.307
 20
1157.691
 10
2232.798
 20
1158.083
 10
2233.301
 20
1158.46
 10
2233.815
 20
1158.822
 10
2234.34
 20
1159.169
 10
2234.872
 20
1159.498
 10
2235.407
 20
1159.809
 10
2235.943
 20
1160.1
 10
2236.482
 20
1160.371
 10
2237.023
 20
1160.623
 10
2237.566
 20
1160.856
 10
2238.112
 20
1161.069
 10
2238.66
 20
1161.263
 10
2239.205
 20
1161.436
 10
2239.741
 20
1161.586
 10
2240.27
 20
1161.712
 10
2240.791
 20
1161.816
 10
2241.303
 20
1161.896
 10
2241.807
 20
1161.954
 10
2242.303
 20
1161.988
 10
2242.791
 20
1162.0
 10
2243.0
 20
1161.998
 10
2243.205
 20
1161.992
 10
2243.408
 20
1161.982
 10
2243.608
 20
1161.967
 10
2243.805
 20
1161.949
 10
2244.0
 20
1161.927
 10
2244.191
 20
1161.9
 10
2244.381
 20
1161.87
 10
2244.567
 20
1161.835
 10
2244.749
 20
1161.793
 10
2244.928
 20
1161.746
 10
2245.103
 20
1161.693
 10
2245.274
 20
1161.634
 10
2245.442
 20
1161.569
 10
2245.607
 20
1161.499
 10
2245.767
 20
1161.422
 10
2246.136
 20
1161.248
 10
2246.477
 20
1161.056
 10
2246.79
 20
1160.849
 10
2247.075
 20
1160.624
 10
2247.332
 20
1160.383
 10
2247.561
 20
1160.125
 10
2247.761
 20
1159.85
 10
2247.934
 20
1159.559
 10
2248.083
 20
1159.255
 10
2248.212
 20
1158.942
 10
2248.322
 20
1158.621
 10
2248.411
 20
1158.291
 10
2248.481
 20
1157.953
 10
2248.53
 20
1157.606
 10
2248.56
 20
1157.25
 10
2248.57
 20
1156.886
 10
2248.56
 20
1156.471
 10
2248.528
 20
1156.049
 10
2248.476
 20
1155.62
 10
2248.404
 20
1155.185
 10
2248.31
 20
1154.743
 10
2248.196
 20
1154.294
 10
2248.061
 20
1153.838
 10
2247.905
 20
1153.376
 10
2247.733
 20
1152.911
 10
2247.55
 20
1152.45
 10
2247.354
 20
1151.992
 10
2247.147
 20
1151.537
 10
2246.928
 20
1151.086
 10
2246.697
 20
1150.637
 10
2246.455
 20
1150.192
 10
2246.201
 20
1149.75
 10
2245.956
 20
1149.336
 10
2245.712
 20
1148.917
 10
2245.47
 20
1148.494
 10
2245.229
 20
1148.067
 10
2244.99
 20
1147.635
 10
2244.752
 20
1147.198
 10
2244.515
 20
1146.757
 10
2244.279
 20
1146.311
 10
2244.048
 20
1145.865
 10
2243.825
 20
1145.423
 10
2243.61
 20
1144.984
 10
2243.402
 20
1144.549
 10
2243.202
 20
1144.117
 10
2243.009
 20
1143.689
 10
2242.824
 20
1143.265
 10
2242.647
 20
1142.844
 10
2242.48
 20
1142.431
 10
2242.326
 20
1142.028
 10
2242.184
 20
1141.636
 10
2242.055
 20
1141.255
 10
2241.938
 20
1140.885
 10
2241.834
 20
1140.526
 10
2241.743
 20
1140.177
 10
2241.665
 20
1139.839
 10
2241.651
 20
1139.767
 10
2241.638
 20
1139.695
 10
2241.625
 20
1139.623
 10
2241.614
 20
1139.551
 10
2241.604
 20
1139.478
 10
2241.594
 20
1139.406
 10
2241.586
 20
1139.334
 10
2241.578
 20
1139.262
 10
2241.571
 20
1139.19
 10
2241.565
 20
1139.121
 10
2241.56
 20
1139.053
 10
2241.556
 20
1138.987
 10
2241.553
 20
1138.923
 10
2241.551
 20
1138.861
 10
2241.55
 20
1138.8
 10
2241.549
 20
1138.742
 10
2241.557
 20
1138.497
 10
2241.58
 20
1138.27
 10
2241.618
 20
1138.06
 10
2241.672
 20
1137.868
 10
2241.741
 20
1137.692
 10
2241.825
 20
1137.534
 10
2241.925
 20
1137.392
 10
2242.04
 20
1137.268
 10
2242.167
 20
1137.16
 10
2242.302
 20
1137.066
 10
2242.445
 20
1136.986
 10
2242.596
 20
1136.921
 10
2242.756
 20
1136.871
 10
2242.923
 20
1136.835
 10
2243.099
 20
1136.813
 10
2243.283
 20
1136.806
 10
2243.588
 20
1136.821
 10
2243.898
 20
1136.865
 10
2244.213
 20
1136.94
 10
2244.532
 20
1137.044
 10
2244.856
 20
1137.178
 10
2245.184
 20
1137.342
 10
2245.517
 20
1137.536
 10
2245.854
 20
1137.759
 10
2246.12
 20
1137.955
 10
2246.384
 20
1138.166
 10
2246.646
 20
1138.392
 10
2246.905
 20
1138.633
 10
2247.162
 20
1138.89
 10
2247.417
 20
1139.162
 10
2247.67
 20
1139.45
 10
2247.92
 20
1139.753
 10
2248.167
 20
1140.067
 10
2248.41
 20
1140.389
 10
2248.649
 20
1140.719
 10
2248.884
 20
1141.057
 10
2249.115
 20
1141.402
 10
2249.342
 20
1141.755
 10
2249.565
 20
1142.115
 10
2249.783
 20
1142.483
 10
2249.997
 20
1142.856
 10
2250.206
 20
1143.229
 10
2250.409
 20
1143.603
 10
2250.607
 20
1143.978
 10
2250.799
 20
1144.354
 10
2250.986
 20
1144.731
 10
2251.168
 20
1145.109
 10
2251.344
 20
1145.488
 10
2251.514
 20
1145.864
 10
2251.678
 20
1146.235
 10
2251.835
 20
1146.599
 10
2251.986
 20
1146.958
 10
2252.131
 20
1147.311
 10
2252.27
 20
1147.658
 10
2252.402
 20
1147.999
 10
2252.528
 20
1148.334
 10
2252.647
 20
1148.659
 10
2252.759
 20
1148.971
 10
2252.864
 20
1149.27
 10
2252.962
 20
1149.555
 10
2253.052
 20
1149.826
 10
2253.135
 20
1150.084
 10
2253.211
 20
1150.328
 10
2253.279
 20
1150.559
 10
2253.299
 20
1150.625
 10
2253.328
 20
1150.694
 10
2253.367
 20
1150.766
 10
2253.417
 20
1150.84
 10
2253.476
 20
1150.917
 10
2253.545
 20
1150.997
 10
2253.624
 20
1151.08
 10
2253.713
 20
1151.165
 10
2253.806
 20
1151.247
 10
2253.899
 20
1151.317
 10
2253.99
 20
1151.377
 10
2254.081
 20
1151.425
 10
2254.171
 20
1151.463
 10
2254.26
 20
1151.49
 10
2254.348
 20
1151.507
 10
2254.435
 20
1151.512
 10
2254.492
 20
1151.508
 10
2254.548
 20
1151.498
 10
2254.602
 20
1151.48
 10
2254.655
 20
1151.454
 10
2254.707
 20
1151.422
 10
2254.757
 20
1151.382
 10
2254.806
 20
1151.335
 10
2254.854
 20
1151.281
 10
2254.898
 20
1151.218
 10
2254.936
 20
1151.144
 10
2254.968
 20
1151.059
 10
2254.995
 20
1150.963
 10
2255.015
 20
1150.857
 10
2255.03
 20
1150.739
 10
2255.039
 20
1150.611
 10
2255.042
 20
1150.472
 10
2255.038
 20
1150.318
 10
2255.026
 20
1150.145
 10
2255.005
 20
1149.953
 10
2254.977
 20
1149.742
 10
2254.94
 20
1149.513
 10
2254.896
 20
1149.264
 10
2254.843
 20
1148.996
 10
2254.782
 20
1148.709
 10
2254.685
 20
1148.286
 10
2254.582
 20
1147.852
 10
2254.474
 20
1147.408
 10
2254.359
 20
1146.954
 10
2254.239
 20
1146.491
 10
2254.113
 20
1146.017
 10
2253.981
 20
1145.534
 10
2253.843
 20
1145.04
 10
2253.7
 20
1144.541
 10
2253.553
 20
1144.039
 10
2253.402
 20
1143.535
 10
2253.247
 20
1143.028
 10
2253.088
 20
1142.52
 10
2252.925
 20
1142.009
 10
2252.757
 20
1141.496
 10
2252.586
 20
1140.981
 10
2252.411
 20
1140.468
 10
2252.235
 20
1139.961
 10
2252.056
 20
1139.462
 10
2251.875
 20
1138.969
 10
2251.691
 20
1138.483
 10
2251.505
 20
1138.004
 10
2251.317
 20
1137.531
 10
2251.127
 20
1137.066
 10
2250.935
 20
1136.611
 10
2250.743
 20
1136.17
 10
2250.551
 20
1135.744
 10
2250.358
 20
1135.332
 10
2250.164
 20
1134.935
 10
2249.97
 20
1134.552
 10
2249.776
 20
1134.184
 10
2249.581
 20
1133.83
 10
2249.788
 20
1133.83
 10
2250.005
 20
1133.832
 10
2250.231
 20
1133.834
 10
2250.466
 20
1133.837
 10
2250.711
 20
1133.841
 10
2250.965
 20
1133.846
 10
2251.229
 20
1133.852
 10
2251.503
 20
1133.859
 10
2251.781
 20
1133.868
 10
2252.061
 20
1133.88
 10
2252.343
 20
1133.897
 10
2252.626
 20
1133.917
 10
2252.91
 20
1133.94
 10
2253.195
 20
1133.967
 10
2253.482
 20
1133.998
 10
2253.771
 20
1134.032
 10
2254.057
 20
1134.071
 10
2254.338
 20
1134.115
 10
2254.613
 20
1134.165
 10
2254.883
 20
1134.22
 10
2255.147
 20
1134.28
 10
2255.407
 20
1134.346
 10
2255.66
 20
1134.418
 10
2255.909
 20
1134.494
 10
2256.148
 20
1134.577
 10
2256.376
 20
1134.668
 10
2256.593
 20
1134.765
 10
2256.797
 20
1134.87
 10
2256.99
 20
1134.982
 10
2257.171
 20
1135.101
 10
2257.34
 20
1135.228
 10
2257.498
 20
1135.361
 10
2257.64
 20
1135.503
 10
2257.763
 20
1135.654
 10
2257.867
 20
1135.814
 10
2257.953
 20
1135.982
 10
2258.019
 20
1136.16
 10
2258.067
 20
1136.347
 10
2258.095
 20
1136.543
 10
2258.104
 20
1136.748
 10
2258.104
 20
1136.921
 10
2258.106
 20
1136.982
 10
2258.11
 20
1137.035
 10
2258.117
 20
1137.08
 10
2258.126
 20
1137.116
 10
2258.138
 20
1137.145
 10
2258.153
 20
1137.165
 10
2258.171
 20
1137.177
 10
2258.191
 20
1137.181
 10
2258.22
 20
1137.174
 10
2258.251
 20
1137.152
 10
2258.282
 20
1137.116
 10
2258.314
 20
1137.066
 10
2258.347
 20
1137.001
 10
2258.381
 20
1136.921
 10
2258.415
 20
1136.827
 10
2258.451
 20
1136.719
 10
2258.458
 20
1136.697
 10
2258.465
 20
1136.676
 10
2258.471
 20
1136.654
 10
2258.476
 20
1136.632
 10
2258.482
 20
1136.611
 10
2258.486
 20
1136.589
 10
2258.491
 20
1136.567
 10
2258.494
 20
1136.546
 10
2258.498
 20
1136.524
 10
2258.501
 20
1136.501
 10
2258.503
 20
1136.477
 10
2258.505
 20
1136.452
 10
2258.507
 20
1136.426
 10
2258.508
 20
1136.399
 10
2258.509
 20
1136.372
 10
2258.509
 20
1136.343
 10
2258.501
 20
1136.189
 10
2258.477
 20
1136.03
 10
2258.438
 20
1135.866
 10
2258.383
 20
1135.697
 10
2258.311
 20
1135.523
 10
2258.225
 20
1135.344
 10
2258.122
 20
1135.16
 10
2258.003
 20
1134.971
 10
2257.866
 20
1134.784
 10
2257.708
 20
1134.605
 10
2257.529
 20
1134.435
 10
2257.328
 20
1134.274
 10
2257.106
 20
1134.121
 10
2256.863
 20
1133.977
 10
2256.599
 20
1133.841
 10
2256.313
 20
1133.714
 10
2256.032
 20
1133.611
 10
2255.724
 20
1133.519
 10
2255.387
 20
1133.438
 10
2255.024
 20
1133.368
 10
2254.633
 20
1133.308
 10
2254.214
 20
1133.259
 10
2253.768
 20
1133.221
 10
2253.294
 20
1133.194
 10
2252.802
 20
1133.173
 10
2252.302
 20
1133.154
 10
2251.793
 20
1133.137
 10
2251.275
 20
1133.122
 10
2250.749
 20
1133.108
 10
2250.214
 20
1133.097
 10
2249.671
 20
1133.087
 10
2249.119
 20
1133.079
 10
2248.746
 20
1132.539
 10
2248.351
 20
1132.019
 10
2247.932
 20
1131.517
 10
2247.49
 20
1131.035
 10
2247.025
 20
1130.571
 10
2246.538
 20
1130.126
 10
2246.027
 20
1129.7
 10
2245.493
 20
1129.294
 10
2244.947
 20
1128.908
 10
2244.399
 20
1128.546
 10
2243.851
 20
1128.208
 10
2243.301
 20
1127.892
 10
2242.749
 20
1127.601
 10
2242.196
 20
1127.333
 10
2241.642
 20
1127.088
 10
2241.087
 20
1126.867
 10
2240.785
 20
1126.755
 10
2240.486
 20
1126.652
 10
2240.191
 20
1126.557
 10
2239.899
 20
1126.47
 10
2239.609
 20
1126.39
 10
2239.323
 20
1126.32
 10
2239.041
 20
1126.257
 10
2238.761
 20
1126.202
 10
2238.485
 20
1126.155
 10
2238.213
 20
1126.114
 10
2237.945
 20
1126.079
 10
2237.681
 20
1126.051
 10
2237.421
 20
1126.028
 10
2237.166
 20
1126.013
 10
2236.914
 20
1126.003
 10
2236.666
 20
1126.0
  0
LWPOLYLINE
  5
16D
330
17
100
AcDbEntity
  8
ENGRAVE_V
100
AcDbPolyline
 90
89
 70
1
 10
2236.868
 20
1126.809
 10
2237.08
 20
1126.812
 10
2237.296
 20
1126.82
 10
2237.517
 20
1126.833
 10
2237.742
 20
1126.852
 10
2237.972
 20
1126.877
 10
2238.207
 20
1126.907
 10
2238.445
 20
1126.942
 10
2238.689
 20
1126.982
 10
2238.934
 20
1127.028
 10
2239.178
 20
1127.08
 10
2239.421
 20
1127.137
 10
2239.664
 20
1127.199
 10
2239.905
 20
1127.267
 10
2240.146
 20
1127.34
 10
2240.386
 20
1127.418
 10
2240.625
 20
1127.502
 10
2241.115
 20
1127.693
 10
2241.606
 20
1127.904
 10
2242.096
 20
1128.136
 10
2242.586
 20
1128.387
 10
2243.075
 20
1128.659
 10
2243.563
 20
1128.952
 10
2244.052
 20
1129.264
 10
2244.539
 20
1129.597
 10
2245.017
 20
1129.952
 10
2245.476
 20
1130.329
 10
2245.915
 20
1130.73
 10
2246.334
 20
1131.154
 10
2246.735
 20
1131.6
 10
2247.115
 20
1132.07
 10
2247.477
 20
1132.563
 10
2247.819
 20
1133.079
 10
2247.327
 20
1133.076
 10
2246.833
 20
1133.067
 10
2246.337
 20
1133.052
 10
2245.84
 20
1133.032
 10
2245.34
 20
1133.005
 10
2244.839
 20
1132.973
 10
2244.336
 20
1132.935
 10
2243.832
 20
1132.891
 10
2243.327
 20
1132.839
 10
2242.826
 20
1132.777
 10
2242.327
 20
1132.705
 10
2241.831
 20
1132.624
 10
2241.337
 20
1132.532
 10
2240.847
 20
1132.43
 10
2240.359
 20
1132.319
 10
2239.873
 20
1132.197
 10
2239.393
 20
1132.063
 10
2238.918
 20
1131.913
 10
2238.45
 20
1131.747
 10
2237.988
 20
1131.565
 10
2237.533
 20
1131.368
 10
2237.083
 20
1131.155
 10
2236.641
 20
1130.925
 10
2236.204
 20
1130.681
 10
2235.89
 20
1130.501
 10
2235.6
 20
1130.325
 10
2235.332
 20
1130.151
 10
2235.088
 20
1129.98
 10
2234.867
 20
1129.812
 10
2234.668
 20
1129.646
 10
2234.493
 20
1129.483
 10
2234.34
 20
1129.323
 10
2234.208
 20
1129.166
 10
2234.094
 20
1129.014
 10
2233.997
 20
1128.866
 10
2233.918
 20
1128.723
 10
2233.856
 20
1128.585
 10
2233.812
 20
1128.45
 10
2233.786
 20
1128.321
 10
2233.777
 20
1128.196
 10
2233.791
 20
1128.041
 10
2233.832
 20
1127.894
 10
2233.901
 20
1127.756
 10
2233.997
 20
1127.625
 10
2234.121
 20
1127.503
 10
2234.273
 20
1127.389
 10
2234.452
 20
1127.283
 10
2234.658
 20
1127.185
 10
2234.886
 20
1127.097
 10
2235.127
 20
1127.02
 10
2235.382
 20
1126.956
 10
2235.651
 20
1126.903
 10
2235.935
 20
1126.862
 10
2236.232
 20
1126.832
 10
2236.543
 20
1126.815
 10
2236.868
 20
1126.809
  0
LWPOLYLINE
  5
16E
330
17
100
AcDbEntity
  8
ENGRAVE_V
100
AcDbPolyline
 90
153
 70
1
 10
2257.642
 20
1137.557
 10
2257.356
 20
1137.57
 10
2257.089
 20
1137.61
 10
2256.841
 20
1137.677
 10
2256.613
 20
1137.77
 10
2256.404
 20
1137.89
 10
2256.215
 20
1138.036
 10
2256.045
 20
1138.21
 10
2255.894
 20
1138.409
 10
2255.762
 20
1138.628
 10
2255.648
 20
1138.858
 10
2255.551
 20
1139.099
 10
2255.472
 20
1139.352
 10
2255.41
 20
1139.616
 10
2255.366
 20
1139.891
 10
2255.34
 20
1140.177
 10
2255.331
 20
1140.475
 10
2255.338
 20
1140.758
 10
2255.358
 20
1141.044
 10
2255.392
 20
1141.332
 10
2255.439
 20
1141.624
 10
2255.5
 20
1141.917
 10
2255.575
 20
1142.214
 10
2255.663
 20
1142.513
 10
2255.764
 20
1142.815
 10
2255.885
 20
1143.144
 10
2256.018
 20
1143.465
 10
2256.162
 20
1143.78
 10
2256.317
 20
1144.087
 10
2256.483
 20
1144.386
 10
2256.661
 20
1144.679
 10
2256.85
 20
1144.964
 10
2257.05
 20
1145.242
 10
2257.258
 20
1145.51
 10
2257.472
 20
1145.765
 10
2257.692
 20
1146.007
 10
2257.917
 20
1146.236
 10
2258.147
 20
1146.451
 10
2258.383
 20
1146.654
 10
2258.624
 20
1146.843
 10
2258.87
 20
1147.019
 10
2259.119
 20
1147.178
 10
2259.368
 20
1147.316
 10
2259.616
 20
1147.433
 10
2259.863
 20
1147.528
 10
2260.11
 20
1147.603
 10
2260.357
 20
1147.656
 10
2260.603
 20
1147.688
 10
2260.849
 20
1147.698
 10
2261.136
 20
1147.686
 10
2261.403
 20
1147.648
 10
2261.65
 20
1147.584
 10
2261.879
 20
1147.496
 10
2262.087
 20
1147.382
 10
2262.277
 20
1147.243
 10
2262.447
 20
1147.079
 10
2262.597
 20
1146.889
 10
2262.729
 20
1146.68
 10
2262.844
 20
1146.458
 10
2262.941
 20
1146.222
 10
2263.02
 20
1145.972
 10
2263.081
 20
1145.709
 10
2263.125
 20
1145.432
 10
2263.152
 20
1145.142
 10
2263.161
 20
1144.838
 10
2263.156
 20
1144.62
 10
2263.143
 20
1144.399
 10
2263.12
 20
1144.176
 10
2263.088
 20
1143.949
 10
2263.048
 20
1143.721
 10
2262.998
 20
1143.489
 10
2262.939
 20
1143.255
 10
2262.872
 20
1143.018
 10
2262.796
 20
1142.78
 10
2262.715
 20
1142.543
 10
2262.627
 20
1142.307
 10
2262.532
 20
1142.071
 10
2262.432
 20
1141.837
 10
2262.325
 20
1141.604
 10
2262.211
 20
1141.371
 10
2262.092
 20
1141.14
 10
2262.19
 20
1141.052
 10
2262.299
 20
1140.975
 10
2262.418
 20
1140.911
 10
2262.547
 20
1140.858
 10
2262.685
 20
1140.817
 10
2262.834
 20
1140.788
 10
2262.992
 20
1140.77
 10
2263.161
 20
1140.764
 10
2263.359
 20
1140.772
 10
2263.551
 20
1140.797
 10
2263.735
 20
1140.837
 10
2263.912
 20
1140.894
 10
2264.082
 20
1140.967
 10
2264.244
 20
1141.057
 10
2264.399
 20
1141.162
 10
2264.547
 20
1141.284
 10
2264.691
 20
1141.427
 10
2264.835
 20
1141.595
 10
2264.977
 20
1141.788
 10
2265.118
 20
1142.006
 10
2265.258
 20
1142.25
 10
2265.398
 20
1142.519
 10
2265.537
 20
1142.814
 10
2265.674
 20
1143.133
 10
2265.756
 20
1143.129
 10
2265.826
 20
1143.117
 10
2265.886
 20
1143.097
 10
2265.934
 20
1143.068
 10
2265.972
 20
1143.032
 10
2265.999
 20
1142.987
 10
2266.016
 20
1142.934
 10
2266.021
 20
1142.873
 10
2265.881
 20
1142.552
 10
2265.737
 20
1142.253
 10
2265.587
 20
1141.976
 10
2265.432
 20
1141.721
 10
2265.273
 20
1141.488
 10
2265.108
 20
1141.278
 10
2264.939
 20
1141.089
 10
2264.764
 20
1140.923
 10
2264.581
 20
1140.778
 10
2264.386
 20
1140.653
 10
2264.178
 20
1140.548
 10
2263.959
 20
1140.464
 10
2263.727
 20
1140.4
 10
2263.483
 20
1140.357
 10
2263.227
 20
1140.334
 10
2262.958
 20
1140.331
 10
2262.796
 20
1140.337
 10
2262.641
 20
1140.354
 10
2262.492
 20
1140.383
 10
2262.352
 20
1140.425
 10
2262.218
 20
1140.477
 10
2262.092
 20
1140.542
 10
2261.972
 20
1140.618
 10
2261.86
 20
1140.706
 10
2261.653
 20
1140.381
 10
2261.437
 20
1140.068
 10
2261.211
 20
1139.768
 10
2260.976
 20
1139.482
 10
2260.731
 20
1139.209
 10
2260.476
 20
1138.948
 10
2260.212
 20
1138.701
 10
2259.939
 20
1138.467
 10
2259.66
 20
1138.254
 10
2259.378
 20
1138.069
 10
2259.095
 20
1137.912
 10
2258.809
 20
1137.785
 10
2258.52
 20
1137.685
 10
2258.23
 20
1137.614
 10
2257.937
 20
1137.571
 10
2257.642
 20
1137.557
  0
LWPOLYLINE
  5
16F
330
17
100
AcDbEntity
  8
ENGRAVE_V
100
AcDbPolyline
 90
153
 70
1
 10
2258.047
 20
1138.193
 10
2258.213
 20
1138.201
 10
2258.379
 20
1138.228
 10
2258.545
 20
1138.272
 10
2258.711
 20
1138.333
 10
2258.877
 20
1138.413
 10
2259.043
 20
1138.51
 10
2259.21
 20
1138.624
 10
2259.376
 20
1138.756
 10
2259.54
 20
1138.899
 10
2259.701
 20
1139.048
 10
2259.858
 20
1139.201
 10
2260.011
 20
1139.359
 10
2260.161
 20
1139.522
 10
2260.307
 20
1139.691
 10
2260.45
 20
1139.864
 10
2260.589
 20
1140.042
 10
2260.721
 20
1140.219
 10
2260.844
 20
1140.39
 10
2260.956
 20
1140.555
 10
2261.059
 20
1140.713
 10
2261.151
 20
1140.866
 10
2261.234
 20
1141.011
 10
2261.307
 20
1141.151
 10
2261.369
 20
1141.284
 10
2261.26
 20
1141.487
 10
2261.163
 20
1141.677
 10
2261.077
 20
1141.854
 10
2261.005
 20
1142.017
 10
2260.944
 20
1142.168
 10
2260.895
 20
1142.305
 10
2260.859
 20
1142.43
 10
2260.835
 20
1142.541
 10
2260.818
 20
1142.642
 10
2260.803
 20
1142.737
 10
2260.791
 20
1142.825
 10
2260.781
 20
1142.906
 10
2260.773
 20
1142.98
 10
2260.767
 20
1143.047
 10
2260.764
 20
1143.108
 10
2260.763
 20
1143.162
 10
2260.767
 20
1143.295
 10
2260.781
 20
1143.42
 10
2260.803
 20
1143.537
 10
2260.835
 20
1143.646
 10
2260.875
 20
1143.747
 10
2260.925
 20
1143.839
 10
2260.984
 20
1143.924
 10
2261.051
 20
1144.0
 10
2261.124
 20
1144.068
 10
2261.196
 20
1144.126
 10
2261.268
 20
1144.176
 10
2261.34
 20
1144.217
 10
2261.413
 20
1144.248
 10
2261.485
 20
1144.271
 10
2261.557
 20
1144.284
 10
2261.629
 20
1144.289
 10
2261.729
 20
1144.284
 10
2261.824
 20
1144.267
 10
2261.916
 20
1144.24
 10
2262.005
 20
1144.202
 10
2262.09
 20
1144.153
 10
2262.171
 20
1144.094
 10
2262.249
 20
1144.023
 10
2262.323
 20
1143.942
 10
2262.337
 20
1144.021
 10
2262.35
 20
1144.098
 10
2262.362
 20
1144.174
 10
2262.373
 20
1144.249
 10
2262.384
 20
1144.323
 10
2262.393
 20
1144.395
 10
2262.402
 20
1144.465
 10
2262.409
 20
1144.535
 10
2262.416
 20
1144.603
 10
2262.422
 20
1144.671
 10
2262.427
 20
1144.738
 10
2262.431
 20
1144.805
 10
2262.434
 20
1144.872
 10
2262.437
 20
1144.938
 10
2262.438
 20
1145.004
 10
2262.438
 20
1145.069
 10
2262.434
 20
1145.253
 10
2262.421
 20
1145.427
 10
2262.4
 20
1145.594
 10
2262.37
 20
1145.752
 10
2262.331
 20
1145.901
 10
2262.284
 20
1146.041
 10
2262.228
 20
1146.173
 10
2262.164
 20
1146.297
 10
2262.09
 20
1146.409
 10
2262.008
 20
1146.506
 10
2261.915
 20
1146.587
 10
2261.814
 20
1146.654
 10
2261.702
 20
1146.707
 10
2261.581
 20
1146.744
 10
2261.451
 20
1146.766
 10
2261.312
 20
1146.774
 10
2261.159
 20
1146.766
 10
2261.005
 20
1146.741
 10
2260.848
 20
1146.701
 10
2260.69
 20
1146.644
 10
2260.531
 20
1146.571
 10
2260.369
 20
1146.481
 10
2260.205
 20
1146.376
 10
2260.04
 20
1146.254
 10
2259.875
 20
1146.118
 10
2259.712
 20
1145.972
 10
2259.552
 20
1145.815
 10
2259.394
 20
1145.647
 10
2259.238
 20
1145.468
 10
2259.084
 20
1145.278
 10
2258.933
 20
1145.078
 10
2258.783
 20
1144.867
 10
2258.638
 20
1144.647
 10
2258.497
 20
1144.421
 10
2258.362
 20
1144.188
 10
2258.231
 20
1143.949
 10
2258.105
 20
1143.704
 10
2257.984
 20
1143.453
 10
2257.869
 20
1143.195
 10
2257.758
 20
1142.931
 10
2257.667
 20
1142.709
 10
2257.581
 20
1142.489
 10
2257.5
 20
1142.273
 10
2257.425
 20
1142.061
 10
2257.356
 20
1141.851
 10
2257.292
 20
1141.644
 10
2257.233
 20
1141.441
 10
2257.18
 20
1141.241
 10
2257.132
 20
1141.044
 10
2257.091
 20
1140.852
 10
2257.057
 20
1140.663
 10
2257.028
 20
1140.479
 10
2257.006
 20
1140.298
 10
2256.99
 20
1140.122
 10
2256.981
 20
1139.95
 10
2256.978
 20
1139.782
 10
2256.982
 20
1139.606
 10
2256.994
 20
1139.439
 10
2257.014
 20
1139.281
 10
2257.043
 20
1139.132
 10
2257.079
 20
1138.992
 10
2257.124
 20
1138.861
 10
2257.177
 20
1138.739
 10
2257.238
 20
1138.626
 10
2257.307
 20
1138.524
 10
2257.386
 20
1138.436
 10
2257.473
 20
1138.362
 10
2257.57
 20
1138.301
 10
2257.676
 20
1138.254
 10
2257.79
 20
1138.22
 10
2257.914
 20
1138.199
 10
2258.047
 20
1138.193
  0
LWPOLYLINE
  5
170
330
17
100
AcDbEntity
  8
ENGRAVE_V
100
AcDbPolyline
 90
363
 70
1
 10
2266.512
 20
1137.557
 10
2266.431
 20
1137.559
 10
2266.345
 20
1137.566
 10
2266.256
 20
1137.577
 10
2266.162
 20
1137.593
 10
2266.064
 20
1137.613
 10
2265.962
 20
1137.638
 10
2265.856
 20
1137.668
 10
2265.746
 20
1137.701
 10
2265.636
 20
1137.741
 10
2265.53
 20
1137.789
 10
2265.427
 20
1137.844
 10
2265.328
 20
1137.907
 10
2265.232
 20
1137.978
 10
2265.14
 20
1138.056
 10
2265.051
 20
1138.142
 10
2264.966
 20
1138.236
 10
2264.889
 20
1138.34
 10
2264.821
 20
1138.455
 10
2264.764
 20
1138.583
 10
2264.717
 20
1138.724
 10
2264.681
 20
1138.876
 10
2264.655
 20
1139.04
 10
2264.639
 20
1139.217
 10
2264.634
 20
1139.406
 10
2264.642
 20
1139.598
 10
2264.665
 20
1139.796
 10
2264.703
 20
1140.002
 10
2264.757
 20
1140.215
 10
2264.826
 20
1140.435
 10
2264.91
 20
1140.663
 10
2265.01
 20
1140.898
 10
2265.125
 20
1141.14
 10
2265.246
 20
1141.382
 10
2265.364
 20
1141.616
 10
2265.477
 20
1141.844
 10
2265.588
 20
1142.064
 10
2265.694
 20
1142.277
 10
2265.797
 20
1142.483
 10
2265.896
 20
1142.682
 10
2265.992
 20
1142.873
 10
2265.918
 20
1142.877
 10
2265.853
 20
1142.889
 10
2265.798
 20
1142.91
 10
2265.754
 20
1142.938
 10
2265.719
 20
1142.975
 10
2265.694
 20
1143.019
 10
2265.679
 20
1143.072
 10
2265.674
 20
1143.133
 10
2265.685
 20
1143.161
 10
2265.701
 20
1143.2
 10
2265.724
 20
1143.251
 10
2265.754
 20
1143.314
 10
2265.789
 20
1143.388
 10
2265.831
 20
1143.475
 10
2265.88
 20
1143.572
 10
2265.934
 20
1143.682
 10
2265.993
 20
1143.8
 10
2266.055
 20
1143.924
 10
2266.12
 20
1144.053
 10
2266.187
 20
1144.188
 10
2266.257
 20
1144.328
 10
2266.33
 20
1144.473
 10
2266.405
 20
1144.624
 10
2266.483
 20
1144.78
 10
2266.562
 20
1144.938
 10
2266.641
 20
1145.095
 10
2266.72
 20
1145.251
 10
2266.797
 20
1145.405
 10
2266.875
 20
1145.558
 10
2266.952
 20
1145.709
 10
2267.028
 20
1145.859
 10
2267.104
 20
1146.008
 10
2267.178
 20
1146.152
 10
2267.248
 20
1146.287
 10
2267.314
 20
1146.414
 10
2267.375
 20
1146.532
 10
2267.433
 20
1146.641
 10
2267.486
 20
1146.742
 10
2267.536
 20
1146.834
 10
2267.581
 20
1146.918
 10
2267.674
 20
1147.067
 10
2267.78
 20
1147.196
 10
2267.898
 20
1147.305
 10
2268.029
 20
1147.395
 10
2268.173
 20
1147.464
 10
2268.329
 20
1147.514
 10
2268.498
 20
1147.544
 10
2268.679
 20
1147.554
 10
2270.47
 20
1147.554
 10
2270.349
 20
1147.459
 10
2270.231
 20
1147.361
 10
2270.116
 20
1147.262
 10
2270.005
 20
1147.16
 10
2269.896
 20
1147.056
 10
2269.791
 20
1146.95
 10
2269.688
 20
1146.841
 10
2269.589
 20
1146.73
 10
2269.489
 20
1146.607
 10
2269.382
 20
1146.46
 10
2269.27
 20
1146.291
 10
2269.152
 20
1146.098
 10
2269.028
 20
1145.883
 10
2268.898
 20
1145.644
 10
2268.763
 20
1145.383
 10
2268.621
 20
1145.098
 10
2268.618
 20
1145.092
 10
2268.609
 20
1145.073
 10
2268.593
 20
1145.041
 10
2268.571
 20
1144.997
 10
2268.542
 20
1144.94
 10
2268.508
 20
1144.87
 10
2268.466
 20
1144.788
 10
2268.419
 20
1144.693
 10
2268.367
 20
1144.589
 10
2268.312
 20
1144.478
 10
2268.253
 20
1144.36
 10
2268.192
 20
1144.235
 10
2268.127
 20
1144.103
 10
2268.059
 20
1143.965
 10
2267.988
 20
1143.82
 10
2267.913
 20
1143.668
 10
2267.838
 20
1143.512
 10
2267.762
 20
1143.356
 10
2267.686
 20
1143.2
 10
2267.61
 20
1143.043
 10
2267.534
 20
1142.886
 10
2267.458
 20
1142.728
 10
2267.383
 20
1142.57
 10
2267.307
 20
1142.411
 10
2267.232
 20
1142.255
 10
2267.161
 20
1142.106
 10
2267.093
 20
1141.963
 10
2267.029
 20
1141.826
 10
2266.967
 20
1141.695
 10
2266.909
 20
1141.571
 10
2266.853
 20
1141.453
 10
2266.801
 20
1141.342
 10
2266.711
 20
1141.145
 10
2266.63
 20
1140.958
 10
2266.556
 20
1140.782
 10
2266.49
 20
1140.616
 10
2266.433
 20
1140.46
 10
2266.384
 20
1140.315
 10
2266.343
 20
1140.181
 10
2266.31
 20
1140.056
 10
2266.283
 20
1139.938
 10
2266.259
 20
1139.822
 10
2266.239
 20
1139.709
 10
2266.223
 20
1139.598
 10
2266.211
 20
1139.488
 10
2266.202
 20
1139.382
 10
2266.196
 20
1139.277
 10
2266.194
 20
1139.175
 10
2266.204
 20
1138.951
 10
2266.234
 20
1138.758
 10
2266.284
 20
1138.594
 10
2266.353
 20
1138.46
 10
2266.443
 20
1138.356
 10
2266.552
 20
1138.281
 10
2266.681
 20
1138.236
 10
2266.83
 20
1138.222
 10
2267.008
 20
1138.239
 10
2267.195
 20
1138.292
 10
2267.391
 20
1138.38
 10
2267.596
 20
1138.503
 10
2267.81
 20
1138.662
 10
2268.033
 20
1138.855
 10
2268.265
 20
1139.084
 10
2268.506
 20
1139.348
 10
2268.708
 20
1139.593
 10
2268.908
 20
1139.849
 10
2269.108
 20
1140.116
 10
2269.307
 20
1140.396
 10
2269.506
 20
1140.687
 10
2269.703
 20
1140.99
 10
2269.899
 20
1141.304
 10
2270.095
 20
1141.631
 10
2270.289
 20
1141.964
 10
2270.48
 20
1142.301
 10
2270.67
 20
1142.64
 10
2270.857
 20
1142.982
 10
2271.042
 20
1143.326
 10
2271.224
 20
1143.673
 10
2271.405
 20
1144.023
 10
2271.583
 20
1144.376
 10
2271.757
 20
1144.725
 10
2271.927
 20
1145.065
 10
2272.091
 20
1145.397
 10
2272.251
 20
1145.719
 10
2272.406
 20
1146.032
 10
2272.555
 20
1146.337
 10
2272.7
 20
1146.632
 10
2272.84
 20
1146.918
 10
2272.927
 20
1147.067
 10
2273.029
 20
1147.196
 10
2273.147
 20
1147.305
 10
2273.28
 20
1147.395
 10
2273.429
 20
1147.464
 10
2273.593
 20
1147.514
 10
2273.772
 20
1147.544
 10
2273.966
 20
1147.554
 10
2275.555
 20
1147.554
 10
2275.396
 20
1147.416
 10
2275.237
 20
1147.261
 10
2275.077
 20
1147.091
 10
2274.916
 20
1146.904
 10
2274.755
 20
1146.701
 10
2274.594
 20
1146.481
 10
2274.432
 20
1146.245
 10
2274.27
 20
1145.994
 10
2274.105
 20
1145.725
 10
2273.937
 20
1145.437
 10
2273.764
 20
1145.132
 10
2273.587
 20
1144.809
 10
2273.406
 20
1144.468
 10
2273.222
 20
1144.108
 10
2273.033
 20
1143.731
 10
2272.84
 20
1143.335
 10
2272.787
 20
1143.224
 10
2272.731
 20
1143.104
 10
2272.672
 20
1142.978
 10
2272.608
 20
1142.844
 10
2272.542
 20
1142.703
 10
2272.471
 20
1142.555
 10
2272.397
 20
1142.4
 10
2272.32
 20
1142.238
 10
2272.241
 20
1142.07
 10
2272.165
 20
1141.9
 10
2272.091
 20
1141.727
 10
2272.02
 20
1141.551
 10
2271.95
 20
1141.373
 10
2271.883
 20
1141.192
 10
2271.819
 20
1141.008
 10
2271.756
 20
1140.822
 10
2271.699
 20
1140.634
 10
2271.649
 20
1140.446
 10
2271.606
 20
1140.258
 10
2271.572
 20
1140.071
 10
2271.545
 20
1139.883
 10
2271.526
 20
1139.695
 10
2271.514
 20
1139.507
 10
2271.511
 20
1139.319
 10
2271.522
 20
1139.082
 10
2271.556
 20
1138.877
 10
2271.612
 20
1138.703
 10
2271.691
 20
1138.561
 10
2271.793
 20
1138.45
 10
2271.917
 20
1138.371
 10
2272.064
 20
1138.324
 10
2272.233
 20
1138.308
 10
2272.478
 20
1138.329
 10
2272.72
 20
1138.393
 10
2272.961
 20
1138.499
 10
2273.201
 20
1138.648
 10
2273.438
 20
1138.839
 10
2273.674
 20
1139.072
 10
2273.908
 20
1139.348
 10
2274.14
 20
1139.666
 10
2274.37
 20
1140.017
 10
2274.6
 20
1140.392
 10
2274.829
 20
1140.79
 10
2275.057
 20
1141.212
 10
2275.284
 20
1141.657
 10
2275.51
 20
1142.126
 10
2275.736
 20
1142.618
 10
2275.96
 20
1143.133
 10
2276.015
 20
1143.133
 10
2276.064
 20
1143.131
 10
2276.107
 20
1143.129
 10
2276.144
 20
1143.126
 10
2276.176
 20
1143.122
 10
2276.201
 20
1143.117
 10
2276.221
 20
1143.111
 10
2276.234
 20
1143.104
 10
2276.245
 20
1143.094
 10
2276.255
 20
1143.079
 10
2276.265
 20
1143.058
 10
2276.274
 20
1143.032
 10
2276.283
 20
1143.001
 10
2276.291
 20
1142.963
 10
2276.299
 20
1142.921
 10
2276.307
 20
1142.873
 10
2276.225
 20
1142.676
 10
2276.14
 20
1142.475
 10
2276.05
 20
1142.27
 10
2275.956
 20
1142.061
 10
2275.859
 20
1141.847
 10
2275.757
 20
1141.63
 10
2275.651
 20
1141.408
 10
2275.541
 20
1141.183
 10
2275.427
 20
1140.957
 10
2275.31
 20
1140.732
 10
2275.189
 20
1140.511
 10
2275.064
 20
1140.291
 10
2274.936
 20
1140.074
 10
2274.804
 20
1139.858
 10
2274.669
 20
1139.646
 10
2274.53
 20
1139.435
 10
2274.387
 20
1139.23
 10
2274.241
 20
1139.036
 10
2274.091
 20
1138.851
 10
2273.938
 20
1138.677
 10
2273.78
 20
1138.512
 10
2273.62
 20
1138.357
 10
2273.455
 20
1138.212
 10
2273.287
 20
1138.077
 10
2273.116
 20
1137.955
 10
2272.94
 20
1137.85
 10
2272.76
 20
1137.76
 10
2272.576
 20
1137.687
 10
2272.388
 20
1137.63
 10
2272.196
 20
1137.589
 10
2272.0
 20
1137.565
 10
2271.799
 20
1137.557
 10
2271.623
 20
1137.565
 10
2271.455
 20
1137.59
 10
2271.294
 20
1137.632
 10
2271.142
 20
1137.691
 10
2270.998
 20
1137.766
 10
2270.862
 20
1137.858
 10
2270.735
 20
1137.966
 10
2270.615
 20
1138.091
 10
2270.507
 20
1138.232
 10
2270.413
 20
1138.387
 10
2270.333
 20
1138.555
 10
2270.268
 20
1138.738
 10
2270.218
 20
1138.935
 10
2270.181
 20
1139.145
 10
2270.16
 20
1139.37
 10
2270.153
 20
1139.608
 10
2270.157
 20
1139.805
 10
2270.171
 20
1140.006
 10
2270.193
 20
1140.21
 10
2270.225
 20
1140.417
 10
2270.265
 20
1140.629
 10
2270.315
 20
1140.843
 10
2270.374
 20
1141.062
 10
2270.442
 20
1141.284
 10
2270.316
 20
1141.067
 10
2270.187
 20
1140.851
 10
2270.053
 20
1140.634
 10
2269.914
 20
1140.417
 10
2269.771
 20
1140.201
 10
2269.624
 20
1139.984
 10
2269.471
 20
1139.767
 10
2269.315
 20
1139.551
 10
2269.154
 20
1139.339
 10
2268.991
 20
1139.136
 10
2268.826
 20
1138.943
 10
2268.657
 20
1138.76
 10
2268.486
 20
1138.586
 10
2268.313
 20
1138.421
 10
2268.136
 20
1138.266
 10
2267.957
 20
1138.12
 10
2267.776
 20
1137.988
 10
2267.596
 20
1137.874
 10
2267.415
 20
1137.777
 10
2267.234
 20
1137.698
 10
2267.054
 20
1137.636
 10
2266.873
 20
1137.592
 10
2266.693
 20
1137.566
 10
2266.512
 20
1137.557
  0
LWPOLYLINE
  5
171
330
17
100
AcDbEntity
  8
ENGRAVE_V
100
AcDbPolyline
 90
305
 70
1
 10
2275.989
 20
1143.22
 10
2276.049
 20
1143.352
 10
2276.113
 20
1143.503
 10
2276.183
 20
1143.672
 10
2276.256
 20
1143.859
 10
2276.334
 20
1144.065
 10
2276.417
 20
1144.29
 10
2276.504
 20
1144.533
 10
2276.596
 20
1144.795
 10
2276.69
 20
1145.069
 10
2276.785
 20
1145.352
 10
2276.881
 20
1145.642
 10
2276.978
 20
1145.939
 10
2277.076
 20
1146.245
 10
2277.175
 20
1146.558
 10
2277.275
 20
1146.879
 10
2277.376
 20
1147.207
 10
2277.474
 20
1147.537
 10
2277.565
 20
1147.863
 10
2277.651
 20
1148.184
 10
2277.73
 20
1148.5
 10
2277.802
 20
1148.812
 10
2277.869
 20
1149.119
 10
2277.929
 20
1149.422
 10
2277.982
 20
1149.721
 10
2278.006
 20
1149.832
 10
2278.035
 20
1149.936
 10
2278.068
 20
1150.033
 10
2278.105
 20
1150.122
 10
2278.147
 20
1150.203
 10
2278.194
 20
1150.276
 10
2278.245
 20
1150.342
 10
2278.3
 20
1150.4
 10
2278.359
 20
1150.45
 10
2278.418
 20
1150.494
 10
2278.478
 20
1150.532
 10
2278.539
 20
1150.562
 10
2278.6
 20
1150.586
 10
2278.663
 20
1150.603
 10
2278.727
 20
1150.613
 10
2278.791
 20
1150.616
 10
2278.884
 20
1150.611
 10
2278.976
 20
1150.594
 10
2279.065
 20
1150.566
 10
2279.153
 20
1150.526
 10
2279.238
 20
1150.475
 10
2279.322
 20
1150.413
 10
2279.405
 20
1150.34
 10
2279.485
 20
1150.255
 10
2279.559
 20
1150.16
 10
2279.624
 20
1150.056
 10
2279.679
 20
1149.942
 10
2279.723
 20
1149.818
 10
2279.758
 20
1149.685
 10
2279.783
 20
1149.543
 10
2279.798
 20
1149.391
 10
2279.803
 20
1149.23
 10
2279.795
 20
1149.031
 10
2279.773
 20
1148.839
 10
2279.736
 20
1148.655
 10
2279.683
 20
1148.478
 10
2279.616
 20
1148.309
 10
2279.535
 20
1148.146
 10
2279.438
 20
1147.991
 10
2279.326
 20
1147.843
 10
2279.203
 20
1147.699
 10
2279.074
 20
1147.557
 10
2278.938
 20
1147.417
 10
2278.795
 20
1147.279
 10
2278.645
 20
1147.143
 10
2278.489
 20
1147.008
 10
2278.326
 20
1146.876
 10
2278.156
 20
1146.745
 10
2278.228
 20
1146.738
 10
2278.302
 20
1146.731
 10
2278.377
 20
1146.725
 10
2278.452
 20
1146.72
 10
2278.528
 20
1146.714
 10
2278.605
 20
1146.71
 10
2278.684
 20
1146.705
 10
2278.763
 20
1146.701
 10
2278.843
 20
1146.698
 10
2278.925
 20
1146.695
 10
2279.009
 20
1146.693
 10
2279.095
 20
1146.691
 10
2279.182
 20
1146.689
 10
2279.272
 20
1146.688
 10
2279.363
 20
1146.687
 10
2279.456
 20
1146.687
 10
2279.795
 20
1146.69
 10
2280.133
 20
1146.698
 10
2280.47
 20
1146.711
 10
2280.807
 20
1146.73
 10
2281.142
 20
1146.755
 10
2281.477
 20
1146.785
 10
2281.81
 20
1146.82
 10
2282.143
 20
1146.86
 10
2282.157
 20
1146.818
 10
2282.168
 20
1146.779
 10
2282.178
 20
1146.743
 10
2282.186
 20
1146.709
 10
2282.193
 20
1146.678
 10
2282.197
 20
1146.649
 10
2282.2
 20
1146.623
 10
2282.201
 20
1146.6
 10
2282.197
 20
1146.503
 10
2282.187
 20
1146.4
 10
2282.17
 20
1146.29
 10
2282.147
 20
1146.174
 10
2282.116
 20
1146.052
 10
2282.079
 20
1145.923
 10
2282.035
 20
1145.788
 10
2281.984
 20
1145.647
 10
2281.93
 20
1145.504
 10
2281.875
 20
1145.365
 10
2281.82
 20
1145.23
 10
2281.764
 20
1145.098
 10
2281.708
 20
1144.97
 10
2281.651
 20
1144.845
 10
2281.594
 20
1144.724
 10
2281.536
 20
1144.607
 10
2281.504
 20
1144.535
 10
2281.464
 20
1144.451
 10
2281.417
 20
1144.353
 10
2281.363
 20
1144.242
 10
2281.301
 20
1144.118
 10
2281.233
 20
1143.981
 10
2281.157
 20
1143.831
 10
2281.074
 20
1143.668
 10
2280.986
 20
1143.495
 10
2280.897
 20
1143.317
 10
2280.806
 20
1143.134
 10
2280.713
 20
1142.945
 10
2280.618
 20
1142.751
 10
2280.521
 20
1142.552
 10
2280.423
 20
1142.347
 10
2280.323
 20
1142.136
 10
2280.224
 20
1141.924
 10
2280.129
 20
1141.712
 10
2280.038
 20
1141.501
 10
2279.951
 20
1141.291
 10
2279.868
 20
1141.082
 10
2279.789
 20
1140.874
 10
2279.714
 20
1140.667
 10
2279.644
 20
1140.461
 10
2279.579
 20
1140.259
 10
2279.524
 20
1140.064
 10
2279.477
 20
1139.878
 10
2279.438
 20
1139.699
 10
2279.408
 20
1139.527
 10
2279.386
 20
1139.364
 10
2279.374
 20
1139.208
 10
2279.369
 20
1139.059
 10
2279.378
 20
1138.883
 10
2279.405
 20
1138.731
 10
2279.451
 20
1138.602
 10
2279.514
 20
1138.496
 10
2279.595
 20
1138.414
 10
2279.694
 20
1138.355
 10
2279.812
 20
1138.32
 10
2279.947
 20
1138.308
 10
2280.091
 20
1138.328
 10
2280.249
 20
1138.389
 10
2280.42
 20
1138.489
 10
2280.604
 20
1138.63
 10
2280.803
 20
1138.81
 10
2281.014
 20
1139.031
 10
2281.24
 20
1139.293
 10
2281.478
 20
1139.594
 10
2281.724
 20
1139.93
 10
2281.97
 20
1140.297
 10
2282.215
 20
1140.694
 10
2282.461
 20
1141.122
 10
2282.706
 20
1141.579
 10
2282.952
 20
1142.067
 10
2283.198
 20
1142.585
 10
2283.443
 20
1143.133
 10
2283.524
 20
1143.129
 10
2283.595
 20
1143.117
 10
2283.654
 20
1143.097
 10
2283.703
 20
1143.068
 10
2283.741
 20
1143.032
 10
2283.768
 20
1142.987
 10
2283.784
 20
1142.934
 10
2283.79
 20
1142.873
 10
2283.708
 20
1142.676
 10
2283.621
 20
1142.474
 10
2283.529
 20
1142.268
 10
2283.432
 20
1142.057
 10
2283.33
 20
1141.842
 10
2283.224
 20
1141.622
 10
2283.112
 20
1141.397
 10
2282.995
 20
1141.169
 10
2282.875
 20
1140.939
 10
2282.751
 20
1140.713
 10
2282.624
 20
1140.489
 10
2282.493
 20
1140.269
 10
2282.36
 20
1140.052
 10
2282.223
 20
1139.839
 10
2282.084
 20
1139.628
 10
2281.941
 20
1139.421
 10
2281.795
 20
1139.219
 10
2281.646
 20
1139.027
 10
2281.495
 20
1138.844
 10
2281.341
 20
1138.669
 10
2281.185
 20
1138.504
 10
2281.025
 20
1138.348
 10
2280.863
 20
1138.201
 10
2280.698
 20
1138.063
 10
2280.531
 20
1137.937
 10
2280.362
 20
1137.829
 10
2280.192
 20
1137.737
 10
2280.019
 20
1137.662
 10
2279.845
 20
1137.603
 10
2279.669
 20
1137.561
 10
2279.491
 20
1137.536
 10
2279.312
 20
1137.528
 10
2279.174
 20
1137.535
 10
2279.037
 20
1137.556
 10
2278.9
 20
1137.591
 10
2278.763
 20
1137.64
 10
2278.625
 20
1137.703
 10
2278.488
 20
1137.78
 10
2278.351
 20
1137.871
 10
2278.214
 20
1137.976
 10
2278.085
 20
1138.097
 10
2277.973
 20
1138.235
 10
2277.879
 20
1138.391
 10
2277.802
 20
1138.565
 10
2277.742
 20
1138.756
 10
2277.699
 20
1138.965
 10
2277.673
 20
1139.191
 10
2277.665
 20
1139.435
 10
2277.67
 20
1139.658
 10
2277.686
 20
1139.88
 10
2277.713
 20
1140.101
 10
2277.751
 20
1140.32
 10
2277.8
 20
1140.538
 10
2277.86
 20
1140.754
 10
2277.93
 20
1140.969
 10
2278.011
 20
1141.183
 10
2278.099
 20
1141.394
 10
2278.19
 20
1141.603
 10
2278.284
 20
1141.808
 10
2278.38
 20
1142.01
 10
2278.479
 20
1142.209
 10
2278.58
 20
1142.405
 10
2278.684
 20
1142.597
 10
2278.791
 20
1142.787
 10
2278.898
 20
1142.972
 10
2279.003
 20
1143.151
 10
2279.104
 20
1143.326
 10
2279.203
 20
1143.494
 10
2279.299
 20
1143.658
 10
2279.393
 20
1143.816
 10
2279.484
 20
1143.968
 10
2279.572
 20
1144.116
 10
2279.653
 20
1144.256
 10
2279.723
 20
1144.39
 10
2279.783
 20
1144.516
 10
2279.832
 20
1144.636
 10
2279.869
 20
1144.748
 10
2279.897
 20
1144.852
 10
2279.913
 20
1144.95
 10
2279.918
 20
1145.04
 10
2279.908
 20
1145.166
 10
2279.878
 20
1145.282
 10
2279.827
 20
1145.39
 10
2279.756
 20
1145.488
 10
2279.664
 20
1145.577
 10
2279.553
 20
1145.658
 10
2279.421
 20
1145.729
 10
2279.268
 20
1145.791
 10
2279.1
 20
1145.846
 10
2278.919
 20
1145.894
 10
2278.726
 20
1145.936
 10
2278.521
 20
1145.972
 10
2278.303
 20
1146.001
 10
2278.074
 20
1146.024
 10
2277.832
 20
1146.041
 10
2277.578
 20
1146.051
 10
2277.452
 20
1145.73
 10
2277.334
 20
1145.43
 10
2277.224
 20
1145.152
 10
2277.123
 20
1144.896
 10
2277.029
 20
1144.661
 10
2276.944
 20
1144.448
 10
2276.867
 20
1144.256
 10
2276.798
 20
1144.087
 10
2276.733
 20
1143.929
 10
2276.67
 20
1143.772
 10
2276.607
 20
1143.618
 10
2276.545
 20
1143.465
 10
2276.484
 20
1143.315
 10
2276.424
 20
1143.166
 10
2276.365
 20
1143.019
 10
2276.307
 20
1142.873
 10
2276.201
 20
1142.879
 10
2276.113
 20
1142.895
 10
2276.045
 20
1142.922
 10
2275.996
 20
1142.96
 10
2275.966
 20
1143.009
 10
2275.955
 20
1143.068
 10
2275.962
 20
1143.139
 10
2275.989
 20
1143.22
  0
LWPOLYLINE
  5
172
330
17
100
AcDbEntity
  8
ENGRAVE_V
100
AcDbPolyline
 90
291
 70
1
 10
2283.848
 20
1129.669
 10
2283.761
 20
1129.671
 10
2283.673
 20
1129.676
 10
2283.586
 20
1129.684
 10
2283.497
 20
1129.695
 10
2283.409
 20
1129.709
 10
2283.319
 20
1129.726
 10
2283.23
 20
1129.747
 10
2283.14
 20
1129.77
 10
2283.049
 20
1129.793
 10
2282.958
 20
1129.811
 10
2282.867
 20
1129.824
 10
2282.775
 20
1129.832
 10
2282.683
 20
1129.835
 10
2282.59
 20
1129.833
 10
2282.497
 20
1129.826
 10
2282.403
 20
1129.814
 10
2282.451
 20
1129.867
 10
2282.51
 20
1129.941
 10
2282.578
 20
1130.035
 10
2282.656
 20
1130.15
 10
2282.744
 20
1130.284
 10
2282.842
 20
1130.44
 10
2282.95
 20
1130.615
 10
2283.068
 20
1130.811
 10
2283.193
 20
1131.023
 10
2283.324
 20
1131.248
 10
2283.46
 20
1131.485
 10
2283.602
 20
1131.735
 10
2283.749
 20
1131.998
 10
2283.902
 20
1132.273
 10
2284.06
 20
1132.561
 10
2284.223
 20
1132.862
 10
2284.39
 20
1133.172
 10
2284.558
 20
1133.489
 10
2284.728
 20
1133.811
 10
2284.899
 20
1134.14
 10
2285.071
 20
1134.476
 10
2285.244
 20
1134.818
 10
2285.419
 20
1135.166
 10
2285.596
 20
1135.52
 10
2285.772
 20
1135.877
 10
2285.947
 20
1136.233
 10
2286.12
 20
1136.589
 10
2286.293
 20
1136.943
 10
2286.464
 20
1137.296
 10
2286.633
 20
1137.649
 10
2286.801
 20
1138.001
 10
2286.968
 20
1138.352
 10
2287.131
 20
1138.699
 10
2287.289
 20
1139.04
 10
2287.44
 20
1139.374
 10
2287.586
 20
1139.702
 10
2287.725
 20
1140.024
 10
2287.859
 20
1140.34
 10
2287.987
 20
1140.649
 10
2288.109
 20
1140.952
 10
2288.223
 20
1141.244
 10
2288.327
 20
1141.522
 10
2288.42
 20
1141.784
 10
2288.503
 20
1142.032
 10
2288.575
 20
1142.264
 10
2288.637
 20
1142.482
 10
2288.689
 20
1142.685
 10
2288.73
 20
1142.873
 10
2288.695
 20
1142.874
 10
2288.66
 20
1142.877
 10
2288.626
 20
1142.881
 10
2288.593
 20
1142.888
 10
2288.561
 20
1142.896
 10
2288.53
 20
1142.906
 10
2288.5
 20
1142.917
 10
2288.47
 20
1142.931
 10
2288.444
 20
1142.947
 10
2288.422
 20
1142.965
 10
2288.404
 20
1142.987
 10
2288.391
 20
1143.01
 10
2288.382
 20
1143.037
 10
2288.378
 20
1143.066
 10
2288.379
 20
1143.098
 10
2288.384
 20
1143.133
 10
2288.386
 20
1143.141
 10
2288.395
 20
1143.166
 10
2288.408
 20
1143.206
 10
2288.427
 20
1143.263
 10
2288.451
 20
1143.336
 10
2288.481
 20
1143.426
 10
2288.516
 20
1143.531
 10
2288.557
 20
1143.653
 10
2288.6
 20
1143.787
 10
2288.644
 20
1143.927
 10
2288.687
 20
1144.074
 10
2288.73
 20
1144.228
 10
2288.774
 20
1144.388
 10
2288.817
 20
1144.555
 10
2288.86
 20
1144.729
 10
2288.904
 20
1144.91
 10
2288.944
 20
1145.092
 10
2288.98
 20
1145.27
 10
2289.009
 20
1145.444
 10
2289.034
 20
1145.614
 10
2289.053
 20
1145.78
 10
2289.066
 20
1145.942
 10
2289.074
 20
1146.1
 10
2289.077
 20
1146.254
 10
2289.076
 20
1146.353
 10
2289.072
 20
1146.449
 10
2289.065
 20
1146.541
 10
2289.055
 20
1146.629
 10
2289.043
 20
1146.714
 10
2289.028
 20
1146.795
 10
2289.011
 20
1146.873
 10
2288.99
 20
1146.947
 10
2288.967
 20
1147.015
 10
2288.938
 20
1147.075
 10
2288.905
 20
1147.127
 10
2288.868
 20
1147.171
 10
2288.826
 20
1147.207
 10
2288.779
 20
1147.234
 10
2288.728
 20
1147.254
 10
2288.673
 20
1147.265
 10
2290.117
 20
1147.496
 10
2290.16
 20
1147.503
 10
2290.202
 20
1147.51
 10
2290.243
 20
1147.516
 10
2290.283
 20
1147.521
 10
2290.323
 20
1147.526
 10
2290.361
 20
1147.531
 10
2290.399
 20
1147.535
 10
2290.435
 20
1147.539
 10
2290.471
 20
1147.543
 10
2290.506
 20
1147.546
 10
2290.539
 20
1147.548
 10
2290.572
 20
1147.55
 10
2290.604
 20
1147.552
 10
2290.636
 20
1147.553
 10
2290.666
 20
1147.554
 10
2290.695
 20
1147.554
 10
2290.758
 20
1147.551
 10
2290.815
 20
1147.542
 10
2290.868
 20
1147.527
 10
2290.915
 20
1147.507
 10
2290.958
 20
1147.48
 10
2290.996
 20
1147.448
 10
2291.029
 20
1147.41
 10
2291.056
 20
1147.366
 10
2291.08
 20
1147.313
 10
2291.101
 20
1147.248
 10
2291.118
 20
1147.17
 10
2291.132
 20
1147.081
 10
2291.143
 20
1146.979
 10
2291.151
 20
1146.865
 10
2291.156
 20
1146.739
 10
2291.157
 20
1146.6
 10
2291.154
 20
1146.414
 10
2291.142
 20
1146.215
 10
2291.123
 20
1146.004
 10
2291.096
 20
1145.78
 10
2291.061
 20
1145.545
 10
2291.019
 20
1145.297
 10
2290.969
 20
1145.038
 10
2290.912
 20
1144.766
 10
2290.849
 20
1144.492
 10
2290.785
 20
1144.227
 10
2290.717
 20
1143.97
 10
2290.648
 20
1143.722
 10
2290.577
 20
1143.482
 10
2290.503
 20
1143.252
 10
2290.427
 20
1143.029
 10
2290.348
 20
1142.815
 10
2290.431
 20
1142.95
 10
2290.519
 20
1143.093
 10
2290.613
 20
1143.246
 10
2290.713
 20
1143.408
 10
2290.819
 20
1143.578
 10
2290.931
 20
1143.758
 10
2291.048
 20
1143.947
 10
2291.172
 20
1144.144
 10
2291.301
 20
1144.347
 10
2291.435
 20
1144.551
 10
2291.573
 20
1144.755
 10
2291.717
 20
1144.961
 10
2291.866
 20
1145.167
 10
2292.02
 20
1145.374
 10
2292.178
 20
1145.582
 10
2292.342
 20
1145.791
 10
2292.509
 20
1145.997
 10
2292.678
 20
1146.193
 10
2292.849
 20
1146.381
 10
2293.021
 20
1146.561
 10
2293.195
 20
1146.731
 10
2293.371
 20
1146.894
 10
2293.549
 20
1147.047
 10
2293.729
 20
1147.193
 10
2293.909
 20
1147.325
 10
2294.088
 20
1147.439
 10
2294.267
 20
1147.536
 10
2294.444
 20
1147.615
 10
2294.62
 20
1147.677
 10
2294.796
 20
1147.721
 10
2294.971
 20
1147.747
 10
2295.145
 20
1147.756
 10
2295.182
 20
1147.755
 10
2295.222
 20
1147.752
 10
2295.265
 20
1147.748
 10
2295.311
 20
1147.742
 10
2295.359
 20
1147.733
 10
2295.41
 20
1147.724
 10
2295.464
 20
1147.712
 10
2295.52
 20
1147.698
 10
2295.715
 20
1147.642
 10
2295.895
 20
1147.573
 10
2296.06
 20
1147.492
 10
2296.21
 20
1147.398
 10
2296.345
 20
1147.293
 10
2296.465
 20
1147.175
 10
2296.571
 20
1147.046
 10
2296.661
 20
1146.904
 10
2296.739
 20
1146.752
 10
2296.807
 20
1146.594
 10
2296.864
 20
1146.429
 10
2296.911
 20
1146.257
 10
2296.947
 20
1146.079
 10
2296.973
 20
1145.893
 10
2296.988
 20
1145.701
 10
2296.994
 20
1145.502
 10
2296.988
 20
1145.283
 10
2296.973
 20
1145.058
 10
2296.947
 20
1144.828
 10
2296.911
 20
1144.592
 10
2296.864
 20
1144.351
 10
2296.807
 20
1144.105
 10
2296.739
 20
1143.853
 10
2296.661
 20
1143.596
 10
2296.575
 20
1143.336
 10
2296.482
 20
1143.078
 10
2296.382
 20
1142.822
 10
2296.275
 20
1142.566
 10
2296.161
 20
1142.312
 10
2296.041
 20
1142.06
 10
2295.914
 20
1141.808
 10
2295.78
 20
1141.559
 10
2295.641
 20
1141.312
 10
2295.499
 20
1141.072
 10
2295.352
 20
1140.837
 10
2295.202
 20
1140.609
 10
2295.049
 20
1140.386
 10
2294.892
 20
1140.169
 10
2294.731
 20
1139.958
 10
2294.567
 20
1139.753
 10
2294.36
 20
1139.506
 10
2294.142
 20
1139.272
 10
2293.915
 20
1139.051
 10
2293.678
 20
1138.843
 10
2293.431
 20
1138.647
 10
2293.174
 20
1138.463
 10
2292.908
 20
1138.293
 10
2292.631
 20
1138.135
 10
2292.348
 20
1137.993
 10
2292.064
 20
1137.869
 10
2291.778
 20
1137.765
 10
2291.49
 20
1137.68
 10
2291.2
 20
1137.613
 10
2290.908
 20
1137.566
 10
2290.615
 20
1137.538
 10
2290.32
 20
1137.528
 10
2290.055
 20
1137.537
 10
2289.794
 20
1137.562
 10
2289.538
 20
1137.605
 10
2289.287
 20
1137.665
 10
2289.04
 20
1137.743
 10
2288.797
 20
1137.837
 10
2288.559
 20
1137.948
 10
2288.326
 20
1138.077
 10
2285.581
 20
1131.172
 10
2285.48
 20
1130.964
 10
2285.381
 20
1130.773
 10
2285.282
 20
1130.599
 10
2285.184
 20
1130.442
 10
2285.087
 20
1130.303
 10
2284.991
 20
1130.18
 10
2284.895
 20
1130.075
 10
2284.801
 20
1129.987
 10
2284.704
 20
1129.913
 10
2284.601
 20
1129.848
 10
2284.491
 20
1129.793
 10
2284.375
 20
1129.749
 10
2284.253
 20
1129.714
 10
2284.124
 20
1129.689
 10
2283.989
 20
1129.674
 10
2283.848
 20
1129.669
  0
LWPOLYLINE
  5
173
330
17
100
AcDbEntity
  8
ENGRAVE_V
100
AcDbPolyline
 90
89
 70
1
 10
2289.395
 20
1138.135
 10
2289.6
 20
1138.147
 10
2289.812
 20
1138.182
 10
2290.03
 20
1138.24
 10
2290.255
 20
1138.323
 10
2290.485
 20
1138.428
 10
2290.722
 20
1138.557
 10
2290.966
 20
1138.71
 10
2291.215
 20
1138.886
 10
2291.467
 20
1139.08
 10
2291.716
 20
1139.288
 10
2291.963
 20
1139.508
 10
2292.208
 20
1139.742
 10
2292.451
 20
1139.989
 10
2292.691
 20
1140.248
 10
2292.93
 20
1140.521
 10
2293.165
 20
1140.807
 10
2293.395
 20
1141.1
 10
2293.616
 20
1141.393
 10
2293.827
 20
1141.687
 10
2294.029
 20
1141.981
 10
2294.221
 20
1142.276
 10
2294.403
 20
1142.571
 10
2294.576
 20
1142.866
 10
2294.74
 20
1143.162
 10
2294.845
 20
1143.362
 10
2294.942
 20
1143.558
 10
2295.033
 20
1143.751
 10
2295.116
 20
1143.939
 10
2295.192
 20
1144.123
 10
2295.26
 20
1144.302
 10
2295.322
 20
1144.478
 10
2295.376
 20
1144.65
 10
2295.423
 20
1144.817
 10
2295.464
 20
1144.978
 10
2295.499
 20
1145.133
 10
2295.527
 20
1145.282
 10
2295.55
 20
1145.425
 10
2295.565
 20
1145.563
 10
2295.575
 20
1145.694
 10
2295.578
 20
1145.82
 10
2295.565
 20
1146.084
 10
2295.527
 20
1146.313
 10
2295.464
 20
1146.507
 10
2295.376
 20
1146.665
 10
2295.262
 20
1146.789
 10
2295.123
 20
1146.877
 10
2294.959
 20
1146.929
 10
2294.769
 20
1146.947
 10
2294.672
 20
1146.941
 10
2294.568
 20
1146.922
 10
2294.457
 20
1146.89
 10
2294.339
 20
1146.846
 10
2294.215
 20
1146.789
 10
2294.084
 20
1146.72
 10
2293.946
 20
1146.637
 10
2293.801
 20
1146.543
 10
2293.65
 20
1146.431
 10
2293.493
 20
1146.299
 10
2293.33
 20
1146.146
 10
2293.162
 20
1145.972
 10
2292.987
 20
1145.777
 10
2292.807
 20
1145.562
 10
2292.621
 20
1145.326
 10
2292.429
 20
1145.069
 10
2292.217
 20
1144.771
 10
2292.0
 20
1144.454
 10
2291.778
 20
1144.119
 10
2291.551
 20
1143.765
 10
2291.319
 20
1143.393
 10
2291.082
 20
1143.002
 10
2290.841
 20
1142.593
 10
2290.594
 20
1142.165
 10
2290.344
 20
1141.725
 10
2290.093
 20
1141.28
 10
2289.84
 20
1140.828
 10
2289.586
 20
1140.37
 10
2289.331
 20
1139.907
 10
2289.074
 20
1139.438
 10
2288.816
 20
1138.963
 10
2288.557
 20
1138.482
 10
2288.646
 20
1138.4
 10
2288.739
 20
1138.33
 10
2288.837
 20
1138.27
 10
2288.94
 20
1138.222
 10
2289.047
 20
1138.184
 10
2289.158
 20
1138.157
 10
2289.274
 20
1138.14
 10
2289.395
 20
1138.135
  0
LWPOLYLINE
  5
174
330
17
100
AcDbEntity
  8
ENGRAVE_V
100
AcDbPolyline
 90
409
 70
1
 10
2295.289
 20
1137.326
 10
2295.594
 20
1137.951
 10
2295.902
 20
1138.584
 10
2296.213
 20
1139.224
 10
2296.528
 20
1139.872
 10
2296.845
 20
1140.528
 10
2297.166
 20
1141.191
 10
2297.49
 20
1141.862
 10
2297.817
 20
1142.541
 10
2298.147
 20
1143.224
 10
2298.479
 20
1143.909
 10
2298.813
 20
1144.595
 10
2299.15
 20
1145.282
 10
2299.489
 20
1145.971
 10
2299.83
 20
1146.661
 10
2300.173
 20
1147.352
 10
2300.519
 20
1148.045
 10
2300.865
 20
1148.734
 10
2301.21
 20
1149.416
 10
2301.555
 20
1150.089
 10
2301.898
 20
1150.754
 10
2302.241
 20
1151.41
 10
2302.583
 20
1152.059
 10
2302.923
 20
1152.7
 10
2303.263
 20
1153.332
 10
2303.385
 20
1153.543
 10
2303.504
 20
1153.742
 10
2303.622
 20
1153.93
 10
2303.736
 20
1154.105
 10
2303.849
 20
1154.269
 10
2303.959
 20
1154.421
 10
2304.068
 20
1154.562
 10
2304.173
 20
1154.69
 10
2304.282
 20
1154.805
 10
2304.4
 20
1154.905
 10
2304.526
 20
1154.99
 10
2304.661
 20
1155.059
 10
2304.804
 20
1155.112
 10
2304.956
 20
1155.151
 10
2305.117
 20
1155.174
 10
2305.286
 20
1155.181
 10
2305.352
 20
1155.18
 10
2305.421
 20
1155.176
 10
2305.493
 20
1155.169
 10
2305.568
 20
1155.16
 10
2305.645
 20
1155.148
 10
2305.725
 20
1155.133
 10
2305.807
 20
1155.115
 10
2305.893
 20
1155.095
 10
2305.979
 20
1155.075
 10
2306.064
 20
1155.06
 10
2306.149
 20
1155.05
 10
2306.232
 20
1155.044
 10
2306.315
 20
1155.043
 10
2306.396
 20
1155.046
 10
2306.477
 20
1155.054
 10
2306.557
 20
1155.066
 10
2306.459
 20
1154.955
 10
2306.352
 20
1154.826
 10
2306.237
 20
1154.677
 10
2306.113
 20
1154.51
 10
2305.98
 20
1154.323
 10
2305.839
 20
1154.118
 10
2305.69
 20
1153.893
 10
2305.531
 20
1153.65
 10
2305.367
 20
1153.391
 10
2305.197
 20
1153.119
 10
2305.024
 20
1152.835
 10
2304.845
 20
1152.538
 10
2304.662
 20
1152.228
 10
2304.475
 20
1151.906
 10
2304.283
 20
1151.571
 10
2304.087
 20
1151.223
 10
2303.887
 20
1150.866
 10
2303.684
 20
1150.502
 10
2303.479
 20
1150.131
 10
2303.271
 20
1149.753
 10
2303.06
 20
1149.369
 10
2302.846
 20
1148.978
 10
2302.63
 20
1148.58
 10
2302.411
 20
1148.175
 10
2302.191
 20
1147.766
 10
2301.972
 20
1147.357
 10
2301.754
 20
1146.947
 10
2301.537
 20
1146.535
 10
2301.321
 20
1146.123
 10
2301.105
 20
1145.71
 10
2300.891
 20
1145.296
 10
2300.677
 20
1144.881
 10
2300.466
 20
1144.469
 10
2300.259
 20
1144.064
 10
2300.057
 20
1143.666
 10
2299.858
 20
1143.274
 10
2299.663
 20
1142.889
 10
2299.472
 20
1142.511
 10
2299.285
 20
1142.14
 10
2299.103
 20
1141.775
 10
2299.248
 20
1141.962
 10
2299.394
 20
1142.145
 10
2299.54
 20
1142.326
 10
2299.688
 20
1142.505
 10
2299.836
 20
1142.68
 10
2299.986
 20
1142.853
 10
2300.136
 20
1143.024
 10
2300.287
 20
1143.191
 10
2300.439
 20
1143.354
 10
2300.589
 20
1143.512
 10
2300.738
 20
1143.665
 10
2300.887
 20
1143.812
 10
2301.035
 20
1143.954
 10
2301.181
 20
1144.09
 10
2301.327
 20
1144.221
 10
2301.472
 20
1144.347
 10
2301.636
 20
1144.492
 10
2301.811
 20
1144.639
 10
2301.995
 20
1144.788
 10
2302.191
 20
1144.939
 10
2302.396
 20
1145.092
 10
2302.612
 20
1145.246
 10
2302.839
 20
1145.402
 10
2303.076
 20
1145.56
 10
2303.318
 20
1145.716
 10
2303.559
 20
1145.867
 10
2303.801
 20
1146.013
 10
2304.043
 20
1146.152
 10
2304.285
 20
1146.287
 10
2304.527
 20
1146.416
 10
2304.769
 20
1146.54
 10
2305.011
 20
1146.658
 10
2305.247
 20
1146.766
 10
2305.471
 20
1146.86
 10
2305.682
 20
1146.94
 10
2305.882
 20
1147.005
 10
2306.069
 20
1147.055
 10
2306.244
 20
1147.091
 10
2306.407
 20
1147.113
 10
2306.557
 20
1147.12
 10
2306.606
 20
1147.12
 10
2306.651
 20
1147.119
 10
2306.693
 20
1147.116
 10
2306.73
 20
1147.113
 10
2306.765
 20
1147.109
 10
2306.795
 20
1147.104
 10
2306.823
 20
1147.098
 10
2306.846
 20
1147.091
 10
2306.841
 20
1147.082
 10
2306.826
 20
1147.055
 10
2306.801
 20
1147.01
 10
2306.767
 20
1146.947
 10
2306.722
 20
1146.866
 10
2306.667
 20
1146.766
 10
2306.603
 20
1146.649
 10
2306.528
 20
1146.514
 10
2306.446
 20
1146.364
 10
2306.359
 20
1146.205
 10
2306.267
 20
1146.036
 10
2306.171
 20
1145.856
 10
2306.069
 20
1145.667
 10
2305.962
 20
1145.468
 10
2305.85
 20
1145.259
 10
2305.734
 20
1145.04
 10
2305.614
 20
1144.814
 10
2305.493
 20
1144.583
 10
2305.372
 20
1144.348
 10
2305.25
 20
1144.108
 10
2305.126
 20
1143.864
 10
2305.002
 20
1143.615
 10
2304.877
 20
1143.362
 10
2304.751
 20
1143.104
 10
2304.627
 20
1142.846
 10
2304.507
 20
1142.591
 10
2304.39
 20
1142.338
 10
2304.278
 20
1142.089
 10
2304.17
 20
1141.844
 10
2304.066
 20
1141.601
 10
2303.966
 20
1141.362
 10
2303.87
 20
1141.125
 10
2303.78
 20
1140.896
 10
2303.699
 20
1140.676
 10
2303.625
 20
1140.468
 10
2303.559
 20
1140.269
 10
2303.502
 20
1140.081
 10
2303.453
 20
1139.904
 10
2303.412
 20
1139.736
 10
2303.379
 20
1139.579
 10
2303.359
 20
1139.466
 10
2303.341
 20
1139.357
 10
2303.326
 20
1139.253
 10
2303.314
 20
1139.153
 10
2303.304
 20
1139.058
 10
2303.298
 20
1138.967
 10
2303.294
 20
1138.881
 10
2303.292
 20
1138.799
 10
2303.295
 20
1138.689
 10
2303.303
 20
1138.587
 10
2303.317
 20
1138.495
 10
2303.336
 20
1138.413
 10
2303.36
 20
1138.34
 10
2303.39
 20
1138.277
 10
2303.425
 20
1138.223
 10
2303.466
 20
1138.178
 10
2303.509
 20
1138.141
 10
2303.554
 20
1138.109
 10
2303.6
 20
1138.081
 10
2303.646
 20
1138.059
 10
2303.694
 20
1138.042
 10
2303.742
 20
1138.029
 10
2303.791
 20
1138.022
 10
2303.841
 20
1138.019
 10
2303.965
 20
1138.027
 10
2304.091
 20
1138.051
 10
2304.22
 20
1138.09
 10
2304.35
 20
1138.146
 10
2304.483
 20
1138.217
 10
2304.619
 20
1138.304
 10
2304.756
 20
1138.406
 10
2304.896
 20
1138.525
 10
2305.036
 20
1138.656
 10
2305.177
 20
1138.795
 10
2305.316
 20
1138.943
 10
2305.456
 20
1139.099
 10
2305.594
 20
1139.264
 10
2305.733
 20
1139.438
 10
2305.871
 20
1139.62
 10
2306.008
 20
1139.811
 10
2306.144
 20
1140.007
 10
2306.278
 20
1140.207
 10
2306.41
 20
1140.41
 10
2306.539
 20
1140.616
 10
2306.666
 20
1140.825
 10
2306.791
 20
1141.038
 10
2306.914
 20
1141.253
 10
2307.034
 20
1141.472
 10
2307.15
 20
1141.691
 10
2307.26
 20
1141.906
 10
2307.365
 20
1142.119
 10
2307.464
 20
1142.328
 10
2307.556
 20
1142.534
 10
2307.643
 20
1142.737
 10
2307.724
 20
1142.937
 10
2307.799
 20
1143.133
 10
2307.881
 20
1143.129
 10
2307.951
 20
1143.117
 10
2308.011
 20
1143.097
 10
2308.059
 20
1143.068
 10
2308.097
 20
1143.032
 10
2308.125
 20
1142.987
 10
2308.141
 20
1142.934
 10
2308.146
 20
1142.873
 10
2308.064
 20
1142.676
 10
2307.977
 20
1142.473
 10
2307.885
 20
1142.266
 10
2307.789
 20
1142.053
 10
2307.687
 20
1141.836
 10
2307.58
 20
1141.614
 10
2307.468
 20
1141.386
 10
2307.352
 20
1141.154
 10
2307.23
 20
1140.921
 10
2307.105
 20
1140.691
 10
2306.976
 20
1140.464
 10
2306.842
 20
1140.24
 10
2306.705
 20
1140.02
 10
2306.563
 20
1139.802
 10
2306.418
 20
1139.588
 10
2306.268
 20
1139.377
 10
2306.115
 20
1139.172
 10
2305.958
 20
1138.976
 10
2305.797
 20
1138.789
 10
2305.633
 20
1138.612
 10
2305.465
 20
1138.443
 10
2305.293
 20
1138.283
 10
2305.118
 20
1138.132
 10
2304.939
 20
1137.99
 10
2304.757
 20
1137.862
 10
2304.573
 20
1137.75
 10
2304.385
 20
1137.656
 10
2304.195
 20
1137.579
 10
2304.002
 20
1137.519
 10
2303.807
 20
1137.476
 10
2303.609
 20
1137.45
 10
2303.408
 20
1137.441
 10
2303.263
 20
1137.448
 10
2303.117
 20
1137.467
 10
2302.97
 20
1137.498
 10
2302.823
 20
1137.543
 10
2302.674
 20
1137.599
 10
2302.525
 20
1137.669
 10
2302.374
 20
1137.751
 10
2302.223
 20
1137.846
 10
2302.081
 20
1137.957
 10
2301.958
 20
1138.09
 10
2301.853
 20
1138.243
 10
2301.768
 20
1138.417
 10
2301.702
 20
1138.611
 10
2301.654
 20
1138.826
 10
2301.626
 20
1139.063
 10
2301.616
 20
1139.319
 10
2301.617
 20
1139.4
 10
2301.62
 20
1139.481
 10
2301.625
 20
1139.564
 10
2301.631
 20
1139.648
 10
2301.639
 20
1139.734
 10
2301.649
 20
1139.821
 10
2301.661
 20
1139.909
 10
2301.674
 20
1139.998
 10
2301.69
 20
1140.09
 10
2301.709
 20
1140.185
 10
2301.73
 20
1140.283
 10
2301.754
 20
1140.385
 10
2301.78
 20
1140.489
 10
2301.81
 20
1140.597
 10
2301.842
 20
1140.708
 10
2301.877
 20
1140.822
 10
2301.923
 20
1140.968
 10
2301.978
 20
1141.119
 10
2302.039
 20
1141.274
 10
2302.108
 20
1141.432
 10
2302.183
 20
1141.595
 10
2302.267
 20
1141.762
 10
2302.357
 20
1141.933
 10
2302.454
 20
1142.108
 10
2302.559
 20
1142.29
 10
2302.671
 20
1142.484
 10
2302.79
 20
1142.689
 10
2302.917
 20
1142.906
 10
2303.05
 20
1143.133
 10
2303.191
 20
1143.372
 10
2303.339
 20
1143.623
 10
2303.494
 20
1143.884
 10
2303.562
 20
1144.004
 10
2303.621
 20
1144.117
 10
2303.671
 20
1144.224
 10
2303.711
 20
1144.325
 10
2303.743
 20
1144.419
 10
2303.765
 20
1144.507
 10
2303.779
 20
1144.589
 10
2303.783
 20
1144.665
 10
2303.778
 20
1144.746
 10
2303.762
 20
1144.816
 10
2303.735
 20
1144.876
 10
2303.697
 20
1144.925
 10
2303.648
 20
1144.962
 10
2303.588
 20
1144.99
 10
2303.518
 20
1145.006
 10
2303.437
 20
1145.011
 10
2303.361
 20
1145.007
 10
2303.28
 20
1144.993
 10
2303.192
 20
1144.971
 10
2303.097
 20
1144.939
 10
2302.997
 20
1144.898
 10
2302.89
 20
1144.849
 10
2302.776
 20
1144.79
 10
2302.657
 20
1144.722
 10
2302.53
 20
1144.643
 10
2302.395
 20
1144.551
 10
2302.252
 20
1144.445
 10
2302.1
 20
1144.325
 10
2301.941
 20
1144.192
 10
2301.774
 20
1144.045
 10
2301.598
 20
1143.885
 10
2301.414
 20
1143.711
 10
2301.228
 20
1143.528
 10
2301.031
 20
1143.325
 10
2300.824
 20
1143.102
 10
2300.605
 20
1142.859
 10
2300.376
 20
1142.596
 10
2300.136
 20
1142.313
 10
2299.885
 20
1142.011
 10
2299.623
 20
1141.689
 10
2299.353
 20
1141.34
 10
2299.079
 20
1140.957
 10
2298.801
 20
1140.541
 10
2298.518
 20
1140.092
 10
2298.23
 20
1139.61
 10
2297.938
 20
1139.094
 10
2297.642
 20
1138.544
 10
2297.34
 20
1137.961
 10
2297.289
 20
1137.873
 10
2297.237
 20
1137.796
 10
2297.183
 20
1137.731
 10
2297.127
 20
1137.676
 10
2297.071
 20
1137.633
 10
2297.013
 20
1137.601
 10
2296.953
 20
1137.581
 10
2296.893
 20
1137.571
 10
2296.829
 20
1137.568
 10
2296.76
 20
1137.563
 10
2296.686
 20
1137.559
 10
2296.607
 20
1137.553
 10
2296.524
 20
1137.548
 10
2296.435
 20
1137.542
 10
2296.341
 20
1137.535
 10
2296.242
 20
1137.528
 10
2296.177
 20
1137.521
 10
2296.112
 20
1137.515
 10
2296.047
 20
1137.508
 10
2295.982
 20
1137.503
 10
2295.917
 20
1137.498
 10
2295.852
 20
1137.493
 10
2295.787
 20
1137.489
 10
2295.722
 20
1137.485
 10
2295.659
 20
1137.479
 10
2295.598
 20
1137.469
 10
2295.54
 20
1137.456
 10
2295.484
 20
1137.438
 10
2295.431
 20
1137.416
 10
2295.381
 20
1137.39
 10
2295.334
 20
1137.36
 10
2295.289
 20
1137.326
  0
LWPOLYLINE
  5
175
330
17
100
AcDbEntity
  8
ENGRAVE_V
100
AcDbPolyline
 90
153
 70
1
 10
2309.533
 20
1137.557
 10
2309.247
 20
1137.57
 10
2308.98
 20
1137.61
 10
2308.732
 20
1137.677
 10
2308.504
 20
1137.77
 10
2308.295
 20
1137.89
 10
2308.106
 20
1138.036
 10
2307.936
 20
1138.21
 10
2307.785
 20
1138.409
 10
2307.653
 20
1138.628
 10
2307.539
 20
1138.858
 10
2307.442
 20
1139.099
 10
2307.362
 20
1139.352
 10
2307.301
 20
1139.616
 10
2307.257
 20
1139.891
 10
2307.23
 20
1140.177
 10
2307.222
 20
1140.475
 10
2307.228
 20
1140.758
 10
2307.249
 20
1141.044
 10
2307.283
 20
1141.332
 10
2307.33
 20
1141.624
 10
2307.391
 20
1141.917
 10
2307.465
 20
1142.214
 10
2307.553
 20
1142.513
 10
2307.655
 20
1142.815
 10
2307.776
 20
1143.144
 10
2307.909
 20
1143.465
 10
2308.053
 20
1143.78
 10
2308.208
 20
1144.087
 10
2308.374
 20
1144.386
 10
2308.552
 20
1144.679
 10
2308.741
 20
1144.964
 10
2308.941
 20
1145.242
 10
2309.149
 20
1145.51
 10
2309.363
 20
1145.765
 10
2309.583
 20
1146.007
 10
2309.807
 20
1146.236
 10
2310.038
 20
1146.451
 10
2310.273
 20
1146.654
 10
2310.514
 20
1146.843
 10
2310.761
 20
1147.019
 10
2311.01
 20
1147.178
 10
2311.258
 20
1147.316
 10
2311.507
 20
1147.433
 10
2311.754
 20
1147.528
 10
2312.001
 20
1147.603
 10
2312.248
 20
1147.656
 10
2312.494
 20
1147.688
 10
2312.74
 20
1147.698
 10
2313.027
 20
1147.686
 10
2313.294
 20
1147.648
 10
2313.541
 20
1147.584
 10
2313.769
 20
1147.496
 10
2313.978
 20
1147.382
 10
2314.168
 20
1147.243
 10
2314.338
 20
1147.079
 10
2314.488
 20
1146.889
 10
2314.62
 20
1146.68
 10
2314.735
 20
1146.458
 10
2314.831
 20
1146.222
 10
2314.911
 20
1145.972
 10
2314.972
 20
1145.709
 10
2315.016
 20
1145.432
 10
2315.043
 20
1145.142
 10
2315.051
 20
1144.838
 10
2315.047
 20
1144.62
 10
2315.033
 20
1144.399
 10
2315.011
 20
1144.176
 10
2314.979
 20
1143.949
 10
2314.939
 20
1143.721
 10
2314.889
 20
1143.489
 10
2314.83
 20
1143.255
 10
2314.763
 20
1143.018
 10
2314.687
 20
1142.78
 10
2314.605
 20
1142.543
 10
2314.517
 20
1142.307
 10
2314.423
 20
1142.071
 10
2314.322
 20
1141.837
 10
2314.215
 20
1141.604
 10
2314.102
 20
1141.371
 10
2313.982
 20
1141.14
 10
2314.081
 20
1141.052
 10
2314.19
 20
1140.975
 10
2314.309
 20
1140.911
 10
2314.438
 20
1140.858
 10
2314.576
 20
1140.817
 10
2314.725
 20
1140.788
 10
2314.883
 20
1140.77
 10
2315.051
 20
1140.764
 10
2315.25
 20
1140.772
 10
2315.442
 20
1140.797
 10
2315.626
 20
1140.837
 10
2315.803
 20
1140.894
 10
2315.972
 20
1140.967
 10
2316.135
 20
1141.057
 10
2316.29
 20
1141.162
 10
2316.438
 20
1141.284
 10
2316.582
 20
1141.427
 10
2316.725
 20
1141.595
 10
2316.868
 20
1141.788
 10
2317.009
 20
1142.006
 10
2317.149
 20
1142.25
 10
2317.289
 20
1142.519
 10
2317.427
 20
1142.814
 10
2317.565
 20
1143.133
 10
2317.646
 20
1143.129
 10
2317.717
 20
1143.117
 10
2317.776
 20
1143.097
 10
2317.825
 20
1143.068
 10
2317.863
 20
1143.032
 10
2317.89
 20
1142.987
 10
2317.906
 20
1142.934
 10
2317.912
 20
1142.873
 10
2317.772
 20
1142.552
 10
2317.627
 20
1142.253
 10
2317.478
 20
1141.976
 10
2317.323
 20
1141.721
 10
2317.164
 20
1141.488
 10
2316.999
 20
1141.278
 10
2316.829
 20
1141.089
 10
2316.655
 20
1140.923
 10
2316.472
 20
1140.778
 10
2316.277
 20
1140.653
 10
2316.069
 20
1140.548
 10
2315.85
 20
1140.464
 10
2315.618
 20
1140.4
 10
2315.374
 20
1140.357
 10
2315.118
 20
1140.334
 10
2314.849
 20
1140.331
 10
2314.687
 20
1140.337
 10
2314.531
 20
1140.354
 10
2314.383
 20
1140.383
 10
2314.242
 20
1140.425
 10
2314.109
 20
1140.477
 10
2313.982
 20
1140.542
 10
2313.863
 20
1140.618
 10
2313.751
 20
1140.706
 10
2313.544
 20
1140.381
 10
2313.328
 20
1140.068
 10
2313.102
 20
1139.768
 10
2312.866
 20
1139.482
 10
2312.622
 20
1139.209
 10
2312.367
 20
1138.948
 10
2312.103
 20
1138.701
 10
2311.83
 20
1138.467
 10
2311.551
 20
1138.254
 10
2311.269
 20
1138.069
 10
2310.986
 20
1137.912
 10
2310.7
 20
1137.785
 10
2310.411
 20
1137.685
 10
2310.121
 20
1137.614
 10
2309.828
 20
1137.571
 10
2309.533
 20
1137.557
  0
LWPOLYLINE
  5
176
330
17
100
AcDbEntity
  8
ENGRAVE_V
100
AcDbPolyline
 90
153
 70
1
 10
2309.938
 20
1138.193
 10
2310.104
 20
1138.201
 10
2310.27
 20
1138.228
 10
2310.436
 20
1138.272
 10
2310.602
 20
1138.333
 10
2310.768
 20
1138.413
 10
2310.934
 20
1138.51
 10
2311.1
 20
1138.624
 10
2311.267
 20
1138.756
 10
2311.431
 20
1138.899
 10
2311.592
 20
1139.048
 10
2311.749
 20
1139.201
 10
2311.902
 20
1139.359
 10
2312.052
 20
1139.522
 10
2312.198
 20
1139.691
 10
2312.341
 20
1139.864
 10
2312.48
 20
1140.042
 10
2312.612
 20
1140.219
 10
2312.735
 20
1140.39
 10
2312.847
 20
1140.555
 10
2312.95
 20
1140.713
 10
2313.042
 20
1140.866
 10
2313.125
 20
1141.011
 10
2313.197
 20
1141.151
 10
2313.26
 20
1141.284
 10
2313.151
 20
1141.487
 10
2313.053
 20
1141.677
 10
2312.968
 20
1141.854
 10
2312.895
 20
1142.017
 10
2312.835
 20
1142.168
 10
2312.786
 20
1142.305
 10
2312.75
 20
1142.43
 10
2312.726
 20
1142.541
 10
2312.709
 20
1142.642
 10
2312.694
 20
1142.737
 10
2312.682
 20
1142.825
 10
2312.671
 20
1142.906
 10
2312.664
 20
1142.98
 10
2312.658
 20
1143.047
 10
2312.655
 20
1143.108
 10
2312.653
 20
1143.162
 10
2312.658
 20
1143.295
 10
2312.671
 20
1143.42
 10
2312.694
 20
1143.537
 10
2312.726
 20
1143.646
 10
2312.766
 20
1143.747
 10
2312.816
 20
1143.839
 10
2312.875
 20
1143.924
 10
2312.942
 20
1144.0
 10
2313.015
 20
1144.068
 10
2313.087
 20
1144.126
 10
2313.159
 20
1144.176
 10
2313.231
 20
1144.217
 10
2313.303
 20
1144.248
 10
2313.376
 20
1144.271
 10
2313.448
 20
1144.284
 10
2313.52
 20
1144.289
 10
2313.619
 20
1144.284
 10
2313.715
 20
1144.267
 10
2313.807
 20
1144.24
 10
2313.896
 20
1144.202
 10
2313.981
 20
1144.153
 10
2314.062
 20
1144.094
 10
2314.14
 20
1144.023
 10
2314.214
 20
1143.942
 10
2314.228
 20
1144.021
 10
2314.241
 20
1144.098
 10
2314.253
 20
1144.174
 10
2314.264
 20
1144.249
 10
2314.275
 20
1144.323
 10
2314.284
 20
1144.395
 10
2314.293
 20
1144.465
 10
2314.3
 20
1144.535
 10
2314.307
 20
1144.603
 10
2314.313
 20
1144.671
 10
2314.318
 20
1144.738
 10
2314.322
 20
1144.805
 10
2314.325
 20
1144.872
 10
2314.327
 20
1144.938
 10
2314.329
 20
1145.004
 10
2314.329
 20
1145.069
 10
2314.325
 20
1145.253
 10
2314.312
 20
1145.427
 10
2314.291
 20
1145.594
 10
2314.261
 20
1145.752
 10
2314.222
 20
1145.901
 10
2314.175
 20
1146.041
 10
2314.119
 20
1146.173
 10
2314.055
 20
1146.297
 10
2313.981
 20
1146.409
 10
2313.898
 20
1146.506
 10
2313.806
 20
1146.587
 10
2313.704
 20
1146.654
 10
2313.593
 20
1146.707
 10
2313.472
 20
1146.744
 10
2313.342
 20
1146.766
 10
2313.202
 20
1146.774
 10
2313.05
 20
1146.766
 10
2312.895
 20
1146.741
 10
2312.739
 20
1146.701
 10
2312.581
 20
1146.644
 10
2312.421
 20
1146.571
 10
2312.26
 20
1146.481
 10
2312.096
 20
1146.376
 10
2311.931
 20
1146.254
 10
2311.766
 20
1146.118
 10
2311.603
 20
1145.972
 10
2311.443
 20
1145.815
 10
2311.285
 20
1145.647
 10
2311.129
 20
1145.468
 10
2310.975
 20
1145.278
 10
2310.823
 20
1145.078
 10
2310.674
 20
1144.867
 10
2310.529
 20
1144.647
 10
2310.388
 20
1144.421
 10
2310.252
 20
1144.188
 10
2310.122
 20
1143.949
 10
2309.996
 20
1143.704
 10
2309.875
 20
1143.453
 10
2309.759
 20
1143.195
 10
2309.649
 20
1142.931
 10
2309.557
 20
1142.709
 10
2309.472
 20
1142.489
 10
2309.391
 20
1142.273
 10
2309.316
 20
1142.061
 10
2309.247
 20
1141.851
 10
2309.183
 20
1141.644
 10
2309.124
 20
1141.441
 10
2309.071
 20
1141.241
 10
2309.023
 20
1141.044
 10
2308.982
 20
1140.852
 10
2308.947
 20
1140.663
 10
2308.919
 20
1140.479
 10
2308.897
 20
1140.298
 10
2308.881
 20
1140.122
 10
2308.872
 20
1139.95
 10
2308.868
 20
1139.782
 10
2308.873
 20
1139.606
 10
2308.885
 20
1139.439
 10
2308.905
 20
1139.281
 10
2308.933
 20
1139.132
 10
2308.97
 20
1138.992
 10
2309.015
 20
1138.861
 10
2309.068
 20
1138.739
 10
2309.129
 20
1138.626
 10
2309.198
 20
1138.524
 10
2309.277
 20
1138.436
 10
2309.364
 20
1138.362
 10
2309.461
 20
1138.301
 10
2309.566
 20
1138.254
 10
2309.681
 20
1138.22
 10
2309.805
 20
1138.199
 10
2309.938
 20
1138.193
  0
LWPOLYLINE
  5
177
330
17
100
AcDbEntity
  8
ENGRAVE_V
100
AcDbPolyline
 90
253
 70
1
 10
2323.546
 20
1152.812
 10
2323.451
 20
1152.67
 10
2323.353
 20
1152.52
 10
2323.252
 20
1152.36
 10
2323.149
 20
1152.191
 10
2323.042
 20
1152.013
 10
2322.934
 20
1151.826
 10
2322.822
 20
1151.63
 10
2322.708
 20
1151.425
 10
2322.594
 20
1151.217
 10
2322.481
 20
1151.01
 10
2322.371
 20
1150.805
 10
2322.264
 20
1150.602
 10
2322.158
 20
1150.401
 10
2322.055
 20
1150.201
 10
2321.954
 20
1150.003
 10
2321.856
 20
1149.807
 10
2321.761
 20
1149.618
 10
2321.672
 20
1149.441
 10
2321.59
 20
1149.275
 10
2321.513
 20
1149.121
 10
2321.441
 20
1148.979
 10
2321.376
 20
1148.849
 10
2321.317
 20
1148.73
 10
2321.263
 20
1148.623
 10
2323.921
 20
1148.623
 10
2323.92
 20
1148.592
 10
2323.915
 20
1148.556
 10
2323.907
 20
1148.516
 10
2323.896
 20
1148.471
 10
2323.882
 20
1148.422
 10
2323.865
 20
1148.368
 10
2323.844
 20
1148.31
 10
2323.82
 20
1148.247
 10
2323.792
 20
1148.184
 10
2323.758
 20
1148.126
 10
2323.718
 20
1148.072
 10
2323.672
 20
1148.023
 10
2323.621
 20
1147.979
 10
2323.563
 20
1147.938
 10
2323.5
 20
1147.903
 10
2323.43
 20
1147.872
 10
2320.917
 20
1147.872
 10
2320.828
 20
1147.672
 10
2320.737
 20
1147.462
 10
2320.642
 20
1147.242
 10
2320.545
 20
1147.012
 10
2320.444
 20
1146.772
 10
2320.34
 20
1146.523
 10
2320.232
 20
1146.263
 10
2320.122
 20
1145.994
 10
2320.011
 20
1145.718
 10
2319.9
 20
1145.439
 10
2319.79
 20
1145.158
 10
2319.681
 20
1144.874
 10
2319.574
 20
1144.587
 10
2319.467
 20
1144.298
 10
2319.361
 20
1144.006
 10
2319.255
 20
1143.711
 10
2319.153
 20
1143.417
 10
2319.055
 20
1143.129
 10
2318.961
 20
1142.845
 10
2318.873
 20
1142.566
 10
2318.788
 20
1142.292
 10
2318.708
 20
1142.024
 10
2318.633
 20
1141.76
 10
2318.562
 20
1141.501
 10
2318.498
 20
1141.25
 10
2318.442
 20
1141.012
 10
2318.395
 20
1140.786
 10
2318.356
 20
1140.573
 10
2318.326
 20
1140.371
 10
2318.305
 20
1140.182
 10
2318.292
 20
1140.004
 10
2318.287
 20
1139.839
 10
2318.291
 20
1139.63
 10
2318.302
 20
1139.434
 10
2318.32
 20
1139.252
 10
2318.345
 20
1139.085
 10
2318.378
 20
1138.931
 10
2318.417
 20
1138.791
 10
2318.464
 20
1138.666
 10
2318.519
 20
1138.554
 10
2318.582
 20
1138.456
 10
2318.658
 20
1138.37
 10
2318.745
 20
1138.298
 10
2318.844
 20
1138.24
 10
2318.954
 20
1138.194
 10
2319.077
 20
1138.161
 10
2319.211
 20
1138.141
 10
2319.356
 20
1138.135
 10
2319.551
 20
1138.147
 10
2319.743
 20
1138.183
 10
2319.933
 20
1138.243
 10
2320.122
 20
1138.326
 10
2320.309
 20
1138.434
 10
2320.494
 20
1138.566
 10
2320.677
 20
1138.721
 10
2320.859
 20
1138.9
 10
2321.038
 20
1139.098
 10
2321.215
 20
1139.308
 10
2321.39
 20
1139.53
 10
2321.563
 20
1139.764
 10
2321.734
 20
1140.01
 10
2321.902
 20
1140.268
 10
2322.068
 20
1140.539
 10
2322.231
 20
1140.822
 10
2322.391
 20
1141.111
 10
2322.546
 20
1141.4
 10
2322.696
 20
1141.689
 10
2322.842
 20
1141.978
 10
2322.982
 20
1142.266
 10
2323.117
 20
1142.555
 10
2323.247
 20
1142.844
 10
2323.373
 20
1143.133
 10
2323.454
 20
1143.129
 10
2323.524
 20
1143.117
 10
2323.584
 20
1143.097
 10
2323.633
 20
1143.068
 10
2323.67
 20
1143.032
 10
2323.698
 20
1142.987
 10
2323.714
 20
1142.934
 10
2323.719
 20
1142.873
 10
2323.637
 20
1142.676
 10
2323.551
 20
1142.474
 10
2323.461
 20
1142.268
 10
2323.365
 20
1142.057
 10
2323.266
 20
1141.842
 10
2323.161
 20
1141.622
 10
2323.052
 20
1141.397
 10
2322.939
 20
1141.169
 10
2322.822
 20
1140.939
 10
2322.7
 20
1140.711
 10
2322.574
 20
1140.485
 10
2322.444
 20
1140.262
 10
2322.31
 20
1140.041
 10
2322.173
 20
1139.822
 10
2322.031
 20
1139.606
 10
2321.885
 20
1139.392
 10
2321.734
 20
1139.184
 10
2321.579
 20
1138.985
 10
2321.42
 20
1138.797
 10
2321.256
 20
1138.619
 10
2321.088
 20
1138.45
 10
2320.915
 20
1138.292
 10
2320.737
 20
1138.143
 10
2320.555
 20
1138.005
 10
2320.369
 20
1137.88
 10
2320.177
 20
1137.771
 10
2319.981
 20
1137.679
 10
2319.779
 20
1137.604
 10
2319.572
 20
1137.545
 10
2319.361
 20
1137.504
 10
2319.144
 20
1137.479
 10
2318.923
 20
1137.47
 10
2318.632
 20
1137.481
 10
2318.365
 20
1137.513
 10
2318.123
 20
1137.566
 10
2317.905
 20
1137.64
 10
2317.711
 20
1137.736
 10
2317.542
 20
1137.852
 10
2317.397
 20
1137.99
 10
2317.276
 20
1138.149
 10
2317.175
 20
1138.325
 10
2317.087
 20
1138.513
 10
2317.012
 20
1138.713
 10
2316.951
 20
1138.926
 10
2316.904
 20
1139.15
 10
2316.87
 20
1139.387
 10
2316.85
 20
1139.636
 10
2316.843
 20
1139.897
 10
2316.847
 20
1140.097
 10
2316.861
 20
1140.308
 10
2316.883
 20
1140.529
 10
2316.915
 20
1140.76
 10
2316.956
 20
1141.002
 10
2317.005
 20
1141.254
 10
2317.064
 20
1141.517
 10
2317.132
 20
1141.79
 10
2317.206
 20
1142.069
 10
2317.284
 20
1142.35
 10
2317.367
 20
1142.634
 10
2317.453
 20
1142.92
 10
2317.544
 20
1143.208
 10
2317.638
 20
1143.499
 10
2317.737
 20
1143.792
 10
2317.84
 20
1144.087
 10
2317.944
 20
1144.38
 10
2318.048
 20
1144.669
 10
2318.152
 20
1144.953
 10
2318.255
 20
1145.232
 10
2318.358
 20
1145.505
 10
2318.46
 20
1145.774
 10
2318.562
 20
1146.038
 10
2318.663
 20
1146.297
 10
2318.761
 20
1146.546
 10
2318.854
 20
1146.78
 10
2318.942
 20
1146.999
 10
2319.024
 20
1147.203
 10
2319.101
 20
1147.393
 10
2319.172
 20
1147.567
 10
2319.238
 20
1147.727
 10
2319.299
 20
1147.872
 10
2317.45
 20
1147.872
 10
2317.453
 20
1147.93
 10
2317.462
 20
1147.989
 10
2317.478
 20
1148.049
 10
2317.5
 20
1148.11
 10
2317.529
 20
1148.172
 10
2317.563
 20
1148.235
 10
2317.604
 20
1148.298
 10
2317.652
 20
1148.363
 10
2317.703
 20
1148.424
 10
2317.755
 20
1148.477
 10
2317.808
 20
1148.521
 10
2317.861
 20
1148.558
 10
2317.916
 20
1148.586
 10
2317.971
 20
1148.607
 10
2318.028
 20
1148.619
 10
2318.085
 20
1148.623
 10
2319.616
 20
1148.623
 10
2319.675
 20
1148.742
 10
2319.737
 20
1148.868
 10
2319.8
 20
1149.002
 10
2319.866
 20
1149.143
 10
2319.934
 20
1149.291
 10
2320.004
 20
1149.446
 10
2320.076
 20
1149.609
 10
2320.151
 20
1149.778
 10
2320.23
 20
1149.954
 10
2320.316
 20
1150.134
 10
2320.409
 20
1150.319
 10
2320.509
 20
1150.508
 10
2320.615
 20
1150.702
 10
2320.728
 20
1150.9
 10
2320.848
 20
1151.103
 10
2320.974
 20
1151.31
 10
2321.087
 20
1151.479
 10
2321.206
 20
1151.638
 10
2321.334
 20
1151.789
 10
2321.469
 20
1151.931
 10
2321.612
 20
1152.064
 10
2321.763
 20
1152.187
 10
2321.921
 20
1152.302
 10
2322.087
 20
1152.408
 10
2322.258
 20
1152.503
 10
2322.433
 20
1152.585
 10
2322.61
 20
1152.654
 10
2322.791
 20
1152.711
 10
2322.975
 20
1152.755
 10
2323.162
 20
1152.787
 10
2323.352
 20
1152.806
 10
2323.546
 20
1152.812
  0
LWPOLYLINE
  5
178
330
17
100
AcDbEntity
  8
ENGRAVE_V
100
AcDbPolyline
 90
153
 70
1
 10
2325.106
 20
1137.557
 10
2324.82
 20
1137.57
 10
2324.553
 20
1137.61
 10
2324.305
 20
1137.677
 10
2324.077
 20
1137.77
 10
2323.868
 20
1137.89
 10
2323.679
 20
1138.036
 10
2323.509
 20
1138.21
 10
2323.358
 20
1138.409
 10
2323.226
 20
1138.628
 10
2323.112
 20
1138.858
 10
2323.015
 20
1139.099
 10
2322.936
 20
1139.352
 10
2322.874
 20
1139.616
 10
2322.83
 20
1139.891
 10
2322.803
 20
1140.177
 10
2322.795
 20
1140.475
 10
2322.801
 20
1140.758
 10
2322.822
 20
1141.044
 10
2322.856
 20
1141.332
 10
2322.903
 20
1141.624
 10
2322.964
 20
1141.917
 10
2323.038
 20
1142.214
 10
2323.126
 20
1142.513
 10
2323.228
 20
1142.815
 10
2323.349
 20
1143.144
 10
2323.482
 20
1143.465
 10
2323.626
 20
1143.78
 10
2323.781
 20
1144.087
 10
2323.947
 20
1144.386
 10
2324.125
 20
1144.679
 10
2324.314
 20
1144.964
 10
2324.514
 20
1145.242
 10
2324.722
 20
1145.51
 10
2324.936
 20
1145.765
 10
2325.156
 20
1146.007
 10
2325.381
 20
1146.236
 10
2325.611
 20
1146.451
 10
2325.846
 20
1146.654
 10
2326.087
 20
1146.843
 10
2326.334
 20
1147.019
 10
2326.583
 20
1147.178
 10
2326.831
 20
1147.316
 10
2327.08
 20
1147.433
 10
2327.327
 20
1147.528
 10
2327.574
 20
1147.603
 10
2327.821
 20
1147.656
 10
2328.067
 20
1147.688
 10
2328.313
 20
1147.698
 10
2328.6
 20
1147.686
 10
2328.867
 20
1147.648
 10
2329.114
 20
1147.584
 10
2329.342
 20
1147.496
 10
2329.551
 20
1147.382
 10
2329.741
 20
1147.243
 10
2329.911
 20
1147.079
 10
2330.061
 20
1146.889
 10
2330.193
 20
1146.68
 10
2330.308
 20
1146.458
 10
2330.404
 20
1146.222
 10
2330.484
 20
1145.972
 10
2330.545
 20
1145.709
 10
2330.589
 20
1145.432
 10
2330.616
 20
1145.142
 10
2330.625
 20
1144.838
 10
2330.62
 20
1144.62
 10
2330.606
 20
1144.399
 10
2330.584
 20
1144.176
 10
2330.552
 20
1143.949
 10
2330.512
 20
1143.721
 10
2330.462
 20
1143.489
 10
2330.403
 20
1143.255
 10
2330.336
 20
1143.018
 10
2330.26
 20
1142.78
 10
2330.178
 20
1142.543
 10
2330.09
 20
1142.307
 10
2329.996
 20
1142.071
 10
2329.895
 20
1141.837
 10
2329.788
 20
1141.604
 10
2329.675
 20
1141.371
 10
2329.555
 20
1141.14
 10
2329.654
 20
1141.052
 10
2329.763
 20
1140.975
 10
2329.882
 20
1140.911
 10
2330.011
 20
1140.858
 10
2330.149
 20
1140.817
 10
2330.298
 20
1140.788
 10
2330.456
 20
1140.77
 10
2330.625
 20
1140.764
 10
2330.823
 20
1140.772
 10
2331.015
 20
1140.797
 10
2331.199
 20
1140.837
 10
2331.376
 20
1140.894
 10
2331.545
 20
1140.967
 10
2331.708
 20
1141.057
 10
2331.863
 20
1141.162
 10
2332.011
 20
1141.284
 10
2332.155
 20
1141.427
 10
2332.298
 20
1141.595
 10
2332.441
 20
1141.788
 10
2332.582
 20
1142.006
 10
2332.722
 20
1142.25
 10
2332.862
 20
1142.519
 10
2333.0
 20
1142.814
 10
2333.138
 20
1143.133
 10
2333.219
 20
1143.129
 10
2333.29
 20
1143.117
 10
2333.349
 20
1143.097
 10
2333.398
 20
1143.068
 10
2333.436
 20
1143.032
 10
2333.463
 20
1142.987
 10
2333.479
 20
1142.934
 10
2333.485
 20
1142.873
 10
2333.345
 20
1142.552
 10
2333.2
 20
1142.253
 10
2333.051
 20
1141.976
 10
2332.896
 20
1141.721
 10
2332.737
 20
1141.488
 10
2332.572
 20
1141.278
 10
2332.403
 20
1141.089
 10
2332.228
 20
1140.923
 10
2332.045
 20
1140.778
 10
2331.85
 20
1140.653
 10
2331.642
 20
1140.548
 10
2331.423
 20
1140.464
 10
2331.191
 20
1140.4
 10
2330.947
 20
1140.357
 10
2330.691
 20
1140.334
 10
2330.422
 20
1140.331
 10
2330.26
 20
1140.337
 10
2330.104
 20
1140.354
 10
2329.956
 20
1140.383
 10
2329.816
 20
1140.425
 10
2329.682
 20
1140.477
 10
2329.555
 20
1140.542
 10
2329.436
 20
1140.618
 10
2329.324
 20
1140.706
 10
2329.117
 20
1140.381
 10
2328.901
 20
1140.068
 10
2328.675
 20
1139.768
 10
2328.44
 20
1139.482
 10
2328.195
 20
1139.209
 10
2327.94
 20
1138.948
 10
2327.676
 20
1138.701
 10
2327.403
 20
1138.467
 10
2327.124
 20
1138.254
 10
2326.842
 20
1138.069
 10
2326.559
 20
1137.912
 10
2326.273
 20
1137.785
 10
2325.984
 20
1137.685
 10
2325.694
 20
1137.614
 10
2325.401
 20
1137.571
 10
2325.106
 20
1137.557
  0
LWPOLYLINE
  5
179
330
17
100
AcDbEntity
  8
ENGRAVE_V
100
AcDbPolyline
 90
153
 70
1
 10
2325.511
 20
1138.193
 10
2325.677
 20
1138.201
 10
2325.843
 20
1138.228
 10
2326.009
 20
1138.272
 10
2326.175
 20
1138.333
 10
2326.341
 20
1138.413
 10
2326.507
 20
1138.51
 10
2326.673
 20
1138.624
 10
2326.84
 20
1138.756
 10
2327.004
 20
1138.899
 10
2327.165
 20
1139.048
 10
2327.322
 20
1139.201
 10
2327.475
 20
1139.359
 10
2327.625
 20
1139.522
 10
2327.771
 20
1139.691
 10
2327.914
 20
1139.864
 10
2328.053
 20
1140.042
 10
2328.185
 20
1140.219
 10
2328.308
 20
1140.39
 10
2328.42
 20
1140.555
 10
2328.523
 20
1140.713
 10
2328.615
 20
1140.866
 10
2328.698
 20
1141.011
 10
2328.77
 20
1141.151
 10
2328.833
 20
1141.284
 10
2328.724
 20
1141.487
 10
2328.626
 20
1141.677
 10
2328.541
 20
1141.854
 10
2328.468
 20
1142.017
 10
2328.408
 20
1142.168
 10
2328.359
 20
1142.305
 10
2328.323
 20
1142.43
 10
2328.299
 20
1142.541
 10
2328.282
 20
1142.642
 10
2328.267
 20
1142.737
 10
2328.255
 20
1142.825
 10
2328.244
 20
1142.906
 10
2328.237
 20
1142.98
 10
2328.231
 20
1143.047
 10
2328.228
 20
1143.108
 10
2328.226
 20
1143.162
 10
2328.231
 20
1143.295
 10
2328.244
 20
1143.42
 10
2328.267
 20
1143.537
 10
2328.299
 20
1143.646
 10
2328.339
 20
1143.747
 10
2328.389
 20
1143.839
 10
2328.448
 20
1143.924
 10
2328.515
 20
1144.0
 10
2328.588
 20
1144.068
 10
2328.66
 20
1144.126
 10
2328.732
 20
1144.176
 10
2328.804
 20
1144.217
 10
2328.877
 20
1144.248
 10
2328.949
 20
1144.271
 10
2329.021
 20
1144.284
 10
2329.093
 20
1144.289
 10
2329.193
 20
1144.284
 10
2329.288
 20
1144.267
 10
2329.38
 20
1144.24
 10
2329.469
 20
1144.202
 10
2329.554
 20
1144.153
 10
2329.635
 20
1144.094
 10
2329.713
 20
1144.023
 10
2329.787
 20
1143.942
 10
2329.801
 20
1144.021
 10
2329.814
 20
1144.098
 10
2329.826
 20
1144.174
 10
2329.837
 20
1144.249
 10
2329.848
 20
1144.323
 10
2329.857
 20
1144.395
 10
2329.866
 20
1144.465
 10
2329.873
 20
1144.535
 10
2329.88
 20
1144.603
 10
2329.886
 20
1144.671
 10
2329.891
 20
1144.738
 10
2329.895
 20
1144.805
 10
2329.898
 20
1144.872
 10
2329.9
 20
1144.938
 10
2329.902
 20
1145.004
 10
2329.902
 20
1145.069
 10
2329.898
 20
1145.253
 10
2329.885
 20
1145.427
 10
2329.864
 20
1145.594
 10
2329.834
 20
1145.752
 10
2329.795
 20
1145.901
 10
2329.748
 20
1146.041
 10
2329.692
 20
1146.173
 10
2329.628
 20
1146.297
 10
2329.554
 20
1146.409
 10
2329.472
 20
1146.506
 10
2329.379
 20
1146.587
 10
2329.277
 20
1146.654
 10
2329.166
 20
1146.707
 10
2329.045
 20
1146.744
 10
2328.915
 20
1146.766
 10
2328.775
 20
1146.774
 10
2328.623
 20
1146.766
 10
2328.468
 20
1146.741
 10
2328.312
 20
1146.701
 10
2328.154
 20
1146.644
 10
2327.994
 20
1146.571
 10
2327.833
 20
1146.481
 10
2327.669
 20
1146.376
 10
2327.504
 20
1146.254
 10
2327.339
 20
1146.118
 10
2327.176
 20
1145.972
 10
2327.016
 20
1145.815
 10
2326.858
 20
1145.647
 10
2326.702
 20
1145.468
 10
2326.548
 20
1145.278
 10
2326.397
 20
1145.078
 10
2326.247
 20
1144.867
 10
2326.102
 20
1144.647
 10
2325.961
 20
1144.421
 10
2325.825
 20
1144.188
 10
2325.695
 20
1143.949
 10
2325.569
 20
1143.704
 10
2325.448
 20
1143.453
 10
2325.332
 20
1143.195
 10
2325.222
 20
1142.931
 10
2325.13
 20
1142.709
 10
2325.045
 20
1142.489
 10
2324.964
 20
1142.273
 10
2324.889
 20
1142.061
 10
2324.82
 20
1141.851
 10
2324.756
 20
1141.644
 10
2324.697
 20
1141.441
 10
2324.644
 20
1141.241
 10
2324.596
 20
1141.044
 10
2324.555
 20
1140.852
 10
2324.521
 20
1140.663
 10
2324.492
 20
1140.479
 10
2324.47
 20
1140.298
 10
2324.454
 20
1140.122
 10
2324.445
 20
1139.95
 10
2324.442
 20
1139.782
 10
2324.446
 20
1139.606
 10
2324.458
 20
1139.439
 10
2324.478
 20
1139.281
 10
2324.507
 20
1139.132
 10
2324.543
 20
1138.992
 10
2324.588
 20
1138.861
 10
2324.641
 20
1138.739
 10
2324.702
 20
1138.626
 10
2324.771
 20
1138.524
 10
2324.85
 20
1138.436
 10
2324.937
 20
1138.362
 10
2325.034
 20
1138.301
 10
2325.139
 20
1138.254
 10
2325.254
 20
1138.22
 10
2325.378
 20
1138.199
 10
2325.511
 20
1138.193
  0
TEXT
  5
17A
330
17
100
AcDbEntity
  8
LABELS
100
AcDbText
 10
2139.990477571341
 20
1019.0
 30
0.0
 40
14.0
  1
Cabinet front (print window)
 72
1
 11
2139.990477571341
 21
1019.0
 31
0.0
100
AcDbText
 73
2
  0
LWPOLYLINE
  5
17B
330
17
100
AcDbEntity
  8
CUT_OUTSIDE
100
AcDbPolyline
 90
4
 70
1
 10
2404.0
 20
398.0
 10
2404.0
 20
498.0
 10
1900.0
 20
498.0
 10
1900.0
 20
398.0
  0
CIRCLE
  5
17C
330
17
100
AcDbEntity
  8
CUT_INSIDE
100
AcDbCircle
 10
2152.0
 20
448.0
 30
0.0
 40
14.0
  0
TEXT
  5
17D
330
17
100
AcDbEntity
  8
LABELS
100
AcDbText
 10
2152.0
 20
448.0
 30
0.0
 40
14.0
  1
Cabinet back rail
 72
1
 11
2152.0
 21
448.0
 31
0.0
100
AcDbText
 73
2
  0
TEXT
  5
17E
330
17
100
AcDbEntity
  8
LABELS
100
AcDbText
 10
20.0
 20
1240.0
 30
0.0
 40
16.0
  1
PHOTOBOOTH WEDDING-EPSON - sheet 1 - MDF 18 mm 1220x2440 - tool 6 mm
 11
20.0
 21
1240.0
 31
0.0
100
AcDbText
  0
ENDSEC
  0
SECTION
  2
OBJECTS
  0
DICTIONARY
  5
A
330
0
100
AcDbDictionary
281
1
  3
ACAD_COLOR
350
B
  3
ACAD_GROUP
350
C
  3
ACAD_LAYOUT
350
D
  3
ACAD_MATERIAL
350
E
  3
ACAD_MLEADERSTYLE
350
F
  3
ACAD_MLINESTYLE
350
10
  3
ACAD_PLOTSETTINGS
350
11
  3
ACAD_PLOTSTYLENAME
350
12
  3
ACAD_SCALELIST
350
14
  3
ACAD_TABLESTYLE
350
15
  3
ACAD_VISUALSTYLE
350
16
  3
EZDXF_META
350
2D
  0
DICTIONARY
  5
B
330
A
100
AcDbDictionary
281
1
  0
DICTIONARY
  5
C
330
A
100
AcDbDictionary
281
1
  0
DICTIONARY
  5
D
330
A
100
AcDbDictionary
281
1
  3
Model
350
1A
  3
Layout1
350
1E
  0
DICTIONARY
  5
E
330
A
100
AcDbDictionary
281
1
  3
ByBlock
350
1F
  3
ByLayer
350
20
  3
Global
350
21
  0
DICTIONARY
  5
F
330
A
100
AcDbDictionary
281
1
  3
Standard
350
2C
  0
DICTIONARY
  5
10
330
A
100
AcDbDictionary
281
1
  3
Standard
350
22
  0
DICTIONARY
  5
11
330
A
100
AcDbDictionary
281
1
  0
ACDBDICTIONARYWDFLT
  5
12
330
A
100
AcDbDictionary
281
1
  3
Normal
350
13
100
AcDbDictionaryWithDefault
340
13
  0
ACDBPLACEHOLDER
  5
13
330
12
  0
DICTIONARY
  5
14
330
A
100
AcDbDictionary
281
1
  0
DICTIONARY
  5
15
330
A
100
AcDbDictionary
281
1
  0
DICTIONARY
  5
16
330
A
100
AcDbDictionary
281
1
  3
2dWireframe
350
5A
  3
Basic
350
5B
  3
Brighten
350
5C
  3
ColorChange
350
5D
  3
Conceptual
350
5E
  3
Dim
350
5F
  3
EdgeColorOff
350
60
  3
Facepattern
350
61
  3
Flat
350
62
  3
FlatWithEdges
350
63
  3
Gouraud
350
64
  3
GouraudWithEdges
350
65
  3
Hidden
350
66
  3
JitterOff
350
67
  3
Linepattern
350
68
  3
Modeling
350
69
  3
OverhangOff
350
6A
  3
Realistic
350
6B
  3
Shaded
350
6C
  3
Shaded with edges
350
6D
  3
Shades of Gray
350
6E
  3
Sketchy
350
6F
  3
Thicken
350
70
  3
Wireframe
350
71
  3
X-Ray
350
72
  0
LAYOUT
  5
1A
330
D
100
AcDbPlotSettings
  1

  4
A3
  6

 40
7.5
 41
20.0
 42
7.5
 43
20.0
 44
420.0
 45
297.0
 46
0.0
 47
0.0
 48
0.0
 49
0.0
140
0.0
141
0.0
142
1.0
143
1.0
 70
1024
 72
1
 73
0
 74
5
  7

 75
16
 76
0
 77
2
 78
300
147
1.0
148
0.0
149
0.0
100
AcDbLayout
  1
Model
 70
1
 71
0
 10
0.0
 20
0.0
 11
420.0
 21
297.0
 12
0.0
 22
0.0
 32
0.0
 14
1e+20
 24
1e+20
 34
1e+20
 15
-1e+20
 25
-1e+20
 35
-1e+20
146
0.0
 13
0.0
 23
0.0
 33
0.0
 16
1.0
 26
0.0
 36
0.0
 17
0.0
 27
1.0
 37
0.0
 76
1
330
17
  0
LAYOUT
  5
1E
330
D
100
AcDbPlotSettings
  1

  4
A3
  6

 40
7.5
 41
20.0
 42
7.5
 43
20.0
 44
420.0
 45
297.0
 46
0.0
 47
0.0
 48
0.0
 49
0.0
140
0.0
141
0.0
142
1.0
143
1.0
 70
0
 72
1
 73
0
 74
5
  7

 75
16
 76
0
 77
2
 78
300
147
1.0
148
0.0
149
0.0
100
AcDbLayout
  1
Layout1
 70
1
 71
1
 10
0.0
 20
0.0
 11
420.0
 21
297.0
 12
0.0
 22
0.0
 32
0.0
 14
1e+20
 24
1e+20
 34
1e+20
 15
-1e+20
 25
-1e+20
 35
-1e+20
146
0.0
 13
0.0
 23
0.0
 33
0.0
 16
1.0
 26
0.0
 36
0.0
 17
0.0
 27
1.0
 37
0.0
 76
1
330
1B
  0
MATERIAL
  5
1F
102
{ACAD_REACTORS
330
E
102
}
330
E
100
AcDbMaterial
  1
ByBlock
  2

 70
0
 40
1.0
 71
1
 41
1.0
 91
-1023410177
 42
1.0
 72
1
  3

 73
1
 74
1
 75
1
 44
0.5
 73
0
 45
1.0
 46
1.0
 77
1
  4

 78
1
 79
1
170
1
 48
1.0
171
1
  6

172
1
173
1
174
1
140
1.0
141
1.0
175
1
  7

176
1
177
1
178
1
143
1.0
179
1
  8

270
1
271
1
272
1
145
1.0
146
1.0
273
1
  9

274
1
275
1
276
1
 42
1.0
 72
1
  3

 73
1
 74
1
 75
1
 94
63
  0
MATERIAL
  5
20
102
{ACAD_REACTORS
330
E
102
}
330
E
100
AcDbMaterial
  1
ByLayer
  2

 70
0
 40
1.0
 71
1
 41
1.0
 91
-1023410177
 42
1.0
 72
1
  3

 73
1
 74
1
 75
1
 44
0.5
 73
0
 45
1.0
 46
1.0
 77
1
  4

 78
1
 79
1
170
1
 48
1.0
171
1
  6

172
1
173
1
174
1
140
1.0
141
1.0
175
1
  7

176
1
177
1
178
1
143
1.0
179
1
  8

270
1
271
1
272
1
145
1.0
146
1.0
273
1
  9

274
1
275
1
276
1
 42
1.0
 72
1
  3

 73
1
 74
1
 75
1
 94
63
  0
MATERIAL
  5
21
102
{ACAD_REACTORS
330
E
102
}
330
E
100
AcDbMaterial
  1
Global
  2

 70
0
 40
1.0
 71
1
 41
1.0
 91
-1023410177
 42
1.0
 72
1
  3

 73
1
 74
1
 75
1
 44
0.5
 73
0
 45
1.0
 46
1.0
 77
1
  4

 78
1
 79
1
170
1
 48
1.0
171
1
  6

172
1
173
1
174
1
140
1.0
141
1.0
175
1
  7

176
1
177
1
178
1
143
1.0
179
1
  8

270
1
271
1
272
1
145
1.0
146
1.0
273
1
  9

274
1
275
1
276
1
 42
1.0
 72
1
  3

 73
1
 74
1
 75
1
 94
63
  0
MLINESTYLE
  5
22
102
{ACAD_REACTORS
330
10
102
}
330
10
100
AcDbMlineStyle
  2
Standard
 70
0
  3

 62
256
 51
90.0
 52
90.0
 71
2
 49
0.5
 62
256
  6
BYLAYER
 49
-0.5
 62
256
  6
BYLAYER
  0
MLEADERSTYLE
  5
2C
102
{ACAD_REACTORS
330
F
102
}
330
F
100
AcDbMLeaderStyle
179
2
170
2
171
1
172
0
 90
2
 40
0.0
 41
0.0
173
1
 91
-1056964608
 92
-2
290
1
 42
2.0
291
1
 43
8.0
  3
Standard
 44
4.0
300

342
29
174
1
175
1
176
0
178
1
 93
-1056964608
 45
4.0
292
0
297
0
 46
4.0
 94
-1056964608
 47
1.0
 49
1.0
140
1.0
294
1
141
0.0
177
0
142
1.0
295
0
296
0
143
3.75
271
0
272
9
273
9
  0
DICTIONARY
  5
2D
330
A
100
AcDbDictionary
280
1
281
1
  3
CREATED_BY_EZDXF
350
2E
  3
WRITTEN_BY_EZDXF
350
181
  0
DICTIONARYVAR
  5
2E
330
2D
100
DictionaryVariables
280
0
  1
1.4.4 @ 2026-10-01T06:48:49.750728+00:00
  0
VISUALSTYLE
  5
5A
102
{ACAD_REACTORS
330
16
102
}
330
16
100
AcDbVisualStyle
  2
2dWireframe
 70
4
 90
0
 40
0.6
 62
7
290
0
291
0
  0
VISUALSTYLE
  5
5B
102
{ACAD_REACTORS
330
16
102
}
330
16
100
AcDbVisualStyle
  2
Basic
 70
7
 90
1
 40
0.6
 62
7
290
0
291
1
  0
VISUALSTYLE
  5
5C
102
{ACAD_REACTORS
330
16
102
}
330
16
100
AcDbVisualStyle
  2
Brighten
 70
12
 90
2
 40
0.6
 62
7
290
0
291
1
  0
VISUALSTYLE
  5
5D
102
{ACAD_REACTORS
330
16
102
}
330
16
100
AcDbVisualStyle
  2
ColorChange
 70
16
 90
2
 40
0.6
 62
8
290
0
291
1
  0
VISUALSTYLE
  5
5E
102
{ACAD_REACTORS
330
16
102
}
330
16
100
AcDbVisualStyle
  2
Conceptual
 70
9
 90
3
 40
0.6
 62
7
290
0
291
0
  0
VISUALSTYLE
  5
5F
102
{ACAD_REACTORS
330
16
102
}
330
16
100
AcDbVisualStyle
  2
Dim
 70
11
 90
2
 40
0.6
 62
7
290
0
291
1
  0
VISUALSTYLE
  5
60
102
{ACAD_REACTORS
330
16
102
}
330
16
100
AcDbVisualStyle
  2
EdgeColorOff
 70
22
 90
2
 40
0.6
 62
7
290
0
291
1
  0
VISUALSTYLE
  5
61
102
{ACAD_REACTORS
330
16
102
}
330
16
100
AcDbVisualStyle
  2
Facepattern
 70
15
 90
2
 40
0.6
 62
7
290
0
291
1
  0
VISUALSTYLE
  5
62
102
{ACAD_REACTORS
330
16
102
}
330
16
100
AcDbVisualStyle
  2
Flat
 70
0
 90
2
 40
0.6
 62
7
290
0
291
1
  0
VISUALSTYLE
  5
63
102
{ACAD_REACTORS
330
16
102
}
330
16
100
AcDbVisualStyle
  2
FlatWithEdges
 70
1
 90
2
 40
0.6
 62
7
290
0
291
1
  0
VISUALSTYLE
  5
64
102
{ACAD_REACTORS
330
16
102
}
330
16
100
AcDbVisualStyle
  2
Gouraud
 70
2
 90
2
 40
0.6
 62
7
290
0
291
1
  0
VISUALSTYLE
  5
65
102
{ACAD_REACTORS
330
16
102
}
330
16
100
AcDbVisualStyle
  2
GouraudWithEdges
 70
3
 90
2
 40
0.6
 62
7
290
0
291
1
  0
VISUALSTYLE
  5
66
102
{ACAD_REACTORS
330
16
102
}
330
16
100
AcDbVisualStyle
  2
Hidden
 70
6
 90
1
 40
0.6
 62
7
290
0
291
0
  0
VISUALSTYLE
  5
67
102
{ACAD_REACTORS
330
16
102
}
330
16
100
AcDbVisualStyle
  2
JitterOff
 70
20
 90
2
 40
0.6
 62
7
290
0
291
1
  0
VISUALSTYLE
  5
68
102
{ACAD_REACTORS
330
16
102
}
330
16
100
AcDbVisualStyle
  2
Linepattern
 70
14
 90
2
 40
0.6
 62
7
290
0
291
1
  0
VISUALSTYLE
  5
69
102
{ACAD_REACTORS
330
16
102
}
330
16
100
AcDbVisualStyle
  2
Modeling
 70
10
 90
2
 40
0.6
 62
7
290
0
291
0
  0
VISUALSTYLE
  5
6A
102
{ACAD_REACTORS
330
16
102
}
330
16
100
AcDbVisualStyle
  2
OverhangOff
 70
21
 90
2
 40
0.6
 62
7
290
0
291
1
  0
VISUALSTYLE
  5
6B
102
{ACAD_REACTORS
330
16
102
}
330
16
100
AcDbVisualStyle
  2
Realistic
 70
8
 90
2
 40
0.6
 62
7
290
0
291
0
  0
VISUALSTYLE
  5
6C
102
{ACAD_REACTORS
330
16
102
}
330
16
100
AcDbVisualStyle
  2
Shaded
 70
27
 90
2
 40
0.6
 62
7
290
0
291
0
  0
VISUALSTYLE
  5
6D
102
{ACAD_REACTORS
330
16
102
}
330
16
100
AcDbVisualStyle
  2
Shaded with edges
 70
26
 90
2
 40
0.6
 62
7
290
0
291
0
  0
VISUALSTYLE
  5
6E
102
{ACAD_REACTORS
330
16
102
}
330
16
100
AcDbVisualStyle
  2
Shades of Gray
 70
23
 90
2
 40
0.6
 62
7
290
0
291
0
  0
VISUALSTYLE
  5
6F
102
{ACAD_REACTORS
330
16
102
}
330
16
100
AcDbVisualStyle
  2
Sketchy
 70
24
 90
1
 40
0.6
 62
7
290
0
291
0
  0
VISUALSTYLE
  5
70
102
{ACAD_REACTORS
330
16
102
}
330
16
100
AcDbVisualStyle
  2
Thicken
 70
13
 90
2
 40
0.6
 62
7
290
0
291
1
  0
VISUALSTYLE
  5
71
102
{ACAD_REACTORS
330
16
102
}
330
16
100
AcDbVisualStyle
  2
Wireframe
 70
5
 90
0
 40
0.6
 62
7
290
0
291
0
  0
VISUALSTYLE
  5
72
102
{ACAD_REACTORS
330
16
102
}
330
16
100
AcDbVisualStyle
  2
X-Ray
 70
25
 90
2
 40
0.5
 62
7
290
0
291
0
  0
DICTIONARYVAR
  5
181
330
2D
100
DictionaryVariables
280
0
  1
1.4.4 @ 2026-10-01T06:48:49.871404+00:00
  0
ENDSEC
  0
EOF
