  0
SECTION
  2
HEADER
  9
$ACADVER
  1
AC1024
  9
$ACADMAINTVER
 70
6
  9
$DWGCODEPAGE
  3
ANSI_1252
  9
$LASTSAVEDBY
  1
ezdxf
  9
$INSBASE
 10
0.0
 20
0.0
 30
0.0
  9
$EXTMIN
 10
1e+20
 20
1e+20
 30
1e+20
  9
$EXTMAX
 10
-1e+20
 20
-1e+20
 30
-1e+20
  9
$LIMMIN
 10
0.0
 20
0.0
  9
$LIMMAX
 10
420.0
 20
297.0
  9
$ORTHOMODE
 70
0
  9
$REGENMODE
 70
1
  9
$FILLMODE
 70
1
  9
$QTEXTMODE
 70
0
  9
$MIRRTEXT
 70
1
  9
$LTSCALE
 40
1.0
  9
$ATTMODE
 70
1
  9
$TEXTSIZE
 40
2.5
  9
$TRACEWID
 40
1.0
  9
$TEXTSTYLE
  7
OpenSans
  9
$CLAYER
  8
0
  9
$CELTYPE
  6
ByLayer
  9
$CECOLOR
 62
256
  9
$CELTSCALE
 40
1.0
  9
$DISPSILH
 70
0
  9
$DIMSCALE
 40
1.0
  9
$DIMASZ
 40
0.175
  9
$DIMEXO
 40
0.125
  9
$DIMDLI
 40
3.75
  9
$DIMRND
 40
0.0
  9
$DIMDLE
 40
0.0
  9
$DIMEXE
 40
0.375
  9
$DIMTP
 40
0.0
  9
$DIMTM
 40
0.0
  9
$DIMTXT
 40
0.25
  9
$DIMCEN
 40
2.5
  9
$DIMTSZ
 40
0.0
  9
$DIMTOL
 70
0
  9
$DIMLIM
 70
0
  9
$DIMTIH
 70
0
  9
$DIMTOH
 70
0
  9
$DIMSE1
 70
0
  9
$DIMSE2
 70
0
  9
$DIMTAD
 70
1
  9
$DIMZIN
 70
12
  9
$DIMBLK
  1
ARCHTICK
  9
$DIMASO
 70
1
  9
$DIMSHO
 70
1
  9
$DIMPOST
  1

  9
$DIMAPOST
  1

  9
$DIMALT
 70
0
  9
$DIMALTD
 70
3
  9
$DIMALTF
 40
0.03937007874
  9
$DIMLFAC
 40
100.0
  9
$DIMTOFL
 70
1
  9
$DIMTVP
 40
0.0
  9
$DIMTIX
 70
0
  9
$DIMSOXD
 70
0
  9
$DIMSAH
 70
0
  9
$DIMBLK1
  1

  9
$DIMBLK2
  1

  9
$DIMSTYLE
  2
EZDXF
  9
$DIMCLRD
 70
0
  9
$DIMCLRE
 70
0
  9
$DIMCLRT
 70
0
  9
$DIMTFAC
 40
0.5
  9
$DIMGAP
 40
0.1
  9
$DIMJUST
 70
0
  9
$DIMSD1
 70
0
  9
$DIMSD2
 70
0
  9
$DIMTOLJ
 70
0
  9
$DIMTZIN
 70
8
  9
$DIMALTZ
 70
0
  9
$DIMALTTZ
 70
0
  9
$DIMUPT
 70
1
  9
$DIMDEC
 70
2
  9
$DIMTDEC
 70
2
  9
$DIMALTU
 70
2
  9
$DIMALTTD
 70
3
  9
$DIMTXSTY
  7
OpenSansCondensed-Light
  9
$DIMAUNIT
 70
0
  9
$DIMADEC
 70
2
  9
$DIMALTRND
 40
0.0
  9
$DIMAZIN
 70
3
  9
$DIMDSEP
 70
46
  9
$DIMATFIT
 70
3
  9
$DIMFRAC
 70
0
  9
$DIMLDRBLK
  1

  9
$DIMLUNIT
 70
2
  9
$DIMLWD
 70
-2
  9
$DIMLWE
 70
-2
  9
$DIMTMOVE
 70
2
  9
$DIMFXL
 40
1.0
  9
$DIMFXLON
 70
0
  9
$DIMJOGANG
 40
0.785398163397
  9
$DIMTFILL
 70
0
  9
$DIMTFILLCLR
 70
0
  9
$DIMARCSYM
 70
0
  9
$DIMLTYPE
  6

  9
$DIMLTEX1
  6

  9
$DIMLTEX2
  6

  9
$DIMTXTDIRECTION
 70
0
  9
$LUNITS
 70
2
  9
$LUPREC
 70
4
  9
$SKETCHINC
 40
1.0
  9
$FILLETRAD
 40
10.0
  9
$AUNITS
 70
0
  9
$AUPREC
 70
2
  9
$MENU
  1
.
  9
$ELEVATION
 40
0.0
  9
$PELEVATION
 40
0.0
  9
$THICKNESS
 40
0.0
  9
$LIMCHECK
 70
0
  9
$CHAMFERA
 40
0.0
  9
$CHAMFERB
 40
0.0
  9
$CHAMFERC
 40
0.0
  9
$CHAMFERD
 40
0.0
  9
$SKPOLY
 70
0
  9
$TDCREATE
 40
2461314.8235185184
  9
$TDUCREATE
 40
2458532.153996898
  9
$TDUPDATE
 40
2461314.8235185184
  9
$TDUUPDATE
 40
2458532.1544311
  9
$TDINDWG
 40
0.0
  9
$TDUSRTIMER
 40
0.0
  9
$USRTIMER
 70
1
  9
$ANGBASE
 50
0.0
  9
$ANGDIR
 70
0
  9
$PDMODE
 70
0
  9
$PDSIZE
 40
0.0
  9
$PLINEWID
 40
0.0
  9
$SPLFRAME
 70
0
  9
$SPLINETYPE
 70
6
  9
$SPLINESEGS
 70
8
  9
$HANDSEED
  5
172
  9
$SURFTAB1
 70
6
  9
$SURFTAB2
 70
6
  9
$SURFTYPE
 70
6
  9
$SURFU
 70
6
  9
$SURFV
 70
6
  9
$UCSBASE
  2

  9
$UCSNAME
  2

  9
$UCSORG
 10
0.0
 20
0.0
 30
0.0
  9
$UCSXDIR
 10
1.0
 20
0.0
 30
0.0
  9
$UCSYDIR
 10
0.0
 20
1.0
 30
0.0
  9
$UCSORTHOREF
  2

  9
$UCSORTHOVIEW
 70
0
  9
$UCSORGTOP
 10
0.0
 20
0.0
 30
0.0
  9
$UCSORGBOTTOM
 10
0.0
 20
0.0
 30
0.0
  9
$UCSORGLEFT
 10
0.0
 20
0.0
 30
0.0
  9
$UCSORGRIGHT
 10
0.0
 20
0.0
 30
0.0
  9
$UCSORGFRONT
 10
0.0
 20
0.0
 30
0.0
  9
$UCSORGBACK
 10
0.0
 20
0.0
 30
0.0
  9
$PUCSBASE
  2

  9
$PUCSNAME
  2

  9
$PUCSORG
 10
0.0
 20
0.0
 30
0.0
  9
$PUCSXDIR
 10
1.0
 20
0.0
 30
0.0
  9
$PUCSYDIR
 10
0.0
 20
1.0
 30
0.0
  9
$PUCSORTHOREF
  2

  9
$PUCSORTHOVIEW
 70
0
  9
$PUCSORGTOP
 10
0.0
 20
0.0
 30
0.0
  9
$PUCSORGBOTTOM
 10
0.0
 20
0.0
 30
0.0
  9
$PUCSORGLEFT
 10
0.0
 20
0.0
 30
0.0
  9
$PUCSORGRIGHT
 10
0.0
 20
0.0
 30
0.0
  9
$PUCSORGFRONT
 10
0.0
 20
0.0
 30
0.0
  9
$PUCSORGBACK
 10
0.0
 20
0.0
 30
0.0
  9
$USERI1
 70
0
  9
$USERI2
 70
0
  9
$USERI3
 70
0
  9
$USERI4
 70
0
  9
$USERI5
 70
0
  9
$USERR1
 40
0.0
  9
$USERR2
 40
0.0
  9
$USERR3
 40
0.0
  9
$USERR4
 40
0.0
  9
$USERR5
 40
0.0
  9
$WORLDVIEW
 70
1
  9
$SHADEDGE
 70
3
  9
$SHADEDIF
 70
70
  9
$TILEMODE
 70
1
  9
$MAXACTVP
 70
64
  9
$PINSBASE
 10
0.0
 20
0.0
 30
0.0
  9
$PLIMCHECK
 70
0
  9
$PEXTMIN
 10
1e+20
 20
1e+20
 30
1e+20
  9
$PEXTMAX
 10
-1e+20
 20
-1e+20
 30
-1e+20
  9
$PLIMMIN
 10
0.0
 20
0.0
  9
$PLIMMAX
 10
420.0
 20
297.0
  9
$UNITMODE
 70
0
  9
$VISRETAIN
 70
1
  9
$PLINEGEN
 70
0
  9
$PSLTSCALE
 70
1
  9
$TREEDEPTH
 70
3020
  9
$CMLSTYLE
  2
Standard
  9
$CMLJUST
 70
0
  9
$CMLSCALE
 40
20.0
  9
$PROXYGRAPHICS
 70
1
  9
$MEASUREMENT
 70
1
  9
$CELWEIGHT
370
-1
  9
$ENDCAPS
280
0
  9
$JOINSTYLE
280
0
  9
$LWDISPLAY
290
0
  9
$INSUNITS
 70
4
  9
$HYPERLINKBASE
  1

  9
$STYLESHEET
  1

  9
$XEDIT
290
1
  9
$CEPSNTYPE
380
0
  9
$PSTYLEMODE
290
1
  9
$FINGERPRINTGUID
  2
{6210647C-9AF1-4DED-8CEB-D83942BCCB4A}
  9
$VERSIONGUID
  2
{48830E05-5970-4B17-B678-9929A930DDBB}
  9
$EXTNAMES
290
1
  9
$PSVPSCALE
 40
0.0
  9
$OLESTARTUP
290
0
  9
$SORTENTS
280
127
  9
$INDEXCTL
280
0
  9
$HIDETEXT
280
1
  9
$XCLIPFRAME
280
1
  9
$HALOGAP
280
0
  9
$OBSCOLOR
 70
257
  9
$OBSLTYPE
280
0
  9
$INTERSECTIONDISPLAY
280
0
  9
$INTERSECTIONCOLOR
 70
257
  9
$DIMASSOC
280
2
  9
$PROJECTNAME
  1

  9
$CAMERADISPLAY
290
0
  9
$LENSLENGTH
 40
50.0
  9
$CAMERAHEIGHT
 40
0.0
  9
$STEPSPERSEC
 40
24.0
  9
$STEPSIZE
 40
100.0
  9
$3DDWFPREC
 40
2.0
  9
$PSOLWIDTH
 40
0.005
  9
$PSOLHEIGHT
 40
0.08
  9
$LOFTANG1
 40
1.570796326795
  9
$LOFTANG2
 40
1.570796326795
  9
$LOFTMAG1
 40
0.0
  9
$LOFTMAG2
 40
0.0
  9
$LOFTPARAM
 70
7
  9
$LOFTNORMALS
280
1
  9
$LATITUDE
 40
37.795
  9
$LONGITUDE
 40
-122.394
  9
$NORTHDIRECTION
 40
0.0
  9
$TIMEZONE
 70
-8000
  9
$LIGHTGLYPHDISPLAY
280
1
  9
$TILEMODELIGHTSYNCH
280
1
  9
$CMATERIAL
347
20
  9
$SOLIDHIST
280
0
  9
$SHOWHIST
280
1
  9
$DWFFRAME
280
2
  9
$DGNFRAME
280
2
  9
$REALWORLDSCALE
290
1
  9
$INTERFERECOLOR
 62
256
  9
$CSHADOW
280
0
  9
$SHADOWPLANELOCATION
 40
0.0
  0
ENDSEC
  0
SECTION
  2
CLASSES
  0
CLASS
  1
ACDBDICTIONARYWDFLT
  2
AcDbDictionaryWithDefault
  3
ObjectDBX Classes
 90
0
 91
0
280
0
281
0
  0
CLASS
  1
SUN
  2
AcDbSun
  3
SCENEOE
 90
1153
 91
0
280
0
281
0
  0
CLASS
  1
VISUALSTYLE
  2
AcDbVisualStyle
  3
ObjectDBX Classes
 90
4095
 91
0
280
0
281
0
  0
CLASS
  1
MATERIAL
  2
AcDbMaterial
  3
ObjectDBX Classes
 90
1153
 91
0
280
0
281
0
  0
CLASS
  1
SCALE
  2
AcDbScale
  3
ObjectDBX Classes
 90
1153
 91
0
280
0
281
0
  0
CLASS
  1
TABLESTYLE
  2
AcDbTableStyle
  3
ObjectDBX Classes
 90
4095
 91
0
280
0
281
0
  0
CLASS
  1
MLEADERSTYLE
  2
AcDbMLeaderStyle
  3
ACDB_MLEADERSTYLE_CLASS
 90
4095
 91
0
280
0
281
0
  0
CLASS
  1
DICTIONARYVAR
  2
AcDbDictionaryVar
  3
ObjectDBX Classes
 90
0
 91
0
280
0
281
0
  0
CLASS
  1
CELLSTYLEMAP
  2
AcDbCellStyleMap
  3
ObjectDBX Classes
 90
1152
 91
0
280
0
281
0
  0
CLASS
  1
MENTALRAYRENDERSETTINGS
  2
AcDbMentalRayRenderSettings
  3
SCENEOE
 90
1024
 91
0
280
0
281
0
  0
CLASS
  1
ACDBDETAILVIEWSTYLE
  2
AcDbDetailViewStyle
  3
ObjectDBX Classes
 90
1025
 91
0
280
0
281
0
  0
CLASS
  1
ACDBSECTIONVIEWSTYLE
  2
AcDbSectionViewStyle
  3
ObjectDBX Classes
 90
1025
 91
0
280
0
281
0
  0
CLASS
  1
RASTERVARIABLES
  2
AcDbRasterVariables
  3
ISM
 90
0
 91
0
280
0
281
0
  0
CLASS
  1
ACDBPLACEHOLDER
  2
AcDbPlaceHolder
  3
ObjectDBX Classes
 90
0
 91
0
280
0
281
0
  0
CLASS
  1
LAYOUT
  2
AcDbLayout
  3
ObjectDBX Classes
 90
0
 91
0
280
0
281
0
  0
ENDSEC
  0
SECTION
  2
TABLES
  0
TABLE
  2
VPORT
  5
8
330
0
100
AcDbSymbolTable
 70
1
  0
VPORT
  5
23
330
8
100
AcDbSymbolTableRecord
100
AcDbViewportTableRecord
  2
*Active
 70
0
 10
0.0
 20
0.0
 11
1.0
 21
1.0
 12
0.0
 22
0.0
 13
0.0
 23
0.0
 14
0.5
 24
0.5
 15
0.5
 25
0.5
 16
0.0
 26
0.0
 36
1.0
 17
0.0
 27
0.0
 37
0.0
 40
1000.0
 41
1.34
 42
50.0
 43
0.0
 44
0.0
 50
0.0
 51
0.0
 71
0
 72
1000
 73
1
 74
3
 75
0
 76
0
 77
0
 78
0
281
0
 65
0
146
0.0
  0
ENDTAB
  0
TABLE
  2
LTYPE
  5
2
330
0
100
AcDbSymbolTable
 70
21
  0
LTYPE
  5
24
330
2
100
AcDbSymbolTableRecord
100
AcDbLinetypeTableRecord
  2
ByBlock
 70
0
  3

 72
65
 73
0
 40
0.0
  0
LTYPE
  5
25
330
2
100
AcDbSymbolTableRecord
100
AcDbLinetypeTableRecord
  2
ByLayer
 70
0
  3

 72
65
 73
0
 40
0.0
  0
LTYPE
  5
26
330
2
100
AcDbSymbolTableRecord
100
AcDbLinetypeTableRecord
  2
Continuous
 70
0
  3

 72
65
 73
0
 40
0.0
  0
LTYPE
  5
2F
330
2
100
AcDbSymbolTableRecord
100
AcDbLinetypeTableRecord
  2
CENTER
 70
0
  3
Center ____ _ ____ _ ____ _ ____ _ ____ _ ____
 72
65
 73
4
 40
5.08
 49
3.175
 74
0
 49
-0.635
 74
0
 49
0.635
 74
0
 49
-0.635
 74
0
  0
LTYPE
  5
30
330
2
100
AcDbSymbolTableRecord
100
AcDbLinetypeTableRecord
  2
CENTERX2
 70
0
  3
Center (2x) ________  __  ________  __  ________
 72
65
 73
4
 40
8.89
 49
6.35
 74
0
 49
-0.635
 74
0
 49
1.27
 74
0
 49
-0.635
 74
0
  0
LTYPE
  5
31
330
2
100
AcDbSymbolTableRecord
100
AcDbLinetypeTableRecord
  2
CENTER2
 70
0
  3
Center (.5x) ____ _ ____ _ ____ _ ____ _ ____
 72
65
 73
4
 40
2.54
 49
1.587
 74
0
 49
-0.318
 74
0
 49
0.318
 74
0
 49
-0.318
 74
0
  0
LTYPE
  5
32
330
2
100
AcDbSymbolTableRecord
100
AcDbLinetypeTableRecord
  2
DASHED
 70
0
  3
Dashed __ __ __ __ __ __ __ __ __ __ __ __ __ _
 72
65
 73
2
 40
1.524
 49
1.27
 74
0
 49
-0.254
 74
0
  0
LTYPE
  5
33
330
2
100
AcDbSymbolTableRecord
100
AcDbLinetypeTableRecord
  2
DASHEDX2
 70
0
  3
Dashed (2x) ____  ____  ____  ____  ____  ____
 72
65
 73
2
 40
3.048
 49
2.54
 74
0
 49
-0.508
 74
0
  0
LTYPE
  5
34
330
2
100
AcDbSymbolTableRecord
100
AcDbLinetypeTableRecord
  2
DASHED2
 70
0
  3
Dashed (.5x) _ _ _ _ _ _ _ _ _ _ _ _ _ _
 72
65
 73
2
 40
0.762
 49
0.635
 74
0
 49
-0.127
 74
0
  0
LTYPE
  5
35
330
2
100
AcDbSymbolTableRecord
100
AcDbLinetypeTableRecord
  2
PHANTOM
 70
0
  3
Phantom ______  __  __  ______  __  __  ______
 72
65
 73
6
 40
6.35
 49
3.175
 74
0
 49
-0.635
 74
0
 49
0.635
 74
0
 49
-0.635
 74
0
 49
0.635
 74
0
 49
-0.635
 74
0
  0
LTYPE
  5
36
330
2
100
AcDbSymbolTableRecord
100
AcDbLinetypeTableRecord
  2
PHANTOMX2
 70
0
  3
Phantom (2x)____________    ____    ____    ____________
 72
65
 73
6
 40
10.795
 49
6.35
 74
0
 49
-0.635
 74
0
 49
1.27
 74
0
 49
-0.635
 74
0
 49
1.27
 74
0
 49
-0.635
 74
0
  0
LTYPE
  5
37
330
2
100
AcDbSymbolTableRecord
100
AcDbLinetypeTableRecord
  2
PHANTOM2
 70
0
  3
Phantom (.5x) ___ _ _ ___ _ _ ___ _ _ ___ _ _ ___
 72
65
 73
6
 40
3.175
 49
1.587
 74
0
 49
-0.318
 74
0
 49
0.318
 74
0
 49
-0.318
 74
0
 49
0.318
 74
0
 49
-0.318
 74
0
  0
LTYPE
  5
38
330
2
100
AcDbSymbolTableRecord
100
AcDbLinetypeTableRecord
  2
DASHDOT
 70
0
  3
Dash dot __ . __ . __ . __ . __ . __ . __ . __
 72
65
 73
4
 40
3.556
 49
2.54
 74
0
 49
-0.508
 74
0
 49
0.0
 74
0
 49
-0.508
 74
0
  0
LTYPE
  5
39
330
2
100
AcDbSymbolTableRecord
100
AcDbLinetypeTableRecord
  2
DASHDOTX2
 70
0
  3
Dash dot (2x) ____  .  ____  .  ____  .  ____
 72
65
 73
4
 40
6.096
 49
5.08
 74
0
 49
-0.508
 74
0
 49
0.0
 74
0
 49
-0.508
 74
0
  0
LTYPE
  5
3A
330
2
100
AcDbSymbolTableRecord
100
AcDbLinetypeTableRecord
  2
DASHDOT2
 70
0
  3
Dash dot (.5x) _ . _ . _ . _ . _ . _ . _ . _
 72
65
 73
4
 40
1.778
 49
1.27
 74
0
 49
-0.254
 74
0
 49
0.0
 74
0
 49
-0.254
 74
0
  0
LTYPE
  5
3B
330
2
100
AcDbSymbolTableRecord
100
AcDbLinetypeTableRecord
  2
DOT
 70
0
  3
Dot .  .  .  .  .  .  .  .  .  .  .  .  .  .  .  .
 72
65
 73
2
 40
0.508
 49
0.0
 74
0
 49
-0.508
 74
0
  0
LTYPE
  5
3C
330
2
100
AcDbSymbolTableRecord
100
AcDbLinetypeTableRecord
  2
DOTX2
 70
0
  3
Dot (2x) .    .    .    .    .    .    .    . 
 72
65
 73
2
 40
1.016
 49
0.0
 74
0
 49
-1.016
 74
0
  0
LTYPE
  5
3D
330
2
100
AcDbSymbolTableRecord
100
AcDbLinetypeTableRecord
  2
DOT2
 70
0
  3
Dot (.5) . . . . . . . . . . . . . . . . . . . 
 72
65
 73
2
 40
0.254
 49
0.0
 74
0
 49
-0.254
 74
0
  0
LTYPE
  5
3E
330
2
100
AcDbSymbolTableRecord
100
AcDbLinetypeTableRecord
  2
DIVIDE
 70
0
  3
Divide __ . . __ . . __ . . __ . . __ . . __
 72
65
 73
6
 40
4.064
 49
2.54
 74
0
 49
-0.508
 74
0
 49
0.0
 74
0
 49
-0.508
 74
0
 49
0.0
 74
0
 49
-0.508
 74
0
  0
LTYPE
  5
3F
330
2
100
AcDbSymbolTableRecord
100
AcDbLinetypeTableRecord
  2
DIVIDEX2
 70
0
  3
Divide (2x) ____  . .  ____  . .  ____  . .  ____
 72
65
 73
6
 40
6.604
 49
5.08
 74
0
 49
-0.508
 74
0
 49
0.0
 74
0
 49
-0.508
 74
0
 49
0.0
 74
0
 49
-0.508
 74
0
  0
LTYPE
  5
40
330
2
100
AcDbSymbolTableRecord
100
AcDbLinetypeTableRecord
  2
DIVIDE2
 70
0
  3
Divide(.5x) _ . _ . _ . _ . _ . _ . _ . _
 72
65
 73
6
 40
2.032
 49
1.27
 74
0
 49
-0.254
 74
0
 49
0.0
 74
0
 49
-0.254
 74
0
 49
0.0
 74
0
 49
-0.254
 74
0
  0
ENDTAB
  0
TABLE
  2
LAYER
  5
1
330
0
100
AcDbSymbolTable
 70
11
  0
LAYER
  5
27
330
1
100
AcDbSymbolTableRecord
100
AcDbLayerTableRecord
  2
0
 70
0
 62
7
  6
Continuous
370
-3
390
13
347
21
  0
LAYER
  5
28
330
1
100
AcDbSymbolTableRecord
100
AcDbLayerTableRecord
  2
Defpoints
 70
0
 62
7
  6
Continuous
290
0
370
-3
390
13
347
21
  0
LAYER
  5
8A
330
1
100
AcDbSymbolTableRecord
100
AcDbLayerTableRecord
  2
CUT_OUTSIDE
 70
0
 62
1
  6
Continuous
370
-3
390
13
347
21
1001
AcAecLayerStandard
1000

1000
Profile cut, OUTSIDE the line, through 18 mm (add tabs)
  0
LAYER
  5
8C
330
1
100
AcDbSymbolTableRecord
100
AcDbLayerTableRecord
  2
CUT_INSIDE
 70
0
 62
5
  6
Continuous
370
-3
390
13
347
21
1001
AcAecLayerStandard
1000

1000
Profile cut, INSIDE the line, through 18 mm (windows, holes, slots, letters)
  0
LAYER
  5
8D
330
1
100
AcDbSymbolTableRecord
100
AcDbLayerTableRecord
  2
CUT_DOOR
 70
0
 62
6
  6
Continuous
370
-3
390
13
347
21
1001
AcAecLayerStandard
1000

1000
Door openings: cut ON the line, through — the loose piece becomes the door
  0
LAYER
  5
8E
330
1
100
AcDbSymbolTableRecord
100
AcDbLayerTableRecord
  2
DRILL_7
 70
0
 62
3
  6
Continuous
370
-3
390
13
347
21
1001
AcAecLayerStandard
1000

1000
Drill 7 mm through (confirmat screw shank holes)
  0
LAYER
  5
8F
330
1
100
AcDbSymbolTableRecord
100
AcDbLayerTableRecord
  2
DRILL_10
 70
0
 62
4
  6
Continuous
370
-3
390
13
347
21
1001
AcAecLayerStandard
1000

1000
Drill 10 mm through (M8 T-nuts / bolts / levelling feet)
  0
LAYER
  5
90
330
1
100
AcDbSymbolTableRecord
100
AcDbLayerTableRecord
  2
POCKET_8
 70
0
 62
30
  6
Continuous
370
-3
390
13
347
21
1001
AcAecLayerStandard
1000

1000
Pocket 8 mm deep (LED strip channels)
  0
LAYER
  5
91
330
1
100
AcDbSymbolTableRecord
100
AcDbLayerTableRecord
  2
ENGRAVE_V
 70
0
 62
2
  6
Continuous
370
-3
390
13
347
21
1001
AcAecLayerStandard
1000

1000
V-bit engrave 3 mm deep, 60/90 deg (decoration, text)
  0
LAYER
  5
92
330
1
100
AcDbSymbolTableRecord
100
AcDbLayerTableRecord
  2
SHEET
 70
0
 62
8
  6
Continuous
370
-3
390
13
347
21
1001
AcAecLayerStandard
1000

1000
Sheet outline 1220 x 2440 — do not cut
  0
LAYER
  5
93
330
1
100
AcDbSymbolTableRecord
100
AcDbLayerTableRecord
  2
LABELS
 70
0
 62
7
  6
Continuous
370
-3
390
13
347
21
1001
AcAecLayerStandard
1000

1000
Part names — do not cut
  0
ENDTAB
  0
TABLE
  2
STYLE
  5
5
330
0
100
AcDbSymbolTable
 70
26
  0
STYLE
  5
29
330
5
100
AcDbSymbolTableRecord
100
AcDbTextStyleTableRecord
  2
Standard
 70
0
 40
0.0
 41
1.0
 50
0.0
 71
0
 42
2.5
  3
txt
  4

  0
STYLE
  5
41
330
5
100
AcDbSymbolTableRecord
100
AcDbTextStyleTableRecord
  2
OpenSans-Light
 70
0
 40
0.0
 41
1.0
 50
0.0
 71
0
 42
2.5
  3
OpenSans-Light.ttf
  4

  0
STYLE
  5
42
330
5
100
AcDbSymbolTableRecord
100
AcDbTextStyleTableRecord
  2
OpenSans-Light-Italic
 70
0
 40
0.0
 41
1.0
 50
0.0
 71
0
 42
2.5
  3
OpenSans-LightItalic.ttf
  4

  0
STYLE
  5
43
330
5
100
AcDbSymbolTableRecord
100
AcDbTextStyleTableRecord
  2
OpenSans
 70
0
 40
0.0
 41
1.0
 50
0.0
 71
0
 42
2.5
  3
OpenSans-Regular.ttf
  4

  0
STYLE
  5
44
330
5
100
AcDbSymbolTableRecord
100
AcDbTextStyleTableRecord
  2
OpenSans-Italic
 70
0
 40
0.0
 41
1.0
 50
0.0
 71
0
 42
2.5
  3
OpenSans-Italic.ttf
  4

  0
STYLE
  5
45
330
5
100
AcDbSymbolTableRecord
100
AcDbTextStyleTableRecord
  2
OpenSans-SemiBold
 70
0
 40
0.0
 41
1.0
 50
0.0
 71
0
 42
2.5
  3
OpenSans-SemiBold.ttf
  4

  0
STYLE
  5
46
330
5
100
AcDbSymbolTableRecord
100
AcDbTextStyleTableRecord
  2
OpenSans-SemiBoldItalic
 70
0
 40
0.0
 41
1.0
 50
0.0
 71
0
 42
2.5
  3
OpenSans-SemiBoldItalic.ttf
  4

  0
STYLE
  5
47
330
5
100
AcDbSymbolTableRecord
100
AcDbTextStyleTableRecord
  2
OpenSans-Bold
 70
0
 40
0.0
 41
1.0
 50
0.0
 71
0
 42
2.5
  3
OpenSans-Bold.ttf
  4

  0
STYLE
  5
48
330
5
100
AcDbSymbolTableRecord
100
AcDbTextStyleTableRecord
  2
OpenSans-BoldItalic
 70
0
 40
0.0
 41
1.0
 50
0.0
 71
0
 42
2.5
  3
OpenSans-BoldItalic.ttf
  4

  0
STYLE
  5
49
330
5
100
AcDbSymbolTableRecord
100
AcDbTextStyleTableRecord
  2
OpenSans-ExtraBold
 70
0
 40
0.0
 41
1.0
 50
0.0
 71
0
 42
2.5
  3
OpenSans-ExtraBold.ttf
  4

  0
STYLE
  5
4A
330
5
100
AcDbSymbolTableRecord
100
AcDbTextStyleTableRecord
  2
OpenSans-ExtraBoldItalic
 70
0
 40
0.0
 41
1.0
 50
0.0
 71
0
 42
2.5
  3
OpenSans-ExtraBoldItalic.ttf
  4

  0
STYLE
  5
4B
330
5
100
AcDbSymbolTableRecord
100
AcDbTextStyleTableRecord
  2
OpenSansCondensed-Bold
 70
0
 40
0.0
 41
1.0
 50
0.0
 71
0
 42
2.5
  3
OpenSansCondensed-Bold.ttf
  4

  0
STYLE
  5
4C
330
5
100
AcDbSymbolTableRecord
100
AcDbTextStyleTableRecord
  2
OpenSansCondensed-Light
 70
0
 40
0.0
 41
1.0
 50
0.0
 71
0
 42
2.5
  3
OpenSansCondensed-Light.ttf
  4

  0
STYLE
  5
4D
330
5
100
AcDbSymbolTableRecord
100
AcDbTextStyleTableRecord
  2
OpenSansCondensed-Italic
 70
0
 40
0.0
 41
1.0
 50
0.0
 71
0
 42
2.5
  3
OpenSansCondensed-LightItalic.ttf
  4

  0
STYLE
  5
4E
330
5
100
AcDbSymbolTableRecord
100
AcDbTextStyleTableRecord
  2
LiberationSans
 70
0
 40
0.0
 41
1.0
 50
0.0
 71
0
 42
2.5
  3
LiberationSans-Regular.ttf
  4

  0
STYLE
  5
4F
330
5
100
AcDbSymbolTableRecord
100
AcDbTextStyleTableRecord
  2
LiberationSans-Bold
 70
0
 40
0.0
 41
1.0
 50
0.0
 71
0
 42
2.5
  3
LiberationSans-Bold.ttf
  4

  0
STYLE
  5
50
330
5
100
AcDbSymbolTableRecord
100
AcDbTextStyleTableRecord
  2
LiberationSans-BoldItalic
 70
0
 40
0.0
 41
1.0
 50
0.0
 71
0
 42
2.5
  3
LiberationSans-BoldItalic.ttf
  4

  0
STYLE
  5
51
330
5
100
AcDbSymbolTableRecord
100
AcDbTextStyleTableRecord
  2
LiberationSans-Italic
 70
0
 40
0.0
 41
1.0
 50
0.0
 71
0
 42
2.5
  3
LiberationSans-Italic.ttf
  4

  0
STYLE
  5
52
330
5
100
AcDbSymbolTableRecord
100
AcDbTextStyleTableRecord
  2
LiberationSerif
 70
0
 40
0.0
 41
1.0
 50
0.0
 71
0
 42
2.5
  3
LiberationSerif-Regular.ttf
  4

  0
STYLE
  5
53
330
5
100
AcDbSymbolTableRecord
100
AcDbTextStyleTableRecord
  2
LiberationSerif-Bold
 70
0
 40
0.0
 41
1.0
 50
0.0
 71
0
 42
2.5
  3
LiberationSerif-Bold.ttf
  4

  0
STYLE
  5
54
330
5
100
AcDbSymbolTableRecord
100
AcDbTextStyleTableRecord
  2
LiberationSerif-BoldItalic
 70
0
 40
0.0
 41
1.0
 50
0.0
 71
0
 42
2.5
  3
LiberationSerif-BoldItalic.ttf
  4

  0
STYLE
  5
55
330
5
100
AcDbSymbolTableRecord
100
AcDbTextStyleTableRecord
  2
LiberationSerif-Italic
 70
0
 40
0.0
 41
1.0
 50
0.0
 71
0
 42
2.5
  3
LiberationSerif-Italic.ttf
  4

  0
STYLE
  5
56
330
5
100
AcDbSymbolTableRecord
100
AcDbTextStyleTableRecord
  2
LiberationMono
 70
0
 40
0.0
 41
1.0
 50
0.0
 71
0
 42
2.5
  3
LiberationMono-Regular.ttf
  4

  0
STYLE
  5
57
330
5
100
AcDbSymbolTableRecord
100
AcDbTextStyleTableRecord
  2
LiberationMono-Bold
 70
0
 40
0.0
 41
1.0
 50
0.0
 71
0
 42
2.5
  3
LiberationMono-Bold.ttf
  4

  0
STYLE
  5
58
330
5
100
AcDbSymbolTableRecord
100
AcDbTextStyleTableRecord
  2
LiberationMono-BoldItalic
 70
0
 40
0.0
 41
1.0
 50
0.0
 71
0
 42
2.5
  3
LiberationMono-BoldItalic.ttf
  4

  0
STYLE
  5
59
330
5
100
AcDbSymbolTableRecord
100
AcDbTextStyleTableRecord
  2
LiberationMono-Italic
 70
0
 40
0.0
 41
1.0
 50
0.0
 71
0
 42
2.5
  3
LiberationMono-Italic.ttf
  4

  0
ENDTAB
  0
TABLE
  2
VIEW
  5
7
330
0
100
AcDbSymbolTable
 70
0
  0
ENDTAB
  0
TABLE
  2
UCS
  5
6
330
0
100
AcDbSymbolTable
 70
0
  0
ENDTAB
  0
TABLE
  2
APPID
  5
3
330
0
100
AcDbSymbolTable
 70
4
  0
APPID
  5
2A
330
3
100
AcDbSymbolTableRecord
100
AcDbRegAppTableRecord
  2
ACAD
 70
0
  0
APPID
  5
8B
330
3
100
AcDbSymbolTableRecord
100
AcDbRegAppTableRecord
  2
AcAecLayerStandard
 70
0
  0
APPID
  5
16F
330
3
100
AcDbSymbolTableRecord
100
AcDbRegAppTableRecord
  2
HATCHBACKGROUNDCOLOR
 70
0
  0
APPID
  5
170
330
3
100
AcDbSymbolTableRecord
100
AcDbRegAppTableRecord
  2
EZDXF
 70
0
  0
ENDTAB
  0
TABLE
  2
DIMSTYLE
  5
4
330
0
100
AcDbSymbolTable
 70
12
100
AcDbDimStyleTable
  0
DIMSTYLE
105
2B
330
4
100
AcDbSymbolTableRecord
100
AcDbDimStyleTableRecord
  2
Standard
 70
0
 40
1.0
 41
2.5
 42
0.625
 43
3.75
 44
1.25
 45
0.0
 46
0.0
 47
0.0
 48
0.0
 49
2.5
140
2.5
141
2.5
142
0.0
143
0.03937007874
144
1.0
145
0.0
146
1.0
147
0.625
148
0.0
 69
0
 70
0
 71
0
 72
0
 73
0
 74
0
 75
0
 76
0
 77
1
 78
8
 79
3
170
0
171
3
172
1
173
0
174
0
175
0
176
0
177
0
178
0
179
2
271
2
272
2
273
2
274
3
275
0
276
0
277
2
278
44
279
0
280
0
281
0
282
0
283
0
284
8
285
0
286
0
288
0
289
3
290
0
371
-2
372
-2
  0
DIMSTYLE
105
73
330
4
100
AcDbSymbolTableRecord
100
AcDbDimStyleTableRecord
  2
EZDXF
 70
0
 40
1.0
 41
0.175
 42
0.125
 43
3.75
 44
0.375
 45
0.0
 46
0.0
 47
0.0
 48
0.0
 49
2.5
140
0.25
141
2.5
142
0.0
143
0.03937007874
144
100.0
145
0.0
146
0.5
147
0.1
148
0.0
 69
0
 70
0
 71
0
 72
0
 73
0
 74
0
 75
0
 76
0
 77
1
 78
12
 79
3
170
0
171
3
172
1
173
0
174
0
175
0
176
0
177
0
178
0
179
2
271
2
272
2
273
2
274
3
275
0
276
0
277
2
278
46
279
2
280
0
281
0
282
0
283
0
284
8
285
0
286
0
288
1
289
3
290
0
340
4C
342
74
371
-2
372
-2
  0
DIMSTYLE
105
7C
330
4
100
AcDbSymbolTableRecord
100
AcDbDimStyleTableRecord
  2
EZ_M_100_H25_CM
 70
0
 40
1.0
 41
0.25
 42
0.125
 43
3.75
 44
0.375
 45
0.0
 46
0.0
 47
0.0
 48
0.0
 49
2.5
140
0.25
141
2.5
142
0.125
143
0.03937007874
144
100.0
145
0.0
146
0.5
147
0.1
148
0.0
 69
0
 70
0
 71
0
 72
0
 73
0
 74
0
 75
0
 76
0
 77
1
 78
12
 79
3
170
0
171
3
172
1
173
0
174
0
175
0
176
0
177
0
178
0
179
2
271
2
272
2
273
2
274
3
275
0
276
0
277
2
278
46
279
2
280
0
281
0
282
0
283
0
284
8
285
0
286
0
288
1
289
3
290
0
340
4C
371
-2
372
-2
  0
DIMSTYLE
105
7D
330
4
100
AcDbSymbolTableRecord
100
AcDbDimStyleTableRecord
  2
EZ_M_50_H25_CM
 70
0
 40
1.0
 41
0.125
 42
0.0625
 43
3.75
 44
0.1875
 45
0.0
 46
0.0
 47
0.0
 48
0.0
 49
2.5
140
0.125
141
2.5
142
0.0625
143
0.03937007874
144
100.0
145
0.0
146
0.5
147
0.05
148
0.0
 69
0
 70
0
 71
0
 72
0
 73
0
 74
0
 75
0
 76
0
 77
1
 78
12
 79
3
170
0
171
3
172
1
173
0
174
0
175
0
176
0
177
0
178
0
179
2
271
2
272
2
273
2
274
3
275
0
276
0
277
2
278
46
279
2
280
0
281
0
282
0
283
0
284
8
285
0
286
0
288
1
289
3
290
0
340
4C
371
-2
372
-2
  0
DIMSTYLE
105
7E
330
4
100
AcDbSymbolTableRecord
100
AcDbDimStyleTableRecord
  2
EZ_M_25_H25_CM
 70
0
 40
1.0
 41
0.0625
 42
0.03125
 43
3.75
 44
0.09375
 45
0.0
 46
0.0
 47
0.0
 48
0.0
 49
2.5
140
0.0625
141
2.5
142
0.03125
143
0.03937007874
144
100.0
145
0.0
146
0.5
147
0.025
148
0.0
 69
0
 70
0
 71
0
 72
0
 73
0
 74
0
 75
0
 76
0
 77
1
 78
12
 79
3
170
0
171
3
172
1
173
0
174
0
175
0
176
0
177
0
178
0
179
2
271
2
272
2
273
2
274
3
275
0
276
0
277
2
278
46
279
2
280
0
281
0
282
0
283
0
284
8
285
0
286
0
288
1
289
3
290
0
340
4C
371
-2
372
-2
  0
DIMSTYLE
105
7F
330
4
100
AcDbSymbolTableRecord
100
AcDbDimStyleTableRecord
  2
EZ_M_20_H25_CM
 70
0
 40
1.0
 41
0.05
 42
0.025
 43
3.75
 44
0.07500000000000001
 45
0.0
 46
0.0
 47
0.0
 48
0.0
 49
2.5
140
0.05
141
2.5
142
0.025
143
0.03937007874
144
100.0
145
0.0
146
0.5
147
0.020000000000000004
148
0.0
 69
0
 70
0
 71
0
 72
0
 73
0
 74
0
 75
0
 76
0
 77
1
 78
12
 79
3
170
0
171
3
172
1
173
0
174
0
175
0
176
0
177
0
178
0
179
2
271
2
272
2
273
2
274
3
275
0
276
0
277
2
278
46
279
2
280
0
281
0
282
0
283
0
284
8
285
0
286
0
288
1
289
3
290
0
340
4C
371
-2
372
-2
  0
DIMSTYLE
105
80
330
4
100
AcDbSymbolTableRecord
100
AcDbDimStyleTableRecord
  2
EZ_M_10_H25_CM
 70
0
 40
1.0
 41
0.025
 42
0.0125
 43
3.75
 44
0.037500000000000006
 45
0.0
 46
0.0
 47
0.0
 48
0.0
 49
2.5
140
0.025
141
2.5
142
0.0125
143
0.03937007874
144
100.0
145
0.0
146
0.5
147
0.010000000000000002
148
0.0
 69
0
 70
0
 71
0
 72
0
 73
0
 74
0
 75
0
 76
0
 77
1
 78
12
 79
3
170
0
171
3
172
1
173
0
174
0
175
0
176
0
177
0
178
0
179
2
271
2
272
2
273
2
274
3
275
0
276
0
277
2
278
46
279
2
280
0
281
0
282
0
283
0
284
8
285
0
286
0
288
1
289
3
290
0
340
4C
371
-2
372
-2
  0
DIMSTYLE
105
81
330
4
100
AcDbSymbolTableRecord
100
AcDbDimStyleTableRecord
  2
EZ_M_5_H25_CM
 70
0
 40
1.0
 41
0.0125
 42
0.00625
 43
3.75
 44
0.018750000000000003
 45
0.0
 46
0.0
 47
0.0
 48
0.0
 49
2.5
140
0.0125
141
2.5
142
0.00625
143
0.03937007874
144
100.0
145
0.0
146
0.5
147
0.005000000000000001
148
0.0
 69
0
 70
0
 71
0
 72
0
 73
0
 74
0
 75
0
 76
0
 77
1
 78
12
 79
3
170
0
171
3
172
1
173
0
174
0
175
0
176
0
177
0
178
0
179
2
271
2
272
2
273
2
274
3
275
0
276
0
277
2
278
46
279
2
280
0
281
0
282
0
283
0
284
8
285
0
286
0
288
1
289
3
290
0
340
4C
371
-2
372
-2
  0
DIMSTYLE
105
82
330
4
100
AcDbSymbolTableRecord
100
AcDbDimStyleTableRecord
  2
EZ_M_1_H25_CM
 70
0
 40
1.0
 41
0.0025
 42
0.00125
 43
3.75
 44
0.00375
 45
0.0
 46
0.0
 47
0.0
 48
0.0
 49
2.5
140
0.0025
141
2.5
142
0.00125
143
0.03937007874
144
100.0
145
0.0
146
0.5
147
0.001
148
0.0
 69
0
 70
0
 71
0
 72
0
 73
0
 74
0
 75
0
 76
0
 77
1
 78
12
 79
3
170
0
171
3
172
1
173
0
174
0
175
0
176
0
177
0
178
0
179
2
271
2
272
2
273
2
274
3
275
0
276
0
277
2
278
46
279
2
280
0
281
0
282
0
283
0
284
8
285
0
286
0
288
1
289
3
290
0
340
4C
371
-2
372
-2
  0
DIMSTYLE
105
83
330
4
100
AcDbSymbolTableRecord
100
AcDbDimStyleTableRecord
  2
EZ_RADIUS
 70
0
 40
1.0
 41
0.25
 42
0.125
 43
3.75
 44
0.375
 45
0.0
 46
0.0
 47
0.0
 48
0.0
 49
2.5
140
0.25
141
0.0
142
0.0
143
0.03937007874
144
100.0
145
0.0
146
0.5
147
0.1
148
0.0
 69
0
 70
0
 71
0
 72
0
 73
0
 74
0
 75
0
 76
0
 77
1
 78
12
 79
3
170
0
171
3
172
0
173
0
174
0
175
0
176
0
177
0
178
0
179
2
271
2
272
2
273
2
274
3
275
0
276
0
277
2
278
46
279
1
280
0
281
0
282
0
283
0
284
8
285
0
286
0
288
1
289
3
290
0
340
4C
342
84
371
-2
372
-2
  0
DIMSTYLE
105
88
330
4
100
AcDbSymbolTableRecord
100
AcDbDimStyleTableRecord
  2
EZ_RADIUS_INSIDE
 70
0
 40
1.0
 41
0.25
 42
0.125
 43
3.75
 44
0.375
 45
0.0
 46
0.0
 47
0.0
 48
0.0
 49
2.5
140
0.25
141
0.0
142
0.0
143
0.03937007874
144
100.0
145
0.0
146
0.5
147
0.1
148
0.0
 69
0
 70
0
 71
0
 72
0
 73
0
 74
0
 75
0
 76
0
 77
0
 78
12
 79
3
170
0
171
3
172
0
173
0
174
1
175
0
176
0
177
0
178
0
179
2
271
2
272
2
273
2
274
3
275
0
276
0
277
2
278
46
279
0
280
0
281
0
282
0
283
0
284
8
285
0
286
0
288
1
289
0
290
0
340
4C
342
84
371
-2
372
-2
  0
DIMSTYLE
105
89
330
4
100
AcDbSymbolTableRecord
100
AcDbDimStyleTableRecord
  2
EZ_CURVED
 70
0
 40
1.0
 41
0.25
 42
0.125
 43
3.75
 44
0.375
 45
0.0
 46
0.0
 47
0.0
 48
0.0
 49
2.5
140
0.25
141
2.5
142
0.0
143
0.03937007874
144
100.0
145
0.0
146
0.5
147
0.1
148
0.0
 69
0
 70
0
 71
0
 72
0
 73
0
 74
0
 75
0
 76
0
 77
1
 78
12
 79
2
 90
2
170
0
171
3
172
1
173
0
174
0
175
0
176
0
177
0
178
0
179
2
271
2
272
2
273
2
274
3
275
0
276
0
277
2
278
46
279
2
280
0
281
0
282
0
283
0
284
8
285
0
286
0
288
1
289
3
290
0
340
4C
371
-2
372
-2
  0
ENDTAB
  0
TABLE
  2
BLOCK_RECORD
  5
9
330
0
100
AcDbSymbolTable
 70
5
  0
BLOCK_RECORD
  5
17
330
9
100
AcDbSymbolTableRecord
100
AcDbBlockTableRecord
  2
*Model_Space
340
1A
 70
0
280
1
281
0
  0
BLOCK_RECORD
  5
1B
330
9
100
AcDbSymbolTableRecord
100
AcDbBlockTableRecord
  2
*Paper_Space
340
1E
 70
0
280
1
281
0
  0
BLOCK_RECORD
  5
74
330
9
100
AcDbSymbolTableRecord
100
AcDbBlockTableRecord
  2
_ARCHTICK
340
0
 70
0
280
1
281
0
  0
BLOCK_RECORD
  5
78
330
9
100
AcDbSymbolTableRecord
100
AcDbBlockTableRecord
  2
_CLOSEDFILLED
340
0
 70
0
280
1
281
0
  0
BLOCK_RECORD
  5
84
330
9
100
AcDbSymbolTableRecord
100
AcDbBlockTableRecord
  2
_CLOSEDBLANK
340
0
 70
0
280
1
281
0
  0
ENDTAB
  0
ENDSEC
  0
SECTION
  2
BLOCKS
  0
BLOCK
  5
18
330
17
100
AcDbEntity
  8
0
100
AcDbBlockBegin
  2
*Model_Space
 70
0
 10
0.0
 20
0.0
 30
0.0
  3
*Model_Space
  1

  0
ENDBLK
  5
19
330
17
100
AcDbEntity
  8
0
100
AcDbBlockEnd
  0
BLOCK
  5
1C
330
1B
100
AcDbEntity
  8
0
100
AcDbBlockBegin
  2
*Paper_Space
 70
0
 10
0.0
 20
0.0
 30
0.0
  3
*Paper_Space
  1

  0
ENDBLK
  5
1D
330
1B
100
AcDbEntity
  8
0
100
AcDbBlockEnd
  0
BLOCK
  5
75
330
74
100
AcDbEntity
  8
0
100
AcDbBlockBegin
  2
_ARCHTICK
 70
0
 10
0.0
 20
0.0
 30
0.0
  3
_ARCHTICK
  1

  0
LWPOLYLINE
  5
77
330
74
100
AcDbEntity
  8
0
  6
BYBLOCK
 62
0
100
AcDbPolyline
 90
2
 70
0
 43
0.15
 10
-0.5
 20
-0.5
 10
0.5
 20
0.5
  0
ENDBLK
  5
76
330
74
100
AcDbEntity
  8
0
100
AcDbBlockEnd
  0
BLOCK
  5
79
330
78
100
AcDbEntity
  8
0
100
AcDbBlockBegin
  2
_CLOSEDFILLED
 70
0
 10
0.0
 20
0.0
 30
0.0
  3
_CLOSEDFILLED
  1

  0
SOLID
  5
7B
330
78
100
AcDbEntity
  8
0
  6
BYBLOCK
 62
0
100
AcDbTrace
 10
-1.0
 20
0.16439898372402537
 30
0.0
 11
0.0
 21
0.0
 31
0.0
 12
-1.0
 22
-0.16439898372402537
 32
0.0
 13
-1.0
 23
-0.16439898372402537
 33
0.0
  0
ENDBLK
  5
7A
330
78
100
AcDbEntity
  8
0
100
AcDbBlockEnd
  0
BLOCK
  5
85
330
84
100
AcDbEntity
  8
0
100
AcDbBlockBegin
  2
_CLOSEDBLANK
 70
0
 10
0.0
 20
0.0
 30
0.0
  3
_CLOSEDBLANK
  1

  0
LWPOLYLINE
  5
87
330
84
100
AcDbEntity
  8
0
  6
BYBLOCK
 62
0
100
AcDbPolyline
 90
3
 70
1
 10
-1.0
 20
0.16439898372402537
 10
0.0
 20
0.0
 10
-1.0
 20
-0.16439898372402537
  0
ENDBLK
  5
86
330
84
100
AcDbEntity
  8
0
100
AcDbBlockEnd
  0
ENDSEC
  0
SECTION
  2
ENTITIES
  0
LWPOLYLINE
  5
94
330
17
100
AcDbEntity
  8
SHEET
100
AcDbPolyline
 90
4
 70
1
 10
0.0
 20
0.0
 10
2440.0
 20
0.0
 10
2440.0
 20
1220.0
 10
0.0
 20
1220.0
  0
LWPOLYLINE
  5
95
330
17
100
AcDbEntity
  8
CUT_OUTSIDE
100
AcDbPolyline
 90
319
 70
1
 10
1487.989
 20
8.001
 10
1487.966
 20
8.0
 10
217.995
 20
8.0
 10
217.986
 20
8.0
 10
211.389
 20
8.111
 10
211.371
 20
8.112
 10
205.052
 20
8.441
 10
205.033
 20
8.442
 10
198.98
 20
8.982
 10
198.961
 20
8.984
 10
193.166
 20
9.729
 10
193.145
 20
9.732
 10
187.6
 20
10.674
 10
187.58
 20
10.678
 10
182.277
 20
11.811
 10
182.256
 20
11.817
 10
177.186
 20
13.135
 10
177.165
 20
13.141
 10
172.322
 20
14.637
 10
172.3
 20
14.644
 10
167.674
 20
16.311
 10
167.652
 20
16.32
 10
163.236
 20
18.152
 10
163.214
 20
18.161
 10
158.999
 20
20.152
 10
158.978
 20
20.162
 10
154.956
 20
22.304
 10
154.935
 20
22.316
 10
151.098
 20
24.603
 10
151.078
 20
24.616
 10
147.418
 20
27.042
 10
147.399
 20
27.056
 10
143.908
 20
29.614
 10
143.89
 20
29.628
 10
140.559
 20
32.313
 10
140.542
 20
32.327
 10
137.364
 20
35.132
 10
137.348
 20
35.146
 10
134.315
 20
38.064
 10
134.3
 20
38.079
 10
131.403
 20
41.103
 10
131.39
 20
41.118
 10
128.622
 20
44.243
 10
128.61
 20
44.257
 10
125.962
 20
47.477
 10
125.951
 20
47.49
 10
123.416
 20
50.797
 10
123.406
 20
50.81
 10
120.976
 20
54.199
 10
120.968
 20
54.211
 10
118.634
 20
57.674
 10
118.627
 20
57.686
 10
116.382
 20
61.218
 10
116.376
 20
61.228
 10
114.213
 20
64.822
 10
114.207
 20
64.831
 10
112.117
 20
68.48
 10
112.112
 20
68.488
 10
110.087
 20
72.186
 10
110.084
 20
72.194
 10
108.116
 20
75.934
 10
108.113
 20
75.94
 10
106.195
 20
79.716
 10
106.192
 20
79.721
 10
104.317
 20
83.524
 10
102.472
 20
87.357
 10
100.653
 20
91.204
 10
98.853
 20
95.06
 10
97.063
 20
98.918
 10
95.276
 20
102.769
 10
95.275
 20
102.771
 10
93.484
 20
106.609
 10
93.482
 20
106.613
 10
91.678
 20
110.431
 10
91.675
 20
110.437
 10
89.85
 20
114.228
 10
89.846
 20
114.237
 10
87.993
 20
117.995
 10
87.988
 20
118.005
 10
86.118
 20
121.684
 10
86.112
 20
121.696
 10
84.243
 20
125.256
 10
84.237
 20
125.268
 10
82.367
 20
128.71
 10
82.36
 20
128.723
 10
80.489
 20
132.049
 10
80.482
 20
132.063
 10
78.61
 20
135.274
 10
78.602
 20
135.288
 10
76.728
 20
138.387
 10
76.719
 20
138.401
 10
74.843
 20
141.388
 10
74.834
 20
141.403
 10
72.956
 20
144.28
 10
72.945
 20
144.296
 10
71.064
 20
147.064
 10
71.053
 20
147.08
 10
69.168
 20
149.742
 10
69.156
 20
149.758
 10
67.268
 20
152.314
 10
67.255
 20
152.331
 10
65.362
 20
154.783
 10
65.349
 20
154.801
 10
63.451
 20
157.15
 10
63.436
 20
157.168
 10
61.534
 20
159.417
 10
61.518
 20
159.435
 10
59.61
 20
161.585
 10
59.593
 20
161.603
 10
57.679
 20
163.655
 10
57.661
 20
163.673
 10
55.741
 20
165.629
 10
55.722
 20
165.647
 10
53.795
 20
167.508
 10
53.775
 20
167.527
 10
51.84
 20
169.295
 10
51.819
 20
169.314
 10
49.877
 20
170.99
 10
49.854
 20
171.009
 10
47.904
 20
172.596
 10
47.88
 20
172.614
 10
45.921
 20
174.113
 10
45.896
 20
174.131
 10
43.928
 20
175.543
 10
43.902
 20
175.56
 10
41.924
 20
176.887
 10
41.897
 20
176.904
 10
39.909
 20
178.148
 10
39.881
 20
178.164
 10
37.882
 20
179.326
 10
37.853
 20
179.342
 10
35.842
 20
180.423
 10
35.813
 20
180.438
 10
33.79
 20
181.441
 10
33.76
 20
181.455
 10
31.725
 20
182.38
 10
31.695
 20
182.394
 10
29.647
 20
183.244
 10
29.615
 20
183.256
 10
27.554
 20
184.032
 10
27.522
 20
184.043
 10
25.446
 20
184.747
 10
25.415
 20
184.757
 10
23.323
 20
185.39
 10
23.292
 20
185.398
 10
21.185
 20
185.962
 10
21.154
 20
185.97
 10
19.031
 20
186.465
 10
19.0
 20
186.472
 10
16.861
 20
186.901
 10
16.83
 20
186.907
 10
14.673
 20
187.271
 10
14.643
 20
187.275
 10
12.468
 20
187.576
 10
12.439
 20
187.58
 10
10.245
 20
187.818
 10
10.217
 20
187.821
 10
8.015
 20
187.998
 10
8.0
 20
188.0
 10
8.015
 20
188.002
 10
10.217
 20
188.179
 10
10.245
 20
188.182
 10
12.439
 20
188.42
 10
12.468
 20
188.424
 10
14.643
 20
188.725
 10
14.673
 20
188.729
 10
16.83
 20
189.093
 10
16.861
 20
189.099
 10
19.0
 20
189.528
 10
19.031
 20
189.535
 10
21.154
 20
190.03
 10
21.185
 20
190.038
 10
23.292
 20
190.602
 10
23.323
 20
190.61
 10
25.415
 20
191.243
 10
25.446
 20
191.253
 10
27.522
 20
191.957
 10
27.554
 20
191.968
 10
29.615
 20
192.744
 10
29.647
 20
192.756
 10
31.695
 20
193.606
 10
31.725
 20
193.62
 10
33.76
 20
194.545
 10
33.79
 20
194.559
 10
35.813
 20
195.562
 10
35.842
 20
195.577
 10
37.853
 20
196.658
 10
37.882
 20
196.674
 10
39.881
 20
197.836
 10
39.909
 20
197.852
 10
41.897
 20
199.096
 10
41.924
 20
199.113
 10
43.902
 20
200.44
 10
43.928
 20
200.457
 10
45.896
 20
201.869
 10
45.921
 20
201.887
 10
47.88
 20
203.386
 10
47.904
 20
203.404
 10
49.854
 20
204.991
 10
49.877
 20
205.01
 10
51.819
 20
206.686
 10
51.84
 20
206.705
 10
53.775
 20
208.473
 10
53.795
 20
208.492
 10
55.722
 20
210.353
 10
55.741
 20
210.371
 10
57.661
 20
212.327
 10
57.679
 20
212.345
 10
59.593
 20
214.397
 10
59.61
 20
214.415
 10
61.518
 20
216.565
 10
61.534
 20
216.583
 10
63.436
 20
218.832
 10
63.451
 20
218.85
 10
65.349
 20
221.199
 10
65.362
 20
221.217
 10
67.255
 20
223.669
 10
67.268
 20
223.686
 10
69.156
 20
226.242
 10
69.168
 20
226.258
 10
71.053
 20
228.92
 10
71.064
 20
228.936
 10
72.945
 20
231.704
 10
72.956
 20
231.72
 10
74.834
 20
234.597
 10
74.843
 20
234.612
 10
76.719
 20
237.599
 10
76.728
 20
237.613
 10
78.602
 20
240.712
 10
78.61
 20
240.726
 10
80.482
 20
243.937
 10
80.489
 20
243.951
 10
82.36
 20
247.277
 10
82.367
 20
247.29
 10
84.237
 20
250.732
 10
84.243
 20
250.744
 10
86.112
 20
254.304
 10
86.118
 20
254.316
 10
87.988
 20
257.995
 10
87.993
 20
258.005
 10
89.846
 20
261.763
 10
89.85
 20
261.772
 10
91.675
 20
265.563
 10
91.678
 20
265.569
 10
93.482
 20
269.387
 10
93.484
 20
269.391
 10
95.275
 20
273.229
 10
95.276
 20
273.231
 10
97.063
 20
277.082
 10
98.852
 20
280.938
 10
100.651
 20
284.791
 10
102.469
 20
288.637
 10
104.313
 20
292.467
 10
106.192
 20
296.279
 10
106.195
 20
296.284
 10
108.113
 20
300.06
 10
108.116
 20
300.066
 10
110.084
 20
303.806
 10
110.087
 20
303.814
 10
112.112
 20
307.512
 10
112.117
 20
307.52
 10
114.207
 20
311.169
 10
114.213
 20
311.178
 10
116.376
 20
314.772
 10
116.382
 20
314.782
 10
118.627
 20
318.314
 10
118.634
 20
318.326
 10
120.968
 20
321.789
 10
120.976
 20
321.801
 10
123.406
 20
325.19
 10
123.416
 20
325.203
 10
125.951
 20
328.51
 10
125.962
 20
328.523
 10
128.61
 20
331.743
 10
128.622
 20
331.757
 10
131.39
 20
334.882
 10
131.403
 20
334.897
 10
134.3
 20
337.921
 10
134.315
 20
337.936
 10
137.348
 20
340.854
 10
137.364
 20
340.868
 10
140.542
 20
343.673
 10
140.559
 20
343.687
 10
143.89
 20
346.372
 10
143.908
 20
346.386
 10
147.399
 20
348.944
 10
147.418
 20
348.958
 10
151.078
 20
351.384
 10
151.098
 20
351.397
 10
154.935
 20
353.684
 10
154.956
 20
353.696
 10
158.978
 20
355.838
 10
158.999
 20
355.848
 10
163.214
 20
357.839
 10
163.236
 20
357.848
 10
167.652
 20
359.68
 10
167.674
 20
359.689
 10
172.3
 20
361.356
 10
172.322
 20
361.363
 10
177.165
 20
362.859
 10
177.186
 20
362.865
 10
182.256
 20
364.183
 10
182.277
 20
364.189
 10
187.58
 20
365.322
 10
187.6
 20
365.326
 10
193.145
 20
366.268
 10
193.166
 20
366.271
 10
198.961
 20
367.016
 10
198.98
 20
367.018
 10
205.033
 20
367.558
 10
205.052
 20
367.559
 10
211.371
 20
367.888
 10
211.389
 20
367.889
 10
217.986
 20
368.0
 10
217.995
 20
368.0
 10
1487.966
 20
368.0
 10
1487.989
 20
367.999
 10
1487.99
 20
367.975
 10
1487.99
 20
8.025
  0
CIRCLE
  5
96
330
17
100
AcDbEntity
  8
CUT_INSIDE
100
AcDbCircle
 10
437.99047757134144
 20
188.0
 30
0.0
 40
131.0
  0
LWPOLYLINE
  5
97
330
17
100
AcDbEntity
  8
CUT_INSIDE
100
AcDbPolyline
 90
52
 70
1
 10
969.99
 20
286.0
 10
970.382
 20
285.974
 10
970.767
 20
285.898
 10
971.139
 20
285.772
 10
971.49
 20
285.598
 10
971.817
 20
285.38
 10
972.112
 20
285.121
 10
972.371
 20
284.826
 10
972.589
 20
284.5
 10
972.762
 20
284.148
 10
972.888
 20
283.776
 10
972.965
 20
283.392
 10
972.99
 20
283.0
 10
972.99
 20
93.0
 10
972.965
 20
92.608
 10
972.888
 20
92.224
 10
972.762
 20
91.852
 10
972.589
 20
91.5
 10
972.371
 20
91.174
 10
972.112
 20
90.879
 10
971.817
 20
90.62
 10
971.49
 20
90.402
 10
971.139
 20
90.228
 10
970.767
 20
90.102
 10
970.382
 20
90.026
 10
969.99
 20
90.0
 10
629.99
 20
90.0
 10
629.599
 20
90.026
 10
629.214
 20
90.102
 10
628.842
 20
90.228
 10
628.49
 20
90.402
 10
628.164
 20
90.62
 10
627.869
 20
90.879
 10
627.61
 20
91.174
 10
627.392
 20
91.5
 10
627.219
 20
91.852
 10
627.093
 20
92.224
 10
627.016
 20
92.608
 10
626.99
 20
93.0
 10
626.99
 20
283.0
 10
627.016
 20
283.392
 10
627.093
 20
283.776
 10
627.219
 20
284.148
 10
627.392
 20
284.5
 10
627.61
 20
284.826
 10
627.869
 20
285.121
 10
628.164
 20
285.38
 10
628.49
 20
285.598
 10
628.842
 20
285.772
 10
629.214
 20
285.898
 10
629.599
 20
285.974
 10
629.99
 20
286.0
  0
LWPOLYLINE
  5
98
330
17
100
AcDbEntity
  8
CUT_INSIDE
100
AcDbPolyline
 90
217
 70
1
 10
149.817
 20
187.997
 10
149.842
 20
188.0
 10
149.817
 20
188.003
 10
149.653
 20
188.012
 10
149.507
 20
188.025
 10
148.821
 20
188.113
 10
148.657
 20
188.141
 10
147.477
 20
188.395
 10
147.305
 20
188.44
 10
145.702
 20
188.935
 10
145.524
 20
189.0
 10
143.6
 20
189.801
 10
143.416
 20
189.889
 10
141.29
 20
191.042
 10
141.1
 20
191.159
 10
138.903
 20
192.69
 10
138.712
 20
192.841
 10
136.575
 20
194.756
 10
136.389
 20
194.947
 10
134.437
 20
197.232
 10
134.266
 20
197.464
 10
132.611
 20
200.087
 10
132.534
 20
200.22
 10
132.468
 20
200.358
 10
131.205
 20
203.272
 10
131.147
 20
203.422
 10
131.102
 20
203.576
 10
130.306
 20
206.719
 10
130.272
 20
206.88
 10
130.251
 20
207.043
 10
129.975
 20
210.344
 10
129.968
 20
210.509
 10
129.975
 20
210.674
 10
130.25
 20
214.048
 10
130.27
 20
214.21
 10
130.303
 20
214.369
 10
131.139
 20
217.722
 10
131.184
 20
217.876
 10
131.241
 20
218.025
 10
132.624
 20
221.254
 10
132.692
 20
221.396
 10
132.771
 20
221.533
 10
134.662
 20
224.532
 10
134.751
 20
224.662
 10
134.851
 20
224.784
 10
137.192
 20
227.45
 10
137.302
 20
227.566
 10
137.422
 20
227.673
 10
140.139
 20
229.916
 10
140.27
 20
230.016
 10
140.41
 20
230.104
 10
143.421
 20
231.849
 10
143.573
 20
231.929
 10
143.731
 20
231.995
 10
146.957
 20
233.187
 10
147.124
 20
233.241
 10
147.296
 20
233.279
 10
150.667
 20
233.885
 10
150.843
 20
233.908
 10
151.02
 20
233.916
 10
154.48
 20
233.916
 10
154.652
 20
233.909
 10
154.823
 20
233.886
 10
158.332
 20
233.276
 10
158.488
 20
233.242
 10
158.641
 20
233.196
 10
162.167
 20
231.981
 10
162.425
 20
231.871
 10
165.94
 20
230.075
 10
166.143
 20
229.956
 10
169.622
 20
227.624
 10
169.774
 20
227.511
 10
173.198
 20
224.711
 10
173.307
 20
224.615
 10
176.665
 20
221.435
 10
176.739
 20
221.361
 10
180.03
 20
217.902
 10
180.076
 20
217.853
 10
183.3
 20
214.224
 10
183.323
 20
214.198
 10
186.486
 20
210.511
 10
186.489
 20
210.507
 10
189.583
 20
206.883
 10
189.59
 20
206.875
 10
192.599
 20
203.429
 10
192.615
 20
203.411
 10
195.529
 20
200.23
 10
195.553
 20
200.204
 10
198.354
 20
197.358
 10
198.388
 20
197.326
 10
201.048
 20
194.865
 10
201.091
 20
194.827
 10
203.575
 20
192.781
 10
203.628
 20
192.74
 10
205.894
 20
191.118
 10
205.958
 20
191.075
 10
207.961
 20
189.862
 10
208.036
 20
189.821
 10
208.094
 20
189.793
 10
208.263
 20
189.699
 10
208.422
 20
189.589
 10
208.57
 20
189.464
 10
208.705
 20
189.326
 10
208.825
 20
189.175
 10
208.931
 20
189.014
 10
209.021
 20
188.843
 10
209.094
 20
188.664
 10
209.149
 20
188.479
 10
209.186
 20
188.289
 10
209.205
 20
188.097
 10
209.205
 20
187.903
 10
209.186
 20
187.711
 10
209.149
 20
187.521
 10
209.094
 20
187.336
 10
209.021
 20
187.157
 10
208.931
 20
186.986
 10
208.825
 20
186.825
 10
208.705
 20
186.674
 10
208.57
 20
186.536
 10
208.422
 20
186.411
 10
208.263
 20
186.301
 10
208.094
 20
186.207
 10
208.036
 20
186.179
 10
207.961
 20
186.138
 10
205.958
 20
184.925
 10
205.894
 20
184.882
 10
203.628
 20
183.26
 10
203.575
 20
183.219
 10
201.091
 20
181.173
 10
201.048
 20
181.135
 10
198.388
 20
178.674
 10
198.354
 20
178.642
 10
195.553
 20
175.796
 10
195.529
 20
175.77
 10
192.615
 20
172.589
 10
192.599
 20
172.571
 10
189.59
 20
169.125
 10
189.583
 20
169.117
 10
186.489
 20
165.493
 10
186.486
 20
165.489
 10
183.323
 20
161.802
 10
183.3
 20
161.776
 10
180.076
 20
158.147
 10
180.03
 20
158.098
 10
176.739
 20
154.639
 10
176.665
 20
154.565
 10
173.307
 20
151.385
 10
173.198
 20
151.289
 10
169.774
 20
148.489
 10
169.622
 20
148.376
 10
166.143
 20
146.044
 10
165.94
 20
145.925
 10
162.425
 20
144.129
 10
162.167
 20
144.019
 10
158.641
 20
142.804
 10
158.488
 20
142.758
 10
158.332
 20
142.724
 10
154.823
 20
142.114
 10
154.652
 20
142.091
 10
154.48
 20
142.084
 10
151.02
 20
142.084
 10
150.843
 20
142.092
 10
150.667
 20
142.115
 10
147.296
 20
142.721
 10
147.124
 20
142.759
 10
146.957
 20
142.813
 10
143.731
 20
144.005
 10
143.573
 20
144.071
 10
143.421
 20
144.151
 10
140.41
 20
145.896
 10
140.27
 20
145.984
 10
140.139
 20
146.084
 10
137.422
 20
148.327
 10
137.302
 20
148.434
 10
137.192
 20
148.55
 10
134.851
 20
151.216
 10
134.751
 20
151.338
 10
134.662
 20
151.468
 10
132.771
 20
154.467
 10
132.692
 20
154.604
 10
132.624
 20
154.746
 10
131.241
 20
157.975
 10
131.184
 20
158.124
 10
131.139
 20
158.278
 10
130.303
 20
161.631
 10
130.27
 20
161.79
 10
130.25
 20
161.952
 10
129.975
 20
165.326
 10
129.968
 20
165.491
 10
129.975
 20
165.656
 10
130.251
 20
168.957
 10
130.272
 20
169.12
 10
130.306
 20
169.281
 10
131.102
 20
172.424
 10
131.147
 20
172.578
 10
131.205
 20
172.728
 10
132.468
 20
175.642
 10
132.534
 20
175.78
 10
132.611
 20
175.913
 10
134.266
 20
178.536
 10
134.437
 20
178.768
 10
136.389
 20
181.053
 10
136.575
 20
181.244
 10
138.712
 20
183.159
 10
138.903
 20
183.31
 10
141.1
 20
184.841
 10
141.29
 20
184.958
 10
143.416
 20
186.111
 10
143.6
 20
186.199
 10
145.524
 20
187.0
 10
145.702
 20
187.065
 10
147.305
 20
187.56
 10
147.477
 20
187.605
 10
148.657
 20
187.859
 10
148.821
 20
187.887
 10
149.507
 20
187.975
 10
149.653
 20
187.988
  0
LWPOLYLINE
  5
99
330
17
100
AcDbEntity
  8
CUT_INSIDE
100
AcDbPolyline
 90
205
 70
1
 10
204.455
 20
107.992
 10
204.455
 20
107.992
 10
204.53
 20
108.0
 10
204.455
 20
108.008
 10
204.455
 20
108.008
 10
204.374
 20
108.015
 10
204.219
 20
108.035
 10
204.055
 20
108.063
 10
203.725
 20
108.134
 10
203.554
 20
108.179
 10
203.071
 20
108.328
 10
202.894
 20
108.392
 10
202.297
 20
108.641
 10
202.113
 20
108.729
 10
201.446
 20
109.091
 10
201.256
 20
109.208
 10
200.565
 20
109.689
 10
200.374
 20
109.841
 10
199.704
 20
110.441
 10
199.518
 20
110.631
 10
198.91
 20
111.342
 10
198.739
 20
111.574
 10
198.228
 20
112.385
 10
198.151
 20
112.518
 10
198.085
 20
112.656
 10
197.697
 20
113.551
 10
197.639
 20
113.701
 10
197.594
 20
113.855
 10
197.35
 20
114.817
 10
197.316
 20
114.978
 10
197.296
 20
115.141
 10
197.211
 20
116.154
 10
197.204
 20
116.319
 10
197.21
 20
116.483
 10
197.295
 20
117.524
 10
197.315
 20
117.686
 10
197.348
 20
117.845
 10
197.608
 20
118.886
 10
197.653
 20
119.04
 10
197.71
 20
119.189
 10
198.142
 20
120.198
 10
198.21
 20
120.34
 10
198.289
 20
120.477
 10
198.881
 20
121.416
 10
198.971
 20
121.546
 10
199.07
 20
121.669
 10
199.803
 20
122.503
 10
199.913
 20
122.619
 10
200.032
 20
122.726
 10
200.878
 20
123.424
 10
201.009
 20
123.524
 10
201.149
 20
123.613
 10
202.078
 20
124.151
 10
202.229
 20
124.23
 10
202.387
 20
124.296
 10
203.373
 20
124.661
 10
203.541
 20
124.715
 10
203.713
 20
124.753
 10
204.739
 20
124.937
 10
204.915
 20
124.961
 10
205.092
 20
124.969
 10
206.149
 20
124.969
 10
206.322
 20
124.962
 10
206.492
 20
124.939
 10
207.583
 20
124.75
 10
207.739
 20
124.716
 10
207.891
 20
124.67
 10
209.015
 20
124.283
 10
209.274
 20
124.173
 10
210.427
 20
123.583
 10
210.631
 20
123.464
 10
211.804
 20
122.677
 10
211.957
 20
122.564
 10
213.14
 20
121.596
 10
213.249
 20
121.5
 10
214.433
 20
120.379
 10
214.507
 20
120.305
 10
215.686
 20
119.066
 10
215.732
 20
119.016
 10
216.902
 20
117.7
 10
216.925
 20
117.673
 10
218.086
 20
116.32
 10
218.089
 20
116.317
 10
219.229
 20
114.981
 10
219.236
 20
114.973
 10
220.341
 20
113.708
 10
220.357
 20
113.69
 10
221.421
 20
112.528
 10
221.446
 20
112.502
 10
222.462
 20
111.469
 10
222.496
 20
111.436
 10
223.455
 20
110.549
 10
223.498
 20
110.511
 10
224.386
 20
109.781
 10
224.439
 20
109.739
 10
224.597
 20
109.626
 10
224.754
 20
109.502
 10
224.897
 20
109.363
 10
225.026
 20
109.21
 10
225.138
 20
109.045
 10
225.234
 20
108.869
 10
225.312
 20
108.685
 10
225.371
 20
108.494
 10
225.411
 20
108.299
 10
225.431
 20
108.1
 10
225.431
 20
107.9
 10
225.411
 20
107.701
 10
225.371
 20
107.506
 10
225.312
 20
107.315
 10
225.234
 20
107.131
 10
225.138
 20
106.955
 10
225.026
 20
106.79
 10
224.897
 20
106.637
 10
224.754
 20
106.498
 10
224.597
 20
106.374
 10
224.439
 20
106.261
 10
224.386
 20
106.219
 10
223.498
 20
105.489
 10
223.455
 20
105.451
 10
222.496
 20
104.564
 10
222.462
 20
104.531
 10
221.446
 20
103.498
 10
221.421
 20
103.472
 10
220.357
 20
102.31
 10
220.341
 20
102.292
 10
219.236
 20
101.027
 10
219.229
 20
101.019
 10
218.089
 20
99.683
 10
218.086
 20
99.68
 10
216.925
 20
98.327
 10
216.902
 20
98.3
 10
215.732
 20
96.984
 10
215.686
 20
96.934
 10
214.507
 20
95.695
 10
214.433
 20
95.621
 10
213.249
 20
94.5
 10
213.14
 20
94.404
 10
211.957
 20
93.436
 10
211.804
 20
93.323
 10
210.631
 20
92.536
 10
210.427
 20
92.417
 10
209.274
 20
91.827
 10
209.015
 20
91.717
 10
207.891
 20
91.33
 10
207.739
 20
91.284
 10
207.583
 20
91.25
 10
206.492
 20
91.061
 10
206.322
 20
91.038
 10
206.149
 20
91.031
 10
205.092
 20
91.031
 10
204.915
 20
91.039
 10
204.739
 20
91.063
 10
203.713
 20
91.247
 10
203.541
 20
91.285
 10
203.373
 20
91.339
 10
202.387
 20
91.704
 10
202.229
 20
91.77
 10
202.078
 20
91.849
 10
201.149
 20
92.387
 10
201.009
 20
92.476
 10
200.878
 20
92.576
 10
200.032
 20
93.274
 10
199.913
 20
93.381
 10
199.803
 20
93.497
 10
199.07
 20
94.331
 10
198.971
 20
94.454
 10
198.881
 20
94.584
 10
198.289
 20
95.523
 10
198.21
 20
95.66
 10
198.142
 20
95.802
 10
197.71
 20
96.811
 10
197.653
 20
96.96
 10
197.608
 20
97.114
 10
197.348
 20
98.155
 10
197.315
 20
98.314
 10
197.295
 20
98.476
 10
197.21
 20
99.517
 10
197.204
 20
99.681
 10
197.211
 20
99.846
 10
197.296
 20
100.859
 10
197.316
 20
101.022
 10
197.35
 20
101.183
 10
197.594
 20
102.145
 10
197.639
 20
102.299
 10
197.697
 20
102.449
 10
198.085
 20
103.344
 10
198.151
 20
103.482
 10
198.228
 20
103.615
 10
198.739
 20
104.426
 10
198.91
 20
104.658
 10
199.518
 20
105.369
 10
199.704
 20
105.559
 10
200.374
 20
106.159
 10
200.565
 20
106.311
 10
201.256
 20
106.792
 10
201.446
 20
106.909
 10
202.113
 20
107.271
 10
202.297
 20
107.359
 10
202.894
 20
107.608
 10
203.071
 20
107.672
 10
203.554
 20
107.821
 10
203.725
 20
107.866
 10
204.055
 20
107.937
 10
204.219
 20
107.965
 10
204.374
 20
107.985
  0
LWPOLYLINE
  5
9A
330
17
100
AcDbEntity
  8
CUT_INSIDE
100
AcDbPolyline
 90
205
 70
1
 10
204.455
 20
267.992
 10
204.455
 20
267.992
 10
204.53
 20
268.0
 10
204.455
 20
268.008
 10
204.455
 20
268.008
 10
204.374
 20
268.015
 10
204.219
 20
268.035
 10
204.055
 20
268.063
 10
203.725
 20
268.134
 10
203.554
 20
268.179
 10
203.071
 20
268.328
 10
202.894
 20
268.392
 10
202.297
 20
268.641
 10
202.113
 20
268.729
 10
201.446
 20
269.091
 10
201.256
 20
269.208
 10
200.565
 20
269.689
 10
200.374
 20
269.841
 10
199.704
 20
270.441
 10
199.518
 20
270.631
 10
198.91
 20
271.342
 10
198.739
 20
271.574
 10
198.228
 20
272.385
 10
198.151
 20
272.518
 10
198.085
 20
272.656
 10
197.697
 20
273.551
 10
197.639
 20
273.701
 10
197.594
 20
273.855
 10
197.35
 20
274.817
 10
197.316
 20
274.978
 10
197.296
 20
275.141
 10
197.211
 20
276.154
 10
197.204
 20
276.319
 10
197.21
 20
276.483
 10
197.295
 20
277.524
 10
197.315
 20
277.686
 10
197.348
 20
277.845
 10
197.608
 20
278.886
 10
197.653
 20
279.04
 10
197.71
 20
279.189
 10
198.142
 20
280.198
 10
198.21
 20
280.34
 10
198.289
 20
280.477
 10
198.881
 20
281.416
 10
198.971
 20
281.546
 10
199.07
 20
281.669
 10
199.803
 20
282.503
 10
199.913
 20
282.619
 10
200.032
 20
282.726
 10
200.878
 20
283.424
 10
201.009
 20
283.524
 10
201.149
 20
283.613
 10
202.078
 20
284.151
 10
202.229
 20
284.23
 10
202.387
 20
284.296
 10
203.373
 20
284.661
 10
203.541
 20
284.715
 10
203.713
 20
284.753
 10
204.739
 20
284.937
 10
204.915
 20
284.961
 10
205.092
 20
284.969
 10
206.149
 20
284.969
 10
206.322
 20
284.962
 10
206.492
 20
284.939
 10
207.583
 20
284.75
 10
207.739
 20
284.716
 10
207.891
 20
284.67
 10
209.015
 20
284.283
 10
209.274
 20
284.173
 10
210.427
 20
283.583
 10
210.631
 20
283.464
 10
211.804
 20
282.677
 10
211.957
 20
282.564
 10
213.14
 20
281.596
 10
213.249
 20
281.5
 10
214.433
 20
280.379
 10
214.507
 20
280.305
 10
215.686
 20
279.066
 10
215.732
 20
279.016
 10
216.902
 20
277.7
 10
216.925
 20
277.673
 10
218.086
 20
276.32
 10
218.089
 20
276.317
 10
219.229
 20
274.981
 10
219.236
 20
274.973
 10
220.341
 20
273.708
 10
220.357
 20
273.69
 10
221.421
 20
272.528
 10
221.446
 20
272.502
 10
222.462
 20
271.469
 10
222.496
 20
271.436
 10
223.455
 20
270.549
 10
223.498
 20
270.511
 10
224.386
 20
269.781
 10
224.439
 20
269.739
 10
224.597
 20
269.626
 10
224.754
 20
269.502
 10
224.897
 20
269.363
 10
225.026
 20
269.21
 10
225.138
 20
269.045
 10
225.234
 20
268.869
 10
225.312
 20
268.685
 10
225.371
 20
268.494
 10
225.411
 20
268.299
 10
225.431
 20
268.1
 10
225.431
 20
267.9
 10
225.411
 20
267.701
 10
225.371
 20
267.506
 10
225.312
 20
267.315
 10
225.234
 20
267.131
 10
225.138
 20
266.955
 10
225.026
 20
266.79
 10
224.897
 20
266.637
 10
224.754
 20
266.498
 10
224.597
 20
266.374
 10
224.439
 20
266.261
 10
224.386
 20
266.219
 10
223.498
 20
265.489
 10
223.455
 20
265.451
 10
222.496
 20
264.564
 10
222.462
 20
264.531
 10
221.446
 20
263.498
 10
221.421
 20
263.472
 10
220.357
 20
262.31
 10
220.341
 20
262.292
 10
219.236
 20
261.027
 10
219.229
 20
261.019
 10
218.089
 20
259.683
 10
218.086
 20
259.68
 10
216.925
 20
258.327
 10
216.902
 20
258.3
 10
215.732
 20
256.984
 10
215.686
 20
256.934
 10
214.507
 20
255.695
 10
214.433
 20
255.621
 10
213.249
 20
254.5
 10
213.14
 20
254.404
 10
211.957
 20
253.436
 10
211.804
 20
253.323
 10
210.631
 20
252.536
 10
210.427
 20
252.417
 10
209.274
 20
251.827
 10
209.015
 20
251.717
 10
207.891
 20
251.33
 10
207.739
 20
251.284
 10
207.583
 20
251.25
 10
206.492
 20
251.061
 10
206.322
 20
251.038
 10
206.149
 20
251.031
 10
205.092
 20
251.031
 10
204.915
 20
251.039
 10
204.739
 20
251.063
 10
203.713
 20
251.247
 10
203.541
 20
251.285
 10
203.373
 20
251.339
 10
202.387
 20
251.704
 10
202.229
 20
251.77
 10
202.078
 20
251.849
 10
201.149
 20
252.387
 10
201.009
 20
252.476
 10
200.878
 20
252.576
 10
200.032
 20
253.274
 10
199.913
 20
253.381
 10
199.803
 20
253.497
 10
199.07
 20
254.331
 10
198.971
 20
254.454
 10
198.881
 20
254.584
 10
198.289
 20
255.523
 10
198.21
 20
255.66
 10
198.142
 20
255.802
 10
197.71
 20
256.811
 10
197.653
 20
256.96
 10
197.608
 20
257.114
 10
197.348
 20
258.155
 10
197.315
 20
258.314
 10
197.295
 20
258.476
 10
197.21
 20
259.517
 10
197.204
 20
259.681
 10
197.211
 20
259.846
 10
197.296
 20
260.859
 10
197.316
 20
261.022
 10
197.35
 20
261.183
 10
197.594
 20
262.145
 10
197.639
 20
262.299
 10
197.697
 20
262.449
 10
198.085
 20
263.344
 10
198.151
 20
263.482
 10
198.228
 20
263.615
 10
198.739
 20
264.426
 10
198.91
 20
264.658
 10
199.518
 20
265.369
 10
199.704
 20
265.559
 10
200.374
 20
266.159
 10
200.565
 20
266.311
 10
201.256
 20
266.792
 10
201.446
 20
266.909
 10
202.113
 20
267.271
 10
202.297
 20
267.359
 10
202.894
 20
267.608
 10
203.071
 20
267.672
 10
203.554
 20
267.821
 10
203.725
 20
267.866
 10
204.055
 20
267.937
 10
204.219
 20
267.965
 10
204.374
 20
267.985
  0
CIRCLE
  5
9B
330
17
100
AcDbEntity
  8
CUT_INSIDE
100
AcDbCircle
 10
1040.9904775713414
 20
188.0
 30
0.0
 40
3.5
  0
CIRCLE
  5
9C
330
17
100
AcDbEntity
  8
CUT_INSIDE
100
AcDbCircle
 10
1036.5273140257686
 20
188.9431648160458
 30
0.0
 40
3.5
  0
CIRCLE
  5
9D
330
17
100
AcDbEntity
  8
CUT_INSIDE
100
AcDbCircle
 10
1026.5121547240692
 20
194.8
 30
0.0
 40
3.5
  0
CIRCLE
  5
9E
330
17
100
AcDbEntity
  8
CUT_INSIDE
100
AcDbCircle
 10
1018.5280317308275
 20
207.23330444827408
 30
0.0
 40
3.5
  0
CIRCLE
  5
9F
330
17
100
AcDbEntity
  8
CUT_INSIDE
100
AcDbCircle
 10
1018.8904775713414
 20
223.33383647440508
 30
0.0
 40
3.5
  0
CIRCLE
  5
A0
330
17
100
AcDbEntity
  8
CUT_INSIDE
100
AcDbCircle
 10
1028.7199178014062
 20
237.02642593673102
 30
0.0
 40
3.5
  0
CIRCLE
  5
A1
330
17
100
AcDbEntity
  8
CUT_INSIDE
100
AcDbCircle
 10
1044.3904775713413
 20
242.4
 30
0.0
 40
3.5
  0
CIRCLE
  5
A2
330
17
100
AcDbEntity
  8
CUT_INSIDE
100
AcDbCircle
 10
1061.2161736126059
 20
237.02642593673102
 30
0.0
 40
3.5
  0
CIRCLE
  5
A3
330
17
100
AcDbEntity
  8
CUT_INSIDE
100
AcDbCircle
 10
1076.6904775713415
 20
223.3338364744051
 30
0.0
 40
3.5
  0
CIRCLE
  5
A4
330
17
100
AcDbEntity
  8
CUT_INSIDE
100
AcDbCircle
 10
1090.6529234118552
 20
207.2333044482741
 30
0.0
 40
3.5
  0
CIRCLE
  5
A5
330
17
100
AcDbEntity
  8
CUT_INSIDE
100
AcDbCircle
 10
1103.0688004186136
 20
194.8
 30
0.0
 40
3.5
  0
CIRCLE
  5
A6
330
17
100
AcDbEntity
  8
CUT_INSIDE
100
AcDbCircle
 10
1112.2985048455853
 20
188.9431648160458
 30
0.0
 40
3.5
  0
CIRCLE
  5
A7
330
17
100
AcDbEntity
  8
CUT_INSIDE
100
AcDbCircle
 10
1115.7904775713414
 20
188.0
 30
0.0
 40
3.5
  0
CIRCLE
  5
A8
330
17
100
AcDbEntity
  8
CUT_INSIDE
100
AcDbCircle
 10
1112.2985048455853
 20
187.0568351839542
 30
0.0
 40
3.5
  0
CIRCLE
  5
A9
330
17
100
AcDbEntity
  8
CUT_INSIDE
100
AcDbCircle
 10
1103.0688004186136
 20
181.20000000000002
 30
0.0
 40
3.5
  0
CIRCLE
  5
AA
330
17
100
AcDbEntity
  8
CUT_INSIDE
100
AcDbCircle
 10
1090.6529234118555
 20
168.76669555172595
 30
0.0
 40
3.5
  0
CIRCLE
  5
AB
330
17
100
AcDbEntity
  8
CUT_INSIDE
100
AcDbCircle
 10
1076.6904775713415
 20
152.66616352559492
 30
0.0
 40
3.5
  0
CIRCLE
  5
AC
330
17
100
AcDbEntity
  8
CUT_INSIDE
100
AcDbCircle
 10
1061.2161736126059
 20
138.97357406326898
 30
0.0
 40
3.5
  0
CIRCLE
  5
AD
330
17
100
AcDbEntity
  8
CUT_INSIDE
100
AcDbCircle
 10
1044.3904775713415
 20
133.6
 30
0.0
 40
3.5
  0
CIRCLE
  5
AE
330
17
100
AcDbEntity
  8
CUT_INSIDE
100
AcDbCircle
 10
1028.7199178014062
 20
138.97357406326896
 30
0.0
 40
3.5
  0
CIRCLE
  5
AF
330
17
100
AcDbEntity
  8
CUT_INSIDE
100
AcDbCircle
 10
1018.8904775713414
 20
152.66616352559492
 30
0.0
 40
3.5
  0
CIRCLE
  5
B0
330
17
100
AcDbEntity
  8
CUT_INSIDE
100
AcDbCircle
 10
1018.5280317308275
 20
168.7666955517259
 30
0.0
 40
3.5
  0
CIRCLE
  5
B1
330
17
100
AcDbEntity
  8
CUT_INSIDE
100
AcDbCircle
 10
1026.5121547240692
 20
181.2
 30
0.0
 40
3.5
  0
CIRCLE
  5
B2
330
17
100
AcDbEntity
  8
CUT_INSIDE
100
AcDbCircle
 10
1036.5273140257686
 20
187.05683518395418
 30
0.0
 40
3.5
  0
LWPOLYLINE
  5
B3
330
17
100
AcDbEntity
  8
ENGRAVE_V
100
AcDbPolyline
 90
276
 70
1
 10
1467.989
 20
28.0
 10
218.163
 20
28.0
 10
212.076
 20
28.103
 10
206.459
 20
28.395
 10
201.142
 20
28.869
 10
196.115
 20
29.514
 10
191.366
 20
30.321
 10
186.884
 20
31.279
 10
182.655
 20
32.378
 10
178.665
 20
33.61
 10
174.899
 20
34.967
 10
171.34
 20
36.442
 10
167.973
 20
38.032
 10
164.781
 20
39.731
 10
161.748
 20
41.539
 10
158.859
 20
43.454
 10
156.099
 20
45.476
 10
153.456
 20
47.606
 10
150.917
 20
49.845
 10
148.473
 20
52.196
 10
146.115
 20
54.658
 10
143.835
 20
57.232
 10
141.626
 20
59.917
 10
139.482
 20
62.713
 10
137.398
 20
65.618
 10
135.37
 20
68.628
 10
133.392
 20
71.741
 10
131.459
 20
74.951
 10
129.567
 20
78.254
 10
127.71
 20
81.646
 10
125.883
 20
85.119
 10
124.08
 20
88.668
 10
122.296
 20
92.285
 10
120.523
 20
95.968
 10
118.755
 20
99.709
 10
116.985
 20
103.5
 10
115.205
 20
107.336
 10
113.418
 20
111.187
 10
113.408
 20
111.208
 10
113.408
 20
111.21
 10
113.398
 20
111.231
 10
111.606
 20
115.068
 10
111.586
 20
115.111
 10
111.584
 20
115.115
 10
111.564
 20
115.158
 10
109.76
 20
118.975
 10
109.73
 20
119.039
 10
109.727
 20
119.046
 10
109.696
 20
119.11
 10
107.872
 20
122.901
 10
107.83
 20
122.987
 10
107.826
 20
122.995
 10
107.784
 20
123.081
 10
105.931
 20
126.839
 10
105.878
 20
126.947
 10
105.872
 20
126.958
 10
105.818
 20
127.065
 10
103.949
 20
130.744
 10
103.888
 20
130.863
 10
103.881
 20
130.875
 10
103.819
 20
130.994
 10
101.95
 20
134.554
 10
101.885
 20
134.678
 10
101.878
 20
134.69
 10
101.811
 20
134.814
 10
99.942
 20
138.256
 10
99.871
 20
138.385
 10
99.864
 20
138.398
 10
99.792
 20
138.527
 10
97.922
 20
141.853
 10
97.846
 20
141.987
 10
97.838
 20
142.0
 10
97.761
 20
142.134
 10
95.889
 20
145.345
 10
95.807
 20
145.484
 10
95.799
 20
145.498
 10
95.716
 20
145.636
 10
93.843
 20
148.735
 10
93.755
 20
148.879
 10
93.746
 20
148.894
 10
93.657
 20
149.037
 10
91.781
 20
152.024
 10
91.686
 20
152.173
 10
91.677
 20
152.188
 10
91.581
 20
152.336
 10
89.703
 20
155.214
 10
89.601
 20
155.368
 10
89.591
 20
155.383
 10
89.488
 20
155.536
 10
87.606
 20
158.305
 10
87.497
 20
158.464
 10
87.486
 20
158.48
 10
87.375
 20
158.638
 10
85.49
 20
161.3
 10
85.373
 20
161.464
 10
85.361
 20
161.48
 10
85.242
 20
161.643
 10
83.353
 20
164.199
 10
83.228
 20
164.368
 10
83.215
 20
164.385
 10
83.087
 20
164.552
 10
81.194
 20
167.004
 10
81.059
 20
167.177
 10
81.046
 20
167.194
 10
80.909
 20
167.366
 10
79.011
 20
169.716
 10
78.866
 20
169.893
 10
78.852
 20
169.91
 10
78.705
 20
170.086
 10
76.802
 20
172.335
 10
76.648
 20
172.515
 10
76.632
 20
172.533
 10
76.475
 20
172.712
 10
74.567
 20
174.862
 10
74.402
 20
175.046
 10
74.385
 20
175.064
 10
74.218
 20
175.246
 10
72.304
 20
177.298
 10
72.127
 20
177.484
 10
72.11
 20
177.503
 10
71.931
 20
177.687
 10
70.011
 20
179.642
 10
69.823
 20
179.831
 10
69.804
 20
179.849
 10
69.614
 20
180.035
 10
67.687
 20
181.896
 10
67.488
 20
182.086
 10
67.468
 20
182.104
 10
67.266
 20
182.291
 10
65.332
 20
184.059
 10
65.121
 20
184.249
 10
65.1
 20
184.268
 10
64.887
 20
184.454
 10
62.944
 20
186.131
 10
62.722
 20
186.32
 10
62.7
 20
186.339
 10
62.474
 20
186.525
 10
60.661
 20
188.0
 10
62.474
 20
189.475
 10
62.7
 20
189.661
 10
62.722
 20
189.68
 10
62.944
 20
189.869
 10
64.887
 20
191.546
 10
65.1
 20
191.732
 10
65.121
 20
191.751
 10
65.332
 20
191.941
 10
67.266
 20
193.709
 10
67.468
 20
193.896
 10
67.488
 20
193.914
 10
67.687
 20
194.104
 10
69.614
 20
195.965
 10
69.804
 20
196.151
 10
69.823
 20
196.169
 10
70.011
 20
196.358
 10
71.931
 20
198.313
 10
72.11
 20
198.497
 10
72.127
 20
198.516
 10
72.304
 20
198.702
 10
74.218
 20
200.754
 10
74.385
 20
200.936
 10
74.402
 20
200.954
 10
74.567
 20
201.138
 10
76.475
 20
203.288
 10
76.632
 20
203.467
 10
76.648
 20
203.485
 10
76.802
 20
203.665
 10
78.705
 20
205.914
 10
78.852
 20
206.09
 10
78.866
 20
206.107
 10
79.011
 20
206.284
 10
80.909
 20
208.634
 10
81.046
 20
208.806
 10
81.059
 20
208.823
 10
81.194
 20
208.996
 10
83.087
 20
211.448
 10
83.215
 20
211.615
 10
83.228
 20
211.632
 10
83.353
 20
211.801
 10
85.242
 20
214.357
 10
85.361
 20
214.52
 10
85.373
 20
214.536
 10
85.49
 20
214.7
 10
87.375
 20
217.362
 10
87.486
 20
217.52
 10
87.497
 20
217.536
 10
87.606
 20
217.695
 10
89.488
 20
220.464
 10
89.591
 20
220.617
 10
89.601
 20
220.632
 10
89.703
 20
220.786
 10
91.581
 20
223.664
 10
91.677
 20
223.812
 10
91.686
 20
223.827
 10
91.781
 20
223.976
 10
93.657
 20
226.963
 10
93.746
 20
227.106
 10
93.755
 20
227.121
 10
93.843
 20
227.265
 10
95.716
 20
230.364
 10
95.799
 20
230.502
 10
95.807
 20
230.516
 10
95.889
 20
230.655
 10
97.761
 20
233.866
 10
97.838
 20
234.0
 10
97.846
 20
234.013
 10
97.922
 20
234.147
 10
99.792
 20
237.473
 10
99.864
 20
237.602
 10
99.871
 20
237.615
 10
99.942
 20
237.744
 10
101.811
 20
241.186
 10
101.878
 20
241.31
 10
101.885
 20
241.322
 10
101.95
 20
241.446
 10
103.819
 20
245.006
 10
103.881
 20
245.125
 10
103.888
 20
245.137
 10
103.949
 20
245.256
 10
105.818
 20
248.935
 10
105.872
 20
249.042
 10
105.878
 20
249.053
 10
105.931
 20
249.161
 10
107.784
 20
252.919
 10
107.826
 20
253.005
 10
107.83
 20
253.013
 10
107.872
 20
253.099
 10
109.696
 20
256.89
 10
109.727
 20
256.954
 10
109.73
 20
256.961
 10
109.76
 20
257.025
 10
111.564
 20
260.842
 10
111.584
 20
260.885
 10
111.586
 20
260.889
 10
111.606
 20
260.932
 10
113.398
 20
264.769
 10
113.408
 20
264.79
 10
113.408
 20
264.792
 10
113.418
 20
264.813
 10
115.205
 20
268.664
 10
116.984
 20
272.498
 10
118.753
 20
276.287
 10
120.52
 20
280.026
 10
122.293
 20
283.707
 10
124.078
 20
287.327
 10
125.88
 20
290.875
 10
127.706
 20
294.348
 10
129.563
 20
297.738
 10
131.454
 20
301.041
 10
133.386
 20
304.25
 10
135.364
 20
307.362
 10
137.391
 20
310.372
 10
139.474
 20
313.276
 10
141.617
 20
316.072
 10
143.825
 20
318.757
 10
146.104
 20
321.331
 10
148.462
 20
323.793
 10
150.905
 20
326.143
 10
153.443
 20
328.383
 10
156.085
 20
330.513
 10
158.844
 20
332.536
 10
161.732
 20
334.451
 10
164.765
 20
336.259
 10
167.956
 20
337.96
 10
171.323
 20
339.55
 10
174.881
 20
341.026
 10
178.647
 20
342.384
 10
182.637
 20
343.617
 10
186.866
 20
344.717
 10
191.349
 20
345.676
 10
196.098
 20
346.483
 10
201.126
 20
347.13
 10
206.443
 20
347.604
 10
212.06
 20
347.897
 10
218.155
 20
348.0
 10
1467.967
 20
348.0
 10
1467.989
 20
28.0
  0
LWPOLYLINE
  5
B4
330
17
100
AcDbEntity
  8
ENGRAVE_V
100
AcDbPolyline
 90
256
 70
1
 10
1459.989
 20
36.0
 10
218.23
 20
36.0
 10
212.352
 20
36.099
 10
207.023
 20
36.376
 10
202.007
 20
36.823
 10
197.295
 20
37.428
 10
192.873
 20
38.18
 10
188.727
 20
39.065
 10
184.842
 20
40.075
 10
181.202
 20
41.199
 10
177.788
 20
42.429
 10
174.582
 20
43.759
 10
171.563
 20
45.184
 10
168.711
 20
46.702
 10
166.008
 20
48.313
 10
163.435
 20
50.018
 10
160.976
 20
51.82
 10
158.615
 20
53.723
 10
156.339
 20
55.731
 10
154.137
 20
57.848
 10
152.0
 20
60.079
 10
149.92
 20
62.427
 10
147.891
 20
64.893
 10
145.908
 20
67.48
 10
143.967
 20
70.185
 10
142.064
 20
73.01
 10
140.196
 20
75.95
 10
138.358
 20
79.003
 10
136.547
 20
82.164
 10
134.759
 20
85.429
 10
132.99
 20
88.793
 10
131.234
 20
92.249
 10
129.488
 20
95.789
 10
127.744
 20
99.413
 10
125.996
 20
103.111
 10
124.238
 20
106.876
 10
122.462
 20
110.703
 10
120.675
 20
114.554
 10
120.661
 20
114.583
 10
120.647
 20
114.615
 10
118.855
 20
118.452
 10
118.828
 20
118.512
 10
118.826
 20
118.516
 10
118.797
 20
118.576
 10
116.994
 20
122.393
 10
116.951
 20
122.483
 10
116.948
 20
122.489
 10
116.905
 20
122.579
 10
115.081
 20
126.37
 10
115.022
 20
126.49
 10
115.018
 20
126.499
 10
114.96
 20
126.618
 10
113.107
 20
130.376
 10
113.032
 20
130.528
 10
113.026
 20
130.538
 10
112.95
 20
130.689
 10
111.081
 20
134.368
 10
110.995
 20
134.535
 10
110.989
 20
134.547
 10
110.902
 20
134.714
 10
109.033
 20
138.273
 10
108.941
 20
138.447
 10
108.935
 20
138.459
 10
108.841
 20
138.633
 10
106.972
 20
142.075
 10
106.873
 20
142.255
 10
106.866
 20
142.268
 10
106.765
 20
142.448
 10
104.895
 20
145.774
 10
104.788
 20
145.962
 10
104.781
 20
145.975
 10
104.673
 20
146.162
 10
102.801
 20
149.374
 10
102.686
 20
149.568
 10
102.678
 20
149.582
 10
102.562
 20
149.776
 10
100.689
 20
152.874
 10
100.565
 20
153.076
 10
100.557
 20
153.091
 10
100.432
 20
153.291
 10
98.556
 20
156.278
 10
98.424
 20
156.487
 10
98.414
 20
156.502
 10
98.28
 20
156.71
 10
96.401
 20
159.587
 10
96.259
 20
159.803
 10
96.249
 20
159.818
 10
96.104
 20
160.033
 10
94.223
 20
162.801
 10
94.07
 20
163.024
 10
94.059
 20
163.04
 10
93.904
 20
163.261
 10
92.019
 20
165.923
 10
91.855
 20
166.153
 10
91.843
 20
166.169
 10
91.676
 20
166.397
 10
89.788
 20
168.953
 10
89.611
 20
169.189
 10
89.599
 20
169.206
 10
89.42
 20
169.44
 10
87.527
 20
171.892
 10
87.338
 20
172.135
 10
87.324
 20
172.152
 10
87.133
 20
172.392
 10
85.235
 20
174.742
 10
85.033
 20
174.99
 10
85.018
 20
175.007
 10
84.813
 20
175.253
 10
82.91
 20
177.502
 10
82.693
 20
177.755
 10
82.678
 20
177.773
 10
82.458
 20
178.023
 10
80.55
 20
180.173
 10
80.319
 20
180.43
 10
80.302
 20
180.448
 10
80.067
 20
180.703
 10
78.153
 20
182.755
 10
77.907
 20
183.016
 10
77.889
 20
183.034
 10
77.639
 20
183.292
 10
75.718
 20
185.248
 10
75.456
 20
185.511
 10
75.437
 20
185.53
 10
75.171
 20
185.79
 10
73.244
 20
187.651
 10
72.965
 20
187.917
 10
72.945
 20
187.935
 10
72.875
 20
188.0
 10
72.945
 20
188.065
 10
72.965
 20
188.083
 10
73.244
 20
188.349
 10
75.171
 20
190.21
 10
75.437
 20
190.47
 10
75.456
 20
190.489
 10
75.718
 20
190.752
 10
77.639
 20
192.708
 10
77.889
 20
192.966
 10
77.907
 20
192.984
 10
78.153
 20
193.245
 10
80.067
 20
195.297
 10
80.302
 20
195.552
 10
80.319
 20
195.57
 10
80.55
 20
195.827
 10
82.458
 20
197.977
 10
82.678
 20
198.227
 10
82.693
 20
198.245
 10
82.91
 20
198.498
 10
84.813
 20
200.747
 10
85.018
 20
200.993
 10
85.033
 20
201.01
 10
85.235
 20
201.258
 10
87.133
 20
203.608
 10
87.324
 20
203.848
 10
87.338
 20
203.865
 10
87.527
 20
204.108
 10
89.42
 20
206.56
 10
89.599
 20
206.794
 10
89.611
 20
206.811
 10
89.788
 20
207.047
 10
91.676
 20
209.603
 10
91.843
 20
209.831
 10
91.855
 20
209.847
 10
92.019
 20
210.077
 10
93.904
 20
212.739
 10
94.059
 20
212.96
 10
94.07
 20
212.976
 10
94.223
 20
213.199
 10
96.104
 20
215.967
 10
96.249
 20
216.182
 10
96.259
 20
216.197
 10
96.401
 20
216.413
 10
98.28
 20
219.29
 10
98.414
 20
219.498
 10
98.424
 20
219.513
 10
98.556
 20
219.722
 10
100.432
 20
222.709
 10
100.557
 20
222.909
 10
100.565
 20
222.924
 10
100.689
 20
223.126
 10
102.562
 20
226.224
 10
102.678
 20
226.418
 10
102.686
 20
226.432
 10
102.801
 20
226.626
 10
104.673
 20
229.838
 10
104.781
 20
230.025
 10
104.788
 20
230.038
 10
104.895
 20
230.226
 10
106.765
 20
233.552
 10
106.866
 20
233.732
 10
106.873
 20
233.745
 10
106.972
 20
233.925
 10
108.841
 20
237.367
 10
108.935
 20
237.541
 10
108.941
 20
237.553
 10
109.033
 20
237.727
 10
110.902
 20
241.286
 10
110.989
 20
241.453
 10
110.995
 20
241.465
 10
111.081
 20
241.632
 10
112.95
 20
245.311
 10
113.026
 20
245.462
 10
113.032
 20
245.472
 10
113.107
 20
245.624
 10
114.96
 20
249.382
 10
115.018
 20
249.501
 10
115.022
 20
249.51
 10
115.081
 20
249.63
 10
116.905
 20
253.421
 10
116.948
 20
253.511
 10
116.951
 20
253.517
 10
116.994
 20
253.607
 10
118.797
 20
257.424
 10
118.826
 20
257.484
 10
118.828
 20
257.488
 10
118.855
 20
257.548
 10
120.647
 20
261.385
 10
120.661
 20
261.415
 10
120.675
 20
261.446
 10
122.462
 20
265.297
 10
124.237
 20
269.122
 10
125.994
 20
272.885
 10
127.741
 20
276.581
 10
129.484
 20
280.203
 10
131.232
 20
283.747
 10
132.987
 20
287.202
 10
134.755
 20
290.564
 10
136.543
 20
293.829
 10
138.353
 20
296.989
 10
140.19
 20
300.041
 10
142.058
 20
302.981
 10
143.961
 20
305.805
 10
145.901
 20
308.51
 10
147.883
 20
311.096
 10
149.911
 20
313.563
 10
151.99
 20
315.91
 10
154.126
 20
318.141
 10
156.327
 20
320.259
 10
158.603
 20
322.267
 10
160.963
 20
324.17
 10
163.422
 20
325.972
 10
165.994
 20
327.678
 10
168.696
 20
329.29
 10
171.547
 20
330.808
 10
174.566
 20
332.234
 10
177.772
 20
333.565
 10
181.186
 20
334.796
 10
184.826
 20
335.92
 10
188.71
 20
336.931
 10
192.856
 20
337.817
 10
197.279
 20
338.569
 10
201.992
 20
339.175
 10
207.007
 20
339.623
 10
212.336
 20
339.9
 10
218.223
 20
340.0
 10
1459.968
 20
340.0
 10
1459.989
 20
36.0
  0
LWPOLYLINE
  5
B5
330
17
100
AcDbEntity
  8
ENGRAVE_V
100
AcDbPolyline
 90
53
 70
1
 10
970.99
 20
298.0
 10
972.818
 20
297.88
 10
974.614
 20
297.523
 10
976.348
 20
296.934
 10
977.99
 20
296.124
 10
979.513
 20
295.107
 10
980.89
 20
293.899
 10
982.097
 20
292.523
 10
983.115
 20
291.0
 10
983.925
 20
289.358
 10
984.513
 20
287.623
 10
984.871
 20
285.827
 10
984.99
 20
284.0
 10
984.99
 20
92.0
 10
984.871
 20
90.173
 10
984.513
 20
88.377
 10
983.925
 20
86.642
 10
983.115
 20
85.0
 10
982.097
 20
83.477
 10
980.89
 20
82.101
 10
979.513
 20
80.893
 10
977.99
 20
79.876
 10
976.348
 20
79.066
 10
974.614
 20
78.477
 10
972.818
 20
78.12
 10
970.99
 20
78.0
 10
628.99
 20
78.0
 10
627.163
 20
78.12
 10
625.367
 20
78.477
 10
623.633
 20
79.066
 10
621.99
 20
79.876
 10
620.468
 20
80.893
 10
619.091
 20
82.101
 10
617.884
 20
83.477
 10
616.866
 20
85.0
 10
616.056
 20
86.642
 10
615.468
 20
88.377
 10
615.11
 20
90.173
 10
614.99
 20
92.0
 10
614.99
 20
284.0
 10
615.11
 20
285.827
 10
615.468
 20
287.623
 10
616.056
 20
289.358
 10
616.866
 20
291.0
 10
617.884
 20
292.523
 10
619.091
 20
293.899
 10
620.468
 20
295.107
 10
621.99
 20
296.124
 10
623.633
 20
296.934
 10
625.367
 20
297.523
 10
627.163
 20
297.88
 10
628.99
 20
298.0
 10
970.99
 20
298.0
  0
LWPOLYLINE
  5
B6
330
17
100
AcDbEntity
  8
ENGRAVE_V
100
AcDbPolyline
 90
309
 70
1
 10
1203.405
 20
138.18
 10
1203.548
 20
137.9
 10
1203.694
 20
137.605
 10
1203.842
 20
137.297
 10
1203.992
 20
136.975
 10
1204.146
 20
136.639
 10
1204.301
 20
136.289
 10
1204.46
 20
135.925
 10
1204.62
 20
135.547
 10
1204.781
 20
135.158
 10
1204.938
 20
134.762
 10
1205.092
 20
134.358
 10
1205.243
 20
133.946
 10
1205.391
 20
133.527
 10
1205.536
 20
133.101
 10
1205.677
 20
132.666
 10
1205.816
 20
132.225
 10
1205.948
 20
131.779
 10
1206.07
 20
131.333
 10
1206.183
 20
130.887
 10
1206.287
 20
130.442
 10
1206.381
 20
129.996
 10
1206.465
 20
129.55
 10
1206.54
 20
129.105
 10
1206.606
 20
128.659
 10
1206.659
 20
128.217
 10
1206.698
 20
127.78
 10
1206.722
 20
127.351
 10
1206.732
 20
126.927
 10
1206.727
 20
126.51
 10
1206.708
 20
126.099
 10
1206.674
 20
125.695
 10
1206.626
 20
125.296
 10
1206.56
 20
124.908
 10
1206.473
 20
124.534
 10
1206.365
 20
124.174
 10
1206.236
 20
123.828
 10
1206.086
 20
123.495
 10
1205.916
 20
123.177
 10
1205.724
 20
122.872
 10
1205.512
 20
122.582
 10
1205.248
 20
122.264
 10
1204.985
 20
121.978
 10
1204.722
 20
121.724
 10
1204.458
 20
121.503
 10
1204.195
 20
121.314
 10
1203.932
 20
121.157
 10
1203.668
 20
121.033
 10
1203.405
 20
120.941
 10
1203.141
 20
120.876
 10
1202.877
 20
120.833
 10
1202.612
 20
120.813
 10
1202.346
 20
120.814
 10
1202.08
 20
120.838
 10
1201.813
 20
120.884
 10
1201.546
 20
120.952
 10
1201.278
 20
121.042
 10
1201.01
 20
121.149
 10
1200.742
 20
121.265
 10
1200.475
 20
121.392
 10
1200.209
 20
121.528
 10
1199.944
 20
121.675
 10
1199.679
 20
121.832
 10
1199.414
 20
121.999
 10
1199.151
 20
122.177
 10
1198.888
 20
122.358
 10
1198.627
 20
122.539
 10
1198.366
 20
122.718
 10
1198.107
 20
122.896
 10
1197.85
 20
123.072
 10
1197.593
 20
123.248
 10
1197.338
 20
123.422
 10
1197.084
 20
123.595
 10
1196.824
 20
123.783
 10
1196.568
 20
123.982
 10
1196.317
 20
124.193
 10
1196.072
 20
124.415
 10
1195.831
 20
124.649
 10
1195.595
 20
124.894
 10
1195.365
 20
125.15
 10
1195.14
 20
125.418
 10
1194.926
 20
125.692
 10
1194.729
 20
125.967
 10
1194.551
 20
126.244
 10
1194.39
 20
126.522
 10
1194.247
 20
126.801
 10
1194.122
 20
127.082
 10
1194.014
 20
127.363
 10
1193.924
 20
127.646
 10
1193.858
 20
127.926
 10
1193.822
 20
128.198
 10
1193.815
 20
128.463
 10
1193.838
 20
128.72
 10
1193.891
 20
128.969
 10
1193.974
 20
129.211
 10
1194.086
 20
129.445
 10
1194.228
 20
129.672
 10
1194.406
 20
129.886
 10
1194.624
 20
130.082
 10
1194.884
 20
130.261
 10
1195.185
 20
130.422
 10
1195.527
 20
130.565
 10
1195.911
 20
130.69
 10
1196.335
 20
130.798
 10
1196.801
 20
130.887
 10
1196.88
 20
130.719
 10
1196.955
 20
130.56
 10
1197.027
 20
130.408
 10
1197.095
 20
130.265
 10
1197.158
 20
130.129
 10
1197.219
 20
130.002
 10
1197.275
 20
129.884
 10
1197.327
 20
129.773
 10
1197.378
 20
129.666
 10
1197.426
 20
129.558
 10
1197.474
 20
129.449
 10
1197.52
 20
129.338
 10
1197.565
 20
129.226
 10
1197.609
 20
129.112
 10
1197.651
 20
128.998
 10
1197.692
 20
128.882
 10
1197.733
 20
128.761
 10
1197.773
 20
128.63
 10
1197.814
 20
128.49
 10
1197.854
 20
128.34
 10
1197.895
 20
128.181
 10
1197.935
 20
128.012
 10
1197.976
 20
127.834
 10
1198.016
 20
127.646
 10
1203.324
 20
125.904
 10
1203.091
 20
126.5
 10
1202.839
 20
127.071
 10
1202.567
 20
127.619
 10
1202.275
 20
128.143
 10
1201.964
 20
128.642
 10
1201.634
 20
129.117
 10
1201.283
 20
129.569
 10
1200.913
 20
129.996
 10
1200.529
 20
130.4
 10
1200.136
 20
130.782
 10
1199.734
 20
131.142
 10
1199.323
 20
131.48
 10
1198.903
 20
131.796
 10
1198.475
 20
132.089
 10
1198.037
 20
132.36
 10
1197.591
 20
132.609
 10
1197.141
 20
132.836
 10
1196.692
 20
133.041
 10
1196.244
 20
133.224
 10
1195.798
 20
133.384
 10
1195.353
 20
133.523
 10
1194.909
 20
133.639
 10
1194.467
 20
133.733
 10
1194.025
 20
133.805
 10
1193.591
 20
133.856
 10
1193.17
 20
133.888
 10
1192.761
 20
133.901
 10
1192.364
 20
133.896
 10
1191.981
 20
133.871
 10
1191.61
 20
133.827
 10
1191.251
 20
133.765
 10
1190.906
 20
133.683
 10
1190.578
 20
133.583
 10
1190.274
 20
133.464
 10
1189.993
 20
133.327
 10
1189.736
 20
133.172
 10
1189.502
 20
132.998
 10
1189.291
 20
132.806
 10
1189.104
 20
132.595
 10
1188.941
 20
132.366
 10
1188.806
 20
132.12
 10
1188.705
 20
131.859
 10
1188.639
 20
131.581
 10
1188.606
 20
131.288
 10
1188.608
 20
130.978
 10
1188.644
 20
130.653
 10
1188.715
 20
130.312
 10
1188.819
 20
129.956
 10
1188.963
 20
129.583
 10
1189.151
 20
129.196
 10
1189.383
 20
128.793
 10
1189.66
 20
128.376
 10
1189.981
 20
127.943
 10
1190.346
 20
127.494
 10
1190.756
 20
127.031
 10
1191.21
 20
126.552
 10
1191.714
 20
126.059
 10
1192.273
 20
125.552
 10
1192.888
 20
125.031
 10
1193.56
 20
124.496
 10
1194.286
 20
123.947
 10
1195.069
 20
123.384
 10
1195.907
 20
122.808
 10
1196.801
 20
122.217
 10
1197.098
 20
122.034
 10
1197.403
 20
121.847
 10
1197.716
 20
121.659
 10
1198.037
 20
121.468
 10
1198.364
 20
121.274
 10
1198.7
 20
121.078
 10
1199.043
 20
120.879
 10
1199.394
 20
120.678
 10
1199.75
 20
120.478
 10
1200.108
 20
120.284
 10
1200.469
 20
120.095
 10
1200.832
 20
119.913
 10
1201.198
 20
119.736
 10
1201.566
 20
119.565
 10
1201.937
 20
119.399
 10
1202.311
 20
119.239
 10
1202.686
 20
119.089
 10
1203.062
 20
118.953
 10
1203.438
 20
118.831
 10
1203.815
 20
118.723
 10
1204.193
 20
118.628
 10
1204.571
 20
118.548
 10
1204.95
 20
118.481
 10
1205.329
 20
118.429
 10
1205.706
 20
118.394
 10
1206.078
 20
118.38
 10
1206.443
 20
118.386
 10
1206.803
 20
118.414
 10
1207.157
 20
118.462
 10
1207.506
 20
118.531
 10
1207.849
 20
118.622
 10
1208.186
 20
118.733
 10
1208.656
 20
118.927
 10
1209.096
 20
119.144
 10
1209.505
 20
119.385
 10
1209.882
 20
119.649
 10
1210.229
 20
119.937
 10
1210.544
 20
120.248
 10
1210.829
 20
120.583
 10
1211.083
 20
120.941
 10
1211.308
 20
121.318
 10
1211.508
 20
121.709
 10
1211.683
 20
122.116
 10
1211.832
 20
122.536
 10
1211.956
 20
122.971
 10
1212.055
 20
123.421
 10
1212.128
 20
123.886
 10
1212.176
 20
124.364
 10
1212.202
 20
124.854
 10
1212.207
 20
125.348
 10
1212.192
 20
125.849
 10
1212.156
 20
126.355
 10
1212.101
 20
126.867
 10
1212.025
 20
127.384
 10
1211.928
 20
127.907
 10
1211.812
 20
128.436
 10
1211.677
 20
128.966
 10
1211.527
 20
129.493
 10
1211.361
 20
130.017
 10
1211.179
 20
130.538
 10
1210.981
 20
131.056
 10
1210.767
 20
131.57
 10
1210.538
 20
132.081
 10
1210.293
 20
132.589
 10
1210.034
 20
133.09
 10
1209.765
 20
133.581
 10
1209.484
 20
134.06
 10
1209.194
 20
134.529
 10
1208.892
 20
134.987
 10
1208.579
 20
135.434
 10
1208.256
 20
135.871
 10
1207.922
 20
136.296
 10
1207.581
 20
136.706
 10
1207.235
 20
137.093
 10
1206.884
 20
137.458
 10
1206.53
 20
137.8
 10
1206.17
 20
138.121
 10
1205.807
 20
138.42
 10
1205.439
 20
138.696
 10
1205.066
 20
138.95
 10
1204.679
 20
139.2
 10
1204.287
 20
139.441
 10
1203.891
 20
139.676
 10
1203.491
 20
139.902
 10
1203.086
 20
140.121
 10
1202.677
 20
140.333
 10
1202.263
 20
140.537
 10
1201.845
 20
140.733
 10
1201.422
 20
140.911
 10
1200.993
 20
141.062
 10
1200.558
 20
141.185
 10
1200.118
 20
141.28
 10
1199.672
 20
141.347
 10
1199.22
 20
141.386
 10
1198.763
 20
141.398
 10
1198.3
 20
141.381
 10
1182.62
 20
140.166
 10
1187.563
 20
137.208
 10
1202.513
 20
138.342
 10
1202.611
 20
138.352
 10
1202.702
 20
138.36
 10
1202.786
 20
138.367
 10
1202.863
 20
138.373
 10
1202.933
 20
138.377
 10
1202.996
 20
138.38
 10
1203.052
 20
138.382
 10
1203.101
 20
138.383
 10
1203.146
 20
138.38
 10
1203.188
 20
138.37
 10
1203.229
 20
138.354
 10
1203.268
 20
138.332
 10
1203.305
 20
138.304
 10
1203.34
 20
138.269
 10
1203.374
 20
138.228
 10
1203.405
 20
138.18
  0
LWPOLYLINE
  5
B7
330
17
100
AcDbEntity
  8
ENGRAVE_V
100
AcDbPolyline
 90
186
 70
1
 10
1211.873
 20
150.74
 10
1211.873
 20
150.74
 10
1211.755
 20
151.284
 10
1211.603
 20
151.823
 10
1211.418
 20
152.355
 10
1211.199
 20
152.882
 10
1210.947
 20
153.404
 10
1210.661
 20
153.919
 10
1210.342
 20
154.429
 10
1209.989
 20
154.934
 10
1209.61
 20
155.427
 10
1209.213
 20
155.906
 10
1208.797
 20
156.369
 10
1208.363
 20
156.818
 10
1207.911
 20
157.251
 10
1207.44
 20
157.668
 10
1206.951
 20
158.071
 10
1206.444
 20
158.458
 10
1205.923
 20
158.826
 10
1205.395
 20
159.17
 10
1204.86
 20
159.49
 10
1204.316
 20
159.785
 10
1203.766
 20
160.057
 10
1203.207
 20
160.304
 10
1202.641
 20
160.528
 10
1202.068
 20
160.727
 10
1201.493
 20
160.899
 10
1200.922
 20
161.04
 10
1200.356
 20
161.15
 10
1199.794
 20
161.229
 10
1199.236
 20
161.276
 10
1198.684
 20
161.293
 10
1198.135
 20
161.279
 10
1197.591
 20
161.234
 10
1197.058
 20
161.152
 10
1196.544
 20
161.029
 10
1196.048
 20
160.863
 10
1195.57
 20
160.656
 10
1195.111
 20
160.408
 10
1194.67
 20
160.117
 10
1194.247
 20
159.785
 10
1193.843
 20
159.411
 10
1193.754
 20
159.314
 10
1193.668
 20
159.207
 10
1193.587
 20
159.089
 10
1193.509
 20
158.96
 10
1193.435
 20
158.82
 10
1193.365
 20
158.67
 10
1193.298
 20
158.509
 10
1193.235
 20
158.337
 10
1193.187
 20
158.164
 10
1193.162
 20
157.999
 10
1193.161
 20
157.842
 10
1193.185
 20
157.694
 10
1193.232
 20
157.553
 10
1193.304
 20
157.421
 10
1193.399
 20
157.298
 10
1193.519
 20
157.182
 10
1193.797
 20
156.945
 10
1194.084
 20
156.72
 10
1194.379
 20
156.507
 10
1194.684
 20
156.306
 10
1194.997
 20
156.117
 10
1195.319
 20
155.94
 10
1195.651
 20
155.775
 10
1195.99
 20
155.622
 10
1196.334
 20
155.474
 10
1196.677
 20
155.322
 10
1197.018
 20
155.167
 10
1197.358
 20
155.009
 10
1197.697
 20
154.848
 10
1198.034
 20
154.684
 10
1198.37
 20
154.517
 10
1198.705
 20
154.346
 10
1198.858
 20
154.279
 10
1199.013
 20
154.219
 10
1199.169
 20
154.168
 10
1199.328
 20
154.123
 10
1199.488
 20
154.086
 10
1199.651
 20
154.057
 10
1199.815
 20
154.036
 10
1199.981
 20
154.022
 10
1200.146
 20
154.019
 10
1200.307
 20
154.032
 10
1200.463
 20
154.06
 10
1200.614
 20
154.103
 10
1200.762
 20
154.161
 10
1200.904
 20
154.235
 10
1201.043
 20
154.323
 10
1201.176
 20
154.427
 10
1201.311
 20
154.568
 10
1201.431
 20
154.727
 10
1201.536
 20
154.905
 10
1201.627
 20
155.101
 10
1201.704
 20
155.315
 10
1201.765
 20
155.548
 10
1201.812
 20
155.799
 10
1201.845
 20
156.068
 10
1201.866
 20
156.344
 10
1201.877
 20
156.616
 10
1201.878
 20
156.884
 10
1201.87
 20
157.147
 10
1201.853
 20
157.405
 10
1201.826
 20
157.659
 10
1201.79
 20
157.909
 10
1201.744
 20
158.155
 10
1201.818
 20
158.204
 10
1201.899
 20
158.252
 10
1201.988
 20
158.298
 10
1202.083
 20
158.342
 10
1202.185
 20
158.384
 10
1202.294
 20
158.424
 10
1202.411
 20
158.463
 10
1202.534
 20
158.499
 10
1202.656
 20
158.529
 10
1202.768
 20
158.548
 10
1202.871
 20
158.557
 10
1202.964
 20
158.555
 10
1203.048
 20
158.542
 10
1203.122
 20
158.518
 10
1203.187
 20
158.483
 10
1203.243
 20
158.438
 10
1203.413
 20
158.284
 10
1203.58
 20
158.124
 10
1203.742
 20
157.96
 10
1203.901
 20
157.79
 10
1204.056
 20
157.615
 10
1204.208
 20
157.435
 10
1204.355
 20
157.251
 10
1204.499
 20
157.061
 10
1204.637
 20
156.866
 10
1204.77
 20
156.666
 10
1204.896
 20
156.46
 10
1205.015
 20
156.25
 10
1205.129
 20
156.035
 10
1205.236
 20
155.815
 10
1205.336
 20
155.589
 10
1205.431
 20
155.359
 10
1205.784
 20
154.487
 10
1206.135
 20
153.612
 10
1206.483
 20
152.734
 10
1206.828
 20
151.854
 10
1207.172
 20
150.972
 10
1207.512
 20
150.087
 10
1207.85
 20
149.199
 10
1208.186
 20
148.309
 10
1208.527
 20
147.424
 10
1208.882
 20
146.552
 10
1209.251
 20
145.692
 10
1209.634
 20
144.845
 10
1210.031
 20
144.011
 10
1210.442
 20
143.189
 10
1210.867
 20
142.38
 10
1211.305
 20
141.584
 10
1211.328
 20
141.546
 10
1211.355
 20
141.513
 10
1211.386
 20
141.485
 10
1211.422
 20
141.462
 10
1211.462
 20
141.444
 10
1211.507
 20
141.432
 10
1211.556
 20
141.424
 10
1211.609
 20
141.422
 10
1211.662
 20
141.425
 10
1211.709
 20
141.434
 10
1211.751
 20
141.45
 10
1211.787
 20
141.472
 10
1211.817
 20
141.501
 10
1211.841
 20
141.536
 10
1211.86
 20
141.577
 10
1211.873
 20
141.624
 10
1211.922
 20
142.183
 10
1211.968
 20
142.745
 10
1212.01
 20
143.31
 10
1212.05
 20
143.878
 10
1212.086
 20
144.449
 10
1212.12
 20
145.024
 10
1212.15
 20
145.601
 10
1212.176
 20
146.182
 10
1212.194
 20
146.763
 10
1212.195
 20
147.341
 10
1212.181
 20
147.915
 10
1212.151
 20
148.486
 10
1212.105
 20
149.055
 10
1212.044
 20
149.62
 10
1211.966
 20
150.181
 10
1211.873
 20
150.74
  0
LWPOLYLINE
  5
B8
330
17
100
AcDbEntity
  8
ENGRAVE_V
100
AcDbPolyline
 90
114
 70
1
 10
1206.565
 20
176.508
 10
1206.497
 20
176.613
 10
1206.416
 20
176.706
 10
1206.32
 20
176.785
 10
1206.211
 20
176.852
 10
1206.087
 20
176.907
 10
1205.95
 20
176.949
 10
1205.798
 20
176.978
 10
1205.633
 20
176.994
 10
1205.471
 20
176.994
 10
1205.327
 20
176.974
 10
1205.202
 20
176.934
 10
1205.096
 20
176.873
 10
1205.01
 20
176.792
 10
1204.942
 20
176.69
 10
1204.893
 20
176.569
 10
1204.863
 20
176.427
 10
1204.86
 20
176.337
 10
1204.868
 20
176.247
 10
1204.89
 20
176.159
 10
1204.924
 20
176.073
 10
1204.971
 20
175.987
 10
1205.031
 20
175.903
 10
1205.103
 20
175.82
 10
1205.188
 20
175.738
 10
1205.147
 20
175.738
 10
1205.351
 20
175.541
 10
1205.54
 20
175.333
 10
1205.711
 20
175.115
 10
1205.866
 20
174.887
 10
1206.005
 20
174.649
 10
1206.127
 20
174.401
 10
1206.233
 20
174.143
 10
1206.322
 20
173.875
 10
1206.511
 20
173.142
 10
1206.692
 20
172.401
 10
1206.865
 20
171.653
 10
1207.031
 20
170.897
 10
1207.189
 20
170.133
 10
1207.34
 20
169.362
 10
1207.483
 20
168.584
 10
1207.618
 20
167.797
 10
1207.757
 20
167.014
 10
1207.91
 20
166.242
 10
1208.076
 20
165.484
 10
1208.257
 20
164.738
 10
1208.451
 20
164.005
 10
1208.659
 20
163.285
 10
1208.881
 20
162.577
 10
1209.118
 20
161.882
 10
1209.179
 20
161.754
 10
1209.242
 20
161.654
 10
1209.306
 20
161.582
 10
1209.371
 20
161.538
 10
1209.437
 20
161.521
 10
1209.505
 20
161.533
 10
1209.574
 20
161.572
 10
1209.644
 20
161.639
 10
1209.752
 20
161.795
 10
1209.872
 20
162.019
 10
1210.005
 20
162.311
 10
1210.151
 20
162.672
 10
1210.309
 20
163.101
 10
1210.48
 20
163.599
 10
1210.663
 20
164.165
 10
1210.86
 20
164.799
 10
1210.958
 20
165.125
 10
1211.052
 20
165.436
 10
1211.141
 20
165.731
 10
1211.224
 20
166.009
 10
1211.303
 20
166.273
 10
1211.376
 20
166.52
 10
1211.445
 20
166.751
 10
1211.508
 20
166.967
 10
1211.566
 20
167.166
 10
1211.619
 20
167.35
 10
1211.668
 20
167.518
 10
1211.711
 20
167.671
 10
1211.749
 20
167.807
 10
1211.781
 20
167.928
 10
1211.809
 20
168.032
 10
1211.832
 20
168.121
 10
1211.946
 20
168.752
 10
1212.026
 20
169.347
 10
1212.07
 20
169.907
 10
1212.08
 20
170.431
 10
1212.055
 20
170.919
 10
1211.995
 20
171.373
 10
1211.901
 20
171.791
 10
1211.771
 20
172.173
 10
1211.606
 20
172.529
 10
1211.403
 20
172.869
 10
1211.163
 20
173.193
 10
1210.885
 20
173.5
 10
1210.57
 20
173.79
 10
1210.218
 20
174.065
 10
1209.828
 20
174.322
 10
1209.401
 20
174.563
 10
1209.2
 20
174.665
 10
1209.0
 20
174.768
 10
1208.802
 20
174.873
 10
1208.606
 20
174.979
 10
1208.412
 20
175.086
 10
1208.22
 20
175.194
 10
1208.03
 20
175.303
 10
1207.841
 20
175.414
 10
1207.657
 20
175.529
 10
1207.48
 20
175.65
 10
1207.31
 20
175.777
 10
1207.147
 20
175.911
 10
1206.991
 20
176.05
 10
1206.842
 20
176.197
 10
1206.7
 20
176.349
 10
1206.565
 20
176.508
  0
LWPOLYLINE
  5
B9
330
17
100
AcDbEntity
  8
ENGRAVE_V
100
AcDbPolyline
 90
35
 70
1
 10
1213.817
 20
185.341
 10
1211.143
 20
182.464
 10
1211.397
 20
182.261
 10
1211.652
 20
182.056
 10
1211.909
 20
181.85
 10
1212.166
 20
181.643
 10
1212.425
 20
181.435
 10
1212.685
 20
181.226
 10
1212.947
 20
181.015
 10
1213.21
 20
180.803
 10
1213.473
 20
180.591
 10
1213.736
 20
180.38
 10
1214.0
 20
180.17
 10
1214.263
 20
179.962
 10
1214.526
 20
179.755
 10
1214.79
 20
179.549
 10
1215.053
 20
179.345
 10
1215.316
 20
179.142
 10
1217.99
 20
182.018
 10
1217.727
 20
182.231
 10
1217.465
 20
182.442
 10
1217.203
 20
182.654
 10
1216.942
 20
182.864
 10
1216.682
 20
183.074
 10
1216.422
 20
183.283
 10
1216.163
 20
183.492
 10
1215.904
 20
183.7
 10
1215.645
 20
183.907
 10
1215.386
 20
184.114
 10
1215.126
 20
184.32
 10
1214.866
 20
184.525
 10
1214.605
 20
184.73
 10
1214.343
 20
184.934
 10
1214.08
 20
185.138
 10
1213.817
 20
185.341
  0
LWPOLYLINE
  5
BA
330
17
100
AcDbEntity
  8
ENGRAVE_V
100
AcDbPolyline
 90
162
 70
1
 10
1206.687
 20
186.556
 10
1201.703
 20
186.637
 10
1201.727
 20
186.418
 10
1201.736
 20
186.208
 10
1201.732
 20
186.006
 10
1201.713
 20
185.812
 10
1201.681
 20
185.626
 10
1201.635
 20
185.448
 10
1201.575
 20
185.279
 10
1201.501
 20
185.118
 10
1201.41
 20
184.972
 10
1201.301
 20
184.851
 10
1201.172
 20
184.752
 10
1201.025
 20
184.677
 10
1200.858
 20
184.625
 10
1200.673
 20
184.597
 10
1200.468
 20
184.593
 10
1200.245
 20
184.611
 10
1200.139
 20
184.603
 10
1200.046
 20
184.578
 10
1199.964
 20
184.537
 10
1199.895
 20
184.48
 10
1199.838
 20
184.406
 10
1199.793
 20
184.315
 10
1199.759
 20
184.208
 10
1199.738
 20
184.085
 10
1199.726
 20
183.948
 10
1199.72
 20
183.803
 10
1199.721
 20
183.65
 10
1199.728
 20
183.487
 10
1199.741
 20
183.315
 10
1199.761
 20
183.135
 10
1199.787
 20
182.946
 10
1199.819
 20
182.748
 10
1199.856
 20
182.544
 10
1199.895
 20
182.339
 10
1199.937
 20
182.131
 10
1199.981
 20
181.922
 10
1200.028
 20
181.711
 10
1200.077
 20
181.498
 10
1200.129
 20
181.283
 10
1200.184
 20
181.066
 10
1200.239
 20
180.852
 10
1200.294
 20
180.645
 10
1200.348
 20
180.444
 10
1200.402
 20
180.251
 10
1200.454
 20
180.064
 10
1200.507
 20
179.885
 10
1200.558
 20
179.712
 10
1200.609
 20
179.547
 10
1200.857
 20
178.796
 10
1201.113
 20
178.124
 10
1201.378
 20
177.53
 10
1201.653
 20
177.015
 10
1201.936
 20
176.578
 10
1202.227
 20
176.219
 10
1202.528
 20
175.94
 10
1202.838
 20
175.738
 10
1203.011
 20
175.649
 10
1203.188
 20
175.564
 10
1203.368
 20
175.482
 10
1203.552
 20
175.404
 10
1203.738
 20
175.33
 10
1203.928
 20
175.26
 10
1204.121
 20
175.193
 10
1204.316
 20
175.131
 10
1204.513
 20
175.069
 10
1204.708
 20
175.004
 10
1204.9
 20
174.937
 10
1205.091
 20
174.867
 10
1205.28
 20
174.795
 10
1205.467
 20
174.72
 10
1205.653
 20
174.643
 10
1205.836
 20
174.563
 10
1205.851
 20
174.551
 10
1205.875
 20
174.533
 10
1205.909
 20
174.51
 10
1205.952
 20
174.482
 10
1206.005
 20
174.449
 10
1206.067
 20
174.411
 10
1206.139
 20
174.368
 10
1206.221
 20
174.32
 10
1206.303
 20
174.273
 10
1206.376
 20
174.234
 10
1206.442
 20
174.203
 10
1206.499
 20
174.178
 10
1206.548
 20
174.162
 10
1206.589
 20
174.153
 10
1206.622
 20
174.152
 10
1206.646
 20
174.158
 10
1206.851
 20
174.119
 10
1207.04
 20
174.101
 10
1207.213
 20
174.106
 10
1207.37
 20
174.133
 10
1207.512
 20
174.182
 10
1207.637
 20
174.253
 10
1207.747
 20
174.347
 10
1207.841
 20
174.462
 10
1207.91
 20
174.589
 10
1207.944
 20
174.717
 10
1207.943
 20
174.845
 10
1207.907
 20
174.974
 10
1207.837
 20
175.103
 10
1207.731
 20
175.233
 10
1207.591
 20
175.364
 10
1207.416
 20
175.495
 10
1207.247
 20
175.669
 10
1207.087
 20
175.845
 10
1206.934
 20
176.023
 10
1206.788
 20
176.204
 10
1206.65
 20
176.388
 10
1206.519
 20
176.574
 10
1206.397
 20
176.763
 10
1206.281
 20
176.954
 10
1206.221
 20
177.118
 10
1206.161
 20
177.288
 10
1206.102
 20
177.463
 10
1206.043
 20
177.643
 10
1205.985
 20
177.827
 10
1205.928
 20
178.017
 10
1205.872
 20
178.212
 10
1205.816
 20
178.412
 10
1205.76
 20
178.616
 10
1205.705
 20
178.823
 10
1205.651
 20
179.031
 10
1205.598
 20
179.243
 10
1205.545
 20
179.457
 10
1205.493
 20
179.673
 10
1205.441
 20
179.892
 10
1205.39
 20
180.114
 10
1205.305
 20
180.531
 10
1205.251
 20
180.891
 10
1205.229
 20
181.195
 10
1205.238
 20
181.441
 10
1205.279
 20
181.63
 10
1205.352
 20
181.762
 10
1205.457
 20
181.838
 10
1205.593
 20
181.856
 10
1206.026
 20
181.816
 10
1206.393
 20
181.836
 10
1206.694
 20
181.917
 10
1206.93
 20
182.059
 10
1207.099
 20
182.261
 10
1207.203
 20
182.525
 10
1207.241
 20
182.849
 10
1207.213
 20
183.234
 10
1207.183
 20
183.437
 10
1207.153
 20
183.641
 10
1207.122
 20
183.847
 10
1207.092
 20
184.054
 10
1207.061
 20
184.262
 10
1207.031
 20
184.472
 10
1207.001
 20
184.683
 10
1206.97
 20
184.895
 10
1206.939
 20
185.107
 10
1206.907
 20
185.318
 10
1206.873
 20
185.527
 10
1206.839
 20
185.736
 10
1206.802
 20
185.943
 10
1206.765
 20
186.148
 10
1206.726
 20
186.353
 10
1206.687
 20
186.556
  0
LWPOLYLINE
  5
BB
330
17
100
AcDbEntity
  8
ENGRAVE_V
100
AcDbPolyline
 90
98
 70
1
 10
1200.366
 20
192.755
 10
1200.611
 20
191.918
 10
1200.837
 20
191.068
 10
1201.046
 20
190.206
 10
1201.237
 20
189.331
 10
1201.411
 20
188.444
 10
1201.566
 20
187.544
 10
1201.704
 20
186.631
 10
1201.825
 20
185.705
 10
1207.051
 20
184.814
 10
1206.89
 20
185.487
 10
1206.73
 20
186.15
 10
1206.571
 20
186.801
 10
1206.413
 20
187.442
 10
1206.257
 20
188.072
 10
1206.102
 20
188.692
 10
1205.948
 20
189.301
 10
1205.795
 20
189.899
 10
1205.635
 20
190.489
 10
1205.458
 20
191.075
 10
1205.265
 20
191.656
 10
1205.056
 20
192.233
 10
1204.83
 20
192.806
 10
1204.587
 20
193.374
 10
1204.328
 20
193.938
 10
1204.053
 20
194.497
 10
1203.737
 20
195.104
 10
1203.415
 20
195.669
 10
1203.088
 20
196.193
 10
1202.757
 20
196.675
 10
1202.42
 20
197.115
 10
1202.078
 20
197.513
 10
1201.731
 20
197.869
 10
1201.379
 20
198.184
 10
1201.151
 20
198.371
 10
1200.933
 20
198.546
 10
1200.726
 20
198.71
 10
1200.528
 20
198.863
 10
1200.341
 20
199.004
 10
1200.164
 20
199.134
 10
1199.996
 20
199.252
 10
1199.839
 20
199.359
 10
1199.684
 20
199.458
 10
1199.523
 20
199.553
 10
1199.355
 20
199.643
 10
1199.181
 20
199.729
 10
1199.001
 20
199.81
 10
1198.814
 20
199.887
 10
1198.621
 20
199.959
 10
1198.421
 20
200.027
 10
1198.208
 20
200.094
 10
1197.973
 20
200.16
 10
1197.717
 20
200.228
 10
1197.439
 20
200.296
 10
1197.139
 20
200.365
 10
1196.819
 20
200.434
 10
1196.476
 20
200.504
 10
1196.112
 20
200.574
 10
1195.751
 20
200.621
 10
1195.436
 20
200.597
 10
1195.168
 20
200.504
 10
1194.947
 20
200.341
 10
1194.773
 20
200.109
 10
1194.646
 20
199.807
 10
1194.565
 20
199.436
 10
1194.532
 20
198.994
 10
1194.517
 20
198.528
 10
1194.512
 20
198.1
 10
1194.517
 20
197.712
 10
1194.532
 20
197.364
 10
1194.557
 20
197.054
 10
1194.593
 20
196.784
 10
1194.638
 20
196.553
 10
1194.694
 20
196.361
 10
1194.729
 20
196.098
 10
1194.833
 20
195.837
 10
1195.007
 20
195.576
 10
1195.251
 20
195.318
 10
1195.564
 20
195.06
 10
1195.947
 20
194.803
 10
1196.4
 20
194.548
 10
1196.922
 20
194.294
 10
1197.202
 20
194.165
 10
1197.473
 20
194.041
 10
1197.736
 20
193.922
 10
1197.991
 20
193.808
 10
1198.238
 20
193.699
 10
1198.476
 20
193.596
 10
1198.706
 20
193.497
 10
1198.928
 20
193.403
 10
1199.141
 20
193.313
 10
1199.344
 20
193.226
 10
1199.538
 20
193.141
 10
1199.723
 20
193.059
 10
1199.898
 20
192.979
 10
1200.064
 20
192.902
 10
1200.22
 20
192.827
 10
1200.366
 20
192.755
  0
LWPOLYLINE
  5
BC
330
17
100
AcDbEntity
  8
ENGRAVE_V
100
AcDbPolyline
 90
35
 70
1
 10
1186.388
 20
235.458
 10
1183.714
 20
232.582
 10
1183.968
 20
232.379
 10
1184.223
 20
232.174
 10
1184.48
 20
231.968
 10
1184.737
 20
231.761
 10
1184.996
 20
231.553
 10
1185.256
 20
231.344
 10
1185.518
 20
231.133
 10
1185.781
 20
230.921
 10
1186.044
 20
230.709
 10
1186.307
 20
230.498
 10
1186.571
 20
230.288
 10
1186.834
 20
230.08
 10
1187.097
 20
229.873
 10
1187.361
 20
229.667
 10
1187.624
 20
229.463
 10
1187.887
 20
229.259
 10
1190.561
 20
232.136
 10
1190.298
 20
232.348
 10
1190.036
 20
232.56
 10
1189.774
 20
232.771
 10
1189.513
 20
232.982
 10
1189.253
 20
233.192
 10
1188.993
 20
233.401
 10
1188.733
 20
233.61
 10
1188.475
 20
233.818
 10
1188.216
 20
234.025
 10
1187.957
 20
234.232
 10
1187.697
 20
234.438
 10
1187.437
 20
234.643
 10
1187.175
 20
234.848
 10
1186.914
 20
235.052
 10
1186.651
 20
235.255
 10
1186.388
 20
235.458
  0
LWPOLYLINE
  5
BD
330
17
100
AcDbEntity
  8
ENGRAVE_V
100
AcDbPolyline
 90
227
 70
1
 10
1196.558
 20
211.311
 10
1196.563
 20
211.241
 10
1196.58
 20
211.172
 10
1196.609
 20
211.104
 10
1196.649
 20
211.038
 10
1196.7
 20
210.972
 10
1196.763
 20
210.908
 10
1196.837
 20
210.846
 10
1196.922
 20
210.784
 10
1197.209
 20
210.602
 10
1197.503
 20
210.42
 10
1197.805
 20
210.237
 10
1198.112
 20
210.055
 10
1198.427
 20
209.873
 10
1198.749
 20
209.69
 10
1199.078
 20
209.508
 10
1199.414
 20
209.326
 10
1199.756
 20
209.144
 10
1200.104
 20
208.964
 10
1200.458
 20
208.785
 10
1200.817
 20
208.607
 10
1201.182
 20
208.43
 10
1201.553
 20
208.255
 10
1201.929
 20
208.081
 10
1202.311
 20
207.908
 10
1202.773
 20
207.718
 10
1203.228
 20
207.553
 10
1203.675
 20
207.414
 10
1204.114
 20
207.3
 10
1204.546
 20
207.211
 10
1204.97
 20
207.148
 10
1205.386
 20
207.11
 10
1205.795
 20
207.097
 10
1206.087
 20
207.104
 10
1206.375
 20
207.123
 10
1206.659
 20
207.154
 10
1206.94
 20
207.199
 10
1207.216
 20
207.256
 10
1207.489
 20
207.325
 10
1207.758
 20
207.408
 10
1208.024
 20
207.503
 10
1208.496
 20
207.684
 10
1208.94
 20
207.905
 10
1209.357
 20
208.165
 10
1209.746
 20
208.465
 10
1210.106
 20
208.804
 10
1210.439
 20
209.181
 10
1210.745
 20
209.599
 10
1211.022
 20
210.055
 10
1211.297
 20
210.588
 10
1211.536
 20
211.154
 10
1211.738
 20
211.753
 10
1211.903
 20
212.385
 10
1212.032
 20
213.049
 10
1212.123
 20
213.747
 10
1212.178
 20
214.478
 10
1212.197
 20
215.241
 10
1212.183
 20
216.108
 10
1212.142
 20
216.967
 10
1212.074
 20
217.817
 10
1211.979
 20
218.66
 10
1211.856
 20
219.494
 10
1211.707
 20
220.319
 10
1211.53
 20
221.137
 10
1211.326
 20
221.946
 10
1211.104
 20
222.738
 10
1210.874
 20
223.502
 10
1210.635
 20
224.24
 10
1210.389
 20
224.95
 10
1210.134
 20
225.632
 10
1209.871
 20
226.288
 10
1209.6
 20
226.916
 10
1209.32
 20
227.517
 10
1209.32
 20
227.517
 10
1209.158
 20
228.166
 10
1208.888
 20
229.015
 10
1208.566
 20
229.822
 10
1208.189
 20
230.585
 10
1207.76
 20
231.306
 10
1207.278
 20
231.983
 10
1206.742
 20
232.617
 10
1206.154
 20
233.209
 10
1205.512
 20
233.757
 10
1204.825
 20
234.279
 10
1204.121
 20
234.772
 10
1203.402
 20
235.236
 10
1202.665
 20
235.671
 10
1201.913
 20
236.077
 10
1201.144
 20
236.454
 10
1200.358
 20
236.801
 10
1199.556
 20
237.12
 10
1199.405
 20
237.159
 10
1199.257
 20
237.195
 10
1199.111
 20
237.23
 10
1198.968
 20
237.261
 10
1198.828
 20
237.29
 10
1198.69
 20
237.317
 10
1198.554
 20
237.341
 10
1198.421
 20
237.363
 10
1198.291
 20
237.382
 10
1198.163
 20
237.398
 10
1198.038
 20
237.412
 10
1197.915
 20
237.423
 10
1197.795
 20
237.432
 10
1197.677
 20
237.439
 10
1197.562
 20
237.442
 10
1197.449
 20
237.444
 10
1197.16
 20
237.434
 10
1196.882
 20
237.404
 10
1196.613
 20
237.355
 10
1196.355
 20
237.287
 10
1196.107
 20
237.198
 10
1195.869
 20
237.09
 10
1195.641
 20
236.963
 10
1195.423
 20
236.816
 10
1195.224
 20
236.65
 10
1195.051
 20
236.467
 10
1194.905
 20
236.268
 10
1194.785
 20
236.051
 10
1194.692
 20
235.817
 10
1194.626
 20
235.566
 10
1194.586
 20
235.298
 10
1194.572
 20
235.013
 10
1194.603
 20
234.645
 10
1194.694
 20
234.271
 10
1194.846
 20
233.89
 10
1195.059
 20
233.504
 10
1195.332
 20
233.11
 10
1195.666
 20
232.711
 10
1196.061
 20
232.305
 10
1196.517
 20
231.893
 10
1197.383
 20
231.184
 10
1198.297
 20
230.495
 10
1199.261
 20
229.827
 10
1200.275
 20
229.178
 10
1201.338
 20
228.55
 10
1202.45
 20
227.943
 10
1203.612
 20
227.355
 10
1204.823
 20
226.788
 10
1204.924
 20
226.499
 10
1205.024
 20
226.201
 10
1205.124
 20
225.892
 10
1205.223
 20
225.573
 10
1205.321
 20
225.243
 10
1205.419
 20
224.904
 10
1205.516
 20
224.555
 10
1205.613
 20
224.195
 10
1205.709
 20
223.825
 10
1205.804
 20
223.443
 10
1205.899
 20
223.05
 10
1205.993
 20
222.645
 10
1206.086
 20
222.229
 10
1206.179
 20
221.802
 10
1206.271
 20
221.363
 10
1206.362
 20
220.913
 10
1206.422
 20
220.63
 10
1206.478
 20
220.349
 10
1206.531
 20
220.068
 10
1206.58
 20
219.789
 10
1206.627
 20
219.511
 10
1206.67
 20
219.234
 10
1206.71
 20
218.959
 10
1206.747
 20
218.685
 10
1206.781
 20
218.412
 10
1206.809
 20
218.14
 10
1206.834
 20
217.87
 10
1206.854
 20
217.601
 10
1206.869
 20
217.333
 10
1206.88
 20
217.067
 10
1206.887
 20
216.802
 10
1206.889
 20
216.538
 10
1206.889
 20
216.396
 10
1206.887
 20
216.257
 10
1206.883
 20
216.118
 10
1206.879
 20
215.98
 10
1206.873
 20
215.844
 10
1206.866
 20
215.71
 10
1206.858
 20
215.576
 10
1206.849
 20
215.444
 10
1206.838
 20
215.312
 10
1206.826
 20
215.18
 10
1206.813
 20
215.049
 10
1206.798
 20
214.917
 10
1206.782
 20
214.785
 10
1206.765
 20
214.654
 10
1206.747
 20
214.522
 10
1206.727
 20
214.39
 10
1206.6
 20
213.678
 10
1206.421
 20
213.02
 10
1206.19
 20
212.417
 10
1205.907
 20
211.868
 10
1205.572
 20
211.374
 10
1205.185
 20
210.934
 10
1204.746
 20
210.548
 10
1204.256
 20
210.217
 10
1204.08
 20
210.132
 10
1203.899
 20
210.058
 10
1203.711
 20
209.995
 10
1203.516
 20
209.944
 10
1203.316
 20
209.904
 10
1203.109
 20
209.875
 10
1202.895
 20
209.858
 10
1202.676
 20
209.852
 10
1202.141
 20
209.88
 10
1201.569
 20
209.961
 10
1200.961
 20
210.097
 10
1200.316
 20
210.288
 10
1199.634
 20
210.533
 10
1198.915
 20
210.832
 10
1198.16
 20
211.186
 10
1197.368
 20
211.595
 10
1197.29
 20
211.623
 10
1197.219
 20
211.648
 10
1197.153
 20
211.669
 10
1197.095
 20
211.686
 10
1197.042
 20
211.699
 10
1196.996
 20
211.709
 10
1196.956
 20
211.714
 10
1196.922
 20
211.716
 10
1196.837
 20
211.71
 10
1196.763
 20
211.691
 10
1196.7
 20
211.659
 10
1196.649
 20
211.615
 10
1196.609
 20
211.558
 10
1196.58
 20
211.488
 10
1196.563
 20
211.406
 10
1196.558
 20
211.311
  0
LWPOLYLINE
  5
BE
330
17
100
AcDbEntity
  8
ENGRAVE_V
100
AcDbPolyline
 90
73
 70
1
 10
1202.716
 20
229.3
 10
1202.626
 20
229.304
 10
1202.539
 20
229.315
 10
1202.454
 20
229.334
 10
1202.372
 20
229.361
 10
1202.292
 20
229.395
 10
1202.215
 20
229.437
 10
1202.14
 20
229.486
 10
1202.068
 20
229.543
 10
1201.886
 20
229.685
 10
1201.703
 20
229.825
 10
1201.521
 20
229.966
 10
1201.339
 20
230.105
 10
1201.156
 20
230.244
 10
1200.974
 20
230.383
 10
1200.792
 20
230.52
 10
1200.609
 20
230.657
 10
1200.433
 20
230.8
 10
1200.27
 20
230.955
 10
1200.119
 20
231.122
 10
1199.981
 20
231.3
 10
1199.856
 20
231.491
 10
1199.743
 20
231.694
 10
1199.643
 20
231.909
 10
1199.556
 20
232.136
 10
1199.606
 20
232.249
 10
1199.677
 20
232.365
 10
1199.769
 20
232.485
 10
1199.88
 20
232.607
 10
1200.012
 20
232.733
 10
1200.164
 20
232.862
 10
1200.336
 20
232.994
 10
1200.528
 20
233.129
 10
1200.732
 20
233.257
 10
1200.938
 20
233.368
 10
1201.147
 20
233.462
 10
1201.359
 20
233.539
 10
1201.573
 20
233.599
 10
1201.789
 20
233.642
 10
1202.008
 20
233.667
 10
1202.23
 20
233.676
 10
1202.387
 20
233.666
 10
1202.534
 20
233.638
 10
1202.67
 20
233.59
 10
1202.797
 20
233.524
 10
1202.914
 20
233.438
 10
1203.02
 20
233.334
 10
1203.116
 20
233.21
 10
1203.202
 20
233.068
 10
1203.383
 20
232.669
 10
1203.542
 20
232.28
 10
1203.677
 20
231.904
 10
1203.79
 20
231.539
 10
1203.88
 20
231.185
 10
1203.947
 20
230.842
 10
1203.991
 20
230.511
 10
1204.013
 20
230.191
 10
1203.978
 20
230.12
 10
1203.935
 20
230.048
 10
1203.884
 20
229.976
 10
1203.825
 20
229.903
 10
1203.758
 20
229.829
 10
1203.682
 20
229.755
 10
1203.598
 20
229.68
 10
1203.506
 20
229.604
 10
1203.41
 20
229.533
 10
1203.312
 20
229.471
 10
1203.215
 20
229.419
 10
1203.116
 20
229.376
 10
1203.017
 20
229.343
 10
1202.917
 20
229.319
 10
1202.817
 20
229.305
 10
1202.716
 20
229.3
  0
LWPOLYLINE
  5
BF
330
17
100
AcDbEntity
  8
ENGRAVE_V
100
AcDbPolyline
 90
163
 70
1
 10
1200.731
 20
248.707
 10
1200.191
 20
248.848
 10
1199.644
 20
248.965
 10
1199.092
 20
249.06
 10
1198.533
 20
249.132
 10
1197.968
 20
249.182
 10
1197.396
 20
249.208
 10
1196.818
 20
249.212
 10
1196.234
 20
249.193
 10
1183.147
 20
248.302
 10
1188.049
 20
245.263
 10
1188.295
 20
245.283
 10
1188.524
 20
245.302
 10
1188.738
 20
245.321
 10
1188.936
 20
245.339
 10
1189.118
 20
245.357
 10
1189.284
 20
245.373
 10
1189.434
 20
245.389
 10
1189.569
 20
245.405
 10
1189.693
 20
245.42
 10
1189.813
 20
245.435
 10
1189.929
 20
245.451
 10
1190.04
 20
245.466
 10
1190.146
 20
245.481
 10
1190.249
 20
245.496
 10
1190.346
 20
245.511
 10
1190.44
 20
245.527
 10
1190.535
 20
245.542
 10
1190.637
 20
245.557
 10
1190.747
 20
245.572
 10
1190.865
 20
245.587
 10
1190.991
 20
245.602
 10
1191.124
 20
245.618
 10
1191.264
 20
245.633
 10
1191.412
 20
245.648
 10
1191.574
 20
245.663
 10
1191.757
 20
245.677
 10
1191.959
 20
245.691
 10
1192.182
 20
245.704
 10
1192.425
 20
245.716
 10
1192.688
 20
245.728
 10
1192.972
 20
245.739
 10
1193.276
 20
245.749
 10
1193.808
 20
245.77
 10
1194.352
 20
245.792
 10
1194.907
 20
245.816
 10
1195.474
 20
245.841
 10
1196.052
 20
245.866
 10
1196.641
 20
245.894
 10
1197.242
 20
245.922
 10
1197.854
 20
245.952
 10
1198.465
 20
245.98
 10
1199.062
 20
246.005
 10
1199.645
 20
246.026
 10
1200.214
 20
246.043
 10
1200.769
 20
246.056
 10
1201.311
 20
246.066
 10
1201.838
 20
246.072
 10
1202.351
 20
246.073
 10
1202.569
 20
245.554
 10
1202.777
 20
245.009
 10
1202.974
 20
244.437
 10
1203.162
 20
243.84
 10
1203.339
 20
243.217
 10
1203.506
 20
242.568
 10
1203.663
 20
241.892
 10
1203.81
 20
241.191
 10
1203.946
 20
240.481
 10
1204.071
 20
239.777
 10
1204.184
 20
239.08
 10
1204.286
 20
238.391
 10
1204.377
 20
237.708
 10
1204.456
 20
237.032
 10
1204.523
 20
236.363
 10
1204.58
 20
235.701
 10
1204.598
 20
235.366
 10
1204.611
 20
235.029
 10
1204.621
 20
234.69
 10
1204.625
 20
234.349
 10
1204.626
 20
234.006
 10
1204.622
 20
233.662
 10
1204.613
 20
233.315
 10
1204.6
 20
232.967
 10
1204.579
 20
232.623
 10
1204.546
 20
232.292
 10
1204.5
 20
231.972
 10
1204.443
 20
231.665
 10
1204.374
 20
231.37
 10
1204.292
 20
231.086
 10
1204.199
 20
230.815
 10
1204.094
 20
230.556
 10
1203.974
 20
230.314
 10
1203.838
 20
230.095
 10
1203.685
 20
229.899
 10
1203.516
 20
229.725
 10
1203.331
 20
229.575
 10
1203.129
 20
229.447
 10
1202.91
 20
229.342
 10
1202.676
 20
229.259
 10
1202.953
 20
229.158
 10
1203.238
 20
229.056
 10
1203.53
 20
228.953
 10
1203.83
 20
228.849
 10
1204.138
 20
228.745
 10
1204.453
 20
228.64
 10
1204.776
 20
228.535
 10
1205.106
 20
228.429
 10
1205.445
 20
228.323
 10
1205.79
 20
228.217
 10
1206.143
 20
228.113
 10
1206.504
 20
228.009
 10
1206.873
 20
227.905
 10
1207.249
 20
227.802
 10
1207.632
 20
227.7
 10
1208.024
 20
227.598
 10
1208.24
 20
227.619
 10
1208.443
 20
227.66
 10
1208.632
 20
227.723
 10
1208.809
 20
227.806
 10
1208.972
 20
227.91
 10
1209.121
 20
228.035
 10
1209.258
 20
228.181
 10
1209.381
 20
228.348
 10
1209.491
 20
228.528
 10
1209.59
 20
228.714
 10
1209.676
 20
228.905
 10
1209.751
 20
229.102
 10
1209.813
 20
229.305
 10
1209.863
 20
229.514
 10
1209.902
 20
229.728
 10
1209.928
 20
229.948
 10
1209.965
 20
230.307
 10
1209.995
 20
230.674
 10
1210.018
 20
231.049
 10
1210.034
 20
231.432
 10
1210.043
 20
231.824
 10
1210.046
 20
232.223
 10
1210.041
 20
232.631
 10
1210.029
 20
233.048
 10
1210.011
 20
233.472
 10
1209.987
 20
233.905
 10
1209.958
 20
234.346
 10
1209.923
 20
234.795
 10
1209.882
 20
235.252
 10
1209.835
 20
235.718
 10
1209.783
 20
236.192
 10
1209.725
 20
236.674
 10
1209.549
 20
237.816
 10
1209.325
 20
238.911
 10
1209.053
 20
239.96
 10
1208.733
 20
240.963
 10
1208.364
 20
241.92
 10
1207.948
 20
242.831
 10
1207.483
 20
243.695
 10
1206.97
 20
244.514
 10
1206.403
 20
245.275
 10
1205.775
 20
245.968
 10
1205.086
 20
246.594
 10
1204.337
 20
247.152
 10
1203.526
 20
247.643
 10
1202.655
 20
248.065
 10
1201.723
 20
248.42
 10
1200.731
 20
248.707
  0
LWPOLYLINE
  5
C0
330
17
100
AcDbEntity
  8
ENGRAVE_V
100
AcDbPolyline
 90
179
 70
1
 10
1173.99
 20
257.62
 10
1173.99
 20
257.62
 10
1174.0
 20
257.62
 10
1174.007
 20
257.62
 10
1174.012
 20
257.62
 10
1174.016
 20
257.62
 10
1174.017
 20
257.62
 10
1174.017
 20
257.62
 10
1174.015
 20
257.62
 10
1174.011
 20
257.62
 10
1174.006
 20
257.62
 10
1174.002
 20
257.62
 10
1173.998
 20
257.62
 10
1173.996
 20
257.62
 10
1173.993
 20
257.62
 10
1173.992
 20
257.62
 10
1173.991
 20
257.62
 10
1173.99
 20
257.62
 10
1174.021
 20
257.55
 10
1174.051
 20
257.48
 10
1174.082
 20
257.411
 10
1174.112
 20
257.342
 10
1174.142
 20
257.274
 10
1174.173
 20
257.206
 10
1174.203
 20
257.14
 10
1174.234
 20
257.073
 10
1174.265
 20
257.008
 10
1174.299
 20
256.943
 10
1174.336
 20
256.879
 10
1174.375
 20
256.815
 10
1174.417
 20
256.752
 10
1174.461
 20
256.69
 10
1174.508
 20
256.628
 10
1174.558
 20
256.567
 10
1174.636
 20
256.461
 10
1174.73
 20
256.345
 10
1174.839
 20
256.22
 10
1174.963
 20
256.086
 10
1175.102
 20
255.942
 10
1175.257
 20
255.788
 10
1175.426
 20
255.625
 10
1175.611
 20
255.453
 10
1175.806
 20
255.277
 10
1176.006
 20
255.103
 10
1176.211
 20
254.932
 10
1176.421
 20
254.764
 10
1176.637
 20
254.598
 10
1176.857
 20
254.435
 10
1177.082
 20
254.274
 10
1177.313
 20
254.116
 10
1177.544
 20
253.966
 10
1177.771
 20
253.832
 10
1177.995
 20
253.713
 10
1178.214
 20
253.609
 10
1178.43
 20
253.521
 10
1178.642
 20
253.447
 10
1178.85
 20
253.389
 10
1179.055
 20
253.346
 10
1179.252
 20
253.325
 10
1179.437
 20
253.332
 10
1179.611
 20
253.368
 10
1179.774
 20
253.432
 10
1179.925
 20
253.525
 10
1180.065
 20
253.646
 10
1180.194
 20
253.796
 10
1180.311
 20
253.974
 10
1180.352
 20
254.057
 10
1180.394
 20
254.144
 10
1180.438
 20
254.234
 10
1180.483
 20
254.329
 10
1180.529
 20
254.427
 10
1180.577
 20
254.529
 10
1180.626
 20
254.634
 10
1180.676
 20
254.744
 10
1180.726
 20
254.853
 10
1180.777
 20
254.959
 10
1180.827
 20
255.061
 10
1180.878
 20
255.159
 10
1180.929
 20
255.253
 10
1180.979
 20
255.344
 10
1181.03
 20
255.431
 10
1181.081
 20
255.514
 10
1181.111
 20
255.559
 10
1181.141
 20
255.592
 10
1181.172
 20
255.614
 10
1181.202
 20
255.625
 10
1181.233
 20
255.624
 10
1181.263
 20
255.612
 10
1181.293
 20
255.589
 10
1181.324
 20
255.554
 10
1181.354
 20
255.515
 10
1181.382
 20
255.478
 10
1181.409
 20
255.444
 10
1181.435
 20
255.412
 10
1181.46
 20
255.383
 10
1181.483
 20
255.357
 10
1181.505
 20
255.333
 10
1181.526
 20
255.311
 10
1181.647
 20
255.087
 10
1181.764
 20
254.86
 10
1181.88
 20
254.631
 10
1181.992
 20
254.399
 10
1182.102
 20
254.165
 10
1182.21
 20
253.928
 10
1182.315
 20
253.689
 10
1182.418
 20
253.447
 10
1182.52
 20
253.205
 10
1182.623
 20
252.964
 10
1182.727
 20
252.724
 10
1182.833
 20
252.485
 10
1182.94
 20
252.248
 10
1183.048
 20
252.012
 10
1183.158
 20
251.777
 10
1183.269
 20
251.543
 10
1183.218
 20
251.816
 10
1183.169
 20
252.088
 10
1183.119
 20
252.358
 10
1183.071
 20
252.627
 10
1183.023
 20
252.895
 10
1182.976
 20
253.161
 10
1182.93
 20
253.426
 10
1182.884
 20
253.69
 10
1182.831
 20
253.952
 10
1182.763
 20
254.21
 10
1182.681
 20
254.463
 10
1182.585
 20
254.713
 10
1182.474
 20
254.96
 10
1182.348
 20
255.202
 10
1182.208
 20
255.441
 10
1182.053
 20
255.676
 10
1181.846
 20
255.949
 10
1181.63
 20
256.2
 10
1181.405
 20
256.43
 10
1181.172
 20
256.638
 10
1180.929
 20
256.825
 10
1180.678
 20
256.99
 10
1180.418
 20
257.134
 10
1180.149
 20
257.256
 10
1179.884
 20
257.347
 10
1179.637
 20
257.398
 10
1179.408
 20
257.408
 10
1179.197
 20
257.377
 10
1179.003
 20
257.306
 10
1178.827
 20
257.195
 10
1178.669
 20
257.043
 10
1178.528
 20
256.851
 10
1178.45
 20
256.736
 10
1178.378
 20
256.616
 10
1178.311
 20
256.491
 10
1178.25
 20
256.359
 10
1178.194
 20
256.222
 10
1178.145
 20
256.08
 10
1178.101
 20
255.931
 10
1178.062
 20
255.777
 10
1178.023
 20
255.624
 10
1177.975
 20
255.479
 10
1177.919
 20
255.343
 10
1177.855
 20
255.215
 10
1177.782
 20
255.095
 10
1177.701
 20
254.983
 10
1177.613
 20
254.88
 10
1177.515
 20
254.784
 10
1177.359
 20
254.899
 10
1177.215
 20
255.02
 10
1177.083
 20
255.147
 10
1176.963
 20
255.281
 10
1176.855
 20
255.421
 10
1176.759
 20
255.567
 10
1176.676
 20
255.719
 10
1176.604
 20
255.878
 10
1176.534
 20
256.034
 10
1176.456
 20
256.177
 10
1176.369
 20
256.307
 10
1176.275
 20
256.425
 10
1176.172
 20
256.53
 10
1176.061
 20
256.623
 10
1175.941
 20
256.703
 10
1175.814
 20
256.77
 10
1173.99
 20
257.62
  0
LWPOLYLINE
  5
C1
330
17
100
AcDbEntity
  8
ENGRAVE_V
100
AcDbPolyline
 90
5
 70
1
 10
1189.143
 20
253.326
 10
1206.362
 20
254.46
 10
1201.582
 20
257.458
 10
1184.362
 20
256.324
 10
1189.143
 20
253.326
  0
LWPOLYLINE
  5
C2
330
17
100
AcDbEntity
  8
ENGRAVE_V
100
AcDbPolyline
 90
449
 70
1
 10
1326.99
 20
77.737
 10
1326.966
 20
76.601
 10
1326.894
 20
75.493
 10
1326.773
 20
74.414
 10
1326.603
 20
73.362
 10
1326.385
 20
72.338
 10
1326.119
 20
71.342
 10
1325.804
 20
70.374
 10
1325.441
 20
69.434
 10
1325.032
 20
68.532
 10
1324.579
 20
67.679
 10
1324.082
 20
66.874
 10
1323.541
 20
66.118
 10
1322.956
 20
65.41
 10
1322.328
 20
64.75
 10
1321.655
 20
64.139
 10
1320.939
 20
63.576
 10
1320.181
 20
63.071
 10
1319.386
 20
62.633
 10
1318.554
 20
62.263
 10
1317.683
 20
61.96
 10
1316.774
 20
61.725
 10
1315.828
 20
61.556
 10
1314.844
 20
61.455
 10
1313.822
 20
61.422
 10
1312.875
 20
61.445
 10
1311.972
 20
61.515
 10
1311.111
 20
61.633
 10
1310.294
 20
61.797
 10
1309.519
 20
62.008
 10
1308.788
 20
62.266
 10
1308.1
 20
62.571
 10
1307.455
 20
62.922
 10
1306.851
 20
63.302
 10
1306.286
 20
63.691
 10
1305.759
 20
64.089
 10
1305.271
 20
64.496
 10
1304.821
 20
64.912
 10
1304.41
 20
65.337
 10
1304.037
 20
65.771
 10
1303.703
 20
66.215
 10
1303.528
 20
66.466
 10
1303.366
 20
66.714
 10
1303.217
 20
66.957
 10
1303.08
 20
67.195
 10
1302.956
 20
67.429
 10
1302.845
 20
67.658
 10
1302.748
 20
67.883
 10
1302.662
 20
68.103
 10
1302.589
 20
68.311
 10
1302.525
 20
68.502
 10
1302.471
 20
68.675
 10
1302.426
 20
68.829
 10
1302.392
 20
68.965
 10
1302.367
 20
69.083
 10
1302.353
 20
69.183
 10
1302.348
 20
69.265
 10
1302.352
 20
69.333
 10
1302.363
 20
69.392
 10
1302.382
 20
69.442
 10
1302.408
 20
69.482
 10
1302.442
 20
69.514
 10
1302.484
 20
69.537
 10
1302.533
 20
69.551
 10
1302.59
 20
69.555
 10
1302.649
 20
69.551
 10
1302.705
 20
69.54
 10
1302.758
 20
69.521
 10
1302.808
 20
69.495
 10
1302.855
 20
69.461
 10
1302.898
 20
69.419
 10
1302.939
 20
69.37
 10
1302.977
 20
69.313
 10
1303.372
 20
68.702
 10
1303.806
 20
68.128
 10
1304.28
 20
67.592
 10
1304.793
 20
67.092
 10
1305.345
 20
66.629
 10
1305.936
 20
66.204
 10
1306.567
 20
65.815
 10
1307.238
 20
65.464
 10
1307.936
 20
65.152
 10
1308.651
 20
64.882
 10
1309.382
 20
64.653
 10
1310.13
 20
64.466
 10
1310.895
 20
64.32
 10
1311.677
 20
64.216
 10
1312.475
 20
64.154
 10
1313.289
 20
64.133
 10
1314.218
 20
64.16
 10
1315.115
 20
64.242
 10
1315.982
 20
64.378
 10
1316.817
 20
64.568
 10
1317.622
 20
64.814
 10
1318.395
 20
65.113
 10
1319.138
 20
65.467
 10
1319.849
 20
65.876
 10
1320.525
 20
66.333
 10
1321.161
 20
66.832
 10
1321.757
 20
67.373
 10
1322.312
 20
67.957
 10
1322.828
 20
68.584
 10
1323.303
 20
69.253
 10
1323.739
 20
69.964
 10
1324.134
 20
70.717
 10
1324.486
 20
71.507
 10
1324.791
 20
72.327
 10
1325.049
 20
73.177
 10
1325.26
 20
74.058
 10
1325.424
 20
74.968
 10
1325.541
 20
75.909
 10
1325.611
 20
76.881
 10
1325.635
 20
77.882
 10
1325.55
 20
79.591
 10
1325.296
 20
81.28
 10
1324.872
 20
82.95
 10
1324.279
 20
84.6
 10
1323.517
 20
86.23
 10
1322.585
 20
87.84
 10
1321.483
 20
89.431
 10
1320.213
 20
91.003
 10
1318.79
 20
92.557
 10
1317.235
 20
94.098
 10
1315.547
 20
95.625
 10
1313.725
 20
97.139
 10
1311.77
 20
98.639
 10
1309.682
 20
100.126
 10
1307.461
 20
101.598
 10
1305.107
 20
103.058
 10
1304.172
 20
103.598
 10
1303.228
 20
104.132
 10
1302.277
 20
104.658
 10
1301.319
 20
105.176
 10
1300.353
 20
105.686
 10
1299.379
 20
106.189
 10
1298.398
 20
106.685
 10
1297.41
 20
107.173
 10
1296.419
 20
107.654
 10
1295.431
 20
108.129
 10
1294.446
 20
108.598
 10
1293.464
 20
109.061
 10
1292.485
 20
109.518
 10
1291.509
 20
109.969
 10
1290.536
 20
110.414
 10
1289.566
 20
110.852
 10
1288.634
 20
111.285
 10
1287.725
 20
111.713
 10
1286.84
 20
112.136
 10
1285.978
 20
112.553
 10
1285.139
 20
112.965
 10
1284.324
 20
113.371
 10
1283.532
 20
113.773
 10
1282.764
 20
114.169
 10
1282.023
 20
114.556
 10
1281.31
 20
114.931
 10
1280.628
 20
115.294
 10
1279.974
 20
115.645
 10
1279.351
 20
115.984
 10
1278.756
 20
116.311
 10
1278.192
 20
116.626
 10
1277.657
 20
116.928
 10
1277.156
 20
117.215
 10
1276.694
 20
117.48
 10
1276.272
 20
117.726
 10
1275.889
 20
117.951
 10
1275.546
 20
118.156
 10
1275.242
 20
118.34
 10
1274.977
 20
118.504
 10
1274.752
 20
118.647
 10
1275.194
 20
115.671
 10
1275.696
 20
112.869
 10
1276.259
 20
110.24
 10
1276.882
 20
107.784
 10
1277.566
 20
105.501
 10
1278.31
 20
103.392
 10
1279.115
 20
101.456
 10
1279.98
 20
99.693
 10
1280.908
 20
98.121
 10
1281.899
 20
96.759
 10
1282.953
 20
95.607
 10
1284.071
 20
94.664
 10
1285.253
 20
93.93
 10
1286.498
 20
93.407
 10
1287.807
 20
93.092
 10
1289.179
 20
92.987
 10
1289.882
 20
93.011
 10
1290.539
 20
93.081
 10
1291.15
 20
93.199
 10
1291.715
 20
93.363
 10
1292.233
 20
93.574
 10
1292.706
 20
93.832
 10
1293.132
 20
94.137
 10
1293.512
 20
94.488
 10
1293.847
 20
94.87
 10
1294.137
 20
95.266
 10
1294.382
 20
95.675
 10
1294.583
 20
96.098
 10
1294.74
 20
96.535
 10
1294.851
 20
96.985
 10
1294.918
 20
97.448
 10
1294.94
 20
97.926
 10
1294.921
 20
98.398
 10
1294.865
 20
98.871
 10
1294.77
 20
99.345
 10
1294.638
 20
99.82
 10
1294.468
 20
100.295
 10
1294.26
 20
100.772
 10
1294.014
 20
101.249
 10
1293.73
 20
101.726
 10
1293.413
 20
102.194
 10
1293.066
 20
102.643
 10
1292.69
 20
103.072
 10
1292.284
 20
103.481
 10
1291.848
 20
103.871
 10
1291.383
 20
104.241
 10
1290.889
 20
104.591
 10
1290.365
 20
104.922
 10
1289.816
 20
105.222
 10
1289.244
 20
105.483
 10
1288.651
 20
105.703
 10
1288.035
 20
105.884
 10
1287.398
 20
106.024
 10
1286.739
 20
106.124
 10
1286.058
 20
106.184
 10
1285.354
 20
106.205
 10
1285.012
 20
106.191
 10
1284.686
 20
106.15
 10
1284.376
 20
106.082
 10
1284.084
 20
105.987
 10
1283.807
 20
105.864
 10
1283.548
 20
105.714
 10
1283.305
 20
105.537
 10
1283.079
 20
105.333
 10
1282.965
 20
105.341
 10
1282.867
 20
105.363
 10
1282.784
 20
105.401
 10
1282.716
 20
105.454
 10
1282.663
 20
105.522
 10
1282.625
 20
105.605
 10
1282.602
 20
105.704
 10
1282.595
 20
105.817
 10
1282.608
 20
105.961
 10
1282.649
 20
106.1
 10
1282.717
 20
106.236
 10
1282.813
 20
106.368
 10
1282.935
 20
106.496
 10
1283.085
 20
106.621
 10
1283.262
 20
106.741
 10
1283.466
 20
106.858
 10
1283.691
 20
106.966
 10
1283.929
 20
107.059
 10
1284.181
 20
107.138
 10
1284.447
 20
107.203
 10
1284.726
 20
107.253
 10
1285.019
 20
107.289
 10
1285.325
 20
107.311
 10
1285.645
 20
107.318
 10
1286.442
 20
107.294
 10
1287.211
 20
107.223
 10
1287.952
 20
107.104
 10
1288.665
 20
106.937
 10
1289.35
 20
106.722
 10
1290.007
 20
106.46
 10
1290.636
 20
106.15
 10
1291.237
 20
105.793
 10
1291.807
 20
105.399
 10
1292.343
 20
104.979
 10
1292.845
 20
104.533
 10
1293.312
 20
104.062
 10
1293.746
 20
103.565
 10
1294.146
 20
103.042
 10
1294.512
 20
102.494
 10
1294.844
 20
101.92
 10
1295.139
 20
101.331
 10
1295.394
 20
100.738
 10
1295.611
 20
100.142
 10
1295.788
 20
99.542
 10
1295.925
 20
98.937
 10
1296.024
 20
98.33
 10
1296.083
 20
97.718
 10
1296.102
 20
97.103
 10
1296.089
 20
96.634
 10
1296.051
 20
96.171
 10
1295.987
 20
95.714
 10
1295.897
 20
95.263
 10
1295.781
 20
94.818
 10
1295.639
 20
94.379
 10
1295.472
 20
93.947
 10
1295.279
 20
93.52
 10
1295.06
 20
93.106
 10
1294.813
 20
92.711
 10
1294.539
 20
92.334
 10
1294.238
 20
91.977
 10
1293.91
 20
91.638
 10
1293.555
 20
91.319
 10
1293.172
 20
91.018
 10
1292.762
 20
90.736
 10
1292.325
 20
90.481
 10
1291.863
 20
90.26
 10
1291.375
 20
90.072
 10
1290.862
 20
89.919
 10
1290.322
 20
89.8
 10
1289.757
 20
89.715
 10
1289.166
 20
89.664
 10
1288.55
 20
89.647
 10
1287.74
 20
89.681
 10
1286.957
 20
89.785
 10
1286.2
 20
89.957
 10
1285.469
 20
90.198
 10
1284.766
 20
90.507
 10
1284.088
 20
90.886
 10
1283.437
 20
91.333
 10
1282.813
 20
91.85
 10
1282.212
 20
92.428
 10
1281.634
 20
93.063
 10
1281.078
 20
93.754
 10
1280.543
 20
94.5
 10
1280.031
 20
95.303
 10
1279.54
 20
96.162
 10
1279.072
 20
97.076
 10
1278.625
 20
98.047
 10
1278.197
 20
99.068
 10
1277.784
 20
100.135
 10
1277.386
 20
101.247
 10
1277.003
 20
102.404
 10
1276.635
 20
103.607
 10
1276.283
 20
104.855
 10
1275.945
 20
106.149
 10
1275.623
 20
107.487
 10
1275.314
 20
108.866
 10
1275.015
 20
110.279
 10
1274.727
 20
111.726
 10
1274.449
 20
113.206
 10
1274.182
 20
114.721
 10
1273.926
 20
116.27
 10
1273.68
 20
117.853
 10
1273.445
 20
119.47
 10
1272.985
 20
119.805
 10
1272.552
 20
120.134
 10
1272.144
 20
120.456
 10
1271.762
 20
120.771
 10
1271.406
 20
121.079
 10
1271.075
 20
121.381
 10
1270.77
 20
121.675
 10
1270.491
 20
121.963
 10
1270.242
 20
122.251
 10
1270.025
 20
122.546
 10
1269.842
 20
122.847
 10
1269.692
 20
123.155
 10
1269.576
 20
123.471
 10
1269.493
 20
123.792
 10
1269.443
 20
124.121
 10
1269.426
 20
124.457
 10
1269.432
 20
124.645
 10
1269.45
 20
124.824
 10
1269.481
 20
124.993
 10
1269.523
 20
125.153
 10
1269.577
 20
125.302
 10
1269.644
 20
125.442
 10
1269.723
 20
125.571
 10
1269.814
 20
125.691
 10
1269.916
 20
125.799
 10
1270.031
 20
125.892
 10
1270.158
 20
125.971
 10
1270.298
 20
126.036
 10
1270.449
 20
126.086
 10
1270.612
 20
126.122
 10
1270.788
 20
126.144
 10
1270.975
 20
126.151
 10
1271.247
 20
126.137
 10
1271.506
 20
126.094
 10
1271.753
 20
126.022
 10
1271.986
 20
125.921
 10
1272.207
 20
125.792
 10
1272.414
 20
125.634
 10
1272.609
 20
125.447
 10
1272.791
 20
125.231
 10
1272.962
 20
124.994
 10
1273.124
 20
124.741
 10
1273.277
 20
124.473
 10
1273.42
 20
124.19
 10
1273.555
 20
123.892
 10
1273.681
 20
123.579
 10
1273.797
 20
123.251
 10
1273.905
 20
122.907
 10
1274.005
 20
122.556
 10
1274.1
 20
122.205
 10
1274.189
 20
121.854
 10
1274.274
 20
121.503
 10
1274.353
 20
121.152
 10
1274.426
 20
120.801
 10
1274.495
 20
120.45
 10
1274.558
 20
120.099
 10
1275.335
 20
119.659
 10
1276.118
 20
119.232
 10
1276.906
 20
118.821
 10
1277.699
 20
118.423
 10
1278.497
 20
118.04
 10
1279.301
 20
117.671
 10
1280.11
 20
117.317
 10
1280.925
 20
116.977
 10
1281.744
 20
116.647
 10
1282.568
 20
116.323
 10
1283.396
 20
116.005
 10
1284.229
 20
115.694
 10
1285.066
 20
115.388
 10
1285.908
 20
115.088
 10
1286.755
 20
114.795
 10
1287.606
 20
114.508
 10
1288.461
 20
114.221
 10
1289.321
 20
113.93
 10
1290.186
 20
113.634
 10
1291.055
 20
113.333
 10
1291.929
 20
113.029
 10
1292.807
 20
112.719
 10
1293.69
 20
112.405
 10
1294.577
 20
112.087
 10
1295.47
 20
111.759
 10
1296.367
 20
111.417
 10
1297.27
 20
111.06
 10
1298.178
 20
110.689
 10
1299.092
 20
110.303
 10
1300.01
 20
109.904
 10
1300.934
 20
109.489
 10
1301.864
 20
109.061
 10
1303.756
 20
108.136
 10
1305.584
 20
107.176
 10
1307.348
 20
106.181
 10
1309.047
 20
105.152
 10
1310.682
 20
104.087
 10
1312.253
 20
102.988
 10
1313.759
 20
101.854
 10
1315.202
 20
100.685
 10
1316.572
 20
99.483
 10
1317.861
 20
98.249
 10
1319.071
 20
96.984
 10
1320.2
 20
95.687
 10
1321.25
 20
94.357
 10
1322.219
 20
92.997
 10
1323.108
 20
91.604
 10
1323.916
 20
90.179
 10
1324.637
 20
88.725
 10
1325.261
 20
87.241
 10
1325.79
 20
85.729
 10
1326.222
 20
84.188
 10
1326.558
 20
82.619
 10
1326.798
 20
81.02
 10
1326.942
 20
79.393
 10
1326.99
 20
77.737
  0
LWPOLYLINE
  5
C3
330
17
100
AcDbEntity
  8
ENGRAVE_V
100
AcDbPolyline
 90
41
 70
1
 10
1273.348
 20
120.971
 10
1273.26
 20
121.447
 10
1273.168
 20
121.882
 10
1273.07
 20
122.276
 10
1272.966
 20
122.629
 10
1272.858
 20
122.941
 10
1272.744
 20
123.213
 10
1272.625
 20
123.444
 10
1272.5
 20
123.634
 10
1272.375
 20
123.792
 10
1272.251
 20
123.93
 10
1272.129
 20
124.047
 10
1272.01
 20
124.142
 10
1271.893
 20
124.216
 10
1271.779
 20
124.269
 10
1271.666
 20
124.301
 10
1271.556
 20
124.311
 10
1271.42
 20
124.302
 10
1271.302
 20
124.275
 10
1271.202
 20
124.23
 10
1271.121
 20
124.166
 10
1271.057
 20
124.084
 10
1271.012
 20
123.985
 10
1270.985
 20
123.867
 10
1270.975
 20
123.73
 10
1270.988
 20
123.594
 10
1271.025
 20
123.45
 10
1271.088
 20
123.3
 10
1271.175
 20
123.143
 10
1271.287
 20
122.98
 10
1271.425
 20
122.809
 10
1271.587
 20
122.632
 10
1271.774
 20
122.447
 10
1271.974
 20
122.26
 10
1272.172
 20
122.074
 10
1272.37
 20
121.888
 10
1272.567
 20
121.703
 10
1272.763
 20
121.519
 10
1272.959
 20
121.335
 10
1273.154
 20
121.153
 10
1273.348
 20
120.971
  0
LWPOLYLINE
  5
C4
330
17
100
AcDbEntity
  8
ENGRAVE_V
100
AcDbPolyline
 90
363
 70
1
 10
1308.496
 20
115.645
 10
1308.493
 20
115.509
 10
1308.481
 20
115.365
 10
1308.462
 20
115.215
 10
1308.436
 20
115.058
 10
1308.402
 20
114.894
 10
1308.36
 20
114.724
 10
1308.311
 20
114.546
 10
1308.254
 20
114.362
 10
1308.187
 20
114.178
 10
1308.107
 20
113.999
 10
1308.015
 20
113.827
 10
1307.909
 20
113.66
 10
1307.791
 20
113.5
 10
1307.66
 20
113.346
 10
1307.516
 20
113.197
 10
1307.359
 20
113.055
 10
1307.185
 20
112.925
 10
1306.991
 20
112.812
 10
1306.776
 20
112.716
 10
1306.542
 20
112.638
 10
1306.286
 20
112.577
 10
1306.011
 20
112.533
 10
1305.714
 20
112.507
 10
1305.398
 20
112.498
 10
1305.077
 20
112.511
 10
1304.744
 20
112.55
 10
1304.399
 20
112.614
 10
1304.042
 20
112.704
 10
1303.673
 20
112.82
 10
1303.292
 20
112.961
 10
1302.898
 20
113.128
 10
1302.493
 20
113.321
 10
1302.088
 20
113.524
 10
1301.694
 20
113.721
 10
1301.313
 20
113.911
 10
1300.944
 20
114.096
 10
1300.587
 20
114.275
 10
1300.242
 20
114.447
 10
1299.909
 20
114.613
 10
1299.588
 20
114.774
 10
1299.581
 20
114.649
 10
1299.561
 20
114.541
 10
1299.527
 20
114.449
 10
1299.479
 20
114.374
 10
1299.418
 20
114.316
 10
1299.343
 20
114.275
 10
1299.255
 20
114.25
 10
1299.152
 20
114.241
 10
1299.106
 20
114.259
 10
1299.04
 20
114.287
 10
1298.955
 20
114.325
 10
1298.85
 20
114.374
 10
1298.725
 20
114.434
 10
1298.581
 20
114.504
 10
1298.416
 20
114.585
 10
1298.233
 20
114.677
 10
1298.034
 20
114.776
 10
1297.827
 20
114.88
 10
1297.611
 20
114.988
 10
1297.385
 20
115.101
 10
1297.151
 20
115.218
 10
1296.907
 20
115.34
 10
1296.655
 20
115.466
 10
1296.393
 20
115.597
 10
1296.128
 20
115.73
 10
1295.865
 20
115.862
 10
1295.604
 20
115.993
 10
1295.346
 20
116.123
 10
1295.09
 20
116.253
 10
1294.836
 20
116.382
 10
1294.584
 20
116.51
 10
1294.335
 20
116.638
 10
1294.094
 20
116.761
 10
1293.868
 20
116.878
 10
1293.656
 20
116.988
 10
1293.458
 20
117.092
 10
1293.274
 20
117.188
 10
1293.105
 20
117.278
 10
1292.951
 20
117.361
 10
1292.81
 20
117.437
 10
1292.561
 20
117.592
 10
1292.344
 20
117.769
 10
1292.161
 20
117.968
 10
1292.011
 20
118.187
 10
1291.895
 20
118.428
 10
1291.812
 20
118.689
 10
1291.762
 20
118.972
 10
1291.745
 20
119.276
 10
1291.745
 20
122.278
 10
1291.904
 20
122.075
 10
1292.067
 20
121.877
 10
1292.234
 20
121.685
 10
1292.405
 20
121.497
 10
1292.579
 20
121.315
 10
1292.757
 20
121.139
 10
1292.939
 20
120.967
 10
1293.125
 20
120.801
 10
1293.332
 20
120.633
 10
1293.577
 20
120.455
 10
1293.861
 20
120.267
 10
1294.184
 20
120.069
 10
1294.545
 20
119.861
 10
1294.945
 20
119.644
 10
1295.383
 20
119.417
 10
1295.86
 20
119.179
 10
1295.871
 20
119.174
 10
1295.903
 20
119.158
 10
1295.956
 20
119.132
 10
1296.03
 20
119.095
 10
1296.125
 20
119.047
 10
1296.242
 20
118.989
 10
1296.379
 20
118.92
 10
1296.538
 20
118.841
 10
1296.713
 20
118.753
 10
1296.9
 20
118.661
 10
1297.097
 20
118.563
 10
1297.307
 20
118.459
 10
1297.527
 20
118.351
 10
1297.759
 20
118.237
 10
1298.002
 20
118.118
 10
1298.257
 20
117.993
 10
1298.517
 20
117.866
 10
1298.779
 20
117.739
 10
1299.041
 20
117.612
 10
1299.304
 20
117.485
 10
1299.567
 20
117.358
 10
1299.832
 20
117.231
 10
1300.097
 20
117.104
 10
1300.363
 20
116.977
 10
1300.624
 20
116.852
 10
1300.874
 20
116.733
 10
1301.114
 20
116.619
 10
1301.343
 20
116.511
 10
1301.562
 20
116.407
 10
1301.77
 20
116.309
 10
1301.967
 20
116.217
 10
1302.154
 20
116.129
 10
1302.484
 20
115.979
 10
1302.797
 20
115.842
 10
1303.092
 20
115.719
 10
1303.37
 20
115.609
 10
1303.631
 20
115.513
 10
1303.874
 20
115.43
 10
1304.1
 20
115.362
 10
1304.309
 20
115.306
 10
1304.506
 20
115.261
 10
1304.7
 20
115.222
 10
1304.891
 20
115.188
 10
1305.077
 20
115.161
 10
1305.26
 20
115.14
 10
1305.439
 20
115.125
 10
1305.614
 20
115.116
 10
1305.785
 20
115.113
 10
1306.16
 20
115.129
 10
1306.484
 20
115.179
 10
1306.759
 20
115.262
 10
1306.983
 20
115.379
 10
1307.158
 20
115.529
 10
1307.283
 20
115.712
 10
1307.358
 20
115.928
 10
1307.383
 20
116.178
 10
1307.353
 20
116.476
 10
1307.265
 20
116.789
 10
1307.117
 20
117.117
 10
1306.911
 20
117.461
 10
1306.645
 20
117.819
 10
1306.321
 20
118.193
 10
1305.937
 20
118.582
 10
1305.495
 20
118.986
 10
1305.085
 20
119.324
 10
1304.656
 20
119.661
 10
1304.208
 20
119.996
 10
1303.74
 20
120.329
 10
1303.252
 20
120.661
 10
1302.744
 20
120.992
 10
1302.217
 20
121.321
 10
1301.67
 20
121.649
 10
1301.111
 20
121.973
 10
1300.547
 20
122.295
 10
1299.979
 20
122.612
 10
1299.407
 20
122.926
 10
1298.829
 20
123.235
 10
1298.248
 20
123.541
 10
1297.661
 20
123.843
 10
1297.071
 20
124.142
 10
1296.485
 20
124.434
 10
1295.915
 20
124.718
 10
1295.359
 20
124.994
 10
1294.819
 20
125.261
 10
1294.294
 20
125.521
 10
1293.785
 20
125.771
 10
1293.29
 20
126.014
 10
1292.81
 20
126.248
 10
1292.561
 20
126.394
 10
1292.344
 20
126.566
 10
1292.161
 20
126.763
 10
1292.011
 20
126.986
 10
1291.895
 20
127.235
 10
1291.812
 20
127.51
 10
1291.762
 20
127.81
 10
1291.745
 20
128.136
 10
1291.745
 20
130.799
 10
1291.977
 20
130.532
 10
1292.235
 20
130.265
 10
1292.521
 20
129.997
 10
1292.834
 20
129.728
 10
1293.175
 20
129.458
 10
1293.542
 20
129.188
 10
1293.937
 20
128.916
 10
1294.359
 20
128.644
 10
1294.81
 20
128.369
 10
1295.291
 20
128.086
 10
1295.803
 20
127.797
 10
1296.344
 20
127.501
 10
1296.916
 20
127.198
 10
1297.518
 20
126.888
 10
1298.151
 20
126.571
 10
1298.814
 20
126.248
 10
1299.001
 20
126.16
 10
1299.201
 20
126.066
 10
1299.413
 20
125.967
 10
1299.637
 20
125.861
 10
1299.873
 20
125.749
 10
1300.121
 20
125.631
 10
1300.381
 20
125.507
 10
1300.653
 20
125.376
 10
1300.934
 20
125.245
 10
1301.219
 20
125.118
 10
1301.509
 20
124.994
 10
1301.803
 20
124.874
 10
1302.102
 20
124.758
 10
1302.405
 20
124.646
 10
1302.713
 20
124.537
 10
1303.026
 20
124.432
 10
1303.34
 20
124.336
 10
1303.655
 20
124.252
 10
1303.97
 20
124.182
 10
1304.284
 20
124.124
 10
1304.599
 20
124.079
 10
1304.914
 20
124.047
 10
1305.228
 20
124.027
 10
1305.543
 20
124.021
 10
1305.94
 20
124.04
 10
1306.284
 20
124.097
 10
1306.576
 20
124.191
 10
1306.814
 20
124.323
 10
1306.999
 20
124.494
 10
1307.132
 20
124.702
 10
1307.211
 20
124.948
 10
1307.238
 20
125.231
 10
1307.202
 20
125.641
 10
1307.095
 20
126.048
 10
1306.918
 20
126.452
 10
1306.669
 20
126.853
 10
1306.349
 20
127.251
 10
1305.958
 20
127.646
 10
1305.495
 20
128.038
 10
1304.962
 20
128.427
 10
1304.374
 20
128.813
 10
1303.746
 20
129.198
 10
1303.078
 20
129.582
 10
1302.372
 20
129.964
 10
1301.626
 20
130.344
 10
1300.841
 20
130.723
 10
1300.016
 20
131.101
 10
1299.152
 20
131.477
 10
1299.153
 20
131.569
 10
1299.155
 20
131.651
 10
1299.159
 20
131.723
 10
1299.165
 20
131.785
 10
1299.171
 20
131.838
 10
1299.18
 20
131.881
 10
1299.189
 20
131.913
 10
1299.201
 20
131.937
 10
1299.217
 20
131.954
 10
1299.243
 20
131.971
 10
1299.278
 20
131.988
 10
1299.322
 20
132.003
 10
1299.375
 20
132.018
 10
1299.437
 20
132.032
 10
1299.508
 20
132.045
 10
1299.588
 20
132.058
 10
1299.918
 20
131.921
 10
1300.255
 20
131.778
 10
1300.599
 20
131.628
 10
1300.95
 20
131.471
 10
1301.307
 20
131.307
 10
1301.671
 20
131.136
 10
1302.043
 20
130.959
 10
1302.42
 20
130.775
 10
1302.8
 20
130.584
 10
1303.175
 20
130.387
 10
1303.547
 20
130.185
 10
1303.915
 20
129.976
 10
1304.279
 20
129.761
 10
1304.64
 20
129.54
 10
1304.997
 20
129.313
 10
1305.349
 20
129.08
 10
1305.692
 20
128.841
 10
1306.018
 20
128.596
 10
1306.328
 20
128.345
 10
1306.62
 20
128.088
 10
1306.896
 20
127.824
 10
1307.156
 20
127.555
 10
1307.399
 20
127.28
 10
1307.625
 20
126.998
 10
1307.829
 20
126.71
 10
1308.006
 20
126.416
 10
1308.156
 20
126.114
 10
1308.278
 20
125.806
 10
1308.374
 20
125.491
 10
1308.442
 20
125.169
 10
1308.483
 20
124.841
 10
1308.496
 20
124.505
 10
1308.482
 20
124.209
 10
1308.44
 20
123.927
 10
1308.37
 20
123.659
 10
1308.272
 20
123.404
 10
1308.146
 20
123.162
 10
1307.993
 20
122.935
 10
1307.811
 20
122.72
 10
1307.601
 20
122.52
 10
1307.365
 20
122.338
 10
1307.106
 20
122.181
 10
1306.823
 20
122.048
 10
1306.517
 20
121.939
 10
1306.188
 20
121.854
 10
1305.835
 20
121.794
 10
1305.459
 20
121.758
 10
1305.059
 20
121.745
 10
1304.729
 20
121.753
 10
1304.393
 20
121.776
 10
1304.051
 20
121.813
 10
1303.703
 20
121.866
 10
1303.349
 20
121.935
 10
1302.989
 20
122.018
 10
1302.623
 20
122.116
 10
1302.251
 20
122.23
 10
1302.614
 20
122.02
 10
1302.977
 20
121.803
 10
1303.34
 20
121.578
 10
1303.703
 20
121.346
 10
1304.066
 20
121.106
 10
1304.43
 20
120.859
 10
1304.793
 20
120.604
 10
1305.156
 20
120.341
 10
1305.511
 20
120.073
 10
1305.85
 20
119.8
 10
1306.174
 20
119.522
 10
1306.481
 20
119.24
 10
1306.773
 20
118.953
 10
1307.048
 20
118.662
 10
1307.308
 20
118.366
 10
1307.552
 20
118.066
 10
1307.774
 20
117.763
 10
1307.965
 20
117.461
 10
1308.128
 20
117.158
 10
1308.26
 20
116.856
 10
1308.364
 20
116.553
 10
1308.437
 20
116.25
 10
1308.482
 20
115.948
 10
1308.496
 20
115.645
  0
LWPOLYLINE
  5
C5
330
17
100
AcDbEntity
  8
ENGRAVE_V
100
AcDbPolyline
 90
235
 70
1
 10
1308.69
 20
132.493
 10
1308.671
 20
132.009
 10
1308.613
 20
131.548
 10
1308.516
 20
131.11
 10
1308.381
 20
130.696
 10
1308.208
 20
130.305
 10
1307.996
 20
129.938
 10
1307.745
 20
129.594
 10
1307.455
 20
129.274
 10
1307.145
 20
128.984
 10
1306.831
 20
128.734
 10
1306.512
 20
128.521
 10
1306.191
 20
128.348
 10
1305.865
 20
128.213
 10
1305.536
 20
128.116
 10
1305.202
 20
128.059
 10
1304.865
 20
128.039
 10
1304.59
 20
128.048
 10
1304.319
 20
128.074
 10
1304.054
 20
128.118
 10
1303.794
 20
128.178
 10
1303.54
 20
128.257
 10
1303.29
 20
128.352
 10
1303.046
 20
128.466
 10
1302.808
 20
128.596
 10
1302.586
 20
128.741
 10
1302.395
 20
128.897
 10
1302.232
 20
129.065
 10
1302.1
 20
129.244
 10
1301.996
 20
129.434
 10
1301.923
 20
129.635
 10
1301.878
 20
129.848
 10
1301.864
 20
130.073
 10
1301.767
 20
130.121
 10
1301.281
 20
130.386
 10
1300.794
 20
130.649
 10
1300.304
 20
130.91
 10
1299.812
 20
131.168
 10
1299.318
 20
131.424
 10
1298.821
 20
131.678
 10
1298.322
 20
131.929
 10
1297.821
 20
132.179
 10
1297.315
 20
132.43
 10
1296.8
 20
132.688
 10
1296.277
 20
132.954
 10
1295.745
 20
133.226
 10
1295.206
 20
133.504
 10
1294.657
 20
133.79
 10
1294.101
 20
134.082
 10
1293.536
 20
134.381
 10
1293.075
 20
134.638
 10
1292.635
 20
134.9
 10
1292.216
 20
135.168
 10
1291.818
 20
135.441
 10
1291.441
 20
135.719
 10
1291.085
 20
136.002
 10
1290.751
 20
136.29
 10
1290.438
 20
136.584
 10
1290.154
 20
136.887
 10
1289.908
 20
137.203
 10
1289.7
 20
137.532
 10
1289.53
 20
137.873
 10
1289.398
 20
138.228
 10
1289.303
 20
138.595
 10
1289.246
 20
138.975
 10
1289.228
 20
139.368
 10
1289.23
 20
139.469
 10
1289.238
 20
139.58
 10
1289.251
 20
139.699
 10
1289.27
 20
139.828
 10
1289.294
 20
139.966
 10
1289.323
 20
140.112
 10
1289.357
 20
140.268
 10
1289.397
 20
140.433
 10
1289.445
 20
140.592
 10
1289.504
 20
140.73
 10
1289.575
 20
140.846
 10
1289.657
 20
140.942
 10
1289.751
 20
141.016
 10
1289.855
 20
141.069
 10
1289.972
 20
141.1
 10
1290.099
 20
141.111
 10
1290.19
 20
141.104
 10
1290.268
 20
141.084
 10
1290.335
 20
141.05
 10
1290.389
 20
141.002
 10
1290.432
 20
140.941
 10
1290.462
 20
140.866
 10
1290.48
 20
140.777
 10
1290.486
 20
140.675
 10
1290.483
 20
140.589
 10
1290.474
 20
140.501
 10
1290.459
 20
140.411
 10
1290.438
 20
140.318
 10
1290.411
 20
140.223
 10
1290.377
 20
140.126
 10
1290.338
 20
140.027
 10
1290.293
 20
139.925
 10
1290.247
 20
139.825
 10
1290.208
 20
139.73
 10
1290.175
 20
139.64
 10
1290.147
 20
139.556
 10
1290.126
 20
139.477
 10
1290.111
 20
139.403
 10
1290.102
 20
139.334
 10
1290.099
 20
139.271
 10
1290.116
 20
139.046
 10
1290.166
 20
138.83
 10
1290.249
 20
138.622
 10
1290.365
 20
138.424
 10
1290.515
 20
138.235
 10
1290.698
 20
138.055
 10
1290.914
 20
137.884
 10
1291.164
 20
137.722
 10
1291.433
 20
137.575
 10
1291.706
 20
137.447
 10
1291.983
 20
137.339
 10
1292.266
 20
137.25
 10
1292.552
 20
137.181
 10
1292.843
 20
137.132
 10
1293.139
 20
137.102
 10
1293.44
 20
137.093
 10
1293.762
 20
137.099
 10
1294.077
 20
137.12
 10
1294.382
 20
137.154
 10
1294.68
 20
137.202
 10
1294.97
 20
137.263
 10
1295.251
 20
137.338
 10
1295.523
 20
137.426
 10
1295.788
 20
137.528
 10
1296.047
 20
137.64
 10
1296.304
 20
137.755
 10
1296.558
 20
137.876
 10
1296.81
 20
138.0
 10
1297.06
 20
138.13
 10
1297.308
 20
138.264
 10
1297.554
 20
138.402
 10
1297.797
 20
138.545
 10
1298.039
 20
138.688
 10
1298.282
 20
138.826
 10
1298.526
 20
138.96
 10
1298.771
 20
139.09
 10
1299.017
 20
139.215
 10
1299.263
 20
139.335
 10
1299.51
 20
139.451
 10
1299.758
 20
139.562
 10
1300.008
 20
139.664
 10
1300.264
 20
139.752
 10
1300.526
 20
139.827
 10
1300.792
 20
139.889
 10
1301.064
 20
139.936
 10
1301.342
 20
139.97
 10
1301.624
 20
139.991
 10
1301.912
 20
139.997
 10
1302.479
 20
139.984
 10
1303.018
 20
139.942
 10
1303.529
 20
139.872
 10
1304.012
 20
139.774
 10
1304.467
 20
139.648
 10
1304.894
 20
139.494
 10
1305.293
 20
139.312
 10
1305.664
 20
139.102
 10
1306.01
 20
138.869
 10
1306.334
 20
138.619
 10
1306.637
 20
138.352
 10
1306.917
 20
138.067
 10
1307.175
 20
137.765
 10
1307.412
 20
137.445
 10
1307.626
 20
137.108
 10
1307.819
 20
136.754
 10
1307.819
 20
136.802
 10
1307.781
 20
137.43
 10
1307.669
 20
138.029
 10
1307.482
 20
138.601
 10
1307.219
 20
139.144
 10
1306.882
 20
139.66
 10
1306.47
 20
140.147
 10
1305.984
 20
140.607
 10
1305.422
 20
141.038
 10
1304.8
 20
141.456
 10
1304.131
 20
141.872
 10
1303.417
 20
142.288
 10
1302.656
 20
142.703
 10
1301.85
 20
143.117
 10
1300.997
 20
143.53
 10
1300.098
 20
143.943
 10
1299.152
 20
144.355
 10
1299.159
 20
144.491
 10
1299.18
 20
144.609
 10
1299.214
 20
144.709
 10
1299.261
 20
144.79
 10
1299.323
 20
144.854
 10
1299.398
 20
144.899
 10
1299.486
 20
144.927
 10
1299.588
 20
144.936
 10
1300.131
 20
144.703
 10
1300.671
 20
144.464
 10
1301.208
 20
144.219
 10
1301.743
 20
143.967
 10
1302.274
 20
143.71
 10
1302.802
 20
143.447
 10
1303.327
 20
143.178
 10
1303.849
 20
142.902
 10
1304.358
 20
142.618
 10
1304.844
 20
142.321
 10
1305.308
 20
142.013
 10
1305.749
 20
141.692
 10
1306.167
 20
141.359
 10
1306.563
 20
141.014
 10
1306.936
 20
140.657
 10
1307.286
 20
140.288
 10
1307.604
 20
139.902
 10
1307.879
 20
139.495
 10
1308.112
 20
139.067
 10
1308.303
 20
138.618
 10
1308.451
 20
138.147
 10
1308.557
 20
137.655
 10
1308.62
 20
137.143
 10
1308.642
 20
136.609
 10
1308.639
 20
136.381
 10
1308.629
 20
136.158
 10
1308.614
 20
135.939
 10
1308.593
 20
135.725
 10
1308.566
 20
135.515
 10
1308.533
 20
135.31
 10
1308.493
 20
135.11
 10
1308.448
 20
134.914
 10
1308.505
 20
134.633
 10
1308.554
 20
134.345
 10
1308.595
 20
134.052
 10
1308.629
 20
133.752
 10
1308.656
 20
133.446
 10
1308.675
 20
133.135
 10
1308.686
 20
132.817
 10
1308.69
 20
132.493
  0
LWPOLYLINE
  5
C6
330
17
100
AcDbEntity
  8
ENGRAVE_V
100
AcDbPolyline
 90
105
 70
1
 10
1303.558
 20
131.767
 10
1303.847
 20
131.775
 10
1304.133
 20
131.8
 10
1304.416
 20
131.842
 10
1304.696
 20
131.9
 10
1304.973
 20
131.975
 10
1305.247
 20
132.067
 10
1305.517
 20
132.175
 10
1305.785
 20
132.3
 10
1306.043
 20
132.446
 10
1306.284
 20
132.62
 10
1306.509
 20
132.822
 10
1306.717
 20
133.05
 10
1306.908
 20
133.306
 10
1307.083
 20
133.589
 10
1307.241
 20
133.899
 10
1307.383
 20
134.236
 10
1307.189
 20
134.542
 10
1306.97
 20
134.831
 10
1306.726
 20
135.102
 10
1306.457
 20
135.356
 10
1306.163
 20
135.592
 10
1305.844
 20
135.811
 10
1305.5
 20
136.013
 10
1305.132
 20
136.197
 10
1304.748
 20
136.362
 10
1304.361
 20
136.504
 10
1303.971
 20
136.625
 10
1303.576
 20
136.723
 10
1303.178
 20
136.8
 10
1302.776
 20
136.855
 10
1302.37
 20
136.888
 10
1301.96
 20
136.899
 10
1301.621
 20
136.894
 10
1301.28
 20
136.881
 10
1300.937
 20
136.858
 10
1300.593
 20
136.826
 10
1300.247
 20
136.786
 10
1299.9
 20
136.736
 10
1299.551
 20
136.677
 10
1299.201
 20
136.609
 10
1298.851
 20
136.536
 10
1298.502
 20
136.462
 10
1298.155
 20
136.387
 10
1297.809
 20
136.312
 10
1297.465
 20
136.236
 10
1297.122
 20
136.159
 10
1296.781
 20
136.082
 10
1296.441
 20
136.003
 10
1296.107
 20
135.93
 10
1295.782
 20
135.866
 10
1295.465
 20
135.812
 10
1295.158
 20
135.767
 10
1294.86
 20
135.733
 10
1294.571
 20
135.708
 10
1294.291
 20
135.694
 10
1294.021
 20
135.689
 10
1293.937
 20
135.689
 10
1293.856
 20
135.69
 10
1293.777
 20
135.692
 10
1293.7
 20
135.695
 10
1293.625
 20
135.698
 10
1293.553
 20
135.702
 10
1293.483
 20
135.707
 10
1293.415
 20
135.713
 10
1293.349
 20
135.719
 10
1293.284
 20
135.726
 10
1293.219
 20
135.734
 10
1293.155
 20
135.743
 10
1293.092
 20
135.753
 10
1293.03
 20
135.763
 10
1292.968
 20
135.774
 10
1292.907
 20
135.785
 10
1293.241
 20
135.567
 10
1293.588
 20
135.348
 10
1293.949
 20
135.128
 10
1294.323
 20
134.908
 10
1294.711
 20
134.687
 10
1295.113
 20
134.465
 10
1295.528
 20
134.242
 10
1295.957
 20
134.018
 10
1296.391
 20
133.796
 10
1296.819
 20
133.575
 10
1297.244
 20
133.357
 10
1297.664
 20
133.141
 10
1298.079
 20
132.927
 10
1298.49
 20
132.716
 10
1298.896
 20
132.507
 10
1299.298
 20
132.3
 10
1299.688
 20
132.096
 10
1300.06
 20
131.897
 10
1300.414
 20
131.703
 10
1300.75
 20
131.513
 10
1301.068
 20
131.328
 10
1301.367
 20
131.147
 10
1301.649
 20
130.971
 10
1301.912
 20
130.799
 10
1301.97
 20
131.026
 10
1302.069
 20
131.222
 10
1302.212
 20
131.389
 10
1302.396
 20
131.525
 10
1302.623
 20
131.631
 10
1302.892
 20
131.707
 10
1303.204
 20
131.752
 10
1303.558
 20
131.767
  0
LWPOLYLINE
  5
C7
330
17
100
AcDbEntity
  8
ENGRAVE_V
100
AcDbPolyline
 90
57
 70
1
 10
1305.979
 20
130.169
 10
1306.169
 20
130.178
 10
1306.354
 20
130.203
 10
1306.533
 20
130.244
 10
1306.705
 20
130.303
 10
1306.871
 20
130.377
 10
1307.032
 20
130.469
 10
1307.186
 20
130.577
 10
1307.334
 20
130.702
 10
1307.471
 20
130.843
 10
1307.589
 20
131.002
 10
1307.688
 20
131.176
 10
1307.77
 20
131.368
 10
1307.834
 20
131.576
 10
1307.879
 20
131.8
 10
1307.906
 20
132.042
 10
1307.915
 20
132.3
 10
1307.914
 20
132.42
 10
1307.909
 20
132.539
 10
1307.902
 20
132.656
 10
1307.891
 20
132.772
 10
1307.878
 20
132.886
 10
1307.861
 20
132.999
 10
1307.841
 20
133.11
 10
1307.819
 20
133.22
 10
1307.656
 20
132.972
 10
1307.483
 20
132.737
 10
1307.299
 20
132.515
 10
1307.104
 20
132.306
 10
1306.899
 20
132.109
 10
1306.684
 20
131.926
 10
1306.458
 20
131.755
 10
1306.221
 20
131.598
 10
1305.974
 20
131.456
 10
1305.719
 20
131.333
 10
1305.454
 20
131.229
 10
1305.18
 20
131.144
 10
1304.897
 20
131.078
 10
1304.605
 20
131.03
 10
1304.304
 20
131.002
 10
1303.994
 20
130.992
 10
1304.115
 20
130.887
 10
1304.237
 20
130.79
 10
1304.36
 20
130.7
 10
1304.484
 20
130.617
 10
1304.608
 20
130.542
 10
1304.734
 20
130.475
 10
1304.86
 20
130.415
 10
1304.986
 20
130.363
 10
1305.113
 20
130.318
 10
1305.239
 20
130.278
 10
1305.364
 20
130.245
 10
1305.489
 20
130.218
 10
1305.612
 20
130.197
 10
1305.735
 20
130.182
 10
1305.857
 20
130.172
 10
1305.979
 20
130.169
  0
LWPOLYLINE
  5
C8
330
17
100
AcDbEntity
  8
ENGRAVE_V
100
AcDbPolyline
 90
253
 70
1
 10
1282.934
 20
154.425
 10
1283.171
 20
154.265
 10
1283.424
 20
154.101
 10
1283.692
 20
153.932
 10
1283.975
 20
153.759
 10
1284.273
 20
153.581
 10
1284.586
 20
153.399
 10
1284.914
 20
153.212
 10
1285.258
 20
153.021
 10
1285.607
 20
152.829
 10
1285.954
 20
152.641
 10
1286.297
 20
152.457
 10
1286.637
 20
152.277
 10
1286.975
 20
152.1
 10
1287.309
 20
151.927
 10
1287.64
 20
151.758
 10
1287.969
 20
151.593
 10
1288.286
 20
151.434
 10
1288.583
 20
151.286
 10
1288.861
 20
151.147
 10
1289.119
 20
151.018
 10
1289.357
 20
150.899
 10
1289.576
 20
150.789
 10
1289.774
 20
150.69
 10
1289.954
 20
150.6
 10
1289.954
 20
155.054
 10
1290.006
 20
155.052
 10
1290.066
 20
155.044
 10
1290.133
 20
155.03
 10
1290.208
 20
155.012
 10
1290.29
 20
154.988
 10
1290.38
 20
154.959
 10
1290.478
 20
154.925
 10
1290.583
 20
154.885
 10
1290.688
 20
154.838
 10
1290.786
 20
154.78
 10
1290.876
 20
154.713
 10
1290.958
 20
154.637
 10
1291.033
 20
154.55
 10
1291.101
 20
154.454
 10
1291.16
 20
154.347
 10
1291.213
 20
154.231
 10
1291.213
 20
150.019
 10
1291.548
 20
149.871
 10
1291.899
 20
149.718
 10
1292.268
 20
149.56
 10
1292.653
 20
149.396
 10
1293.055
 20
149.227
 10
1293.473
 20
149.052
 10
1293.908
 20
148.873
 10
1294.359
 20
148.688
 10
1294.822
 20
148.501
 10
1295.288
 20
148.316
 10
1295.76
 20
148.132
 10
1296.235
 20
147.949
 10
1296.716
 20
147.769
 10
1297.201
 20
147.589
 10
1297.69
 20
147.412
 10
1298.184
 20
147.235
 10
1298.676
 20
147.064
 10
1299.16
 20
146.9
 10
1299.635
 20
146.743
 10
1300.103
 20
146.594
 10
1300.561
 20
146.452
 10
1301.012
 20
146.319
 10
1301.454
 20
146.192
 10
1301.888
 20
146.073
 10
1302.307
 20
145.966
 10
1302.706
 20
145.872
 10
1303.085
 20
145.793
 10
1303.443
 20
145.729
 10
1303.781
 20
145.678
 10
1304.098
 20
145.642
 10
1304.395
 20
145.621
 10
1304.672
 20
145.614
 10
1305.023
 20
145.62
 10
1305.351
 20
145.638
 10
1305.655
 20
145.668
 10
1305.936
 20
145.71
 10
1306.194
 20
145.765
 10
1306.428
 20
145.831
 10
1306.639
 20
145.91
 10
1306.826
 20
146.001
 10
1306.991
 20
146.107
 10
1307.133
 20
146.234
 10
1307.254
 20
146.38
 10
1307.353
 20
146.545
 10
1307.429
 20
146.731
 10
1307.484
 20
146.936
 10
1307.517
 20
147.161
 10
1307.528
 20
147.405
 10
1307.508
 20
147.73
 10
1307.448
 20
148.052
 10
1307.348
 20
148.372
 10
1307.207
 20
148.688
 10
1307.027
 20
149.001
 10
1306.806
 20
149.311
 10
1306.546
 20
149.618
 10
1306.245
 20
149.922
 10
1305.914
 20
150.223
 10
1305.563
 20
150.52
 10
1305.191
 20
150.813
 10
1304.799
 20
151.102
 10
1304.386
 20
151.388
 10
1303.953
 20
151.67
 10
1303.499
 20
151.948
 10
1303.026
 20
152.222
 10
1302.541
 20
152.49
 10
1302.057
 20
152.75
 10
1301.573
 20
153.002
 10
1301.089
 20
153.245
 10
1300.605
 20
153.48
 10
1300.121
 20
153.706
 10
1299.637
 20
153.924
 10
1299.152
 20
154.134
 10
1299.159
 20
154.271
 10
1299.18
 20
154.389
 10
1299.214
 20
154.488
 10
1299.261
 20
154.57
 10
1299.323
 20
154.634
 10
1299.398
 20
154.679
 10
1299.486
 20
154.706
 10
1299.588
 20
154.715
 10
1299.919
 20
154.578
 10
1300.257
 20
154.434
 10
1300.603
 20
154.282
 10
1300.956
 20
154.122
 10
1301.317
 20
153.955
 10
1301.685
 20
153.78
 10
1302.061
 20
153.598
 10
1302.445
 20
153.408
 10
1302.83
 20
153.211
 10
1303.212
 20
153.007
 10
1303.589
 20
152.797
 10
1303.964
 20
152.579
 10
1304.334
 20
152.355
 10
1304.7
 20
152.124
 10
1305.063
 20
151.886
 10
1305.422
 20
151.641
 10
1305.771
 20
151.389
 10
1306.103
 20
151.13
 10
1306.418
 20
150.863
 10
1306.717
 20
150.588
 10
1306.999
 20
150.306
 10
1307.265
 20
150.016
 10
1307.514
 20
149.719
 10
1307.746
 20
149.414
 10
1307.956
 20
149.101
 10
1308.138
 20
148.78
 10
1308.292
 20
148.451
 10
1308.418
 20
148.113
 10
1308.516
 20
147.767
 10
1308.586
 20
147.412
 10
1308.628
 20
147.05
 10
1308.642
 20
146.679
 10
1308.624
 20
146.191
 10
1308.57
 20
145.744
 10
1308.482
 20
145.337
 10
1308.357
 20
144.972
 10
1308.197
 20
144.648
 10
1308.002
 20
144.364
 10
1307.77
 20
144.121
 10
1307.504
 20
143.919
 10
1307.209
 20
143.749
 10
1306.894
 20
143.601
 10
1306.559
 20
143.476
 10
1306.203
 20
143.374
 10
1305.826
 20
143.295
 10
1305.43
 20
143.238
 10
1305.012
 20
143.204
 10
1304.575
 20
143.193
 10
1304.239
 20
143.2
 10
1303.886
 20
143.223
 10
1303.516
 20
143.261
 10
1303.128
 20
143.314
 10
1302.723
 20
143.382
 10
1302.301
 20
143.465
 10
1301.861
 20
143.563
 10
1301.404
 20
143.677
 10
1300.936
 20
143.801
 10
1300.464
 20
143.933
 10
1299.989
 20
144.071
 10
1299.509
 20
144.216
 10
1299.026
 20
144.367
 10
1298.54
 20
144.526
 10
1298.049
 20
144.691
 10
1297.555
 20
144.863
 10
1297.063
 20
145.038
 10
1296.579
 20
145.213
 10
1296.103
 20
145.386
 10
1295.636
 20
145.559
 10
1295.178
 20
145.731
 10
1294.727
 20
145.902
 10
1294.285
 20
146.073
 10
1293.851
 20
146.243
 10
1293.434
 20
146.408
 10
1293.042
 20
146.564
 10
1292.674
 20
146.71
 10
1292.332
 20
146.848
 10
1292.015
 20
146.977
 10
1291.722
 20
147.096
 10
1291.455
 20
147.207
 10
1291.213
 20
147.308
 10
1291.213
 20
144.21
 10
1291.115
 20
144.215
 10
1291.016
 20
144.231
 10
1290.915
 20
144.257
 10
1290.813
 20
144.294
 10
1290.709
 20
144.342
 10
1290.604
 20
144.4
 10
1290.498
 20
144.469
 10
1290.389
 20
144.548
 10
1290.287
 20
144.634
 10
1290.199
 20
144.721
 10
1290.124
 20
144.809
 10
1290.063
 20
144.899
 10
1290.015
 20
144.991
 10
1289.981
 20
145.084
 10
1289.961
 20
145.179
 10
1289.954
 20
145.275
 10
1289.954
 20
147.841
 10
1289.754
 20
147.939
 10
1289.542
 20
148.042
 10
1289.318
 20
148.148
 10
1289.082
 20
148.258
 10
1288.834
 20
148.372
 10
1288.574
 20
148.49
 10
1288.302
 20
148.611
 10
1288.017
 20
148.736
 10
1287.723
 20
148.869
 10
1287.421
 20
149.013
 10
1287.112
 20
149.169
 10
1286.795
 20
149.335
 10
1286.47
 20
149.513
 10
1286.138
 20
149.703
 10
1285.798
 20
149.904
 10
1285.451
 20
150.116
 10
1285.168
 20
150.304
 10
1284.901
 20
150.505
 10
1284.648
 20
150.719
 10
1284.41
 20
150.945
 10
1284.188
 20
151.185
 10
1283.981
 20
151.437
 10
1283.789
 20
151.702
 10
1283.612
 20
151.98
 10
1283.453
 20
152.267
 10
1283.315
 20
152.559
 10
1283.198
 20
152.857
 10
1283.103
 20
153.16
 10
1283.029
 20
153.468
 10
1282.976
 20
153.782
 10
1282.944
 20
154.101
 10
1282.934
 20
154.425
  0
LWPOLYLINE
  5
C9
330
17
100
AcDbEntity
  8
ENGRAVE_V
100
AcDbPolyline
 90
932
 70
1
 10
1314.064
 20
225.642
 10
1314.037
 20
225.452
 10
1314.005
 20
225.246
 10
1313.967
 20
225.022
 10
1313.925
 20
224.783
 10
1313.877
 20
224.526
 10
1313.823
 20
224.253
 10
1313.765
 20
223.963
 10
1313.701
 20
223.657
 10
1313.626
 20
223.341
 10
1313.536
 20
223.025
 10
1313.43
 20
222.706
 10
1313.307
 20
222.386
 10
1313.169
 20
222.065
 10
1313.015
 20
221.742
 10
1312.846
 20
221.417
 10
1312.66
 20
221.091
 10
1312.454
 20
220.77
 10
1312.223
 20
220.462
 10
1311.967
 20
220.165
 10
1311.686
 20
219.881
 10
1311.38
 20
219.608
 10
1311.049
 20
219.348
 10
1310.693
 20
219.1
 10
1310.312
 20
218.864
 10
1309.902
 20
218.648
 10
1309.46
 20
218.461
 10
1308.985
 20
218.303
 10
1308.478
 20
218.174
 10
1307.938
 20
218.073
 10
1307.366
 20
218.002
 10
1306.761
 20
217.958
 10
1306.124
 20
217.944
 10
1305.364
 20
217.963
 10
1304.585
 20
218.021
 10
1303.788
 20
218.118
 10
1302.971
 20
218.253
 10
1302.136
 20
218.426
 10
1301.281
 20
218.639
 10
1300.408
 20
218.889
 10
1299.516
 20
219.179
 10
1298.609
 20
219.496
 10
1297.692
 20
219.831
 10
1296.766
 20
220.183
 10
1295.83
 20
220.552
 10
1294.884
 20
220.939
 10
1293.928
 20
221.344
 10
1292.963
 20
221.765
 10
1291.987
 20
222.205
 10
1291.008
 20
222.65
 10
1290.032
 20
223.091
 10
1289.06
 20
223.528
 10
1288.09
 20
223.96
 10
1287.123
 20
224.387
 10
1286.159
 20
224.81
 10
1285.199
 20
225.228
 10
1284.241
 20
225.642
 10
1283.501
 20
225.948
 10
1282.807
 20
226.214
 10
1282.158
 20
226.438
 10
1281.554
 20
226.622
 10
1280.996
 20
226.765
 10
1280.483
 20
226.867
 10
1280.015
 20
226.929
 10
1279.593
 20
226.949
 10
1279.219
 20
226.93
 10
1278.894
 20
226.873
 10
1278.62
 20
226.779
 10
1278.395
 20
226.646
 10
1278.22
 20
226.476
 10
1278.095
 20
226.268
 10
1278.02
 20
226.022
 10
1277.995
 20
225.739
 10
1278.029
 20
225.379
 10
1278.13
 20
224.978
 10
1278.298
 20
224.535
 10
1278.534
 20
224.05
 10
1278.837
 20
223.524
 10
1279.207
 20
222.956
 10
1279.645
 20
222.347
 10
1280.15
 20
221.696
 10
1280.723
 20
221.011
 10
1281.365
 20
220.3
 10
1282.076
 20
219.562
 10
1282.855
 20
218.797
 10
1283.703
 20
218.006
 10
1284.621
 20
217.189
 10
1285.607
 20
216.345
 10
1286.662
 20
215.475
 10
1286.966
 20
215.237
 10
1287.299
 20
214.982
 10
1287.659
 20
214.71
 10
1288.047
 20
214.422
 10
1288.464
 20
214.117
 10
1288.908
 20
213.796
 10
1289.381
 20
213.457
 10
1289.881
 20
213.103
 10
1290.402
 20
212.737
 10
1290.937
 20
212.364
 10
1291.486
 20
211.986
 10
1292.048
 20
211.602
 10
1292.623
 20
211.211
 10
1293.213
 20
210.815
 10
1293.816
 20
210.413
 10
1294.432
 20
210.004
 10
1295.056
 20
209.594
 10
1295.682
 20
209.186
 10
1296.309
 20
208.78
 10
1296.937
 20
208.376
 10
1297.568
 20
207.975
 10
1298.199
 20
207.576
 10
1298.832
 20
207.179
 10
1299.467
 20
206.785
 10
1300.096
 20
206.397
 10
1300.712
 20
206.022
 10
1301.316
 20
205.659
 10
1301.906
 20
205.308
 10
1302.484
 20
204.969
 10
1303.048
 20
204.642
 10
1303.6
 20
204.328
 10
1304.139
 20
204.025
 10
1304.658
 20
203.739
 10
1305.15
 20
203.473
 10
1305.614
 20
203.227
 10
1306.051
 20
203.002
 10
1306.461
 20
202.798
 10
1306.844
 20
202.613
 10
1307.2
 20
202.45
 10
1307.528
 20
202.306
 10
1307.888
 20
202.146
 10
1308.219
 20
201.98
 10
1308.521
 20
201.807
 10
1308.793
 20
201.629
 10
1309.035
 20
201.444
 10
1309.248
 20
201.253
 10
1309.432
 20
201.057
 10
1309.586
 20
200.854
 10
1309.716
 20
200.65
 10
1309.829
 20
200.448
 10
1309.925
 20
200.25
 10
1310.003
 20
200.055
 10
1310.064
 20
199.863
 10
1310.108
 20
199.674
 10
1310.134
 20
199.488
 10
1310.142
 20
199.305
 10
1310.137
 20
199.15
 10
1310.121
 20
199.002
 10
1310.095
 20
198.86
 10
1310.058
 20
198.724
 10
1310.01
 20
198.594
 10
1309.952
 20
198.47
 10
1309.883
 20
198.352
 10
1309.803
 20
198.24
 10
1309.717
 20
198.126
 10
1309.625
 20
198.028
 10
1309.529
 20
197.945
 10
1309.428
 20
197.876
 10
1309.323
 20
197.824
 10
1309.213
 20
197.786
 10
1309.099
 20
197.763
 10
1308.98
 20
197.755
 10
1308.909
 20
197.758
 10
1308.841
 20
197.765
 10
1308.776
 20
197.776
 10
1308.714
 20
197.792
 10
1308.655
 20
197.812
 10
1308.599
 20
197.837
 10
1308.546
 20
197.867
 10
1308.496
 20
197.901
 10
1308.328
 20
197.987
 10
1308.112
 20
198.1
 10
1307.85
 20
198.241
 10
1307.54
 20
198.409
 10
1307.184
 20
198.604
 10
1306.781
 20
198.827
 10
1306.331
 20
199.076
 10
1305.834
 20
199.353
 10
1305.292
 20
199.65
 10
1304.708
 20
199.958
 10
1304.082
 20
200.279
 10
1303.413
 20
200.612
 10
1302.702
 20
200.957
 10
1301.948
 20
201.314
 10
1301.153
 20
201.683
 10
1300.314
 20
202.064
 10
1299.438
 20
202.449
 10
1298.526
 20
202.83
 10
1297.58
 20
203.206
 10
1296.599
 20
203.577
 10
1295.583
 20
203.944
 10
1294.532
 20
204.306
 10
1293.446
 20
204.664
 10
1292.326
 20
205.018
 10
1291.968
 20
205.127
 10
1291.597
 20
205.237
 10
1291.212
 20
205.348
 10
1290.813
 20
205.459
 10
1290.401
 20
205.572
 10
1289.975
 20
205.685
 10
1289.535
 20
205.799
 10
1289.082
 20
205.913
 10
1288.62
 20
206.027
 10
1288.155
 20
206.139
 10
1287.685
 20
206.248
 10
1287.212
 20
206.355
 10
1286.735
 20
206.46
 10
1286.255
 20
206.562
 10
1285.77
 20
206.662
 10
1285.282
 20
206.76
 10
1284.795
 20
206.855
 10
1284.317
 20
206.947
 10
1283.845
 20
207.034
 10
1283.382
 20
207.117
 10
1282.925
 20
207.197
 10
1282.477
 20
207.273
 10
1282.036
 20
207.346
 10
1281.602
 20
207.414
 10
1281.183
 20
207.476
 10
1280.784
 20
207.531
 10
1280.405
 20
207.576
 10
1280.047
 20
207.614
 10
1279.709
 20
207.643
 10
1279.392
 20
207.664
 10
1279.095
 20
207.676
 10
1278.819
 20
207.68
 10
1278.409
 20
207.671
 10
1278.027
 20
207.644
 10
1277.674
 20
207.599
 10
1277.348
 20
207.535
 10
1277.05
 20
207.453
 10
1276.781
 20
207.354
 10
1276.539
 20
207.235
 10
1276.325
 20
207.099
 10
1276.138
 20
206.948
 10
1275.976
 20
206.785
 10
1275.838
 20
206.609
 10
1275.726
 20
206.422
 10
1275.639
 20
206.222
 10
1275.576
 20
206.01
 10
1275.539
 20
205.786
 10
1275.526
 20
205.55
 10
1275.541
 20
205.279
 10
1275.584
 20
204.999
 10
1275.656
 20
204.71
 10
1275.756
 20
204.412
 10
1275.886
 20
204.105
 10
1276.044
 20
203.789
 10
1276.231
 20
203.464
 10
1276.446
 20
203.129
 10
1276.689
 20
202.79
 10
1276.958
 20
202.449
 10
1277.252
 20
202.106
 10
1277.572
 20
201.762
 10
1277.918
 20
201.416
 10
1278.289
 20
201.069
 10
1278.686
 20
200.72
 10
1279.109
 20
200.37
 10
1279.864
 20
199.774
 10
1280.605
 20
199.196
 10
1281.332
 20
198.636
 10
1282.044
 20
198.094
 10
1282.742
 20
197.571
 10
1283.425
 20
197.066
 10
1284.095
 20
196.578
 10
1284.749
 20
196.109
 10
1285.396
 20
195.654
 10
1286.043
 20
195.209
 10
1286.688
 20
194.774
 10
1287.333
 20
194.348
 10
1287.977
 20
193.933
 10
1288.621
 20
193.527
 10
1289.263
 20
193.131
 10
1289.905
 20
192.745
 10
1290.552
 20
192.364
 10
1291.209
 20
191.985
 10
1291.877
 20
191.608
 10
1292.556
 20
191.232
 10
1293.245
 20
190.857
 10
1293.945
 20
190.484
 10
1294.655
 20
190.113
 10
1295.376
 20
189.743
 10
1296.113
 20
189.371
 10
1296.872
 20
188.994
 10
1297.653
 20
188.612
 10
1298.456
 20
188.224
 10
1299.281
 20
187.831
 10
1300.128
 20
187.433
 10
1300.997
 20
187.029
 10
1301.888
 20
186.62
 10
1302.807
 20
186.201
 10
1303.762
 20
185.767
 10
1304.753
 20
185.318
 10
1305.779
 20
184.853
 10
1306.841
 20
184.373
 10
1307.938
 20
183.879
 10
1309.071
 20
183.369
 10
1310.239
 20
182.844
 10
1310.426
 20
182.752
 10
1310.599
 20
182.646
 10
1310.759
 20
182.525
 10
1310.905
 20
182.39
 10
1311.037
 20
182.241
 10
1311.156
 20
182.077
 10
1311.261
 20
181.899
 10
1311.353
 20
181.706
 10
1311.432
 20
181.508
 10
1311.501
 20
181.314
 10
1311.559
 20
181.124
 10
1311.607
 20
180.938
 10
1311.644
 20
180.755
 10
1311.67
 20
180.576
 10
1311.686
 20
180.401
 10
1311.692
 20
180.23
 10
1311.687
 20
180.064
 10
1311.673
 20
179.906
 10
1311.651
 20
179.755
 10
1311.619
 20
179.612
 10
1311.578
 20
179.477
 10
1311.528
 20
179.349
 10
1311.469
 20
179.229
 10
1311.401
 20
179.116
 10
1311.325
 20
179.016
 10
1311.241
 20
178.934
 10
1311.149
 20
178.871
 10
1311.05
 20
178.826
 10
1310.943
 20
178.798
 10
1310.829
 20
178.789
 10
1310.707
 20
178.798
 10
1310.578
 20
178.826
 10
1310.141
 20
179.096
 10
1309.678
 20
179.373
 10
1309.188
 20
179.658
 10
1308.672
 20
179.951
 10
1308.129
 20
180.251
 10
1307.56
 20
180.559
 10
1306.964
 20
180.875
 10
1306.342
 20
181.198
 10
1305.698
 20
181.525
 10
1305.036
 20
181.854
 10
1304.357
 20
182.185
 10
1303.661
 20
182.517
 10
1302.947
 20
182.851
 10
1302.216
 20
183.186
 10
1301.468
 20
183.522
 10
1300.702
 20
183.861
 10
1299.923
 20
184.198
 10
1299.137
 20
184.532
 10
1298.344
 20
184.864
 10
1297.543
 20
185.192
 10
1296.734
 20
185.517
 10
1295.918
 20
185.84
 10
1295.094
 20
186.159
 10
1294.263
 20
186.475
 10
1293.43
 20
186.785
 10
1292.601
 20
187.088
 10
1291.778
 20
187.382
 10
1290.958
 20
187.667
 10
1290.144
 20
187.944
 10
1289.333
 20
188.213
 10
1288.528
 20
188.474
 10
1287.727
 20
188.726
 10
1286.934
 20
188.968
 10
1286.153
 20
189.197
 10
1285.385
 20
189.413
 10
1284.628
 20
189.616
 10
1283.884
 20
189.806
 10
1283.152
 20
189.983
 10
1282.431
 20
190.148
 10
1281.723
 20
190.3
 10
1281.034
 20
190.436
 10
1280.371
 20
190.554
 10
1279.733
 20
190.654
 10
1279.121
 20
190.735
 10
1278.535
 20
190.799
 10
1277.974
 20
190.844
 10
1277.439
 20
190.872
 10
1276.93
 20
190.881
 10
1276.032
 20
190.856
 10
1275.2
 20
190.782
 10
1274.434
 20
190.659
 10
1273.735
 20
190.487
 10
1273.103
 20
190.266
 10
1272.537
 20
189.996
 10
1272.038
 20
189.676
 10
1271.605
 20
189.307
 10
1271.23
 20
188.9
 10
1270.906
 20
188.464
 10
1270.631
 20
188.001
 10
1270.407
 20
187.51
 10
1270.232
 20
186.99
 10
1270.107
 20
186.443
 10
1270.032
 20
185.868
 10
1270.007
 20
185.265
 10
1270.024
 20
184.713
 10
1270.074
 20
184.148
 10
1270.157
 20
183.569
 10
1270.273
 20
182.977
 10
1270.423
 20
182.371
 10
1270.606
 20
181.752
 10
1270.823
 20
181.118
 10
1271.072
 20
180.472
 10
1271.351
 20
179.818
 10
1271.653
 20
179.163
 10
1271.98
 20
178.507
 10
1272.331
 20
177.851
 10
1272.706
 20
177.194
 10
1273.106
 20
176.536
 10
1273.529
 20
175.878
 10
1273.977
 20
175.219
 10
1274.445
 20
174.564
 10
1274.927
 20
173.919
 10
1275.425
 20
173.284
 10
1275.938
 20
172.659
 10
1276.466
 20
172.043
 10
1277.009
 20
171.438
 10
1277.567
 20
170.842
 10
1278.141
 20
170.256
 10
1278.985
 20
169.443
 10
1279.847
 20
168.675
 10
1280.728
 20
167.952
 10
1281.627
 20
167.273
 10
1282.543
 20
166.638
 10
1283.478
 20
166.049
 10
1284.432
 20
165.504
 10
1285.403
 20
165.003
 10
1286.385
 20
164.555
 10
1287.37
 20
164.167
 10
1288.358
 20
163.838
 10
1289.349
 20
163.569
 10
1290.343
 20
163.36
 10
1291.34
 20
163.211
 10
1292.34
 20
163.121
 10
1293.343
 20
163.091
 10
1294.008
 20
163.107
 10
1294.647
 20
163.155
 10
1295.26
 20
163.234
 10
1295.848
 20
163.345
 10
1296.41
 20
163.488
 10
1296.947
 20
163.663
 10
1297.457
 20
163.869
 10
1297.942
 20
164.108
 10
1298.4
 20
164.372
 10
1298.829
 20
164.657
 10
1299.229
 20
164.962
 10
1299.6
 20
165.288
 10
1299.943
 20
165.634
 10
1300.257
 20
166.0
 10
1300.542
 20
166.387
 10
1300.798
 20
166.795
 10
1301.025
 20
167.218
 10
1301.222
 20
167.652
 10
1301.389
 20
168.098
 10
1301.525
 20
168.556
 10
1301.631
 20
169.024
 10
1301.706
 20
169.504
 10
1301.752
 20
169.996
 10
1301.767
 20
170.498
 10
1301.751
 20
171.015
 10
1301.702
 20
171.523
 10
1301.62
 20
172.022
 10
1301.507
 20
172.514
 10
1301.36
 20
172.997
 10
1301.181
 20
173.471
 10
1300.97
 20
173.938
 10
1300.726
 20
174.396
 10
1300.456
 20
174.843
 10
1300.166
 20
175.276
 10
1299.857
 20
175.696
 10
1299.528
 20
176.102
 10
1299.179
 20
176.495
 10
1298.81
 20
176.874
 10
1298.422
 20
177.239
 10
1298.015
 20
177.591
 10
1297.594
 20
177.926
 10
1297.167
 20
178.243
 10
1296.735
 20
178.541
 10
1296.296
 20
178.819
 10
1295.851
 20
179.079
 10
1295.4
 20
179.32
 10
1294.943
 20
179.542
 10
1294.48
 20
179.745
 10
1294.018
 20
179.927
 10
1293.562
 20
180.084
 10
1293.113
 20
180.217
 10
1292.671
 20
180.326
 10
1292.236
 20
180.411
 10
1291.807
 20
180.472
 10
1291.385
 20
180.508
 10
1290.97
 20
180.52
 10
1290.627
 20
180.508
 10
1290.299
 20
180.472
 10
1289.986
 20
180.411
 10
1289.687
 20
180.326
 10
1289.405
 20
180.217
 10
1289.137
 20
180.084
 10
1288.884
 20
179.927
 10
1288.647
 20
179.745
 10
1288.431
 20
179.537
 10
1288.244
 20
179.301
 10
1288.086
 20
179.035
 10
1287.957
 20
178.741
 10
1287.856
 20
178.418
 10
1287.784
 20
178.066
 10
1287.741
 20
177.686
 10
1287.727
 20
177.276
 10
1287.727
 20
177.228
 10
1287.728
 20
177.178
 10
1287.73
 20
177.128
 10
1287.733
 20
177.077
 10
1287.736
 20
177.025
 10
1287.74
 20
176.972
 10
1287.745
 20
176.919
 10
1287.751
 20
176.865
 10
1287.757
 20
176.81
 10
1287.762
 20
176.754
 10
1287.766
 20
176.698
 10
1287.769
 20
176.641
 10
1287.772
 20
176.583
 10
1287.774
 20
176.524
 10
1287.775
 20
176.465
 10
1287.775
 20
176.405
 10
1287.775
 20
176.26
 10
1287.773
 20
176.176
 10
1287.768
 20
176.093
 10
1287.758
 20
176.012
 10
1287.745
 20
175.933
 10
1287.728
 20
175.855
 10
1287.707
 20
175.778
 10
1287.682
 20
175.704
 10
1287.654
 20
175.63
 10
1287.623
 20
175.562
 10
1287.589
 20
175.503
 10
1287.553
 20
175.453
 10
1287.515
 20
175.412
 10
1287.474
 20
175.381
 10
1287.432
 20
175.358
 10
1287.387
 20
175.344
 10
1287.339
 20
175.34
 10
1287.29
 20
175.348
 10
1287.24
 20
175.372
 10
1287.187
 20
175.411
 10
1287.134
 20
175.467
 10
1287.078
 20
175.538
 10
1287.022
 20
175.626
 10
1286.963
 20
175.729
 10
1286.904
 20
175.848
 10
1286.847
 20
175.988
 10
1286.798
 20
176.155
 10
1286.756
 20
176.348
 10
1286.722
 20
176.568
 10
1286.696
 20
176.814
 10
1286.677
 20
177.087
 10
1286.665
 20
177.386
 10
1286.662
 20
177.712
 10
1286.682
 20
178.24
 10
1286.742
 20
178.733
 10
1286.842
 20
179.193
 10
1286.982
 20
179.618
 10
1287.163
 20
180.01
 10
1287.383
 20
180.367
 10
1287.644
 20
180.691
 10
1287.945
 20
180.98
 10
1288.276
 20
181.235
 10
1288.63
 20
181.457
 10
1289.006
 20
181.644
 10
1289.403
 20
181.797
 10
1289.823
 20
181.916
 10
1290.264
 20
182.001
 10
1290.727
 20
182.052
 10
1291.213
 20
182.069
 10
1291.698
 20
182.054
 10
1292.187
 20
182.007
 10
1292.679
 20
181.93
 10
1293.173
 20
181.821
 10
1293.671
 20
181.682
 10
1294.172
 20
181.511
 10
1294.676
 20
181.309
 10
1295.182
 20
181.077
 10
1295.686
 20
180.818
 10
1296.181
 20
180.537
 10
1296.667
 20
180.234
 10
1297.143
 20
179.909
 10
1297.611
 20
179.562
 10
1298.069
 20
179.193
 10
1298.518
 20
178.802
 10
1298.959
 20
178.39
 10
1299.384
 20
177.96
 10
1299.788
 20
177.517
 10
1300.171
 20
177.061
 10
1300.532
 20
176.592
 10
1300.873
 20
176.111
 10
1301.192
 20
175.617
 10
1301.49
 20
175.109
 10
1301.767
 20
174.589
 10
1302.016
 20
174.061
 10
1302.233
 20
173.529
 10
1302.416
 20
172.993
 10
1302.566
 20
172.453
 10
1302.682
 20
171.91
 10
1302.765
 20
171.362
 10
1302.815
 20
170.811
 10
1302.832
 20
170.256
 10
1302.813
 20
169.608
 10
1302.756
 20
168.972
 10
1302.662
 20
168.347
 10
1302.529
 20
167.733
 10
1302.359
 20
167.13
 10
1302.151
 20
166.539
 10
1301.905
 20
165.959
 10
1301.622
 20
165.391
 10
1301.302
 20
164.842
 10
1300.948
 20
164.321
 10
1300.561
 20
163.828
 10
1300.139
 20
163.363
 10
1299.683
 20
162.926
 10
1299.193
 20
162.518
 10
1298.669
 20
162.137
 10
1298.112
 20
161.784
 10
1297.523
 20
161.466
 10
1296.906
 20
161.191
 10
1296.261
 20
160.958
 10
1295.588
 20
160.767
 10
1294.887
 20
160.619
 10
1294.158
 20
160.513
 10
1293.401
 20
160.449
 10
1292.617
 20
160.428
 10
1291.855
 20
160.448
 10
1291.096
 20
160.507
 10
1290.339
 20
160.605
 10
1289.585
 20
160.743
 10
1288.832
 20
160.92
 10
1288.082
 20
161.136
 10
1287.334
 20
161.392
 10
1286.589
 20
161.687
 10
1285.85
 20
162.013
 10
1285.121
 20
162.363
 10
1284.404
 20
162.737
 10
1283.696
 20
163.133
 10
1283.0
 20
163.554
 10
1282.313
 20
163.997
 10
1281.638
 20
164.464
 10
1280.973
 20
164.955
 10
1280.323
 20
165.461
 10
1279.691
 20
165.976
 10
1279.079
 20
166.499
 10
1278.486
 20
167.031
 10
1277.911
 20
167.57
 10
1277.356
 20
168.118
 10
1276.819
 20
168.675
 10
1276.301
 20
169.24
 10
1275.742
 20
169.873
 10
1275.204
 20
170.516
 10
1274.686
 20
171.169
 10
1274.189
 20
171.83
 10
1273.712
 20
172.5
 10
1273.255
 20
173.179
 10
1272.819
 20
173.868
 10
1272.404
 20
174.565
 10
1272.01
 20
175.267
 10
1271.638
 20
175.968
 10
1271.289
 20
176.668
 10
1270.963
 20
177.367
 10
1270.66
 20
178.066
 10
1270.379
 20
178.764
 10
1270.121
 20
179.461
 10
1269.886
 20
180.157
 10
1269.676
 20
180.847
 10
1269.494
 20
181.526
 10
1269.34
 20
182.194
 10
1269.214
 20
182.85
 10
1269.116
 20
183.495
 10
1269.046
 20
184.128
 10
1269.004
 20
184.751
 10
1268.99
 20
185.361
 10
1269.024
 20
186.238
 10
1269.124
 20
187.076
 10
1269.29
 20
187.875
 10
1269.523
 20
188.635
 10
1269.823
 20
189.357
 10
1270.189
 20
190.041
 10
1270.621
 20
190.686
 10
1271.121
 20
191.292
 10
1271.694
 20
191.842
 10
1272.349
 20
192.319
 10
1273.086
 20
192.723
 10
1273.905
 20
193.053
 10
1274.805
 20
193.31
 10
1275.787
 20
193.493
 10
1276.85
 20
193.604
 10
1277.995
 20
193.64
 10
1278.488
 20
193.632
 10
1278.999
 20
193.607
 10
1279.526
 20
193.565
 10
1280.071
 20
193.507
 10
1280.634
 20
193.432
 10
1281.214
 20
193.341
 10
1281.811
 20
193.232
 10
1282.425
 20
193.108
 10
1283.049
 20
192.972
 10
1283.672
 20
192.829
 10
1284.295
 20
192.681
 10
1284.919
 20
192.527
 10
1285.542
 20
192.366
 10
1286.165
 20
192.2
 10
1286.789
 20
192.027
 10
1287.412
 20
191.849
 10
1288.027
 20
191.668
 10
1288.624
 20
191.489
 10
1289.204
 20
191.311
 10
1289.766
 20
191.135
 10
1290.311
 20
190.96
 10
1290.839
 20
190.787
 10
1291.349
 20
190.615
 10
1291.842
 20
190.445
 10
1291.842
 20
190.542
 10
1291.069
 20
190.972
 10
1290.324
 20
191.39
 10
1289.608
 20
191.798
 10
1288.919
 20
192.194
 10
1288.258
 20
192.579
 10
1287.625
 20
192.952
 10
1287.021
 20
193.314
 10
1286.444
 20
193.664
 10
1285.886
 20
194.01
 10
1285.338
 20
194.356
 10
1284.8
 20
194.703
 10
1284.271
 20
195.05
 10
1283.753
 20
195.399
 10
1283.244
 20
195.748
 10
1282.745
 20
196.098
 10
1282.256
 20
196.448
 10
1281.769
 20
196.805
 10
1281.276
 20
197.171
 10
1280.776
 20
197.549
 10
1280.271
 20
197.937
 10
1279.76
 20
198.336
 10
1279.242
 20
198.745
 10
1278.719
 20
199.165
 10
1278.189
 20
199.595
 10
1277.753
 20
199.977
 10
1277.339
 20
200.373
 10
1276.948
 20
200.782
 10
1276.579
 20
201.205
 10
1276.234
 20
201.641
 10
1275.911
 20
202.092
 10
1275.61
 20
202.555
 10
1275.333
 20
203.033
 10
1275.083
 20
203.514
 10
1274.867
 20
203.992
 10
1274.684
 20
204.465
 10
1274.534
 20
204.933
 10
1274.417
 20
205.397
 10
1274.334
 20
205.856
 10
1274.284
 20
206.31
 10
1274.268
 20
206.76
 10
1274.284
 20
207.152
 10
1274.334
 20
207.529
 10
1274.417
 20
207.891
 10
1274.534
 20
208.237
 10
1274.684
 20
208.568
 10
1274.867
 20
208.885
 10
1275.083
 20
209.186
 10
1275.333
 20
209.472
 10
1275.622
 20
209.733
 10
1275.959
 20
209.959
 10
1276.343
 20
210.15
 10
1276.773
 20
210.307
 10
1277.25
 20
210.429
 10
1277.775
 20
210.516
 10
1278.346
 20
210.568
 10
1278.964
 20
210.585
 10
1279.035
 20
210.585
 10
1279.103
 20
210.585
 10
1279.168
 20
210.585
 10
1279.23
 20
210.585
 10
1279.289
 20
210.585
 10
1279.345
 20
210.585
 10
1279.398
 20
210.585
 10
1279.448
 20
210.585
 10
1279.499
 20
210.584
 10
1279.557
 20
210.582
 10
1279.62
 20
210.578
 10
1279.69
 20
210.573
 10
1279.766
 20
210.566
 10
1279.847
 20
210.558
 10
1279.935
 20
210.548
 10
1280.029
 20
210.537
 10
1281.188
 20
210.413
 10
1282.342
 20
210.258
 10
1283.491
 20
210.074
 10
1284.634
 20
209.859
 10
1285.772
 20
209.614
 10
1286.905
 20
209.338
 10
1288.033
 20
209.033
 10
1289.155
 20
208.697
 10
1290.276
 20
208.344
 10
1291.399
 20
207.989
 10
1292.524
 20
207.63
 10
1293.651
 20
207.269
 10
1294.781
 20
206.904
 10
1295.913
 20
206.537
 10
1297.048
 20
206.166
 10
1298.184
 20
205.792
 10
1297.583
 20
206.184
 10
1296.944
 20
206.609
 10
1296.264
 20
207.068
 10
1295.546
 20
207.559
 10
1294.788
 20
208.084
 10
1293.99
 20
208.643
 10
1293.154
 20
209.234
 10
1292.278
 20
209.859
 10
1291.378
 20
210.508
 10
1290.471
 20
211.172
 10
1289.557
 20
211.851
 10
1288.634
 20
212.546
 10
1287.705
 20
213.255
 10
1286.768
 20
213.98
 10
1285.823
 20
214.72
 10
1284.87
 20
215.475
 10
1283.745
 20
216.399
 10
1282.692
 20
217.306
 10
1281.711
 20
218.196
 10
1280.803
 20
219.07
 10
1279.968
 20
219.927
 10
1279.206
 20
220.767
 10
1278.516
 20
221.591
 10
1277.899
 20
222.398
 10
1277.354
 20
223.18
 10
1276.882
 20
223.926
 10
1276.483
 20
224.638
 10
1276.156
 20
225.315
 10
1275.902
 20
225.957
 10
1275.72
 20
226.565
 10
1275.611
 20
227.137
 10
1275.575
 20
227.675
 10
1275.625
 20
228.288
 10
1275.774
 20
228.819
 10
1276.024
 20
229.268
 10
1276.374
 20
229.636
 10
1276.823
 20
229.922
 10
1277.372
 20
230.126
 10
1278.021
 20
230.249
 10
1278.77
 20
230.29
 10
1279.08
 20
230.282
 10
1279.406
 20
230.261
 10
1279.746
 20
230.225
 10
1280.101
 20
230.175
 10
1280.472
 20
230.11
 10
1280.858
 20
230.031
 10
1281.259
 20
229.938
 10
1281.675
 20
229.83
 10
1282.102
 20
229.707
 10
1282.534
 20
229.568
 10
1282.973
 20
229.413
 10
1283.418
 20
229.243
 10
1283.869
 20
229.056
 10
1284.326
 20
228.854
 10
1284.789
 20
228.636
 10
1285.258
 20
228.402
 10
1285.8
 20
228.132
 10
1286.364
 20
227.855
 10
1286.947
 20
227.572
 10
1287.551
 20
227.282
 10
1288.176
 20
226.985
 10
1288.821
 20
226.681
 10
1289.486
 20
226.371
 10
1290.172
 20
226.053
 10
1290.872
 20
225.735
 10
1291.58
 20
225.42
 10
1292.297
 20
225.108
 10
1293.022
 20
224.801
 10
1293.755
 20
224.497
 10
1294.497
 20
224.197
 10
1295.247
 20
223.901
 10
1296.006
 20
223.609
 10
1296.766
 20
223.324
 10
1297.523
 20
223.053
 10
1298.276
 20
222.795
 10
1299.025
 20
222.549
 10
1299.771
 20
222.317
 10
1300.513
 20
222.097
 10
1301.25
 20
221.89
 10
1301.985
 20
221.696
 10
1302.71
 20
221.52
 10
1303.42
 20
221.368
 10
1304.117
 20
221.239
 10
1304.799
 20
221.133
 10
1305.466
 20
221.051
 10
1306.119
 20
220.993
 10
1306.758
 20
220.957
 10
1307.383
 20
220.946
 10
1308.032
 20
220.965
 10
1308.649
 20
221.023
 10
1309.233
 20
221.119
 10
1309.785
 20
221.254
 10
1310.305
 20
221.428
 10
1310.791
 20
221.64
 10
1311.246
 20
221.891
 10
1311.667
 20
222.18
 10
1312.048
 20
222.517
 10
1312.377
 20
222.911
 10
1312.656
 20
223.362
 10
1312.884
 20
223.869
 10
1313.061
 20
224.433
 10
1313.188
 20
225.053
 10
1313.264
 20
225.731
 10
1313.289
 20
226.465
 10
1313.289
 20
226.755
 10
1313.294
 20
226.926
 10
1313.307
 20
227.073
 10
1313.33
 20
227.198
 10
1313.362
 20
227.3
 10
1313.403
 20
227.38
 10
1313.453
 20
227.436
 10
1313.512
 20
227.47
 10
1313.58
 20
227.482
 10
1313.628
 20
227.474
 10
1313.677
 20
227.451
 10
1313.725
 20
227.414
 10
1313.773
 20
227.361
 10
1313.822
 20
227.293
 10
1313.87
 20
227.209
 10
1313.919
 20
227.111
 10
1313.967
 20
226.997
 10
1314.011
 20
226.87
 10
1314.046
 20
226.731
 10
1314.071
 20
226.58
 10
1314.088
 20
226.417
 10
1314.096
 20
226.241
 10
1314.094
 20
226.053
 10
1314.084
 20
225.854
 10
1314.064
 20
225.642
  0
LWPOLYLINE
  5
CA
330
17
100
AcDbEntity
  8
ENGRAVE_V
100
AcDbPolyline
 90
401
 70
1
 10
1308.642
 20
237.6
 10
1308.632
 20
237.326
 10
1308.602
 20
237.06
 10
1308.553
 20
236.802
 10
1308.484
 20
236.553
 10
1308.396
 20
236.312
 10
1308.288
 20
236.08
 10
1308.16
 20
235.855
 10
1308.012
 20
235.639
 10
1307.834
 20
235.441
 10
1307.616
 20
235.269
 10
1307.356
 20
235.123
 10
1307.056
 20
235.004
 10
1306.715
 20
234.911
 10
1306.333
 20
234.845
 10
1305.91
 20
234.805
 10
1305.446
 20
234.792
 10
1305.242
 20
234.794
 10
1305.041
 20
234.8
 10
1304.843
 20
234.809
 10
1304.647
 20
234.822
 10
1304.455
 20
234.839
 10
1304.266
 20
234.86
 10
1304.08
 20
234.885
 10
1303.897
 20
234.913
 10
1303.714
 20
234.945
 10
1303.528
 20
234.978
 10
1303.339
 20
235.014
 10
1303.147
 20
235.052
 10
1302.951
 20
235.093
 10
1302.753
 20
235.136
 10
1302.552
 20
235.181
 10
1302.348
 20
235.228
 10
1302.535
 20
235.114
 10
1302.732
 20
234.989
 10
1302.94
 20
234.853
 10
1303.159
 20
234.707
 10
1303.388
 20
234.551
 10
1303.628
 20
234.384
 10
1303.878
 20
234.206
 10
1304.139
 20
234.018
 10
1304.405
 20
233.821
 10
1304.669
 20
233.62
 10
1304.931
 20
233.413
 10
1305.192
 20
233.201
 10
1305.452
 20
232.983
 10
1305.709
 20
232.76
 10
1305.966
 20
232.532
 10
1306.221
 20
232.299
 10
1306.47
 20
232.062
 10
1306.708
 20
231.824
 10
1306.936
 20
231.584
 10
1307.153
 20
231.343
 10
1307.359
 20
231.1
 10
1307.555
 20
230.855
 10
1307.741
 20
230.61
 10
1307.915
 20
230.362
 10
1308.074
 20
230.116
 10
1308.212
 20
229.874
 10
1308.328
 20
229.635
 10
1308.424
 20
229.4
 10
1308.498
 20
229.169
 10
1308.551
 20
228.942
 10
1308.583
 20
228.718
 10
1308.593
 20
228.498
 10
1308.575
 20
228.191
 10
1308.522
 20
227.899
 10
1308.433
 20
227.622
 10
1308.309
 20
227.361
 10
1308.149
 20
227.114
 10
1307.953
 20
226.883
 10
1307.722
 20
226.666
 10
1307.455
 20
226.465
 10
1307.16
 20
226.283
 10
1306.843
 20
226.126
 10
1306.503
 20
225.993
 10
1306.142
 20
225.884
 10
1305.759
 20
225.799
 10
1305.354
 20
225.739
 10
1304.927
 20
225.702
 10
1304.478
 20
225.69
 10
1303.977
 20
225.705
 10
1303.467
 20
225.748
 10
1302.948
 20
225.82
 10
1302.42
 20
225.92
 10
1301.883
 20
226.05
 10
1301.337
 20
226.208
 10
1300.782
 20
226.395
 10
1300.218
 20
226.61
 10
1299.652
 20
226.851
 10
1299.092
 20
227.112
 10
1298.538
 20
227.395
 10
1297.99
 20
227.699
 10
1297.449
 20
228.025
 10
1296.913
 20
228.371
 10
1296.384
 20
228.739
 10
1295.86
 20
229.128
 10
1295.352
 20
229.535
 10
1294.868
 20
229.957
 10
1294.408
 20
230.394
 10
1293.972
 20
230.846
 10
1293.561
 20
231.314
 10
1293.173
 20
231.797
 10
1292.81
 20
232.294
 10
1292.471
 20
232.807
 10
1292.165
 20
233.331
 10
1291.899
 20
233.86
 10
1291.675
 20
234.396
 10
1291.491
 20
234.937
 10
1291.348
 20
235.485
 10
1291.246
 20
236.039
 10
1291.185
 20
236.599
 10
1291.164
 20
237.164
 10
1291.17
 20
237.441
 10
1291.187
 20
237.715
 10
1291.215
 20
237.986
 10
1291.255
 20
238.254
 10
1291.306
 20
238.519
 10
1291.368
 20
238.78
 10
1291.442
 20
239.039
 10
1291.527
 20
239.295
 10
1291.625
 20
239.545
 10
1291.738
 20
239.788
 10
1291.864
 20
240.023
 10
1292.005
 20
240.251
 10
1292.161
 20
240.471
 10
1292.331
 20
240.684
 10
1292.515
 20
240.889
 10
1292.713
 20
241.086
 10
1292.8
 20
241.165
 10
1292.889
 20
241.234
 10
1292.981
 20
241.292
 10
1293.076
 20
241.34
 10
1293.175
 20
241.377
 10
1293.276
 20
241.404
 10
1293.381
 20
241.42
 10
1293.488
 20
241.425
 10
1293.559
 20
241.421
 10
1293.627
 20
241.41
 10
1293.692
 20
241.391
 10
1293.754
 20
241.364
 10
1293.813
 20
241.33
 10
1293.869
 20
241.289
 10
1293.922
 20
241.24
 10
1293.972
 20
241.183
 10
1294.016
 20
241.12
 10
1294.051
 20
241.053
 10
1294.077
 20
240.981
 10
1294.093
 20
240.904
 10
1294.101
 20
240.823
 10
1294.099
 20
240.738
 10
1294.089
 20
240.648
 10
1294.069
 20
240.553
 10
1293.672
 20
240.401
 10
1293.328
 20
240.211
 10
1293.036
 20
239.984
 10
1292.798
 20
239.718
 10
1292.613
 20
239.415
 10
1292.48
 20
239.074
 10
1292.401
 20
238.695
 10
1292.374
 20
238.278
 10
1292.383
 20
238.068
 10
1292.408
 20
237.851
 10
1292.449
 20
237.627
 10
1292.508
 20
237.394
 10
1292.582
 20
237.155
 10
1292.674
 20
236.907
 10
1292.782
 20
236.652
 10
1292.907
 20
236.39
 10
1293.089
 20
236.06
 10
1293.296
 20
235.726
 10
1293.528
 20
235.386
 10
1293.785
 20
235.04
 10
1294.066
 20
234.69
 10
1294.373
 20
234.334
 10
1294.705
 20
233.973
 10
1295.061
 20
233.606
 10
1295.437
 20
233.24
 10
1295.824
 20
232.88
 10
1296.223
 20
232.526
 10
1296.635
 20
232.178
 10
1297.059
 20
231.836
 10
1297.494
 20
231.5
 10
1297.942
 20
231.17
 10
1298.402
 20
230.846
 10
1298.868
 20
230.533
 10
1299.335
 20
230.234
 10
1299.803
 20
229.949
 10
1300.272
 20
229.678
 10
1300.741
 20
229.422
 10
1301.212
 20
229.181
 10
1301.682
 20
228.953
 10
1302.154
 20
228.74
 10
1302.621
 20
228.548
 10
1303.077
 20
228.38
 10
1303.523
 20
228.239
 10
1303.958
 20
228.123
 10
1304.382
 20
228.033
 10
1304.796
 20
227.969
 10
1305.199
 20
227.93
 10
1305.591
 20
227.917
 10
1305.966
 20
227.936
 10
1306.29
 20
227.993
 10
1306.565
 20
228.088
 10
1306.79
 20
228.22
 10
1306.964
 20
228.39
 10
1307.089
 20
228.598
 10
1307.164
 20
228.844
 10
1307.189
 20
229.128
 10
1307.173
 20
229.395
 10
1307.126
 20
229.665
 10
1307.046
 20
229.937
 10
1306.935
 20
230.211
 10
1306.792
 20
230.487
 10
1306.617
 20
230.766
 10
1306.411
 20
231.047
 10
1306.172
 20
231.331
 10
1305.91
 20
231.613
 10
1305.632
 20
231.893
 10
1305.338
 20
232.17
 10
1305.029
 20
232.444
 10
1304.703
 20
232.715
 10
1304.361
 20
232.983
 10
1304.004
 20
233.247
 10
1303.631
 20
233.509
 10
1303.25
 20
233.767
 10
1302.87
 20
234.019
 10
1302.49
 20
234.266
 10
1302.112
 20
234.508
 10
1301.734
 20
234.744
 10
1301.357
 20
234.975
 10
1300.98
 20
235.201
 10
1300.605
 20
235.422
 10
1300.239
 20
235.633
 10
1299.891
 20
235.833
 10
1299.561
 20
236.021
 10
1299.249
 20
236.196
 10
1298.956
 20
236.36
 10
1298.68
 20
236.511
 10
1298.423
 20
236.65
 10
1298.184
 20
236.777
 10
1297.864
 20
236.957
 10
1297.558
 20
237.134
 10
1297.265
 20
237.308
 10
1296.986
 20
237.479
 10
1296.72
 20
237.647
 10
1296.468
 20
237.812
 10
1296.23
 20
237.974
 10
1296.006
 20
238.133
 10
1295.801
 20
238.298
 10
1295.624
 20
238.481
 10
1295.474
 20
238.68
 10
1295.352
 20
238.895
 10
1295.257
 20
239.127
 10
1295.189
 20
239.376
 10
1295.148
 20
239.642
 10
1295.134
 20
239.924
 10
1295.136
 20
240.057
 10
1295.143
 20
240.19
 10
1295.154
 20
240.323
 10
1295.17
 20
240.457
 10
1295.191
 20
240.59
 10
1295.216
 20
240.723
 10
1295.245
 20
240.856
 10
1295.279
 20
240.989
 10
1295.312
 20
241.123
 10
1295.337
 20
241.258
 10
1295.354
 20
241.395
 10
1295.364
 20
241.534
 10
1295.366
 20
241.674
 10
1295.361
 20
241.815
 10
1295.348
 20
241.958
 10
1295.328
 20
242.103
 10
1295.699
 20
241.745
 10
1296.087
 20
241.399
 10
1296.492
 20
241.064
 10
1296.913
 20
240.741
 10
1297.351
 20
240.429
 10
1297.806
 20
240.128
 10
1298.277
 20
239.839
 10
1298.765
 20
239.561
 10
1299.26
 20
239.297
 10
1299.753
 20
239.048
 10
1300.244
 20
238.815
 10
1300.732
 20
238.599
 10
1301.218
 20
238.398
 10
1301.702
 20
238.213
 10
1302.183
 20
238.044
 10
1302.662
 20
237.891
 10
1303.131
 20
237.754
 10
1303.581
 20
237.636
 10
1304.012
 20
237.537
 10
1304.423
 20
237.455
 10
1304.816
 20
237.391
 10
1305.191
 20
237.346
 10
1305.546
 20
237.319
 10
1305.882
 20
237.31
 10
1306.222
 20
237.325
 10
1306.517
 20
237.37
 10
1306.767
 20
237.446
 10
1306.971
 20
237.552
 10
1307.13
 20
237.688
 10
1307.244
 20
237.854
 10
1307.312
 20
238.051
 10
1307.334
 20
238.278
 10
1307.321
 20
238.474
 10
1307.28
 20
238.673
 10
1307.212
 20
238.876
 10
1307.117
 20
239.083
 10
1306.994
 20
239.294
 10
1306.844
 20
239.508
 10
1306.667
 20
239.726
 10
1306.463
 20
239.948
 10
1306.238
 20
240.171
 10
1305.998
 20
240.393
 10
1305.745
 20
240.613
 10
1305.476
 20
240.832
 10
1305.194
 20
241.049
 10
1304.897
 20
241.265
 10
1304.586
 20
241.479
 10
1304.26
 20
241.691
 10
1303.926
 20
241.901
 10
1303.591
 20
242.107
 10
1303.255
 20
242.31
 10
1302.917
 20
242.508
 10
1302.577
 20
242.703
 10
1302.236
 20
242.894
 10
1301.893
 20
243.081
 10
1301.549
 20
243.265
 10
1301.21
 20
243.442
 10
1300.882
 20
243.61
 10
1300.565
 20
243.768
 10
1300.26
 20
243.918
 10
1299.966
 20
244.059
 10
1299.683
 20
244.191
 10
1299.412
 20
244.313
 10
1299.152
 20
244.427
 10
1299.153
 20
244.486
 10
1299.155
 20
244.543
 10
1299.159
 20
244.598
 10
1299.165
 20
244.65
 10
1299.171
 20
244.701
 10
1299.18
 20
244.749
 10
1299.189
 20
244.795
 10
1299.201
 20
244.838
 10
1299.217
 20
244.878
 10
1299.243
 20
244.912
 10
1299.278
 20
244.941
 10
1299.322
 20
244.965
 10
1299.375
 20
244.984
 10
1299.437
 20
244.997
 10
1299.508
 20
245.005
 10
1299.588
 20
245.008
 10
1299.637
 20
244.994
 10
1299.686
 20
244.979
 10
1299.737
 20
244.961
 10
1299.788
 20
244.941
 10
1299.84
 20
244.919
 10
1299.892
 20
244.894
 10
1299.946
 20
244.867
 10
1300.0
 20
244.838
 10
1300.059
 20
244.806
 10
1300.128
 20
244.77
 10
1300.207
 20
244.73
 10
1300.296
 20
244.687
 10
1300.395
 20
244.639
 10
1300.503
 20
244.588
 10
1300.622
 20
244.534
 10
1300.75
 20
244.475
 10
1300.952
 20
244.374
 10
1301.171
 20
244.263
 10
1301.406
 20
244.144
 10
1301.658
 20
244.015
 10
1301.926
 20
243.877
 10
1302.212
 20
243.731
 10
1302.513
 20
243.575
 10
1302.832
 20
243.41
 10
1303.159
 20
243.237
 10
1303.487
 20
243.056
 10
1303.816
 20
242.867
 10
1304.145
 20
242.672
 10
1304.475
 20
242.468
 10
1304.806
 20
242.257
 10
1305.138
 20
242.038
 10
1305.47
 20
241.812
 10
1305.797
 20
241.58
 10
1306.11
 20
241.343
 10
1306.411
 20
241.102
 10
1306.699
 20
240.856
 10
1306.974
 20
240.606
 10
1307.236
 20
240.351
 10
1307.485
 20
240.091
 10
1307.722
 20
239.827
 10
1307.937
 20
239.559
 10
1308.124
 20
239.289
 10
1308.282
 20
239.015
 10
1308.412
 20
238.738
 10
1308.512
 20
238.458
 10
1308.584
 20
238.175
 10
1308.627
 20
237.889
 10
1308.642
 20
237.6
  0
LWPOLYLINE
  5
CB
330
17
100
AcDbEntity
  8
ENGRAVE_V
100
AcDbPolyline
 90
305
 70
1
 10
1299.007
 20
244.475
 10
1298.786
 20
244.576
 10
1298.534
 20
244.684
 10
1298.25
 20
244.799
 10
1297.936
 20
244.923
 10
1297.591
 20
245.054
 10
1297.214
 20
245.192
 10
1296.807
 20
245.338
 10
1296.369
 20
245.492
 10
1295.908
 20
245.65
 10
1295.435
 20
245.809
 10
1294.949
 20
245.97
 10
1294.45
 20
246.133
 10
1293.938
 20
246.297
 10
1293.414
 20
246.463
 10
1292.876
 20
246.63
 10
1292.326
 20
246.799
 10
1291.773
 20
246.963
 10
1291.228
 20
247.117
 10
1290.69
 20
247.26
 10
1290.16
 20
247.392
 10
1289.637
 20
247.514
 10
1289.122
 20
247.625
 10
1288.614
 20
247.726
 10
1288.114
 20
247.816
 10
1287.927
 20
247.856
 10
1287.752
 20
247.903
 10
1287.591
 20
247.958
 10
1287.442
 20
248.021
 10
1287.306
 20
248.092
 10
1287.184
 20
248.17
 10
1287.073
 20
248.255
 10
1286.976
 20
248.348
 10
1286.891
 20
248.446
 10
1286.817
 20
248.545
 10
1286.755
 20
248.645
 10
1286.704
 20
248.747
 10
1286.664
 20
248.851
 10
1286.636
 20
248.956
 10
1286.619
 20
249.063
 10
1286.613
 20
249.171
 10
1286.623
 20
249.327
 10
1286.651
 20
249.48
 10
1286.698
 20
249.63
 10
1286.764
 20
249.776
 10
1286.85
 20
249.92
 10
1286.954
 20
250.061
 10
1287.077
 20
250.198
 10
1287.218
 20
250.333
 10
1287.378
 20
250.458
 10
1287.553
 20
250.566
 10
1287.744
 20
250.658
 10
1287.951
 20
250.732
 10
1288.173
 20
250.791
 10
1288.412
 20
250.832
 10
1288.667
 20
250.857
 10
1288.937
 20
250.866
 10
1289.27
 20
250.853
 10
1289.591
 20
250.816
 10
1289.899
 20
250.753
 10
1290.196
 20
250.666
 10
1290.48
 20
250.554
 10
1290.753
 20
250.416
 10
1291.013
 20
250.254
 10
1291.261
 20
250.067
 10
1291.501
 20
249.861
 10
1291.739
 20
249.645
 10
1291.974
 20
249.417
 10
1292.205
 20
249.177
 10
1292.433
 20
248.926
 10
1292.659
 20
248.664
 10
1292.881
 20
248.391
 10
1293.101
 20
248.106
 10
1293.112
 20
248.228
 10
1293.123
 20
248.351
 10
1293.134
 20
248.476
 10
1293.143
 20
248.602
 10
1293.152
 20
248.73
 10
1293.16
 20
248.859
 10
1293.167
 20
248.99
 10
1293.173
 20
249.123
 10
1293.179
 20
249.257
 10
1293.184
 20
249.395
 10
1293.188
 20
249.536
 10
1293.191
 20
249.679
 10
1293.194
 20
249.826
 10
1293.196
 20
249.976
 10
1293.197
 20
250.129
 10
1293.197
 20
250.285
 10
1293.193
 20
250.853
 10
1293.179
 20
251.419
 10
1293.157
 20
251.984
 10
1293.125
 20
252.548
 10
1293.084
 20
253.11
 10
1293.034
 20
253.671
 10
1292.975
 20
254.23
 10
1292.907
 20
254.787
 10
1292.977
 20
254.81
 10
1293.043
 20
254.83
 10
1293.104
 20
254.846
 10
1293.161
 20
254.86
 10
1293.213
 20
254.87
 10
1293.261
 20
254.878
 10
1293.304
 20
254.882
 10
1293.343
 20
254.884
 10
1293.505
 20
254.878
 10
1293.679
 20
254.861
 10
1293.862
 20
254.833
 10
1294.057
 20
254.793
 10
1294.262
 20
254.742
 10
1294.477
 20
254.68
 10
1294.704
 20
254.606
 10
1294.94
 20
254.521
 10
1295.179
 20
254.43
 10
1295.412
 20
254.338
 10
1295.639
 20
254.245
 10
1295.86
 20
254.152
 10
1296.075
 20
254.058
 10
1296.284
 20
253.963
 10
1296.487
 20
253.867
 10
1296.683
 20
253.77
 10
1296.803
 20
253.716
 10
1296.945
 20
253.649
 10
1297.109
 20
253.571
 10
1297.295
 20
253.48
 10
1297.502
 20
253.377
 10
1297.732
 20
253.262
 10
1297.983
 20
253.135
 10
1298.257
 20
252.996
 10
1298.546
 20
252.849
 10
1298.844
 20
252.699
 10
1299.151
 20
252.546
 10
1299.467
 20
252.391
 10
1299.792
 20
252.232
 10
1300.127
 20
252.07
 10
1300.47
 20
251.905
 10
1300.823
 20
251.737
 10
1301.179
 20
251.571
 10
1301.534
 20
251.412
 10
1301.887
 20
251.259
 10
1302.239
 20
251.114
 10
1302.589
 20
250.975
 10
1302.938
 20
250.843
 10
1303.285
 20
250.718
 10
1303.631
 20
250.599
 10
1303.969
 20
250.492
 10
1304.295
 20
250.398
 10
1304.608
 20
250.319
 10
1304.908
 20
250.254
 10
1305.195
 20
250.204
 10
1305.469
 20
250.168
 10
1305.73
 20
250.147
 10
1305.979
 20
250.139
 10
1306.274
 20
250.155
 10
1306.53
 20
250.2
 10
1306.746
 20
250.276
 10
1306.923
 20
250.381
 10
1307.061
 20
250.518
 10
1307.159
 20
250.684
 10
1307.218
 20
250.881
 10
1307.238
 20
251.108
 10
1307.204
 20
251.349
 10
1307.103
 20
251.613
 10
1306.935
 20
251.9
 10
1306.699
 20
252.209
 10
1306.396
 20
252.541
 10
1306.026
 20
252.896
 10
1305.588
 20
253.273
 10
1305.083
 20
253.674
 10
1304.519
 20
254.085
 10
1303.905
 20
254.497
 10
1303.239
 20
254.908
 10
1302.523
 20
255.32
 10
1301.757
 20
255.731
 10
1300.939
 20
256.143
 10
1300.071
 20
256.554
 10
1299.152
 20
256.966
 10
1299.159
 20
257.102
 10
1299.18
 20
257.22
 10
1299.214
 20
257.32
 10
1299.261
 20
257.402
 10
1299.323
 20
257.465
 10
1299.398
 20
257.51
 10
1299.486
 20
257.538
 10
1299.588
 20
257.547
 10
1299.919
 20
257.409
 10
1300.257
 20
257.264
 10
1300.603
 20
257.11
 10
1300.956
 20
256.948
 10
1301.317
 20
256.777
 10
1301.685
 20
256.598
 10
1302.061
 20
256.411
 10
1302.445
 20
256.215
 10
1302.829
 20
256.013
 10
1303.209
 20
255.805
 10
1303.583
 20
255.592
 10
1303.951
 20
255.374
 10
1304.315
 20
255.151
 10
1304.673
 20
254.922
 10
1305.026
 20
254.688
 10
1305.374
 20
254.448
 10
1305.711
 20
254.204
 10
1306.033
 20
253.955
 10
1306.34
 20
253.702
 10
1306.632
 20
253.444
 10
1306.909
 20
253.181
 10
1307.171
 20
252.914
 10
1307.418
 20
252.643
 10
1307.649
 20
252.366
 10
1307.859
 20
252.087
 10
1308.041
 20
251.804
 10
1308.195
 20
251.518
 10
1308.321
 20
251.229
 10
1308.419
 20
250.937
 10
1308.489
 20
250.642
 10
1308.531
 20
250.344
 10
1308.545
 20
250.043
 10
1308.533
 20
249.813
 10
1308.498
 20
249.583
 10
1308.439
 20
249.353
 10
1308.357
 20
249.123
 10
1308.252
 20
248.893
 10
1308.123
 20
248.663
 10
1307.97
 20
248.433
 10
1307.794
 20
248.203
 10
1307.592
 20
247.987
 10
1307.36
 20
247.8
 10
1307.099
 20
247.642
 10
1306.808
 20
247.513
 10
1306.488
 20
247.412
 10
1306.138
 20
247.34
 10
1305.758
 20
247.297
 10
1305.349
 20
247.283
 10
1304.975
 20
247.292
 10
1304.604
 20
247.319
 10
1304.234
 20
247.365
 10
1303.867
 20
247.428
 10
1303.502
 20
247.51
 10
1303.139
 20
247.61
 10
1302.779
 20
247.728
 10
1302.42
 20
247.864
 10
1302.066
 20
248.011
 10
1301.717
 20
248.164
 10
1301.373
 20
248.32
 10
1301.035
 20
248.481
 10
1300.701
 20
248.647
 10
1300.373
 20
248.817
 10
1300.051
 20
248.992
 10
1299.733
 20
249.171
 10
1299.423
 20
249.35
 10
1299.122
 20
249.525
 10
1298.83
 20
249.695
 10
1298.547
 20
249.861
 10
1298.273
 20
250.022
 10
1298.009
 20
250.179
 10
1297.753
 20
250.331
 10
1297.506
 20
250.478
 10
1297.27
 20
250.614
 10
1297.046
 20
250.732
 10
1296.835
 20
250.832
 10
1296.635
 20
250.914
 10
1296.447
 20
250.978
 10
1296.272
 20
251.023
 10
1296.108
 20
251.05
 10
1295.957
 20
251.059
 10
1295.747
 20
251.042
 10
1295.552
 20
250.991
 10
1295.372
 20
250.906
 10
1295.207
 20
250.787
 10
1295.057
 20
250.634
 10
1294.922
 20
250.447
 10
1294.803
 20
250.225
 10
1294.698
 20
249.97
 10
1294.607
 20
249.687
 10
1294.526
 20
249.384
 10
1294.455
 20
249.061
 10
1294.396
 20
248.717
 10
1294.347
 20
248.353
 10
1294.308
 20
247.968
 10
1294.28
 20
247.563
 10
1294.263
 20
247.138
 10
1294.801
 20
246.927
 10
1295.303
 20
246.729
 10
1295.769
 20
246.545
 10
1296.199
 20
246.375
 10
1296.593
 20
246.219
 10
1296.95
 20
246.076
 10
1297.27
 20
245.946
 10
1297.555
 20
245.831
 10
1297.82
 20
245.722
 10
1298.081
 20
245.616
 10
1298.34
 20
245.511
 10
1298.596
 20
245.407
 10
1298.848
 20
245.305
 10
1299.098
 20
245.204
 10
1299.345
 20
245.105
 10
1299.588
 20
245.008
 10
1299.579
 20
244.83
 10
1299.552
 20
244.684
 10
1299.506
 20
244.57
 10
1299.443
 20
244.487
 10
1299.361
 20
244.436
 10
1299.261
 20
244.417
 10
1299.143
 20
244.43
 10
1299.007
 20
244.475
  0
LWPOLYLINE
  5
CC
330
17
100
AcDbEntity
  8
ENGRAVE_V
100
AcDbPolyline
 90
305
 70
1
 10
1299.007
 20
257.014
 10
1298.786
 20
257.115
 10
1298.534
 20
257.223
 10
1298.25
 20
257.339
 10
1297.936
 20
257.462
 10
1297.591
 20
257.593
 10
1297.214
 20
257.731
 10
1296.807
 20
257.877
 10
1296.369
 20
258.031
 10
1295.908
 20
258.189
 10
1295.435
 20
258.349
 10
1294.949
 20
258.51
 10
1294.45
 20
258.672
 10
1293.938
 20
258.837
 10
1293.414
 20
259.002
 10
1292.876
 20
259.169
 10
1292.326
 20
259.338
 10
1291.773
 20
259.502
 10
1291.228
 20
259.656
 10
1290.69
 20
259.799
 10
1290.16
 20
259.931
 10
1289.637
 20
260.053
 10
1289.122
 20
260.164
 10
1288.614
 20
260.265
 10
1288.114
 20
260.355
 10
1287.927
 20
260.395
 10
1287.752
 20
260.443
 10
1287.591
 20
260.498
 10
1287.442
 20
260.561
 10
1287.306
 20
260.631
 10
1287.184
 20
260.709
 10
1287.073
 20
260.794
 10
1286.976
 20
260.887
 10
1286.891
 20
260.985
 10
1286.817
 20
261.084
 10
1286.755
 20
261.185
 10
1286.704
 20
261.287
 10
1286.664
 20
261.39
 10
1286.636
 20
261.496
 10
1286.619
 20
261.602
 10
1286.613
 20
261.71
 10
1286.623
 20
261.866
 10
1286.651
 20
262.019
 10
1286.698
 20
262.169
 10
1286.764
 20
262.316
 10
1286.85
 20
262.459
 10
1286.954
 20
262.6
 10
1287.077
 20
262.738
 10
1287.218
 20
262.872
 10
1287.378
 20
262.997
 10
1287.553
 20
263.105
 10
1287.744
 20
263.197
 10
1287.951
 20
263.272
 10
1288.173
 20
263.33
 10
1288.412
 20
263.372
 10
1288.667
 20
263.397
 10
1288.937
 20
263.405
 10
1289.27
 20
263.392
 10
1289.591
 20
263.355
 10
1289.899
 20
263.293
 10
1290.196
 20
263.205
 10
1290.48
 20
263.093
 10
1290.753
 20
262.955
 10
1291.013
 20
262.793
 10
1291.261
 20
262.606
 10
1291.501
 20
262.401
 10
1291.739
 20
262.184
 10
1291.974
 20
261.956
 10
1292.205
 20
261.716
 10
1292.433
 20
261.466
 10
1292.659
 20
261.204
 10
1292.881
 20
260.93
 10
1293.101
 20
260.645
 10
1293.112
 20
260.767
 10
1293.123
 20
260.89
 10
1293.134
 20
261.015
 10
1293.143
 20
261.141
 10
1293.152
 20
261.269
 10
1293.16
 20
261.399
 10
1293.167
 20
261.53
 10
1293.173
 20
261.662
 10
1293.179
 20
261.797
 10
1293.184
 20
261.934
 10
1293.188
 20
262.075
 10
1293.191
 20
262.219
 10
1293.194
 20
262.365
 10
1293.196
 20
262.515
 10
1293.197
 20
262.668
 10
1293.197
 20
262.824
 10
1293.193
 20
263.392
 10
1293.179
 20
263.959
 10
1293.157
 20
264.524
 10
1293.125
 20
265.087
 10
1293.084
 20
265.649
 10
1293.034
 20
266.21
 10
1292.975
 20
266.769
 10
1292.907
 20
267.326
 10
1292.977
 20
267.349
 10
1293.043
 20
267.369
 10
1293.104
 20
267.385
 10
1293.161
 20
267.399
 10
1293.213
 20
267.41
 10
1293.261
 20
267.417
 10
1293.304
 20
267.422
 10
1293.343
 20
267.423
 10
1293.505
 20
267.418
 10
1293.679
 20
267.401
 10
1293.862
 20
267.372
 10
1294.057
 20
267.332
 10
1294.262
 20
267.281
 10
1294.477
 20
267.219
 10
1294.704
 20
267.145
 10
1294.94
 20
267.06
 10
1295.179
 20
266.969
 10
1295.412
 20
266.877
 10
1295.639
 20
266.784
 10
1295.86
 20
266.691
 10
1296.075
 20
266.597
 10
1296.284
 20
266.502
 10
1296.487
 20
266.406
 10
1296.683
 20
266.31
 10
1296.803
 20
266.255
 10
1296.945
 20
266.189
 10
1297.109
 20
266.11
 10
1297.295
 20
266.019
 10
1297.502
 20
265.916
 10
1297.732
 20
265.801
 10
1297.983
 20
265.674
 10
1298.257
 20
265.535
 10
1298.546
 20
265.388
 10
1298.844
 20
265.239
 10
1299.151
 20
265.086
 10
1299.467
 20
264.93
 10
1299.792
 20
264.771
 10
1300.127
 20
264.609
 10
1300.47
 20
264.444
 10
1300.823
 20
264.276
 10
1301.179
 20
264.11
 10
1301.534
 20
263.951
 10
1301.887
 20
263.799
 10
1302.239
 20
263.653
 10
1302.589
 20
263.514
 10
1302.938
 20
263.382
 10
1303.285
 20
263.257
 10
1303.631
 20
263.139
 10
1303.969
 20
263.031
 10
1304.295
 20
262.937
 10
1304.608
 20
262.858
 10
1304.908
 20
262.794
 10
1305.195
 20
262.743
 10
1305.469
 20
262.707
 10
1305.73
 20
262.686
 10
1305.979
 20
262.679
 10
1306.274
 20
262.694
 10
1306.53
 20
262.739
 10
1306.746
 20
262.815
 10
1306.923
 20
262.921
 10
1307.061
 20
263.057
 10
1307.159
 20
263.223
 10
1307.218
 20
263.42
 10
1307.238
 20
263.647
 10
1307.204
 20
263.888
 10
1307.103
 20
264.152
 10
1306.935
 20
264.439
 10
1306.699
 20
264.748
 10
1306.396
 20
265.08
 10
1306.026
 20
265.435
 10
1305.588
 20
265.813
 10
1305.083
 20
266.213
 10
1304.519
 20
266.624
 10
1303.905
 20
267.036
 10
1303.239
 20
267.447
 10
1302.523
 20
267.859
 10
1301.757
 20
268.27
 10
1300.939
 20
268.682
 10
1300.071
 20
269.093
 10
1299.152
 20
269.505
 10
1299.159
 20
269.641
 10
1299.18
 20
269.759
 10
1299.214
 20
269.859
 10
1299.261
 20
269.941
 10
1299.323
 20
270.004
 10
1299.398
 20
270.05
 10
1299.486
 20
270.077
 10
1299.588
 20
270.086
 10
1299.919
 20
269.949
 10
1300.257
 20
269.803
 10
1300.603
 20
269.649
 10
1300.956
 20
269.487
 10
1301.317
 20
269.316
 10
1301.685
 20
269.137
 10
1302.061
 20
268.95
 10
1302.445
 20
268.755
 10
1302.829
 20
268.552
 10
1303.209
 20
268.345
 10
1303.583
 20
268.132
 10
1303.951
 20
267.913
 10
1304.315
 20
267.69
 10
1304.673
 20
267.461
 10
1305.026
 20
267.227
 10
1305.374
 20
266.987
 10
1305.711
 20
266.743
 10
1306.033
 20
266.494
 10
1306.34
 20
266.241
 10
1306.632
 20
265.983
 10
1306.909
 20
265.72
 10
1307.171
 20
265.453
 10
1307.418
 20
265.182
 10
1307.649
 20
264.906
 10
1307.859
 20
264.626
 10
1308.041
 20
264.343
 10
1308.195
 20
264.057
 10
1308.321
 20
263.768
 10
1308.419
 20
263.476
 10
1308.489
 20
263.181
 10
1308.531
 20
262.883
 10
1308.545
 20
262.582
 10
1308.533
 20
262.352
 10
1308.498
 20
262.122
 10
1308.439
 20
261.892
 10
1308.357
 20
261.662
 10
1308.252
 20
261.432
 10
1308.123
 20
261.202
 10
1307.97
 20
260.972
 10
1307.794
 20
260.742
 10
1307.592
 20
260.526
 10
1307.36
 20
260.34
 10
1307.099
 20
260.182
 10
1306.808
 20
260.052
 10
1306.488
 20
259.952
 10
1306.138
 20
259.88
 10
1305.758
 20
259.837
 10
1305.349
 20
259.822
 10
1304.975
 20
259.831
 10
1304.604
 20
259.859
 10
1304.234
 20
259.904
 10
1303.867
 20
259.967
 10
1303.502
 20
260.049
 10
1303.139
 20
260.149
 10
1302.779
 20
260.267
 10
1302.42
 20
260.403
 10
1302.066
 20
260.551
 10
1301.717
 20
260.703
 10
1301.373
 20
260.859
 10
1301.035
 20
261.02
 10
1300.701
 20
261.186
 10
1300.373
 20
261.356
 10
1300.051
 20
261.531
 10
1299.733
 20
261.71
 10
1299.423
 20
261.89
 10
1299.122
 20
262.064
 10
1298.83
 20
262.235
 10
1298.547
 20
262.4
 10
1298.273
 20
262.561
 10
1298.009
 20
262.718
 10
1297.753
 20
262.87
 10
1297.506
 20
263.018
 10
1297.27
 20
263.154
 10
1297.046
 20
263.272
 10
1296.835
 20
263.372
 10
1296.635
 20
263.453
 10
1296.447
 20
263.517
 10
1296.272
 20
263.562
 10
1296.108
 20
263.589
 10
1295.957
 20
263.598
 10
1295.747
 20
263.581
 10
1295.552
 20
263.53
 10
1295.372
 20
263.445
 10
1295.207
 20
263.326
 10
1295.057
 20
263.173
 10
1294.922
 20
262.986
 10
1294.803
 20
262.764
 10
1294.698
 20
262.509
 10
1294.607
 20
262.227
 10
1294.526
 20
261.924
 10
1294.455
 20
261.6
 10
1294.396
 20
261.256
 10
1294.347
 20
260.892
 10
1294.308
 20
260.508
 10
1294.28
 20
260.102
 10
1294.263
 20
259.677
 10
1294.801
 20
259.466
 10
1295.303
 20
259.268
 10
1295.769
 20
259.085
 10
1296.199
 20
258.914
 10
1296.593
 20
258.758
 10
1296.95
 20
258.615
 10
1297.27
 20
258.486
 10
1297.555
 20
258.37
 10
1297.82
 20
258.262
 10
1298.081
 20
258.155
 10
1298.34
 20
258.05
 10
1298.596
 20
257.946
 10
1298.848
 20
257.844
 10
1299.098
 20
257.743
 10
1299.345
 20
257.644
 10
1299.588
 20
257.547
 10
1299.579
 20
257.369
 10
1299.552
 20
257.223
 10
1299.506
 20
257.109
 10
1299.443
 20
257.026
 10
1299.361
 20
256.976
 10
1299.261
 20
256.957
 10
1299.143
 20
256.97
 10
1299.007
 20
257.014
  0
LWPOLYLINE
  5
CD
330
17
100
AcDbEntity
  8
ENGRAVE_V
100
AcDbPolyline
 90
203
 70
1
 10
1308.496
 20
270.861
 10
1308.48
 20
270.429
 10
1308.431
 20
270.032
 10
1308.35
 20
269.667
 10
1308.236
 20
269.336
 10
1308.09
 20
269.038
 10
1307.911
 20
268.773
 10
1307.699
 20
268.541
 10
1307.455
 20
268.343
 10
1307.19
 20
268.173
 10
1306.915
 20
268.025
 10
1306.63
 20
267.901
 10
1306.336
 20
267.798
 10
1306.031
 20
267.719
 10
1305.717
 20
267.662
 10
1305.393
 20
267.628
 10
1305.059
 20
267.617
 10
1304.877
 20
267.62
 10
1304.694
 20
267.627
 10
1304.511
 20
267.641
 10
1304.327
 20
267.659
 10
1304.142
 20
267.683
 10
1303.956
 20
267.712
 10
1303.77
 20
267.747
 10
1303.582
 20
267.786
 10
1303.397
 20
267.83
 10
1303.215
 20
267.876
 10
1303.037
 20
267.924
 10
1302.862
 20
267.974
 10
1302.692
 20
268.026
 10
1302.525
 20
268.081
 10
1302.362
 20
268.138
 10
1302.202
 20
268.198
 10
1293.924
 20
271.442
 10
1293.828
 20
271.476
 10
1293.736
 20
271.505
 10
1293.647
 20
271.53
 10
1293.561
 20
271.551
 10
1293.477
 20
271.566
 10
1293.397
 20
271.578
 10
1293.32
 20
271.585
 10
1293.246
 20
271.587
 10
1293.127
 20
271.583
 10
1293.011
 20
271.572
 10
1292.9
 20
271.553
 10
1292.792
 20
271.526
 10
1292.688
 20
271.492
 10
1292.588
 20
271.451
 10
1292.491
 20
271.401
 10
1292.399
 20
271.345
 10
1292.311
 20
271.286
 10
1292.231
 20
271.233
 10
1292.157
 20
271.184
 10
1292.09
 20
271.139
 10
1292.03
 20
271.099
 10
1291.977
 20
271.063
 10
1291.93
 20
271.032
 10
1291.89
 20
271.006
 10
1291.793
 20
273.669
 10
1291.786
 20
273.844
 10
1291.786
 20
274.006
 10
1291.795
 20
274.155
 10
1291.812
 20
274.292
 10
1291.837
 20
274.416
 10
1291.871
 20
274.526
 10
1291.913
 20
274.624
 10
1291.963
 20
274.71
 10
1292.019
 20
274.783
 10
1292.076
 20
274.847
 10
1292.137
 20
274.901
 10
1292.199
 20
274.946
 10
1292.264
 20
274.98
 10
1292.331
 20
275.005
 10
1292.4
 20
275.019
 10
1292.471
 20
275.024
 10
1292.551
 20
275.019
 10
1292.647
 20
275.003
 10
1292.757
 20
274.977
 10
1292.883
 20
274.939
 10
1293.024
 20
274.892
 10
1293.179
 20
274.834
 10
1293.35
 20
274.765
 10
1293.536
 20
274.685
 10
1293.836
 20
274.559
 10
1294.154
 20
274.422
 10
1294.49
 20
274.275
 10
1294.844
 20
274.116
 10
1295.216
 20
273.948
 10
1295.606
 20
273.768
 10
1296.015
 20
273.579
 10
1296.441
 20
273.378
 10
1296.878
 20
273.173
 10
1297.319
 20
272.968
 10
1297.762
 20
272.764
 10
1298.208
 20
272.561
 10
1298.658
 20
272.359
 10
1299.11
 20
272.157
 10
1299.565
 20
271.956
 10
1300.024
 20
271.756
 10
1300.48
 20
271.56
 10
1300.929
 20
271.372
 10
1301.37
 20
271.191
 10
1301.803
 20
271.018
 10
1302.229
 20
270.852
 10
1302.647
 20
270.694
 10
1303.058
 20
270.544
 10
1303.461
 20
270.401
 10
1303.849
 20
270.27
 10
1304.215
 20
270.157
 10
1304.557
 20
270.061
 10
1304.877
 20
269.983
 10
1305.175
 20
269.922
 10
1305.449
 20
269.879
 10
1305.701
 20
269.853
 10
1305.93
 20
269.844
 10
1306.085
 20
269.849
 10
1306.233
 20
269.864
 10
1306.375
 20
269.888
 10
1306.511
 20
269.923
 10
1306.641
 20
269.967
 10
1306.766
 20
270.021
 10
1306.884
 20
270.085
 10
1306.995
 20
270.159
 10
1307.098
 20
270.244
 10
1307.186
 20
270.345
 10
1307.261
 20
270.459
 10
1307.322
 20
270.588
 10
1307.37
 20
270.732
 10
1307.404
 20
270.889
 10
1307.424
 20
271.061
 10
1307.431
 20
271.248
 10
1307.419
 20
271.502
 10
1307.381
 20
271.755
 10
1307.319
 20
272.007
 10
1307.232
 20
272.259
 10
1307.119
 20
272.509
 10
1306.982
 20
272.759
 10
1306.82
 20
273.009
 10
1306.632
 20
273.257
 10
1306.425
 20
273.503
 10
1306.204
 20
273.746
 10
1305.969
 20
273.984
 10
1305.719
 20
274.219
 10
1305.454
 20
274.45
 10
1305.175
 20
274.678
 10
1304.882
 20
274.901
 10
1304.575
 20
275.121
 10
1304.257
 20
275.337
 10
1303.933
 20
275.549
 10
1303.603
 20
275.758
 10
1303.268
 20
275.962
 10
1302.926
 20
276.163
 10
1302.578
 20
276.36
 10
1302.224
 20
276.553
 10
1301.864
 20
276.743
 10
1301.504
 20
276.927
 10
1301.149
 20
277.104
 10
1300.802
 20
277.275
 10
1300.46
 20
277.439
 10
1300.124
 20
277.596
 10
1299.794
 20
277.746
 10
1299.47
 20
277.889
 10
1299.152
 20
278.026
 10
1299.159
 20
278.162
 10
1299.18
 20
278.28
 10
1299.214
 20
278.38
 10
1299.261
 20
278.462
 10
1299.323
 20
278.525
 10
1299.398
 20
278.571
 10
1299.486
 20
278.598
 10
1299.588
 20
278.607
 10
1299.896
 20
278.481
 10
1300.214
 20
278.347
 10
1300.544
 20
278.203
 10
1300.883
 20
278.05
 10
1301.233
 20
277.888
 10
1301.594
 20
277.717
 10
1301.966
 20
277.537
 10
1302.348
 20
277.348
 10
1302.732
 20
277.151
 10
1303.112
 20
276.947
 10
1303.486
 20
276.736
 10
1303.855
 20
276.519
 10
1304.218
 20
276.295
 10
1304.576
 20
276.064
 10
1304.929
 20
275.826
 10
1305.277
 20
275.581
 10
1305.615
 20
275.33
 10
1305.938
 20
275.073
 10
1306.247
 20
274.809
 10
1306.542
 20
274.54
 10
1306.822
 20
274.265
 10
1307.088
 20
273.983
 10
1307.339
 20
273.696
 10
1307.576
 20
273.402
 10
1307.792
 20
273.103
 10
1307.979
 20
272.799
 10
1308.137
 20
272.489
 10
1308.266
 20
272.174
 10
1308.367
 20
271.853
 10
1308.439
 20
271.528
 10
1308.482
 20
271.197
 10
1308.496
 20
270.861
  0
LWPOLYLINE
  5
CE
330
17
100
AcDbEntity
  8
ENGRAVE_V
100
AcDbPolyline
 90
65
 70
1
 10
1288.792
 20
275.169
 10
1288.784
 20
275.015
 10
1288.762
 20
274.865
 10
1288.724
 20
274.721
 10
1288.671
 20
274.582
 10
1288.603
 20
274.449
 10
1288.519
 20
274.321
 10
1288.421
 20
274.198
 10
1288.308
 20
274.08
 10
1288.184
 20
273.972
 10
1288.053
 20
273.879
 10
1287.917
 20
273.8
 10
1287.775
 20
273.735
 10
1287.627
 20
273.685
 10
1287.473
 20
273.649
 10
1287.312
 20
273.627
 10
1287.146
 20
273.62
 10
1286.943
 20
273.631
 10
1286.745
 20
273.663
 10
1286.552
 20
273.716
 10
1286.365
 20
273.79
 10
1286.183
 20
273.885
 10
1286.006
 20
274.001
 10
1285.835
 20
274.139
 10
1285.669
 20
274.298
 10
1285.516
 20
274.47
 10
1285.383
 20
274.646
 10
1285.271
 20
274.827
 10
1285.179
 20
275.012
 10
1285.107
 20
275.202
 10
1285.056
 20
275.396
 10
1285.026
 20
275.595
 10
1285.016
 20
275.799
 10
1285.022
 20
275.965
 10
1285.043
 20
276.126
 10
1285.077
 20
276.28
 10
1285.124
 20
276.428
 10
1285.186
 20
276.57
 10
1285.261
 20
276.707
 10
1285.349
 20
276.837
 10
1285.451
 20
276.961
 10
1285.564
 20
277.074
 10
1285.684
 20
277.173
 10
1285.812
 20
277.256
 10
1285.947
 20
277.324
 10
1286.09
 20
277.377
 10
1286.241
 20
277.415
 10
1286.399
 20
277.437
 10
1286.565
 20
277.445
 10
1286.78
 20
277.434
 10
1286.988
 20
277.403
 10
1287.191
 20
277.35
 10
1287.388
 20
277.275
 10
1287.578
 20
277.18
 10
1287.763
 20
277.064
 10
1287.942
 20
276.926
 10
1288.114
 20
276.767
 10
1288.273
 20
276.594
 10
1288.411
 20
276.413
 10
1288.527
 20
276.225
 10
1288.622
 20
276.029
 10
1288.696
 20
275.825
 10
1288.749
 20
275.614
 10
1288.781
 20
275.396
 10
1288.792
 20
275.169
  0
LWPOLYLINE
  5
CF
330
17
100
AcDbEntity
  8
ENGRAVE_V
100
AcDbPolyline
 90
209
 70
1
 10
1308.69
 20
281.512
 10
1308.672
 20
281.07
 10
1308.617
 20
280.639
 10
1308.527
 20
280.219
 10
1308.399
 20
279.811
 10
1308.236
 20
279.414
 10
1308.036
 20
279.029
 10
1307.8
 20
278.655
 10
1307.528
 20
278.292
 10
1307.219
 20
277.957
 10
1306.871
 20
277.667
 10
1306.486
 20
277.422
 10
1306.064
 20
277.221
 10
1305.603
 20
277.065
 10
1305.104
 20
276.953
 10
1304.568
 20
276.886
 10
1303.994
 20
276.864
 10
1303.494
 20
276.878
 10
1302.986
 20
276.92
 10
1302.471
 20
276.99
 10
1301.948
 20
277.088
 10
1301.418
 20
277.214
 10
1300.88
 20
277.368
 10
1300.335
 20
277.55
 10
1299.782
 20
277.76
 10
1299.229
 20
277.993
 10
1298.685
 20
278.244
 10
1298.149
 20
278.513
 10
1297.621
 20
278.801
 10
1297.102
 20
279.106
 10
1296.591
 20
279.43
 10
1296.088
 20
279.772
 10
1295.594
 20
280.132
 10
1295.115
 20
280.506
 10
1294.659
 20
280.891
 10
1294.226
 20
281.287
 10
1293.815
 20
281.693
 10
1293.427
 20
282.11
 10
1293.061
 20
282.537
 10
1292.719
 20
282.975
 10
1292.399
 20
283.424
 10
1292.109
 20
283.878
 10
1291.859
 20
284.333
 10
1291.646
 20
284.789
 10
1291.473
 20
285.246
 10
1291.338
 20
285.703
 10
1291.241
 20
286.161
 10
1291.183
 20
286.62
 10
1291.164
 20
287.079
 10
1291.172
 20
287.309
 10
1291.197
 20
287.536
 10
1291.239
 20
287.762
 10
1291.297
 20
287.987
 10
1291.372
 20
288.21
 10
1291.464
 20
288.432
 10
1291.572
 20
288.652
 10
1291.697
 20
288.871
 10
1291.842
 20
289.075
 10
1292.011
 20
289.252
 10
1292.205
 20
289.402
 10
1292.423
 20
289.524
 10
1292.665
 20
289.62
 10
1292.931
 20
289.688
 10
1293.222
 20
289.728
 10
1293.536
 20
289.742
 10
1293.843
 20
289.728
 10
1294.157
 20
289.685
 10
1294.478
 20
289.613
 10
1294.807
 20
289.512
 10
1295.144
 20
289.383
 10
1295.488
 20
289.225
 10
1295.84
 20
289.038
 10
1296.199
 20
288.822
 10
1296.559
 20
288.58
 10
1296.913
 20
288.314
 10
1297.261
 20
288.023
 10
1297.603
 20
287.709
 10
1297.939
 20
287.37
 10
1298.269
 20
287.007
 10
1298.593
 20
286.619
 10
1298.91
 20
286.208
 10
1299.043
 20
286.02
 10
1299.174
 20
285.821
 10
1299.303
 20
285.609
 10
1299.431
 20
285.385
 10
1299.557
 20
285.149
 10
1299.682
 20
284.901
 10
1299.805
 20
284.64
 10
1299.927
 20
284.368
 10
1300.045
 20
284.09
 10
1300.159
 20
283.811
 10
1300.266
 20
283.533
 10
1300.369
 20
283.255
 10
1300.466
 20
282.976
 10
1300.558
 20
282.698
 10
1300.645
 20
282.419
 10
1300.726
 20
282.141
 10
1300.8
 20
281.869
 10
1300.864
 20
281.609
 10
1300.918
 20
281.36
 10
1300.962
 20
281.124
 10
1300.996
 20
280.9
 10
1301.021
 20
280.689
 10
1301.036
 20
280.489
 10
1301.041
 20
280.301
 10
1301.192
 20
280.241
 10
1301.355
 20
280.182
 10
1301.531
 20
280.123
 10
1301.718
 20
280.065
 10
1301.918
 20
280.008
 10
1302.13
 20
279.952
 10
1302.354
 20
279.896
 10
1302.59
 20
279.841
 10
1302.833
 20
279.79
 10
1303.077
 20
279.746
 10
1303.323
 20
279.709
 10
1303.57
 20
279.678
 10
1303.819
 20
279.654
 10
1304.069
 20
279.637
 10
1304.321
 20
279.627
 10
1304.575
 20
279.624
 10
1304.874
 20
279.631
 10
1305.165
 20
279.654
 10
1305.449
 20
279.692
 10
1305.725
 20
279.745
 10
1305.993
 20
279.813
 10
1306.254
 20
279.896
 10
1306.508
 20
279.994
 10
1306.753
 20
280.108
 10
1306.98
 20
280.242
 10
1307.177
 20
280.401
 10
1307.343
 20
280.587
 10
1307.48
 20
280.798
 10
1307.586
 20
281.034
 10
1307.661
 20
281.297
 10
1307.707
 20
281.585
 10
1307.722
 20
281.899
 10
1307.707
 20
282.295
 10
1307.664
 20
282.684
 10
1307.592
 20
283.067
 10
1307.492
 20
283.442
 10
1307.362
 20
283.811
 10
1307.204
 20
284.173
 10
1307.017
 20
284.528
 10
1306.802
 20
284.876
 10
1306.564
 20
285.217
 10
1306.312
 20
285.548
 10
1306.044
 20
285.87
 10
1305.761
 20
286.184
 10
1305.463
 20
286.488
 10
1305.15
 20
286.783
 10
1304.821
 20
287.069
 10
1304.478
 20
287.346
 10
1304.126
 20
287.613
 10
1303.773
 20
287.871
 10
1303.418
 20
288.118
 10
1303.062
 20
288.356
 10
1302.704
 20
288.584
 10
1302.345
 20
288.803
 10
1301.984
 20
289.011
 10
1301.622
 20
289.21
 10
1301.265
 20
289.398
 10
1300.923
 20
289.576
 10
1300.593
 20
289.743
 10
1300.278
 20
289.899
 10
1299.976
 20
290.045
 10
1299.688
 20
290.181
 10
1299.413
 20
290.306
 10
1299.152
 20
290.42
 10
1299.159
 20
290.556
 10
1299.18
 20
290.674
 10
1299.214
 20
290.774
 10
1299.261
 20
290.856
 10
1299.323
 20
290.919
 10
1299.398
 20
290.965
 10
1299.486
 20
290.992
 10
1299.588
 20
291.001
 10
1299.931
 20
290.841
 10
1300.281
 20
290.676
 10
1300.639
 20
290.505
 10
1301.004
 20
290.329
 10
1301.377
 20
290.148
 10
1301.758
 20
289.961
 10
1302.146
 20
289.77
 10
1302.541
 20
289.573
 10
1302.937
 20
289.368
 10
1303.327
 20
289.155
 10
1303.709
 20
288.933
 10
1304.085
 20
288.701
 10
1304.453
 20
288.461
 10
1304.815
 20
288.211
 10
1305.171
 20
287.952
 10
1305.519
 20
287.684
 10
1305.856
 20
287.405
 10
1306.178
 20
287.113
 10
1306.486
 20
286.806
 10
1306.778
 20
286.486
 10
1307.054
 20
286.153
 10
1307.316
 20
285.805
 10
1307.563
 20
285.445
 10
1307.794
 20
285.07
 10
1308.004
 20
284.681
 10
1308.186
 20
284.276
 10
1308.34
 20
283.855
 10
1308.466
 20
283.418
 10
1308.564
 20
282.965
 10
1308.634
 20
282.497
 10
1308.676
 20
282.012
 10
1308.69
 20
281.512
  0
LWPOLYLINE
  5
D0
330
17
100
AcDbEntity
  8
ENGRAVE_V
100
AcDbPolyline
 90
73
 70
1
 10
1300.169
 20
280.64
 10
1300.161
 20
280.824
 10
1300.137
 20
281.037
 10
1300.098
 20
281.278
 10
1300.042
 20
281.548
 10
1299.971
 20
281.847
 10
1299.883
 20
282.174
 10
1299.78
 20
282.531
 10
1299.661
 20
282.916
 10
1299.524
 20
283.311
 10
1299.369
 20
283.696
 10
1299.194
 20
284.073
 10
1299.001
 20
284.441
 10
1298.789
 20
284.799
 10
1298.558
 20
285.149
 10
1298.308
 20
285.489
 10
1298.039
 20
285.821
 10
1297.757
 20
286.126
 10
1297.469
 20
286.414
 10
1297.173
 20
286.683
 10
1296.871
 20
286.934
 10
1296.562
 20
287.167
 10
1296.246
 20
287.382
 10
1295.923
 20
287.579
 10
1295.594
 20
287.757
 10
1295.268
 20
287.916
 10
1294.954
 20
288.054
 10
1294.653
 20
288.17
 10
1294.365
 20
288.265
 10
1294.091
 20
288.34
 10
1293.828
 20
288.393
 10
1293.579
 20
288.424
 10
1293.343
 20
288.435
 10
1293.093
 20
288.423
 10
1292.877
 20
288.386
 10
1292.694
 20
288.326
 10
1292.544
 20
288.241
 10
1292.427
 20
288.132
 10
1292.344
 20
287.999
 10
1292.294
 20
287.842
 10
1292.278
 20
287.66
 10
1292.29
 20
287.508
 10
1292.326
 20
287.343
 10
1292.387
 20
287.163
 10
1292.471
 20
286.97
 10
1292.58
 20
286.764
 10
1292.713
 20
286.544
 10
1292.871
 20
286.31
 10
1293.052
 20
286.063
 10
1293.263
 20
285.801
 10
1293.506
 20
285.524
 10
1293.783
 20
285.232
 10
1294.093
 20
284.925
 10
1294.437
 20
284.603
 10
1294.813
 20
284.265
 10
1295.223
 20
283.913
 10
1295.667
 20
283.545
 10
1295.96
 20
283.317
 10
1296.26
 20
283.091
 10
1296.565
 20
282.869
 10
1296.877
 20
282.649
 10
1297.195
 20
282.433
 10
1297.518
 20
282.22
 10
1297.848
 20
282.009
 10
1298.184
 20
281.802
 10
1298.512
 20
281.604
 10
1298.817
 20
281.421
 10
1299.099
 20
281.253
 10
1299.358
 20
281.1
 10
1299.595
 20
280.962
 10
1299.809
 20
280.84
 10
1300.0
 20
280.733
 10
1300.169
 20
280.64
  0
LWPOLYLINE
  5
D1
330
17
100
AcDbEntity
  8
ENGRAVE_V
100
AcDbPolyline
 90
329
 70
1
 10
1308.496
 20
301.507
 10
1308.479
 20
301.109
 10
1308.427
 20
300.738
 10
1308.34
 20
300.395
 10
1308.218
 20
300.078
 10
1308.061
 20
299.789
 10
1307.87
 20
299.528
 10
1307.644
 20
299.293
 10
1307.383
 20
299.086
 10
1307.098
 20
298.904
 10
1306.802
 20
298.747
 10
1306.493
 20
298.614
 10
1306.172
 20
298.505
 10
1305.84
 20
298.42
 10
1305.495
 20
298.36
 10
1305.138
 20
298.323
 10
1304.768
 20
298.311
 10
1304.659
 20
298.312
 10
1304.549
 20
298.314
 10
1304.438
 20
298.318
 10
1304.327
 20
298.323
 10
1304.214
 20
298.33
 10
1304.101
 20
298.339
 10
1303.987
 20
298.348
 10
1303.873
 20
298.36
 10
1303.757
 20
298.373
 10
1303.641
 20
298.39
 10
1303.524
 20
298.41
 10
1303.407
 20
298.432
 10
1303.288
 20
298.458
 10
1303.169
 20
298.487
 10
1303.049
 20
298.519
 10
1302.929
 20
298.553
 10
1303.198
 20
298.381
 10
1303.475
 20
298.201
 10
1303.758
 20
298.014
 10
1304.048
 20
297.821
 10
1304.345
 20
297.621
 10
1304.649
 20
297.414
 10
1304.959
 20
297.2
 10
1305.277
 20
296.98
 10
1305.592
 20
296.752
 10
1305.897
 20
296.517
 10
1306.191
 20
296.274
 10
1306.475
 20
296.024
 10
1306.748
 20
295.766
 10
1307.011
 20
295.5
 10
1307.263
 20
295.227
 10
1307.504
 20
294.947
 10
1307.725
 20
294.658
 10
1307.917
 20
294.361
 10
1308.079
 20
294.056
 10
1308.212
 20
293.742
 10
1308.315
 20
293.42
 10
1308.389
 20
293.09
 10
1308.433
 20
292.752
 10
1308.448
 20
292.405
 10
1308.443
 20
292.245
 10
1308.43
 20
292.08
 10
1308.407
 20
291.909
 10
1308.375
 20
291.733
 10
1308.334
 20
291.552
 10
1308.285
 20
291.365
 10
1308.226
 20
291.174
 10
1308.157
 20
290.977
 10
1308.076
 20
290.78
 10
1307.979
 20
290.589
 10
1307.865
 20
290.405
 10
1307.734
 20
290.226
 10
1307.586
 20
290.054
 10
1307.422
 20
289.887
 10
1307.241
 20
289.727
 10
1307.044
 20
289.573
 10
1306.826
 20
289.431
 10
1306.584
 20
289.308
 10
1306.318
 20
289.204
 10
1306.027
 20
289.119
 10
1305.713
 20
289.053
 10
1305.374
 20
289.005
 10
1305.011
 20
288.977
 10
1304.623
 20
288.967
 10
1304.099
 20
288.982
 10
1303.567
 20
289.025
 10
1303.028
 20
289.097
 10
1302.481
 20
289.197
 10
1301.926
 20
289.327
 10
1301.364
 20
289.485
 10
1300.795
 20
289.672
 10
1300.218
 20
289.887
 10
1299.641
 20
290.128
 10
1299.072
 20
290.39
 10
1298.512
 20
290.673
 10
1297.96
 20
290.977
 10
1297.417
 20
291.302
 10
1296.881
 20
291.648
 10
1296.355
 20
292.016
 10
1295.836
 20
292.405
 10
1295.334
 20
292.811
 10
1294.856
 20
293.231
 10
1294.402
 20
293.664
 10
1293.972
 20
294.111
 10
1293.567
 20
294.572
 10
1293.185
 20
295.046
 10
1292.828
 20
295.534
 10
1292.495
 20
296.036
 10
1292.195
 20
296.547
 10
1291.934
 20
297.062
 10
1291.714
 20
297.581
 10
1291.533
 20
298.106
 10
1291.393
 20
298.634
 10
1291.293
 20
299.168
 10
1291.233
 20
299.706
 10
1291.213
 20
300.248
 10
1291.227
 20
300.681
 10
1291.27
 20
301.107
 10
1291.342
 20
301.528
 10
1291.442
 20
301.942
 10
1291.572
 20
302.351
 10
1291.73
 20
302.753
 10
1291.917
 20
303.15
 10
1292.132
 20
303.54
 10
1291.789
 20
303.723
 10
1291.435
 20
303.909
 10
1291.071
 20
304.098
 10
1290.698
 20
304.29
 10
1290.315
 20
304.486
 10
1289.922
 20
304.684
 10
1289.519
 20
304.885
 10
1289.107
 20
305.089
 10
1288.689
 20
305.295
 10
1288.273
 20
305.501
 10
1287.857
 20
305.707
 10
1287.442
 20
305.912
 10
1287.028
 20
306.118
 10
1286.615
 20
306.324
 10
1286.202
 20
306.53
 10
1285.79
 20
306.735
 10
1285.383
 20
306.938
 10
1284.984
 20
307.135
 10
1284.593
 20
307.325
 10
1284.211
 20
307.51
 10
1283.837
 20
307.689
 10
1283.471
 20
307.861
 10
1283.113
 20
308.027
 10
1282.764
 20
308.188
 10
1282.43
 20
308.341
 10
1282.115
 20
308.484
 10
1281.821
 20
308.619
 10
1281.548
 20
308.745
 10
1281.295
 20
308.861
 10
1281.062
 20
308.968
 10
1280.85
 20
309.067
 10
1280.658
 20
309.156
 10
1280.254
 20
309.337
 10
1279.888
 20
309.515
 10
1279.561
 20
309.691
 10
1279.272
 20
309.864
 10
1279.022
 20
310.035
 10
1278.811
 20
310.205
 10
1278.638
 20
310.371
 10
1278.504
 20
310.536
 10
1278.396
 20
310.703
 10
1278.303
 20
310.879
 10
1278.224
 20
311.064
 10
1278.159
 20
311.256
 10
1278.109
 20
311.457
 10
1278.073
 20
311.666
 10
1278.051
 20
311.884
 10
1278.044
 20
312.109
 10
1278.046
 20
312.244
 10
1278.051
 20
312.383
 10
1278.061
 20
312.526
 10
1278.074
 20
312.672
 10
1278.091
 20
312.822
 10
1278.112
 20
312.976
 10
1278.137
 20
313.134
 10
1278.165
 20
313.295
 10
1278.193
 20
313.459
 10
1278.215
 20
313.621
 10
1278.232
 20
313.782
 10
1278.244
 20
313.943
 10
1278.25
 20
314.103
 10
1278.251
 20
314.262
 10
1278.247
 20
314.421
 10
1278.238
 20
314.578
 10
1278.315
 20
314.508
 10
1278.428
 20
314.418
 10
1278.576
 20
314.308
 10
1278.758
 20
314.179
 10
1278.975
 20
314.03
 10
1279.227
 20
313.861
 10
1279.514
 20
313.673
 10
1279.835
 20
313.465
 10
1280.187
 20
313.241
 10
1280.563
 20
313.005
 10
1280.964
 20
312.757
 10
1281.391
 20
312.497
 10
1281.842
 20
312.224
 10
1282.318
 20
311.94
 10
1282.819
 20
311.643
 10
1283.345
 20
311.335
 10
1283.89
 20
311.017
 10
1284.448
 20
310.695
 10
1285.019
 20
310.367
 10
1285.603
 20
310.034
 10
1286.199
 20
309.695
 10
1286.808
 20
309.351
 10
1287.431
 20
309.002
 10
1288.066
 20
308.648
 10
1288.709
 20
308.291
 10
1289.356
 20
307.937
 10
1290.007
 20
307.583
 10
1290.662
 20
307.232
 10
1291.32
 20
306.881
 10
1291.983
 20
306.533
 10
1292.649
 20
306.185
 10
1293.319
 20
305.84
 10
1293.987
 20
305.498
 10
1294.648
 20
305.163
 10
1295.303
 20
304.836
 10
1295.951
 20
304.514
 10
1296.592
 20
304.2
 10
1297.226
 20
303.893
 10
1297.854
 20
303.592
 10
1298.475
 20
303.298
 10
1299.083
 20
303.015
 10
1299.673
 20
302.747
 10
1300.245
 20
302.495
 10
1300.798
 20
302.257
 10
1301.334
 20
302.035
 10
1301.851
 20
301.827
 10
1302.351
 20
301.635
 10
1302.832
 20
301.458
 10
1303.29
 20
301.299
 10
1303.718
 20
301.162
 10
1304.119
 20
301.045
 10
1304.49
 20
300.95
 10
1304.833
 20
300.876
 10
1305.147
 20
300.823
 10
1305.432
 20
300.791
 10
1305.688
 20
300.78
 10
1305.843
 20
300.785
 10
1305.992
 20
300.799
 10
1306.137
 20
300.821
 10
1306.275
 20
300.853
 10
1306.409
 20
300.894
 10
1306.537
 20
300.944
 10
1306.66
 20
301.003
 10
1306.778
 20
301.071
 10
1306.885
 20
301.15
 10
1306.979
 20
301.24
 10
1307.058
 20
301.343
 10
1307.123
 20
301.458
 10
1307.173
 20
301.585
 10
1307.209
 20
301.725
 10
1307.23
 20
301.876
 10
1307.238
 20
302.039
 10
1307.223
 20
302.27
 10
1307.18
 20
302.502
 10
1307.108
 20
302.736
 10
1307.008
 20
302.971
 10
1306.878
 20
303.208
 10
1306.72
 20
303.446
 10
1306.533
 20
303.686
 10
1306.318
 20
303.927
 10
1306.081
 20
304.168
 10
1305.829
 20
304.407
 10
1305.563
 20
304.643
 10
1305.283
 20
304.878
 10
1304.988
 20
305.109
 10
1304.679
 20
305.339
 10
1304.356
 20
305.566
 10
1304.018
 20
305.791
 10
1303.674
 20
306.012
 10
1303.331
 20
306.227
 10
1302.99
 20
306.436
 10
1302.65
 20
306.639
 10
1302.312
 20
306.835
 10
1301.976
 20
307.026
 10
1301.64
 20
307.21
 10
1301.307
 20
307.389
 10
1300.982
 20
307.559
 10
1300.673
 20
307.717
 10
1300.38
 20
307.864
 10
1300.103
 20
308.0
 10
1299.841
 20
308.125
 10
1299.596
 20
308.238
 10
1299.366
 20
308.339
 10
1299.152
 20
308.43
 10
1299.159
 20
308.566
 10
1299.18
 20
308.684
 10
1299.214
 20
308.784
 10
1299.261
 20
308.866
 10
1299.323
 20
308.929
 10
1299.398
 20
308.975
 10
1299.486
 20
309.002
 10
1299.588
 20
309.011
 10
1299.85
 20
308.897
 10
1300.127
 20
308.775
 10
1300.419
 20
308.643
 10
1300.726
 20
308.503
 10
1301.048
 20
308.353
 10
1301.386
 20
308.194
 10
1301.738
 20
308.026
 10
1302.106
 20
307.849
 10
1302.48
 20
307.664
 10
1302.853
 20
307.471
 10
1303.224
 20
307.27
 10
1303.594
 20
307.062
 10
1303.963
 20
306.847
 10
1304.33
 20
306.623
 10
1304.695
 20
306.393
 10
1305.059
 20
306.154
 10
1305.415
 20
305.909
 10
1305.756
 20
305.657
 10
1306.084
 20
305.398
 10
1306.396
 20
305.132
 10
1306.695
 20
304.859
 10
1306.979
 20
304.579
 10
1307.249
 20
304.293
 10
1307.504
 20
304.0
 10
1307.736
 20
303.702
 10
1307.938
 20
303.399
 10
1308.109
 20
303.093
 10
1308.248
 20
302.784
 10
1308.357
 20
302.47
 10
1308.434
 20
302.153
 10
1308.481
 20
301.832
 10
1308.496
 20
301.507
  0
LWPOLYLINE
  5
D2
330
17
100
AcDbEntity
  8
ENGRAVE_V
100
AcDbPolyline
 90
97
 70
1
 10
1307.044
 20
292.744
 10
1307.032
 20
292.918
 10
1306.997
 20
293.104
 10
1306.938
 20
293.3
 10
1306.856
 20
293.506
 10
1306.751
 20
293.723
 10
1306.622
 20
293.951
 10
1306.469
 20
294.189
 10
1306.293
 20
294.438
 10
1306.092
 20
294.695
 10
1305.862
 20
294.956
 10
1305.605
 20
295.221
 10
1305.319
 20
295.491
 10
1305.006
 20
295.766
 10
1304.664
 20
296.045
 10
1304.295
 20
296.329
 10
1303.897
 20
296.617
 10
1303.398
 20
296.962
 10
1302.868
 20
297.319
 10
1302.308
 20
297.688
 10
1301.718
 20
298.069
 10
1301.098
 20
298.463
 10
1300.447
 20
298.868
 10
1299.767
 20
299.286
 10
1299.056
 20
299.715
 10
1298.324
 20
300.15
 10
1297.582
 20
300.584
 10
1296.829
 20
301.016
 10
1296.066
 20
301.446
 10
1295.292
 20
301.875
 10
1294.508
 20
302.302
 10
1293.713
 20
302.728
 10
1292.907
 20
303.153
 10
1292.837
 20
303.067
 10
1292.771
 20
302.98
 10
1292.71
 20
302.892
 10
1292.653
 20
302.802
 10
1292.601
 20
302.71
 10
1292.553
 20
302.617
 10
1292.51
 20
302.523
 10
1292.471
 20
302.427
 10
1292.437
 20
302.325
 10
1292.408
 20
302.215
 10
1292.383
 20
302.095
 10
1292.362
 20
301.967
 10
1292.346
 20
301.829
 10
1292.335
 20
301.682
 10
1292.328
 20
301.526
 10
1292.326
 20
301.361
 10
1292.341
 20
301.08
 10
1292.385
 20
300.791
 10
1292.459
 20
300.496
 10
1292.562
 20
300.193
 10
1292.695
 20
299.884
 10
1292.857
 20
299.569
 10
1293.049
 20
299.246
 10
1293.27
 20
298.917
 10
1293.515
 20
298.584
 10
1293.777
 20
298.251
 10
1294.056
 20
297.918
 10
1294.353
 20
297.585
 10
1294.668
 20
297.252
 10
1294.999
 20
296.919
 10
1295.349
 20
296.587
 10
1295.715
 20
296.254
 10
1296.094
 20
295.925
 10
1296.481
 20
295.603
 10
1296.875
 20
295.289
 10
1297.276
 20
294.983
 10
1297.686
 20
294.684
 10
1298.102
 20
294.393
 10
1298.527
 20
294.109
 10
1298.959
 20
293.833
 10
1299.393
 20
293.568
 10
1299.823
 20
293.316
 10
1300.249
 20
293.077
 10
1300.671
 20
292.853
 10
1301.09
 20
292.642
 10
1301.505
 20
292.444
 10
1301.916
 20
292.26
 10
1302.324
 20
292.09
 10
1302.722
 20
291.937
 10
1303.106
 20
291.804
 10
1303.475
 20
291.692
 10
1303.83
 20
291.6
 10
1304.171
 20
291.528
 10
1304.498
 20
291.477
 10
1304.81
 20
291.447
 10
1305.107
 20
291.437
 10
1305.561
 20
291.457
 10
1305.955
 20
291.518
 10
1306.287
 20
291.62
 10
1306.56
 20
291.763
 10
1306.772
 20
291.947
 10
1306.923
 20
292.172
 10
1307.014
 20
292.437
 10
1307.044
 20
292.744
  0
TEXT
  5
D3
330
17
100
AcDbEntity
  8
LABELS
100
AcDbText
 10
747.9990499782987
 20
188.0009961800831
 30
0.0
 40
14.0
  1
Front panel — Arch
 72
1
 11
747.9990499782987
 21
188.0009961800831
 31
0.0
100
AcDbText
 73
2
  0
LWPOLYLINE
  5
D4
330
17
100
AcDbEntity
  8
CUT_OUTSIDE
100
AcDbPolyline
 90
4
 70
1
 10
1238.0
 20
738.0
 10
8.0
 20
738.0
 10
8.0
 20
378.0
 10
1238.0
 20
378.0
  0
CIRCLE
  5
D5
330
17
100
AcDbEntity
  8
CUT_INSIDE
100
AcDbCircle
 10
748.0
 20
668.0
 30
0.0
 40
14.0
  0
LWPOLYLINE
  5
D6
330
17
100
AcDbEntity
  8
CUT_INSIDE
100
AcDbPolyline
 90
50
 70
1
 10
53.0
 20
461.0
 10
52.347
 20
461.043
 10
51.706
 20
461.17
 10
51.087
 20
461.381
 10
50.5
 20
461.67
 10
49.956
 20
462.033
 10
49.464
 20
462.464
 10
49.033
 20
462.956
 10
48.67
 20
463.5
 10
48.381
 20
464.087
 10
48.17
 20
464.706
 10
48.043
 20
465.347
 10
48.0
 20
466.0
 10
48.043
 20
466.653
 10
48.17
 20
467.294
 10
48.381
 20
467.913
 10
48.67
 20
468.5
 10
49.033
 20
469.044
 10
49.464
 20
469.536
 10
49.956
 20
469.967
 10
50.5
 20
470.33
 10
51.087
 20
470.619
 10
51.706
 20
470.83
 10
52.347
 20
470.957
 10
53.0
 20
471.0
 10
123.0
 20
471.0
 10
123.653
 20
470.957
 10
124.294
 20
470.83
 10
124.913
 20
470.619
 10
125.5
 20
470.33
 10
126.044
 20
469.967
 10
126.536
 20
469.536
 10
126.967
 20
469.044
 10
127.33
 20
468.5
 10
127.619
 20
467.913
 10
127.83
 20
467.294
 10
127.957
 20
466.653
 10
128.0
 20
466.0
 10
127.957
 20
465.347
 10
127.83
 20
464.706
 10
127.619
 20
464.087
 10
127.33
 20
463.5
 10
126.967
 20
462.956
 10
126.536
 20
462.464
 10
126.044
 20
462.033
 10
125.5
 20
461.67
 10
124.913
 20
461.381
 10
124.294
 20
461.17
 10
123.653
 20
461.043
 10
123.0
 20
461.0
  0
LWPOLYLINE
  5
D7
330
17
100
AcDbEntity
  8
CUT_INSIDE
100
AcDbPolyline
 90
50
 70
1
 10
1083.0
 20
461.0
 10
1082.347
 20
461.043
 10
1081.706
 20
461.17
 10
1081.087
 20
461.381
 10
1080.5
 20
461.67
 10
1079.956
 20
462.033
 10
1079.464
 20
462.464
 10
1079.033
 20
462.956
 10
1078.67
 20
463.5
 10
1078.381
 20
464.087
 10
1078.17
 20
464.706
 10
1078.043
 20
465.347
 10
1078.0
 20
466.0
 10
1078.043
 20
466.653
 10
1078.17
 20
467.294
 10
1078.381
 20
467.913
 10
1078.67
 20
468.5
 10
1079.033
 20
469.044
 10
1079.464
 20
469.536
 10
1079.956
 20
469.967
 10
1080.5
 20
470.33
 10
1081.087
 20
470.619
 10
1081.706
 20
470.83
 10
1082.347
 20
470.957
 10
1083.0
 20
471.0
 10
1143.0
 20
471.0
 10
1143.653
 20
470.957
 10
1144.294
 20
470.83
 10
1144.913
 20
470.619
 10
1145.5
 20
470.33
 10
1146.044
 20
469.967
 10
1146.536
 20
469.536
 10
1146.967
 20
469.044
 10
1147.33
 20
468.5
 10
1147.619
 20
467.913
 10
1147.83
 20
467.294
 10
1147.957
 20
466.653
 10
1148.0
 20
466.0
 10
1147.957
 20
465.347
 10
1147.83
 20
464.706
 10
1147.619
 20
464.087
 10
1147.33
 20
463.5
 10
1146.967
 20
462.956
 10
1146.536
 20
462.464
 10
1146.044
 20
462.033
 10
1145.5
 20
461.67
 10
1144.913
 20
461.381
 10
1144.294
 20
461.17
 10
1143.653
 20
461.043
 10
1143.0
 20
461.0
  0
LWPOLYLINE
  5
D8
330
17
100
AcDbEntity
  8
CUT_INSIDE
100
AcDbPolyline
 90
50
 70
1
 10
53.0
 20
506.0
 10
52.347
 20
506.043
 10
51.706
 20
506.17
 10
51.087
 20
506.381
 10
50.5
 20
506.67
 10
49.956
 20
507.033
 10
49.464
 20
507.464
 10
49.033
 20
507.956
 10
48.67
 20
508.5
 10
48.381
 20
509.087
 10
48.17
 20
509.706
 10
48.043
 20
510.347
 10
48.0
 20
511.0
 10
48.043
 20
511.653
 10
48.17
 20
512.294
 10
48.381
 20
512.913
 10
48.67
 20
513.5
 10
49.033
 20
514.044
 10
49.464
 20
514.536
 10
49.956
 20
514.967
 10
50.5
 20
515.33
 10
51.087
 20
515.619
 10
51.706
 20
515.83
 10
52.347
 20
515.957
 10
53.0
 20
516.0
 10
123.0
 20
516.0
 10
123.653
 20
515.957
 10
124.294
 20
515.83
 10
124.913
 20
515.619
 10
125.5
 20
515.33
 10
126.044
 20
514.967
 10
126.536
 20
514.536
 10
126.967
 20
514.044
 10
127.33
 20
513.5
 10
127.619
 20
512.913
 10
127.83
 20
512.294
 10
127.957
 20
511.653
 10
128.0
 20
511.0
 10
127.957
 20
510.347
 10
127.83
 20
509.706
 10
127.619
 20
509.087
 10
127.33
 20
508.5
 10
126.967
 20
507.956
 10
126.536
 20
507.464
 10
126.044
 20
507.033
 10
125.5
 20
506.67
 10
124.913
 20
506.381
 10
124.294
 20
506.17
 10
123.653
 20
506.043
 10
123.0
 20
506.0
  0
LWPOLYLINE
  5
D9
330
17
100
AcDbEntity
  8
CUT_INSIDE
100
AcDbPolyline
 90
50
 70
1
 10
1083.0
 20
506.0
 10
1082.347
 20
506.043
 10
1081.706
 20
506.17
 10
1081.087
 20
506.381
 10
1080.5
 20
506.67
 10
1079.956
 20
507.033
 10
1079.464
 20
507.464
 10
1079.033
 20
507.956
 10
1078.67
 20
508.5
 10
1078.381
 20
509.087
 10
1078.17
 20
509.706
 10
1078.043
 20
510.347
 10
1078.0
 20
511.0
 10
1078.043
 20
511.653
 10
1078.17
 20
512.294
 10
1078.381
 20
512.913
 10
1078.67
 20
513.5
 10
1079.033
 20
514.044
 10
1079.464
 20
514.536
 10
1079.956
 20
514.967
 10
1080.5
 20
515.33
 10
1081.087
 20
515.619
 10
1081.706
 20
515.83
 10
1082.347
 20
515.957
 10
1083.0
 20
516.0
 10
1143.0
 20
516.0
 10
1143.653
 20
515.957
 10
1144.294
 20
515.83
 10
1144.913
 20
515.619
 10
1145.5
 20
515.33
 10
1146.044
 20
514.967
 10
1146.536
 20
514.536
 10
1146.967
 20
514.044
 10
1147.33
 20
513.5
 10
1147.619
 20
512.913
 10
1147.83
 20
512.294
 10
1147.957
 20
511.653
 10
1148.0
 20
511.0
 10
1147.957
 20
510.347
 10
1147.83
 20
509.706
 10
1147.619
 20
509.087
 10
1147.33
 20
508.5
 10
1146.967
 20
507.956
 10
1146.536
 20
507.464
 10
1146.044
 20
507.033
 10
1145.5
 20
506.67
 10
1144.913
 20
506.381
 10
1144.294
 20
506.17
 10
1143.653
 20
506.043
 10
1143.0
 20
506.0
  0
LWPOLYLINE
  5
DA
330
17
100
AcDbEntity
  8
CUT_INSIDE
100
AcDbPolyline
 90
50
 70
1
 10
53.0
 20
551.0
 10
52.347
 20
551.043
 10
51.706
 20
551.17
 10
51.087
 20
551.381
 10
50.5
 20
551.67
 10
49.956
 20
552.033
 10
49.464
 20
552.464
 10
49.033
 20
552.956
 10
48.67
 20
553.5
 10
48.381
 20
554.087
 10
48.17
 20
554.706
 10
48.043
 20
555.347
 10
48.0
 20
556.0
 10
48.043
 20
556.653
 10
48.17
 20
557.294
 10
48.381
 20
557.913
 10
48.67
 20
558.5
 10
49.033
 20
559.044
 10
49.464
 20
559.536
 10
49.956
 20
559.967
 10
50.5
 20
560.33
 10
51.087
 20
560.619
 10
51.706
 20
560.83
 10
52.347
 20
560.957
 10
53.0
 20
561.0
 10
123.0
 20
561.0
 10
123.653
 20
560.957
 10
124.294
 20
560.83
 10
124.913
 20
560.619
 10
125.5
 20
560.33
 10
126.044
 20
559.967
 10
126.536
 20
559.536
 10
126.967
 20
559.044
 10
127.33
 20
558.5
 10
127.619
 20
557.913
 10
127.83
 20
557.294
 10
127.957
 20
556.653
 10
128.0
 20
556.0
 10
127.957
 20
555.347
 10
127.83
 20
554.706
 10
127.619
 20
554.087
 10
127.33
 20
553.5
 10
126.967
 20
552.956
 10
126.536
 20
552.464
 10
126.044
 20
552.033
 10
125.5
 20
551.67
 10
124.913
 20
551.381
 10
124.294
 20
551.17
 10
123.653
 20
551.043
 10
123.0
 20
551.0
  0
LWPOLYLINE
  5
DB
330
17
100
AcDbEntity
  8
CUT_INSIDE
100
AcDbPolyline
 90
50
 70
1
 10
1083.0
 20
551.0
 10
1082.347
 20
551.043
 10
1081.706
 20
551.17
 10
1081.087
 20
551.381
 10
1080.5
 20
551.67
 10
1079.956
 20
552.033
 10
1079.464
 20
552.464
 10
1079.033
 20
552.956
 10
1078.67
 20
553.5
 10
1078.381
 20
554.087
 10
1078.17
 20
554.706
 10
1078.043
 20
555.347
 10
1078.0
 20
556.0
 10
1078.043
 20
556.653
 10
1078.17
 20
557.294
 10
1078.381
 20
557.913
 10
1078.67
 20
558.5
 10
1079.033
 20
559.044
 10
1079.464
 20
559.536
 10
1079.956
 20
559.967
 10
1080.5
 20
560.33
 10
1081.087
 20
560.619
 10
1081.706
 20
560.83
 10
1082.347
 20
560.957
 10
1083.0
 20
561.0
 10
1143.0
 20
561.0
 10
1143.653
 20
560.957
 10
1144.294
 20
560.83
 10
1144.913
 20
560.619
 10
1145.5
 20
560.33
 10
1146.044
 20
559.967
 10
1146.536
 20
559.536
 10
1146.967
 20
559.044
 10
1147.33
 20
558.5
 10
1147.619
 20
557.913
 10
1147.83
 20
557.294
 10
1147.957
 20
556.653
 10
1148.0
 20
556.0
 10
1147.957
 20
555.347
 10
1147.83
 20
554.706
 10
1147.619
 20
554.087
 10
1147.33
 20
553.5
 10
1146.967
 20
552.956
 10
1146.536
 20
552.464
 10
1146.044
 20
552.033
 10
1145.5
 20
551.67
 10
1144.913
 20
551.381
 10
1144.294
 20
551.17
 10
1143.653
 20
551.043
 10
1143.0
 20
551.0
  0
LWPOLYLINE
  5
DC
330
17
100
AcDbEntity
  8
CUT_INSIDE
100
AcDbPolyline
 90
50
 70
1
 10
53.0
 20
596.0
 10
52.347
 20
596.043
 10
51.706
 20
596.17
 10
51.087
 20
596.381
 10
50.5
 20
596.67
 10
49.956
 20
597.033
 10
49.464
 20
597.464
 10
49.033
 20
597.956
 10
48.67
 20
598.5
 10
48.381
 20
599.087
 10
48.17
 20
599.706
 10
48.043
 20
600.347
 10
48.0
 20
601.0
 10
48.043
 20
601.653
 10
48.17
 20
602.294
 10
48.381
 20
602.913
 10
48.67
 20
603.5
 10
49.033
 20
604.044
 10
49.464
 20
604.536
 10
49.956
 20
604.967
 10
50.5
 20
605.33
 10
51.087
 20
605.619
 10
51.706
 20
605.83
 10
52.347
 20
605.957
 10
53.0
 20
606.0
 10
123.0
 20
606.0
 10
123.653
 20
605.957
 10
124.294
 20
605.83
 10
124.913
 20
605.619
 10
125.5
 20
605.33
 10
126.044
 20
604.967
 10
126.536
 20
604.536
 10
126.967
 20
604.044
 10
127.33
 20
603.5
 10
127.619
 20
602.913
 10
127.83
 20
602.294
 10
127.957
 20
601.653
 10
128.0
 20
601.0
 10
127.957
 20
600.347
 10
127.83
 20
599.706
 10
127.619
 20
599.087
 10
127.33
 20
598.5
 10
126.967
 20
597.956
 10
126.536
 20
597.464
 10
126.044
 20
597.033
 10
125.5
 20
596.67
 10
124.913
 20
596.381
 10
124.294
 20
596.17
 10
123.653
 20
596.043
 10
123.0
 20
596.0
  0
LWPOLYLINE
  5
DD
330
17
100
AcDbEntity
  8
CUT_INSIDE
100
AcDbPolyline
 90
50
 70
1
 10
1083.0
 20
596.0
 10
1082.347
 20
596.043
 10
1081.706
 20
596.17
 10
1081.087
 20
596.381
 10
1080.5
 20
596.67
 10
1079.956
 20
597.033
 10
1079.464
 20
597.464
 10
1079.033
 20
597.956
 10
1078.67
 20
598.5
 10
1078.381
 20
599.087
 10
1078.17
 20
599.706
 10
1078.043
 20
600.347
 10
1078.0
 20
601.0
 10
1078.043
 20
601.653
 10
1078.17
 20
602.294
 10
1078.381
 20
602.913
 10
1078.67
 20
603.5
 10
1079.033
 20
604.044
 10
1079.464
 20
604.536
 10
1079.956
 20
604.967
 10
1080.5
 20
605.33
 10
1081.087
 20
605.619
 10
1081.706
 20
605.83
 10
1082.347
 20
605.957
 10
1083.0
 20
606.0
 10
1143.0
 20
606.0
 10
1143.653
 20
605.957
 10
1144.294
 20
605.83
 10
1144.913
 20
605.619
 10
1145.5
 20
605.33
 10
1146.044
 20
604.967
 10
1146.536
 20
604.536
 10
1146.967
 20
604.044
 10
1147.33
 20
603.5
 10
1147.619
 20
602.913
 10
1147.83
 20
602.294
 10
1147.957
 20
601.653
 10
1148.0
 20
601.0
 10
1147.957
 20
600.347
 10
1147.83
 20
599.706
 10
1147.619
 20
599.087
 10
1147.33
 20
598.5
 10
1146.967
 20
597.956
 10
1146.536
 20
597.464
 10
1146.044
 20
597.033
 10
1145.5
 20
596.67
 10
1144.913
 20
596.381
 10
1144.294
 20
596.17
 10
1143.653
 20
596.043
 10
1143.0
 20
596.0
  0
LWPOLYLINE
  5
DE
330
17
100
AcDbEntity
  8
CUT_INSIDE
100
AcDbPolyline
 90
50
 70
1
 10
53.0
 20
641.0
 10
52.347
 20
641.043
 10
51.706
 20
641.17
 10
51.087
 20
641.381
 10
50.5
 20
641.67
 10
49.956
 20
642.033
 10
49.464
 20
642.464
 10
49.033
 20
642.956
 10
48.67
 20
643.5
 10
48.381
 20
644.087
 10
48.17
 20
644.706
 10
48.043
 20
645.347
 10
48.0
 20
646.0
 10
48.043
 20
646.653
 10
48.17
 20
647.294
 10
48.381
 20
647.913
 10
48.67
 20
648.5
 10
49.033
 20
649.044
 10
49.464
 20
649.536
 10
49.956
 20
649.967
 10
50.5
 20
650.33
 10
51.087
 20
650.619
 10
51.706
 20
650.83
 10
52.347
 20
650.957
 10
53.0
 20
651.0
 10
123.0
 20
651.0
 10
123.653
 20
650.957
 10
124.294
 20
650.83
 10
124.913
 20
650.619
 10
125.5
 20
650.33
 10
126.044
 20
649.967
 10
126.536
 20
649.536
 10
126.967
 20
649.044
 10
127.33
 20
648.5
 10
127.619
 20
647.913
 10
127.83
 20
647.294
 10
127.957
 20
646.653
 10
128.0
 20
646.0
 10
127.957
 20
645.347
 10
127.83
 20
644.706
 10
127.619
 20
644.087
 10
127.33
 20
643.5
 10
126.967
 20
642.956
 10
126.536
 20
642.464
 10
126.044
 20
642.033
 10
125.5
 20
641.67
 10
124.913
 20
641.381
 10
124.294
 20
641.17
 10
123.653
 20
641.043
 10
123.0
 20
641.0
  0
LWPOLYLINE
  5
DF
330
17
100
AcDbEntity
  8
CUT_INSIDE
100
AcDbPolyline
 90
50
 70
1
 10
1083.0
 20
641.0
 10
1082.347
 20
641.043
 10
1081.706
 20
641.17
 10
1081.087
 20
641.381
 10
1080.5
 20
641.67
 10
1079.956
 20
642.033
 10
1079.464
 20
642.464
 10
1079.033
 20
642.956
 10
1078.67
 20
643.5
 10
1078.381
 20
644.087
 10
1078.17
 20
644.706
 10
1078.043
 20
645.347
 10
1078.0
 20
646.0
 10
1078.043
 20
646.653
 10
1078.17
 20
647.294
 10
1078.381
 20
647.913
 10
1078.67
 20
648.5
 10
1079.033
 20
649.044
 10
1079.464
 20
649.536
 10
1079.956
 20
649.967
 10
1080.5
 20
650.33
 10
1081.087
 20
650.619
 10
1081.706
 20
650.83
 10
1082.347
 20
650.957
 10
1083.0
 20
651.0
 10
1143.0
 20
651.0
 10
1143.653
 20
650.957
 10
1144.294
 20
650.83
 10
1144.913
 20
650.619
 10
1145.5
 20
650.33
 10
1146.044
 20
649.967
 10
1146.536
 20
649.536
 10
1146.967
 20
649.044
 10
1147.33
 20
648.5
 10
1147.619
 20
647.913
 10
1147.83
 20
647.294
 10
1147.957
 20
646.653
 10
1148.0
 20
646.0
 10
1147.957
 20
645.347
 10
1147.83
 20
644.706
 10
1147.619
 20
644.087
 10
1147.33
 20
643.5
 10
1146.967
 20
642.956
 10
1146.536
 20
642.464
 10
1146.044
 20
642.033
 10
1145.5
 20
641.67
 10
1144.913
 20
641.381
 10
1144.294
 20
641.17
 10
1143.653
 20
641.043
 10
1143.0
 20
641.0
  0
LWPOLYLINE
  5
E0
330
17
100
AcDbEntity
  8
CUT_DOOR
100
AcDbPolyline
 90
4
 70
1
 10
1198.0
 20
698.0
 10
296.0
 20
698.0
 10
296.0
 20
418.0
 10
1198.0
 20
418.0
  0
CIRCLE
  5
E1
330
17
100
AcDbEntity
  8
DRILL_7
100
AcDbCircle
 10
1178.0
 20
387.0
 30
0.0
 40
3.5
  0
CIRCLE
  5
E2
330
17
100
AcDbEntity
  8
DRILL_7
100
AcDbCircle
 10
1178.0
 20
729.0
 30
0.0
 40
3.5
  0
CIRCLE
  5
E3
330
17
100
AcDbEntity
  8
DRILL_7
100
AcDbCircle
 10
988.0
 20
387.0
 30
0.0
 40
3.5
  0
CIRCLE
  5
E4
330
17
100
AcDbEntity
  8
DRILL_7
100
AcDbCircle
 10
988.0
 20
729.0
 30
0.0
 40
3.5
  0
CIRCLE
  5
E5
330
17
100
AcDbEntity
  8
DRILL_7
100
AcDbCircle
 10
758.0
 20
387.0
 30
0.0
 40
3.5
  0
CIRCLE
  5
E6
330
17
100
AcDbEntity
  8
DRILL_7
100
AcDbCircle
 10
758.0
 20
729.0
 30
0.0
 40
3.5
  0
CIRCLE
  5
E7
330
17
100
AcDbEntity
  8
DRILL_7
100
AcDbCircle
 10
518.0
 20
387.0
 30
0.0
 40
3.5
  0
CIRCLE
  5
E8
330
17
100
AcDbEntity
  8
DRILL_7
100
AcDbCircle
 10
518.0
 20
729.0
 30
0.0
 40
3.5
  0
CIRCLE
  5
E9
330
17
100
AcDbEntity
  8
DRILL_7
100
AcDbCircle
 10
278.0
 20
387.0
 30
0.0
 40
3.5
  0
CIRCLE
  5
EA
330
17
100
AcDbEntity
  8
DRILL_7
100
AcDbCircle
 10
278.0
 20
729.0
 30
0.0
 40
3.5
  0
CIRCLE
  5
EB
330
17
100
AcDbEntity
  8
DRILL_7
100
AcDbCircle
 10
188.0
 20
387.0
 30
0.0
 40
3.5
  0
CIRCLE
  5
EC
330
17
100
AcDbEntity
  8
DRILL_7
100
AcDbCircle
 10
188.0
 20
729.0
 30
0.0
 40
3.5
  0
CIRCLE
  5
ED
330
17
100
AcDbEntity
  8
DRILL_7
100
AcDbCircle
 10
68.0
 20
387.0
 30
0.0
 40
3.5
  0
CIRCLE
  5
EE
330
17
100
AcDbEntity
  8
DRILL_7
100
AcDbCircle
 10
68.0
 20
729.0
 30
0.0
 40
3.5
  0
CIRCLE
  5
EF
330
17
100
AcDbEntity
  8
DRILL_7
100
AcDbCircle
 10
1229.0
 20
448.0
 30
0.0
 40
3.5
  0
CIRCLE
  5
F0
330
17
100
AcDbEntity
  8
DRILL_7
100
AcDbCircle
 10
1229.0
 20
668.0
 30
0.0
 40
3.5
  0
CIRCLE
  5
F1
330
17
100
AcDbEntity
  8
DRILL_7
100
AcDbCircle
 10
272.0
 20
448.0
 30
0.0
 40
3.5
  0
CIRCLE
  5
F2
330
17
100
AcDbEntity
  8
DRILL_7
100
AcDbCircle
 10
272.0
 20
668.0
 30
0.0
 40
3.5
  0
CIRCLE
  5
F3
330
17
100
AcDbEntity
  8
DRILL_7
100
AcDbCircle
 10
17.0
 20
448.0
 30
0.0
 40
3.5
  0
CIRCLE
  5
F4
330
17
100
AcDbEntity
  8
DRILL_7
100
AcDbCircle
 10
17.0
 20
668.0
 30
0.0
 40
3.5
  0
CIRCLE
  5
F5
330
17
100
AcDbEntity
  8
DRILL_7
100
AcDbCircle
 10
272.0
 20
558.0
 30
0.0
 40
3.5
  0
CIRCLE
  5
F6
330
17
100
AcDbEntity
  8
DRILL_7
100
AcDbCircle
 10
17.0
 20
558.0
 30
0.0
 40
3.5
  0
TEXT
  5
F7
330
17
100
AcDbEntity
  8
LABELS
100
AcDbText
 10
623.0
 20
558.0
 30
0.0
 40
14.0
  1
Back panel (with door)
 72
1
 11
623.0
 21
558.0
 31
0.0
100
AcDbText
 73
2
  0
LWPOLYLINE
  5
F8
330
17
100
AcDbEntity
  8
CUT_OUTSIDE
100
AcDbPolyline
 90
4
 70
1
 10
1238.0
 20
972.0
 10
8.0
 20
972.0
 10
8.0
 20
748.0
 10
1238.0
 20
748.0
  0
LWPOLYLINE
  5
F9
330
17
100
AcDbEntity
  8
CUT_INSIDE
100
AcDbPolyline
 90
50
 70
1
 10
494.0
 20
903.0
 10
494.145
 20
905.219
 10
494.579
 20
907.4
 10
495.294
 20
909.506
 10
496.278
 20
911.5
 10
497.513
 20
913.349
 10
498.979
 20
915.021
 10
500.651
 20
916.487
 10
502.5
 20
917.722
 10
504.494
 20
918.706
 10
506.6
 20
919.421
 10
508.781
 20
919.855
 10
511.0
 20
920.0
 10
513.219
 20
919.855
 10
515.4
 20
919.421
 10
517.506
 20
918.706
 10
519.5
 20
917.722
 10
521.349
 20
916.487
 10
523.021
 20
915.021
 10
524.487
 20
913.349
 10
525.722
 20
911.5
 10
526.706
 20
909.506
 10
527.421
 20
907.4
 10
527.855
 20
905.219
 10
528.0
 20
903.0
 10
528.0
 20
817.0
 10
527.855
 20
814.781
 10
527.421
 20
812.6
 10
526.706
 20
810.494
 10
525.722
 20
808.5
 10
524.487
 20
806.651
 10
523.021
 20
804.979
 10
521.349
 20
803.513
 10
519.5
 20
802.278
 10
517.506
 20
801.294
 10
515.4
 20
800.579
 10
513.219
 20
800.145
 10
511.0
 20
800.0
 10
508.781
 20
800.145
 10
506.6
 20
800.579
 10
504.494
 20
801.294
 10
502.5
 20
802.278
 10
500.651
 20
803.513
 10
498.979
 20
804.979
 10
497.513
 20
806.651
 10
496.278
 20
808.5
 10
495.294
 20
810.494
 10
494.579
 20
812.6
 10
494.145
 20
814.781
 10
494.0
 20
817.0
  0
CIRCLE
  5
FA
330
17
100
AcDbEntity
  8
CUT_INSIDE
100
AcDbCircle
 10
1168.0
 20
860.0
 30
0.0
 40
22.0
  0
CIRCLE
  5
FB
330
17
100
AcDbEntity
  8
DRILL_7
100
AcDbCircle
 10
1229.0
 20
793.0
 30
0.0
 40
3.5
  0
CIRCLE
  5
FC
330
17
100
AcDbEntity
  8
DRILL_7
100
AcDbCircle
 10
1229.0
 20
860.0
 30
0.0
 40
3.5
  0
CIRCLE
  5
FD
330
17
100
AcDbEntity
  8
DRILL_7
100
AcDbCircle
 10
1229.0
 20
927.0
 30
0.0
 40
3.5
  0
CIRCLE
  5
FE
330
17
100
AcDbEntity
  8
DRILL_7
100
AcDbCircle
 10
272.0
 20
793.0
 30
0.0
 40
3.5
  0
CIRCLE
  5
FF
330
17
100
AcDbEntity
  8
DRILL_7
100
AcDbCircle
 10
272.0
 20
860.0
 30
0.0
 40
3.5
  0
CIRCLE
  5
100
330
17
100
AcDbEntity
  8
DRILL_7
100
AcDbCircle
 10
272.0
 20
927.0
 30
0.0
 40
3.5
  0
CIRCLE
  5
101
330
17
100
AcDbEntity
  8
DRILL_7
100
AcDbCircle
 10
17.0
 20
793.0
 30
0.0
 40
3.5
  0
CIRCLE
  5
102
330
17
100
AcDbEntity
  8
DRILL_7
100
AcDbCircle
 10
17.0
 20
860.0
 30
0.0
 40
3.5
  0
CIRCLE
  5
103
330
17
100
AcDbEntity
  8
DRILL_7
100
AcDbCircle
 10
17.0
 20
927.0
 30
0.0
 40
3.5
  0
TEXT
  5
104
330
17
100
AcDbEntity
  8
LABELS
100
AcDbText
 10
623.0
 20
860.0
 30
0.0
 40
14.0
  1
Side panel 1
 72
1
 11
623.0
 21
860.0
 31
0.0
100
AcDbText
 73
2
  0
LWPOLYLINE
  5
105
330
17
100
AcDbEntity
  8
CUT_OUTSIDE
100
AcDbPolyline
 90
4
 70
1
 10
1238.0
 20
1206.0
 10
8.0
 20
1206.0
 10
8.0
 20
982.0
 10
1238.0
 20
982.0
  0
LWPOLYLINE
  5
106
330
17
100
AcDbEntity
  8
CUT_INSIDE
100
AcDbPolyline
 90
50
 70
1
 10
494.0
 20
1137.0
 10
494.145
 20
1139.219
 10
494.579
 20
1141.4
 10
495.294
 20
1143.506
 10
496.278
 20
1145.5
 10
497.513
 20
1147.349
 10
498.979
 20
1149.021
 10
500.651
 20
1150.487
 10
502.5
 20
1151.722
 10
504.494
 20
1152.706
 10
506.6
 20
1153.421
 10
508.781
 20
1153.855
 10
511.0
 20
1154.0
 10
513.219
 20
1153.855
 10
515.4
 20
1153.421
 10
517.506
 20
1152.706
 10
519.5
 20
1151.722
 10
521.349
 20
1150.487
 10
523.021
 20
1149.021
 10
524.487
 20
1147.349
 10
525.722
 20
1145.5
 10
526.706
 20
1143.506
 10
527.421
 20
1141.4
 10
527.855
 20
1139.219
 10
528.0
 20
1137.0
 10
528.0
 20
1051.0
 10
527.855
 20
1048.781
 10
527.421
 20
1046.6
 10
526.706
 20
1044.494
 10
525.722
 20
1042.5
 10
524.487
 20
1040.651
 10
523.021
 20
1038.979
 10
521.349
 20
1037.513
 10
519.5
 20
1036.278
 10
517.506
 20
1035.294
 10
515.4
 20
1034.579
 10
513.219
 20
1034.145
 10
511.0
 20
1034.0
 10
508.781
 20
1034.145
 10
506.6
 20
1034.579
 10
504.494
 20
1035.294
 10
502.5
 20
1036.278
 10
500.651
 20
1037.513
 10
498.979
 20
1038.979
 10
497.513
 20
1040.651
 10
496.278
 20
1042.5
 10
495.294
 20
1044.494
 10
494.579
 20
1046.6
 10
494.145
 20
1048.781
 10
494.0
 20
1051.0
  0
CIRCLE
  5
107
330
17
100
AcDbEntity
  8
DRILL_7
100
AcDbCircle
 10
1229.0
 20
1027.0
 30
0.0
 40
3.5
  0
CIRCLE
  5
108
330
17
100
AcDbEntity
  8
DRILL_7
100
AcDbCircle
 10
1229.0
 20
1094.0
 30
0.0
 40
3.5
  0
CIRCLE
  5
109
330
17
100
AcDbEntity
  8
DRILL_7
100
AcDbCircle
 10
1229.0
 20
1161.0
 30
0.0
 40
3.5
  0
CIRCLE
  5
10A
330
17
100
AcDbEntity
  8
DRILL_7
100
AcDbCircle
 10
272.0
 20
1027.0
 30
0.0
 40
3.5
  0
CIRCLE
  5
10B
330
17
100
AcDbEntity
  8
DRILL_7
100
AcDbCircle
 10
272.0
 20
1094.0
 30
0.0
 40
3.5
  0
CIRCLE
  5
10C
330
17
100
AcDbEntity
  8
DRILL_7
100
AcDbCircle
 10
272.0
 20
1161.0
 30
0.0
 40
3.5
  0
CIRCLE
  5
10D
330
17
100
AcDbEntity
  8
DRILL_7
100
AcDbCircle
 10
17.0
 20
1027.0
 30
0.0
 40
3.5
  0
CIRCLE
  5
10E
330
17
100
AcDbEntity
  8
DRILL_7
100
AcDbCircle
 10
17.0
 20
1094.0
 30
0.0
 40
3.5
  0
CIRCLE
  5
10F
330
17
100
AcDbEntity
  8
DRILL_7
100
AcDbCircle
 10
17.0
 20
1161.0
 30
0.0
 40
3.5
  0
TEXT
  5
110
330
17
100
AcDbEntity
  8
LABELS
100
AcDbText
 10
623.0
 20
1094.0
 30
0.0
 40
14.0
  1
Side panel 2
 72
1
 11
623.0
 21
1094.0
 31
0.0
100
AcDbText
 73
2
  0
LWPOLYLINE
  5
111
330
17
100
AcDbEntity
  8
CUT_OUTSIDE
100
AcDbPolyline
 90
4
 70
1
 10
2082.0
 20
1106.0
 10
1858.0
 20
1106.0
 10
1858.0
 20
782.0
 10
2082.0
 20
782.0
  0
CIRCLE
  5
112
330
17
100
AcDbEntity
  8
CUT_INSIDE
100
AcDbCircle
 10
1908.0
 20
944.0
 30
0.0
 40
25.0
  0
CIRCLE
  5
113
330
17
100
AcDbEntity
  8
DRILL_10
100
AcDbCircle
 10
2042.0
 20
822.0
 30
0.0
 40
5.0
  0
CIRCLE
  5
114
330
17
100
AcDbEntity
  8
DRILL_10
100
AcDbCircle
 10
2042.0
 20
1066.0
 30
0.0
 40
5.0
  0
CIRCLE
  5
115
330
17
100
AcDbEntity
  8
DRILL_10
100
AcDbCircle
 10
1898.0
 20
822.0
 30
0.0
 40
5.0
  0
CIRCLE
  5
116
330
17
100
AcDbEntity
  8
DRILL_10
100
AcDbCircle
 10
1898.0
 20
1066.0
 30
0.0
 40
5.0
  0
TEXT
  5
117
330
17
100
AcDbEntity
  8
LABELS
100
AcDbText
 10
1970.0
 20
944.0
 30
0.0
 40
14.0
  1
Floor plate
 72
1
 11
1970.0
 21
944.0
 31
0.0
100
AcDbText
 73
2
  0
LWPOLYLINE
  5
118
330
17
100
AcDbEntity
  8
CUT_OUTSIDE
100
AcDbPolyline
 90
88
 70
1
 10
2141.997
 20
892.003
 10
2142.0
 20
892.074
 10
2142.0
 20
929.0
 10
2142.014
 20
929.294
 10
2142.058
 20
929.585
 10
2142.129
 20
929.871
 10
2142.228
 20
930.148
 10
2142.354
 20
930.414
 10
2142.506
 20
930.667
 10
2142.681
 20
930.903
 10
2142.879
 20
931.121
 10
2143.097
 20
931.319
 10
2143.333
 20
931.494
 10
2143.586
 20
931.646
 10
2143.852
 20
931.772
 10
2144.129
 20
931.871
 10
2144.415
 20
931.942
 10
2144.706
 20
931.986
 10
2145.0
 20
932.0
 10
2413.0
 20
932.0
 10
2413.294
 20
931.986
 10
2413.585
 20
931.942
 10
2413.871
 20
931.871
 10
2414.148
 20
931.772
 10
2414.414
 20
931.646
 10
2414.667
 20
931.494
 10
2414.903
 20
931.319
 10
2415.121
 20
931.121
 10
2415.319
 20
930.903
 10
2415.494
 20
930.667
 10
2415.646
 20
930.414
 10
2415.772
 20
930.148
 10
2415.871
 20
929.871
 10
2415.942
 20
929.585
 10
2415.986
 20
929.294
 10
2416.0
 20
929.0
 10
2416.0
 20
711.0
 10
2415.986
 20
710.706
 10
2415.942
 20
710.415
 10
2415.871
 20
710.129
 10
2415.772
 20
709.852
 10
2415.646
 20
709.586
 10
2415.494
 20
709.333
 10
2415.319
 20
709.097
 10
2415.121
 20
708.879
 10
2414.903
 20
708.681
 10
2414.667
 20
708.506
 10
2414.414
 20
708.354
 10
2414.148
 20
708.228
 10
2413.871
 20
708.129
 10
2413.585
 20
708.058
 10
2413.294
 20
708.014
 10
2413.0
 20
708.0
 10
2095.0
 20
708.0
 10
2094.706
 20
708.014
 10
2094.415
 20
708.058
 10
2094.129
 20
708.129
 10
2093.852
 20
708.228
 10
2093.586
 20
708.354
 10
2093.333
 20
708.506
 10
2093.097
 20
708.681
 10
2092.879
 20
708.879
 10
2092.681
 20
709.097
 10
2092.506
 20
709.333
 10
2092.354
 20
709.586
 10
2092.228
 20
709.852
 10
2092.129
 20
710.129
 10
2092.058
 20
710.415
 10
2092.014
 20
710.706
 10
2092.0
 20
711.0
 10
2092.0
 20
889.0
 10
2092.014
 20
889.294
 10
2092.058
 20
889.585
 10
2092.129
 20
889.871
 10
2092.228
 20
890.148
 10
2092.354
 20
890.414
 10
2092.506
 20
890.667
 10
2092.681
 20
890.903
 10
2092.879
 20
891.121
 10
2093.097
 20
891.319
 10
2093.333
 20
891.494
 10
2093.586
 20
891.646
 10
2093.852
 20
891.772
 10
2094.129
 20
891.871
 10
2094.415
 20
891.942
 10
2094.706
 20
891.986
 10
2095.0
 20
892.0
 10
2141.926
 20
892.0
  0
LWPOLYLINE
  5
119
330
17
100
AcDbEntity
  8
CUT_INSIDE
100
AcDbPolyline
 90
50
 70
1
 10
2250.5
 20
859.5
 10
2250.53
 20
859.957
 10
2250.619
 20
860.406
 10
2250.766
 20
860.839
 10
2250.969
 20
861.25
 10
2251.223
 20
861.631
 10
2251.525
 20
861.975
 10
2251.869
 20
862.277
 10
2252.25
 20
862.531
 10
2252.661
 20
862.734
 10
2253.094
 20
862.881
 10
2253.543
 20
862.97
 10
2254.0
 20
863.0
 10
2254.457
 20
862.97
 10
2254.906
 20
862.881
 10
2255.339
 20
862.734
 10
2255.75
 20
862.531
 10
2256.131
 20
862.277
 10
2256.475
 20
861.975
 10
2256.777
 20
861.631
 10
2257.031
 20
861.25
 10
2257.234
 20
860.839
 10
2257.381
 20
860.406
 10
2257.47
 20
859.957
 10
2257.5
 20
859.5
 10
2257.5
 20
756.5
 10
2257.47
 20
756.043
 10
2257.381
 20
755.594
 10
2257.234
 20
755.161
 10
2257.031
 20
754.75
 10
2256.777
 20
754.369
 10
2256.475
 20
754.025
 10
2256.131
 20
753.723
 10
2255.75
 20
753.469
 10
2255.339
 20
753.266
 10
2254.906
 20
753.119
 10
2254.457
 20
753.03
 10
2254.0
 20
753.0
 10
2253.543
 20
753.03
 10
2253.094
 20
753.119
 10
2252.661
 20
753.266
 10
2252.25
 20
753.469
 10
2251.869
 20
753.723
 10
2251.525
 20
754.025
 10
2251.223
 20
754.369
 10
2250.969
 20
754.75
 10
2250.766
 20
755.161
 10
2250.619
 20
755.594
 10
2250.53
 20
756.043
 10
2250.5
 20
756.5
  0
TEXT
  5
11A
330
17
100
AcDbEntity
  8
LABELS
100
AcDbText
 10
2254.0
 20
800.0
 30
0.0
 40
14.0
  1
Camera shelf
 72
1
 11
2254.0
 21
800.0
 31
0.0
100
AcDbText
 73
2
  0
LWPOLYLINE
  5
11B
330
17
100
AcDbEntity
  8
CUT_OUTSIDE
100
AcDbPolyline
 90
4
 70
1
 10
2416.0
 20
942.0
 10
2416.0
 20
1166.0
 10
2092.0
 20
1166.0
 10
2092.0
 20
942.0
  0
CIRCLE
  5
11C
330
17
100
AcDbEntity
  8
CUT_INSIDE
100
AcDbCircle
 10
2173.0
 20
1054.0
 30
0.0
 40
14.0
  0
CIRCLE
  5
11D
330
17
100
AcDbEntity
  8
CUT_INSIDE
100
AcDbCircle
 10
2254.0
 20
1054.0
 30
0.0
 40
14.0
  0
CIRCLE
  5
11E
330
17
100
AcDbEntity
  8
CUT_INSIDE
100
AcDbCircle
 10
2335.0
 20
1054.0
 30
0.0
 40
14.0
  0
TEXT
  5
11F
330
17
100
AcDbEntity
  8
LABELS
100
AcDbText
 10
2254.0
 20
1054.0
 30
0.0
 40
14.0
  1
Top plate
 72
1
 11
2254.0
 21
1054.0
 31
0.0
100
AcDbText
 73
2
  0
LWPOLYLINE
  5
120
330
17
100
AcDbEntity
  8
CUT_OUTSIDE
100
AcDbPolyline
 90
312
 70
1
 10
1408.5
 20
379.742
 10
1405.365
 20
378.443
 10
1402.0
 20
378.0
 10
1398.635
 20
378.443
 10
1395.5
 20
379.742
 10
1392.808
 20
381.808
 10
1390.742
 20
384.5
 10
1389.443
 20
387.635
 10
1389.184
 20
389.6
 10
1387.984
 20
389.689
 10
1381.018
 20
390.548
 10
1374.102
 20
391.748
 10
1370.194
 20
392.625
 10
1369.687
 20
391.401
 10
1367.621
 20
388.709
 10
1364.929
 20
386.643
 10
1361.793
 20
385.344
 10
1358.429
 20
384.901
 10
1355.064
 20
385.344
 10
1351.929
 20
386.643
 10
1349.236
 20
388.709
 10
1347.17
 20
391.401
 10
1345.872
 20
394.536
 10
1345.429
 20
397.901
 10
1345.777
 20
400.55
 10
1340.86
 20
402.73
 10
1334.59
 20
405.885
 10
1328.691
 20
409.227
 10
1328.315
 20
408.736
 10
1325.622
 20
406.67
 10
1322.487
 20
405.372
 10
1319.122
 20
404.929
 10
1315.758
 20
405.372
 10
1312.622
 20
406.67
 10
1309.93
 20
408.736
 10
1307.864
 20
411.429
 10
1306.565
 20
414.564
 10
1306.122
 20
417.929
 10
1306.565
 20
421.293
 10
1307.858
 20
424.413
 10
1305.967
 20
426.044
 10
1300.884
 20
430.884
 10
1296.044
 20
435.967
 10
1294.413
 20
437.858
 10
1291.293
 20
436.565
 10
1287.929
 20
436.122
 10
1284.564
 20
436.565
 10
1281.429
 20
437.864
 10
1278.736
 20
439.93
 10
1276.67
 20
442.622
 10
1275.372
 20
445.758
 10
1274.929
 20
449.122
 10
1275.372
 20
452.487
 10
1276.67
 20
455.622
 10
1278.736
 20
458.315
 10
1279.227
 20
458.691
 10
1275.885
 20
464.59
 10
1272.73
 20
470.86
 10
1270.55
 20
475.777
 10
1267.901
 20
475.429
 10
1264.536
 20
475.872
 10
1261.401
 20
477.17
 10
1258.709
 20
479.236
 10
1256.643
 20
481.929
 10
1255.344
 20
485.064
 10
1254.901
 20
488.429
 10
1255.344
 20
491.793
 10
1256.643
 20
494.929
 10
1258.709
 20
497.621
 10
1261.401
 20
499.687
 10
1262.625
 20
500.194
 10
1261.748
 20
504.102
 10
1260.548
 20
511.018
 10
1259.689
 20
517.984
 10
1259.6
 20
519.184
 10
1257.635
 20
519.443
 10
1254.5
 20
520.742
 10
1251.808
 20
522.808
 10
1249.742
 20
525.5
 10
1248.443
 20
528.635
 10
1248.0
 20
532.0
 10
1248.443
 20
535.365
 10
1249.742
 20
538.5
 10
1251.808
 20
541.192
 10
1254.5
 20
543.258
 10
1257.635
 20
544.557
 10
1259.6
 20
544.816
 10
1259.689
 20
546.016
 10
1260.548
 20
552.982
 10
1261.748
 20
559.898
 10
1262.625
 20
563.806
 10
1261.401
 20
564.313
 10
1258.709
 20
566.379
 10
1256.643
 20
569.071
 10
1255.344
 20
572.207
 10
1254.901
 20
575.571
 10
1255.344
 20
578.936
 10
1256.643
 20
582.071
 10
1258.709
 20
584.764
 10
1261.401
 20
586.83
 10
1264.536
 20
588.128
 10
1267.901
 20
588.571
 10
1270.55
 20
588.223
 10
1272.73
 20
593.14
 10
1275.885
 20
599.41
 10
1279.227
 20
605.309
 10
1278.736
 20
605.685
 10
1276.67
 20
608.378
 10
1275.372
 20
611.513
 10
1274.929
 20
614.878
 10
1275.372
 20
618.242
 10
1276.67
 20
621.378
 10
1278.736
 20
624.07
 10
1281.429
 20
626.136
 10
1284.564
 20
627.435
 10
1287.929
 20
627.878
 10
1291.293
 20
627.435
 10
1294.413
 20
626.142
 10
1296.044
 20
628.033
 10
1300.884
 20
633.116
 10
1305.967
 20
637.956
 10
1307.858
 20
639.587
 10
1306.565
 20
642.707
 10
1306.122
 20
646.071
 10
1306.565
 20
649.436
 10
1307.864
 20
652.571
 10
1309.93
 20
655.264
 10
1312.622
 20
657.33
 10
1315.758
 20
658.628
 10
1319.122
 20
659.071
 10
1322.487
 20
658.628
 10
1325.622
 20
657.33
 10
1328.315
 20
655.264
 10
1328.691
 20
654.773
 10
1334.59
 20
658.115
 10
1340.86
 20
661.27
 10
1345.777
 20
663.45
 10
1345.429
 20
666.099
 10
1345.872
 20
669.464
 10
1347.17
 20
672.599
 10
1349.236
 20
675.291
 10
1351.929
 20
677.357
 10
1355.064
 20
678.656
 10
1358.429
 20
679.099
 10
1361.793
 20
678.656
 10
1364.929
 20
677.357
 10
1367.621
 20
675.291
 10
1369.687
 20
672.599
 10
1370.194
 20
671.375
 10
1374.102
 20
672.252
 10
1381.018
 20
673.452
 10
1387.984
 20
674.311
 10
1389.184
 20
674.4
 10
1389.443
 20
676.365
 10
1390.742
 20
679.5
 10
1392.808
 20
682.192
 10
1395.5
 20
684.258
 10
1398.635
 20
685.557
 10
1402.0
 20
686.0
 10
1405.365
 20
685.557
 10
1408.5
 20
684.258
 10
1411.192
 20
682.192
 10
1413.258
 20
679.5
 10
1414.557
 20
676.365
 10
1414.816
 20
674.4
 10
1416.016
 20
674.311
 10
1422.982
 20
673.452
 10
1429.898
 20
672.252
 10
1433.806
 20
671.375
 10
1434.313
 20
672.599
 10
1436.379
 20
675.291
 10
1439.071
 20
677.357
 10
1442.207
 20
678.656
 10
1445.571
 20
679.099
 10
1448.936
 20
678.656
 10
1452.071
 20
677.357
 10
1454.764
 20
675.291
 10
1456.83
 20
672.599
 10
1458.128
 20
669.464
 10
1458.571
 20
666.099
 10
1458.223
 20
663.45
 10
1463.14
 20
661.27
 10
1469.41
 20
658.115
 10
1475.309
 20
654.773
 10
1475.685
 20
655.264
 10
1478.378
 20
657.33
 10
1481.513
 20
658.628
 10
1484.878
 20
659.071
 10
1488.242
 20
658.628
 10
1491.378
 20
657.33
 10
1494.07
 20
655.264
 10
1496.136
 20
652.571
 10
1497.435
 20
649.436
 10
1497.878
 20
646.071
 10
1497.435
 20
642.707
 10
1496.142
 20
639.587
 10
1498.033
 20
637.956
 10
1503.116
 20
633.116
 10
1507.956
 20
628.033
 10
1509.587
 20
626.142
 10
1512.707
 20
627.435
 10
1516.071
 20
627.878
 10
1519.436
 20
627.435
 10
1522.571
 20
626.136
 10
1525.264
 20
624.07
 10
1527.33
 20
621.378
 10
1528.628
 20
618.242
 10
1529.071
 20
614.878
 10
1528.628
 20
611.513
 10
1527.33
 20
608.378
 10
1525.264
 20
605.685
 10
1524.773
 20
605.309
 10
1528.115
 20
599.41
 10
1531.27
 20
593.14
 10
1533.45
 20
588.223
 10
1536.099
 20
588.571
 10
1539.464
 20
588.128
 10
1542.599
 20
586.83
 10
1545.291
 20
584.764
 10
1547.357
 20
582.071
 10
1548.656
 20
578.936
 10
1549.099
 20
575.571
 10
1548.656
 20
572.207
 10
1547.357
 20
569.071
 10
1545.291
 20
566.379
 10
1542.599
 20
564.313
 10
1541.375
 20
563.806
 10
1542.252
 20
559.898
 10
1543.452
 20
552.982
 10
1544.311
 20
546.016
 10
1544.4
 20
544.816
 10
1546.365
 20
544.557
 10
1549.5
 20
543.258
 10
1552.192
 20
541.192
 10
1554.258
 20
538.5
 10
1555.557
 20
535.365
 10
1556.0
 20
532.0
 10
1555.557
 20
528.635
 10
1554.258
 20
525.5
 10
1552.192
 20
522.808
 10
1549.5
 20
520.742
 10
1546.365
 20
519.443
 10
1544.4
 20
519.184
 10
1544.311
 20
517.984
 10
1543.452
 20
511.018
 10
1542.252
 20
504.102
 10
1541.375
 20
500.194
 10
1542.599
 20
499.687
 10
1545.291
 20
497.621
 10
1547.357
 20
494.929
 10
1548.656
 20
491.793
 10
1549.099
 20
488.429
 10
1548.656
 20
485.064
 10
1547.357
 20
481.929
 10
1545.291
 20
479.236
 10
1542.599
 20
477.17
 10
1539.464
 20
475.872
 10
1536.099
 20
475.429
 10
1533.45
 20
475.777
 10
1531.27
 20
470.86
 10
1528.115
 20
464.59
 10
1524.773
 20
458.691
 10
1525.264
 20
458.315
 10
1527.33
 20
455.622
 10
1528.628
 20
452.487
 10
1529.071
 20
449.122
 10
1528.628
 20
445.758
 10
1527.33
 20
442.622
 10
1525.264
 20
439.93
 10
1522.571
 20
437.864
 10
1519.436
 20
436.565
 10
1516.071
 20
436.122
 10
1512.707
 20
436.565
 10
1509.587
 20
437.858
 10
1507.956
 20
435.967
 10
1503.116
 20
430.884
 10
1498.033
 20
426.044
 10
1496.142
 20
424.413
 10
1497.435
 20
421.293
 10
1497.878
 20
417.929
 10
1497.435
 20
414.564
 10
1496.136
 20
411.429
 10
1494.07
 20
408.736
 10
1491.378
 20
406.67
 10
1488.242
 20
405.372
 10
1484.878
 20
404.929
 10
1481.513
 20
405.372
 10
1478.378
 20
406.67
 10
1475.685
 20
408.736
 10
1475.309
 20
409.227
 10
1469.41
 20
405.885
 10
1463.14
 20
402.73
 10
1458.223
 20
400.55
 10
1458.571
 20
397.901
 10
1458.128
 20
394.536
 10
1456.83
 20
391.401
 10
1454.764
 20
388.709
 10
1452.071
 20
386.643
 10
1448.936
 20
385.344
 10
1445.571
 20
384.901
 10
1442.207
 20
385.344
 10
1439.071
 20
386.643
 10
1436.379
 20
388.709
 10
1434.313
 20
391.401
 10
1433.806
 20
392.625
 10
1429.898
 20
391.748
 10
1422.982
 20
390.548
 10
1416.016
 20
389.689
 10
1414.816
 20
389.6
 10
1414.557
 20
387.635
 10
1413.258
 20
384.5
 10
1411.192
 20
381.808
  0
CIRCLE
  5
121
330
17
100
AcDbEntity
  8
CUT_INSIDE
100
AcDbCircle
 10
1402.0
 20
532.0
 30
0.0
 40
131.0
  0
TEXT
  5
122
330
17
100
AcDbEntity
  8
LABELS
100
AcDbText
 10
1402.0
 20
533.6823237931663
 30
0.0
 40
14.0
  1
Camera rosette (glue on front)
 72
1
 11
1402.0
 21
533.6823237931663
 31
0.0
100
AcDbText
 73
2
  0
LWPOLYLINE
  5
123
330
17
100
AcDbEntity
  8
CUT_OUTSIDE
100
AcDbPolyline
 90
4
 70
1
 10
2290.0
 20
618.0
 10
2290.0
 20
658.0
 10
1910.0
 20
658.0
 10
1910.0
 20
618.0
  0
TEXT
  5
124
330
17
100
AcDbEntity
  8
LABELS
100
AcDbText
 10
2100.0
 20
638.0
 30
0.0
 40
14.0
  1
Monitor rail 1
 72
1
 11
2100.0
 21
638.0
 31
0.0
100
AcDbText
 73
2
  0
LWPOLYLINE
  5
125
330
17
100
AcDbEntity
  8
CUT_OUTSIDE
100
AcDbPolyline
 90
4
 70
1
 10
2397.99
 20
388.0
 10
2357.99
 20
388.0
 10
2357.99
 20
8.0
 10
2397.99
 20
8.0
  0
TEXT
  5
126
330
17
100
AcDbEntity
  8
LABELS
100
AcDbText
 10
2377.990477571341
 20
198.0
 30
0.0
 40
14.0
  1
Monitor rail 2
 72
1
 11
2377.990477571341
 21
198.0
 31
0.0
100
AcDbText
 73
2
  0
LWPOLYLINE
  5
127
330
17
100
AcDbEntity
  8
CUT_OUTSIDE
100
AcDbPolyline
 90
52
 70
1
 10
1548.0
 20
704.0
 10
1547.932
 20
702.956
 10
1547.727
 20
701.929
 10
1547.391
 20
700.939
 10
1546.928
 20
700.0
 10
1546.347
 20
699.13
 10
1545.657
 20
698.343
 10
1544.87
 20
697.653
 10
1544.0
 20
697.072
 10
1543.061
 20
696.609
 10
1542.071
 20
696.273
 10
1541.044
 20
696.068
 10
1540.0
 20
696.0
 10
1256.0
 20
696.0
 10
1254.956
 20
696.068
 10
1253.929
 20
696.273
 10
1252.939
 20
696.609
 10
1252.0
 20
697.072
 10
1251.13
 20
697.653
 10
1250.343
 20
698.343
 10
1249.653
 20
699.13
 10
1249.072
 20
700.0
 10
1248.609
 20
700.939
 10
1248.273
 20
701.929
 10
1248.068
 20
702.956
 10
1248.0
 20
704.0
 10
1248.0
 20
743.0
 10
1248.068
 20
744.044
 10
1248.273
 20
745.071
 10
1248.609
 20
746.061
 10
1249.072
 20
747.0
 10
1249.653
 20
747.87
 10
1250.343
 20
748.657
 10
1251.13
 20
749.347
 10
1252.0
 20
749.928
 10
1252.939
 20
750.391
 10
1253.929
 20
750.727
 10
1254.956
 20
750.932
 10
1256.0
 20
751.0
 10
1540.0
 20
751.0
 10
1541.044
 20
750.932
 10
1542.071
 20
750.727
 10
1543.061
 20
750.391
 10
1544.0
 20
749.928
 10
1544.87
 20
749.347
 10
1545.657
 20
748.657
 10
1546.347
 20
747.87
 10
1546.928
 20
747.0
 10
1547.391
 20
746.061
 10
1547.727
 20
745.071
 10
1547.932
 20
744.044
 10
1548.0
 20
743.0
  0
LWPOLYLINE
  5
128
330
17
100
AcDbEntity
  8
CUT_INSIDE
100
AcDbPolyline
 90
50
 70
1
 10
1278.5
 20
731.0
 10
1279.479
 20
730.936
 10
1280.441
 20
730.744
 10
1281.37
 20
730.429
 10
1282.25
 20
729.995
 10
1283.066
 20
729.45
 10
1283.803
 20
728.803
 10
1284.45
 20
728.066
 10
1284.995
 20
727.25
 10
1285.429
 20
726.37
 10
1285.744
 20
725.441
 10
1285.936
 20
724.479
 10
1286.0
 20
723.5
 10
1285.936
 20
722.521
 10
1285.744
 20
721.559
 10
1285.429
 20
720.63
 10
1284.995
 20
719.75
 10
1284.45
 20
718.934
 10
1283.803
 20
718.197
 10
1283.066
 20
717.55
 10
1282.25
 20
717.005
 10
1281.37
 20
716.571
 10
1280.441
 20
716.256
 10
1279.479
 20
716.064
 10
1278.5
 20
716.0
 10
1263.5
 20
716.0
 10
1262.521
 20
716.064
 10
1261.559
 20
716.256
 10
1260.63
 20
716.571
 10
1259.75
 20
717.005
 10
1258.934
 20
717.55
 10
1258.197
 20
718.197
 10
1257.55
 20
718.934
 10
1257.005
 20
719.75
 10
1256.571
 20
720.63
 10
1256.256
 20
721.559
 10
1256.064
 20
722.521
 10
1256.0
 20
723.5
 10
1256.064
 20
724.479
 10
1256.256
 20
725.441
 10
1256.571
 20
726.37
 10
1257.005
 20
727.25
 10
1257.55
 20
728.066
 10
1258.197
 20
728.803
 10
1258.934
 20
729.45
 10
1259.75
 20
729.995
 10
1260.63
 20
730.429
 10
1261.559
 20
730.744
 10
1262.521
 20
730.936
 10
1263.5
 20
731.0
  0
LWPOLYLINE
  5
129
330
17
100
AcDbEntity
  8
CUT_INSIDE
100
AcDbPolyline
 90
50
 70
1
 10
1532.5
 20
731.0
 10
1533.479
 20
730.936
 10
1534.441
 20
730.744
 10
1535.37
 20
730.429
 10
1536.25
 20
729.995
 10
1537.066
 20
729.45
 10
1537.803
 20
728.803
 10
1538.45
 20
728.066
 10
1538.995
 20
727.25
 10
1539.429
 20
726.37
 10
1539.744
 20
725.441
 10
1539.936
 20
724.479
 10
1540.0
 20
723.5
 10
1539.936
 20
722.521
 10
1539.744
 20
721.559
 10
1539.429
 20
720.63
 10
1538.995
 20
719.75
 10
1538.45
 20
718.934
 10
1537.803
 20
718.197
 10
1537.066
 20
717.55
 10
1536.25
 20
717.005
 10
1535.37
 20
716.571
 10
1534.441
 20
716.256
 10
1533.479
 20
716.064
 10
1532.5
 20
716.0
 10
1517.5
 20
716.0
 10
1516.521
 20
716.064
 10
1515.559
 20
716.256
 10
1514.63
 20
716.571
 10
1513.75
 20
717.005
 10
1512.934
 20
717.55
 10
1512.197
 20
718.197
 10
1511.55
 20
718.934
 10
1511.005
 20
719.75
 10
1510.571
 20
720.63
 10
1510.256
 20
721.559
 10
1510.064
 20
722.521
 10
1510.0
 20
723.5
 10
1510.064
 20
724.479
 10
1510.256
 20
725.441
 10
1510.571
 20
726.37
 10
1511.005
 20
727.25
 10
1511.55
 20
728.066
 10
1512.197
 20
728.803
 10
1512.934
 20
729.45
 10
1513.75
 20
729.995
 10
1514.63
 20
730.429
 10
1515.559
 20
730.744
 10
1516.521
 20
730.936
 10
1517.5
 20
731.0
  0
TEXT
  5
12A
330
17
100
AcDbEntity
  8
LABELS
100
AcDbText
 10
1398.0
 20
723.5
 30
0.0
 40
14.0
  1
Monitor clamp bar 1
 72
1
 11
1398.0
 21
723.5
 31
0.0
100
AcDbText
 73
2
  0
LWPOLYLINE
  5
12B
330
17
100
AcDbEntity
  8
CUT_OUTSIDE
100
AcDbPolyline
 90
52
 70
1
 10
2404.99
 20
698.0
 10
2406.035
 20
697.932
 10
2407.061
 20
697.727
 10
2408.052
 20
697.391
 10
2408.99
 20
696.928
 10
2409.861
 20
696.347
 10
2410.647
 20
695.657
 10
2411.337
 20
694.87
 10
2411.919
 20
694.0
 10
2412.382
 20
693.061
 10
2412.718
 20
692.071
 10
2412.922
 20
691.044
 10
2412.99
 20
690.0
 10
2412.99
 20
406.0
 10
2412.922
 20
404.956
 10
2412.718
 20
403.929
 10
2412.382
 20
402.939
 10
2411.919
 20
402.0
 10
2411.337
 20
401.13
 10
2410.647
 20
400.343
 10
2409.861
 20
399.653
 10
2408.99
 20
399.072
 10
2408.052
 20
398.609
 10
2407.061
 20
398.273
 10
2406.035
 20
398.068
 10
2404.99
 20
398.0
 10
2365.99
 20
398.0
 10
2364.946
 20
398.068
 10
2363.92
 20
398.273
 10
2362.929
 20
398.609
 10
2361.99
 20
399.072
 10
2361.12
 20
399.653
 10
2360.334
 20
400.343
 10
2359.644
 20
401.13
 10
2359.062
 20
402.0
 10
2358.599
 20
402.939
 10
2358.263
 20
403.929
 10
2358.059
 20
404.956
 10
2357.99
 20
406.0
 10
2357.99
 20
690.0
 10
2358.059
 20
691.044
 10
2358.263
 20
692.071
 10
2358.599
 20
693.061
 10
2359.062
 20
694.0
 10
2359.644
 20
694.87
 10
2360.334
 20
695.657
 10
2361.12
 20
696.347
 10
2361.99
 20
696.928
 10
2362.929
 20
697.391
 10
2363.92
 20
697.727
 10
2364.946
 20
697.932
 10
2365.99
 20
698.0
  0
LWPOLYLINE
  5
12C
330
17
100
AcDbEntity
  8
CUT_INSIDE
100
AcDbPolyline
 90
50
 70
1
 10
2377.99
 20
428.5
 10
2378.055
 20
429.479
 10
2378.246
 20
430.441
 10
2378.561
 20
431.37
 10
2378.995
 20
432.25
 10
2379.54
 20
433.066
 10
2380.187
 20
433.803
 10
2380.925
 20
434.45
 10
2381.74
 20
434.995
 10
2382.62
 20
435.429
 10
2383.549
 20
435.744
 10
2384.512
 20
435.936
 10
2385.49
 20
436.0
 10
2386.469
 20
435.936
 10
2387.432
 20
435.744
 10
2388.361
 20
435.429
 10
2389.24
 20
434.995
 10
2390.056
 20
434.45
 10
2390.794
 20
433.803
 10
2391.441
 20
433.066
 10
2391.986
 20
432.25
 10
2392.42
 20
431.37
 10
2392.735
 20
430.441
 10
2392.926
 20
429.479
 10
2392.99
 20
428.5
 10
2392.99
 20
413.5
 10
2392.926
 20
412.521
 10
2392.735
 20
411.559
 10
2392.42
 20
410.63
 10
2391.986
 20
409.75
 10
2391.441
 20
408.934
 10
2390.794
 20
408.197
 10
2390.056
 20
407.55
 10
2389.24
 20
407.005
 10
2388.361
 20
406.571
 10
2387.432
 20
406.256
 10
2386.469
 20
406.064
 10
2385.49
 20
406.0
 10
2384.512
 20
406.064
 10
2383.549
 20
406.256
 10
2382.62
 20
406.571
 10
2381.74
 20
407.005
 10
2380.925
 20
407.55
 10
2380.187
 20
408.197
 10
2379.54
 20
408.934
 10
2378.995
 20
409.75
 10
2378.561
 20
410.63
 10
2378.246
 20
411.559
 10
2378.055
 20
412.521
 10
2377.99
 20
413.5
  0
LWPOLYLINE
  5
12D
330
17
100
AcDbEntity
  8
CUT_INSIDE
100
AcDbPolyline
 90
50
 70
1
 10
2377.99
 20
682.5
 10
2378.055
 20
683.479
 10
2378.246
 20
684.441
 10
2378.561
 20
685.37
 10
2378.995
 20
686.25
 10
2379.54
 20
687.066
 10
2380.187
 20
687.803
 10
2380.925
 20
688.45
 10
2381.74
 20
688.995
 10
2382.62
 20
689.429
 10
2383.549
 20
689.744
 10
2384.512
 20
689.936
 10
2385.49
 20
690.0
 10
2386.469
 20
689.936
 10
2387.432
 20
689.744
 10
2388.361
 20
689.429
 10
2389.24
 20
688.995
 10
2390.056
 20
688.45
 10
2390.794
 20
687.803
 10
2391.441
 20
687.066
 10
2391.986
 20
686.25
 10
2392.42
 20
685.37
 10
2392.735
 20
684.441
 10
2392.926
 20
683.479
 10
2392.99
 20
682.5
 10
2392.99
 20
667.5
 10
2392.926
 20
666.521
 10
2392.735
 20
665.559
 10
2392.42
 20
664.63
 10
2391.986
 20
663.75
 10
2391.441
 20
662.934
 10
2390.794
 20
662.197
 10
2390.056
 20
661.55
 10
2389.24
 20
661.005
 10
2388.361
 20
660.571
 10
2387.432
 20
660.256
 10
2386.469
 20
660.064
 10
2385.49
 20
660.0
 10
2384.512
 20
660.064
 10
2383.549
 20
660.256
 10
2382.62
 20
660.571
 10
2381.74
 20
661.005
 10
2380.925
 20
661.55
 10
2380.187
 20
662.197
 10
2379.54
 20
662.934
 10
2378.995
 20
663.75
 10
2378.561
 20
664.63
 10
2378.246
 20
665.559
 10
2378.055
 20
666.521
 10
2377.99
 20
667.5
  0
TEXT
  5
12E
330
17
100
AcDbEntity
  8
LABELS
100
AcDbText
 10
2385.490477571341
 20
548.0
 30
0.0
 40
14.0
  1
Monitor clamp bar 2
 72
1
 11
2385.490477571341
 21
548.0
 31
0.0
100
AcDbText
 73
2
  0
LWPOLYLINE
  5
12F
330
17
100
AcDbEntity
  8
CUT_OUTSIDE
100
AcDbPolyline
 90
52
 70
1
 10
1848.0
 20
788.0
 10
1847.949
 20
787.217
 10
1847.796
 20
786.447
 10
1847.543
 20
785.704
 10
1847.196
 20
785.0
 10
1846.76
 20
784.347
 10
1846.243
 20
783.757
 10
1845.653
 20
783.24
 10
1845.0
 20
782.804
 10
1844.296
 20
782.457
 10
1843.553
 20
782.204
 10
1842.783
 20
782.051
 10
1842.0
 20
782.0
 10
1254.0
 20
782.0
 10
1253.217
 20
782.051
 10
1252.447
 20
782.204
 10
1251.704
 20
782.457
 10
1251.0
 20
782.804
 10
1250.347
 20
783.24
 10
1249.757
 20
783.757
 10
1249.24
 20
784.347
 10
1248.804
 20
785.0
 10
1248.457
 20
785.704
 10
1248.204
 20
786.447
 10
1248.051
 20
787.217
 10
1248.0
 20
788.0
 10
1248.0
 20
1196.0
 10
1248.051
 20
1196.783
 10
1248.204
 20
1197.553
 10
1248.457
 20
1198.296
 10
1248.804
 20
1199.0
 10
1249.24
 20
1199.653
 10
1249.757
 20
1200.243
 10
1250.347
 20
1200.76
 10
1251.0
 20
1201.196
 10
1251.704
 20
1201.543
 10
1252.447
 20
1201.796
 10
1253.217
 20
1201.949
 10
1254.0
 20
1202.0
 10
1842.0
 20
1202.0
 10
1842.783
 20
1201.949
 10
1843.553
 20
1201.796
 10
1844.296
 20
1201.543
 10
1845.0
 20
1201.196
 10
1845.653
 20
1200.76
 10
1846.243
 20
1200.243
 10
1846.76
 20
1199.653
 10
1847.196
 20
1199.0
 10
1847.543
 20
1198.296
 10
1847.796
 20
1197.553
 10
1847.949
 20
1196.783
 10
1848.0
 20
1196.0
  0
CIRCLE
  5
130
330
17
100
AcDbEntity
  8
CUT_INSIDE
100
AcDbCircle
 10
1548.0
 20
1054.0
 30
0.0
 40
25.0
  0
CIRCLE
  5
131
330
17
100
AcDbEntity
  8
DRILL_7
100
AcDbCircle
 10
1257.0
 20
852.0
 30
0.0
 40
3.5
  0
CIRCLE
  5
132
330
17
100
AcDbEntity
  8
DRILL_7
100
AcDbCircle
 10
1839.0
 20
852.0
 30
0.0
 40
3.5
  0
CIRCLE
  5
133
330
17
100
AcDbEntity
  8
DRILL_7
100
AcDbCircle
 10
1257.0
 20
992.0
 30
0.0
 40
3.5
  0
CIRCLE
  5
134
330
17
100
AcDbEntity
  8
DRILL_7
100
AcDbCircle
 10
1839.0
 20
992.0
 30
0.0
 40
3.5
  0
CIRCLE
  5
135
330
17
100
AcDbEntity
  8
DRILL_7
100
AcDbCircle
 10
1257.0
 20
1132.0
 30
0.0
 40
3.5
  0
CIRCLE
  5
136
330
17
100
AcDbEntity
  8
DRILL_7
100
AcDbCircle
 10
1839.0
 20
1132.0
 30
0.0
 40
3.5
  0
CIRCLE
  5
137
330
17
100
AcDbEntity
  8
DRILL_7
100
AcDbCircle
 10
1338.0
 20
791.0
 30
0.0
 40
3.5
  0
CIRCLE
  5
138
330
17
100
AcDbEntity
  8
DRILL_7
100
AcDbCircle
 10
1548.0
 20
791.0
 30
0.0
 40
3.5
  0
CIRCLE
  5
139
330
17
100
AcDbEntity
  8
DRILL_7
100
AcDbCircle
 10
1758.0
 20
791.0
 30
0.0
 40
3.5
  0
CIRCLE
  5
13A
330
17
100
AcDbEntity
  8
DRILL_7
100
AcDbCircle
 10
1338.0
 20
1193.0
 30
0.0
 40
3.5
  0
CIRCLE
  5
13B
330
17
100
AcDbEntity
  8
DRILL_7
100
AcDbCircle
 10
1548.0
 20
1193.0
 30
0.0
 40
3.5
  0
CIRCLE
  5
13C
330
17
100
AcDbEntity
  8
DRILL_7
100
AcDbCircle
 10
1758.0
 20
1193.0
 30
0.0
 40
3.5
  0
CIRCLE
  5
13D
330
17
100
AcDbEntity
  8
DRILL_10
100
AcDbCircle
 10
1426.0
 20
920.0
 30
0.0
 40
5.0
  0
CIRCLE
  5
13E
330
17
100
AcDbEntity
  8
DRILL_10
100
AcDbCircle
 10
1670.0
 20
920.0
 30
0.0
 40
5.0
  0
CIRCLE
  5
13F
330
17
100
AcDbEntity
  8
DRILL_10
100
AcDbCircle
 10
1426.0
 20
1064.0
 30
0.0
 40
5.0
  0
CIRCLE
  5
140
330
17
100
AcDbEntity
  8
DRILL_10
100
AcDbCircle
 10
1670.0
 20
1064.0
 30
0.0
 40
5.0
  0
LWPOLYLINE
  5
141
330
17
100
AcDbEntity
  8
ENGRAVE_V
100
AcDbPolyline
 90
5
 70
1
 10
1264.0
 20
798.0
 10
1264.0
 20
1186.0
 10
1832.0
 20
1186.0
 10
1832.0
 20
798.0
 10
1264.0
 20
798.0
  0
TEXT
  5
142
330
17
100
AcDbEntity
  8
LABELS
100
AcDbText
 10
1548.0
 20
992.0
 30
0.0
 40
14.0
  1
Cabinet top (tower stands here)
 72
1
 11
1548.0
 21
992.0
 31
0.0
100
AcDbText
 73
2
  0
LWPOLYLINE
  5
143
330
17
100
AcDbEntity
  8
CUT_OUTSIDE
100
AcDbPolyline
 90
52
 70
1
 10
2341.99
 20
608.0
 10
2342.774
 20
607.949
 10
2343.543
 20
607.796
 10
2344.287
 20
607.543
 10
2344.99
 20
607.196
 10
2345.643
 20
606.76
 10
2346.233
 20
606.243
 10
2346.751
 20
605.653
 10
2347.187
 20
605.0
 10
2347.534
 20
604.296
 10
2347.786
 20
603.553
 10
2347.939
 20
602.783
 10
2347.99
 20
602.0
 10
2347.99
 20
14.0
 10
2347.939
 20
13.217
 10
2347.786
 20
12.447
 10
2347.534
 20
11.704
 10
2347.187
 20
11.0
 10
2346.751
 20
10.347
 10
2346.233
 20
9.757
 10
2345.643
 20
9.24
 10
2344.99
 20
8.804
 10
2344.287
 20
8.457
 10
2343.543
 20
8.204
 10
2342.774
 20
8.051
 10
2341.99
 20
8.0
 10
1933.99
 20
8.0
 10
1933.207
 20
8.051
 10
1932.438
 20
8.204
 10
1931.694
 20
8.457
 10
1930.99
 20
8.804
 10
1930.338
 20
9.24
 10
1929.748
 20
9.757
 10
1929.23
 20
10.347
 10
1928.794
 20
11.0
 10
1928.447
 20
11.704
 10
1928.195
 20
12.447
 10
1928.042
 20
13.217
 10
1927.99
 20
14.0
 10
1927.99
 20
602.0
 10
1928.042
 20
602.783
 10
1928.195
 20
603.553
 10
1928.447
 20
604.296
 10
1928.794
 20
605.0
 10
1929.23
 20
605.653
 10
1929.748
 20
606.243
 10
1930.338
 20
606.76
 10
1930.99
 20
607.196
 10
1931.694
 20
607.543
 10
1932.438
 20
607.796
 10
1933.207
 20
607.949
 10
1933.99
 20
608.0
  0
CIRCLE
  5
144
330
17
100
AcDbEntity
  8
DRILL_7
100
AcDbCircle
 10
2277.990477571341
 20
17.0
 30
0.0
 40
3.5
  0
CIRCLE
  5
145
330
17
100
AcDbEntity
  8
DRILL_7
100
AcDbCircle
 10
2277.990477571341
 20
599.0
 30
0.0
 40
3.5
  0
CIRCLE
  5
146
330
17
100
AcDbEntity
  8
DRILL_7
100
AcDbCircle
 10
2137.990477571341
 20
17.0
 30
0.0
 40
3.5
  0
CIRCLE
  5
147
330
17
100
AcDbEntity
  8
DRILL_7
100
AcDbCircle
 10
2137.990477571341
 20
599.0
 30
0.0
 40
3.5
  0
CIRCLE
  5
148
330
17
100
AcDbEntity
  8
DRILL_7
100
AcDbCircle
 10
1997.9904775713414
 20
17.0
 30
0.0
 40
3.5
  0
CIRCLE
  5
149
330
17
100
AcDbEntity
  8
DRILL_7
100
AcDbCircle
 10
1997.9904775713414
 20
599.0
 30
0.0
 40
3.5
  0
CIRCLE
  5
14A
330
17
100
AcDbEntity
  8
DRILL_7
100
AcDbCircle
 10
2338.990477571341
 20
98.0
 30
0.0
 40
3.5
  0
CIRCLE
  5
14B
330
17
100
AcDbEntity
  8
DRILL_7
100
AcDbCircle
 10
2338.990477571341
 20
308.0
 30
0.0
 40
3.5
  0
CIRCLE
  5
14C
330
17
100
AcDbEntity
  8
DRILL_7
100
AcDbCircle
 10
2338.990477571341
 20
518.0
 30
0.0
 40
3.5
  0
CIRCLE
  5
14D
330
17
100
AcDbEntity
  8
DRILL_7
100
AcDbCircle
 10
1936.9904775713414
 20
98.0
 30
0.0
 40
3.5
  0
CIRCLE
  5
14E
330
17
100
AcDbEntity
  8
DRILL_7
100
AcDbCircle
 10
1936.9904775713414
 20
308.0
 30
0.0
 40
3.5
  0
CIRCLE
  5
14F
330
17
100
AcDbEntity
  8
DRILL_7
100
AcDbCircle
 10
1936.9904775713414
 20
518.0
 30
0.0
 40
3.5
  0
CIRCLE
  5
150
330
17
100
AcDbEntity
  8
DRILL_10
100
AcDbCircle
 10
2292.990477571341
 20
63.0
 30
0.0
 40
5.0
  0
CIRCLE
  5
151
330
17
100
AcDbEntity
  8
DRILL_10
100
AcDbCircle
 10
2292.990477571341
 20
553.0
 30
0.0
 40
5.0
  0
CIRCLE
  5
152
330
17
100
AcDbEntity
  8
DRILL_10
100
AcDbCircle
 10
1982.9904775713414
 20
63.0
 30
0.0
 40
5.0
  0
CIRCLE
  5
153
330
17
100
AcDbEntity
  8
DRILL_10
100
AcDbCircle
 10
1982.9904775713414
 20
553.0
 30
0.0
 40
5.0
  0
TEXT
  5
154
330
17
100
AcDbEntity
  8
LABELS
100
AcDbText
 10
2137.990477571341
 20
308.0
 30
0.0
 40
14.0
  1
Cabinet bottom
 72
1
 11
2137.990477571341
 21
308.0
 31
0.0
100
AcDbText
 73
2
  0
LWPOLYLINE
  5
155
330
17
100
AcDbEntity
  8
CUT_OUTSIDE
100
AcDbPolyline
 90
4
 70
1
 10
1900.0
 20
772.0
 10
1566.0
 20
772.0
 10
1566.0
 20
352.0
 10
1900.0
 20
352.0
  0
LWPOLYLINE
  5
156
330
17
100
AcDbEntity
  8
CUT_INSIDE
100
AcDbPolyline
 90
50
 70
1
 10
1596.0
 20
605.0
 10
1596.145
 20
607.219
 10
1596.579
 20
609.4
 10
1597.294
 20
611.506
 10
1598.278
 20
613.5
 10
1599.513
 20
615.349
 10
1600.979
 20
617.021
 10
1602.651
 20
618.487
 10
1604.5
 20
619.722
 10
1606.494
 20
620.706
 10
1608.6
 20
621.421
 10
1610.781
 20
621.855
 10
1613.0
 20
622.0
 10
1615.219
 20
621.855
 10
1617.4
 20
621.421
 10
1619.506
 20
620.706
 10
1621.5
 20
619.722
 10
1623.349
 20
618.487
 10
1625.021
 20
617.021
 10
1626.487
 20
615.349
 10
1627.722
 20
613.5
 10
1628.706
 20
611.506
 10
1629.421
 20
609.4
 10
1629.855
 20
607.219
 10
1630.0
 20
605.0
 10
1630.0
 20
519.0
 10
1629.855
 20
516.781
 10
1629.421
 20
514.6
 10
1628.706
 20
512.494
 10
1627.722
 20
510.5
 10
1626.487
 20
508.651
 10
1625.021
 20
506.979
 10
1623.349
 20
505.513
 10
1621.5
 20
504.278
 10
1619.506
 20
503.294
 10
1617.4
 20
502.579
 10
1615.219
 20
502.145
 10
1613.0
 20
502.0
 10
1610.781
 20
502.145
 10
1608.6
 20
502.579
 10
1606.494
 20
503.294
 10
1604.5
 20
504.278
 10
1602.651
 20
505.513
 10
1600.979
 20
506.979
 10
1599.513
 20
508.651
 10
1598.278
 20
510.5
 10
1597.294
 20
512.494
 10
1596.579
 20
514.6
 10
1596.145
 20
516.781
 10
1596.0
 20
519.0
  0
LWPOLYLINE
  5
157
330
17
100
AcDbEntity
  8
CUT_INSIDE
100
AcDbPolyline
 90
50
 70
1
 10
1695.0
 20
472.0
 10
1694.347
 20
472.043
 10
1693.706
 20
472.17
 10
1693.087
 20
472.381
 10
1692.5
 20
472.67
 10
1691.956
 20
473.033
 10
1691.464
 20
473.464
 10
1691.033
 20
473.956
 10
1690.67
 20
474.5
 10
1690.381
 20
475.087
 10
1690.17
 20
475.706
 10
1690.043
 20
476.347
 10
1690.0
 20
477.0
 10
1690.043
 20
477.653
 10
1690.17
 20
478.294
 10
1690.381
 20
478.913
 10
1690.67
 20
479.5
 10
1691.033
 20
480.044
 10
1691.464
 20
480.536
 10
1691.956
 20
480.967
 10
1692.5
 20
481.33
 10
1693.087
 20
481.619
 10
1693.706
 20
481.83
 10
1694.347
 20
481.957
 10
1695.0
 20
482.0
 10
1835.0
 20
482.0
 10
1835.653
 20
481.957
 10
1836.294
 20
481.83
 10
1836.913
 20
481.619
 10
1837.5
 20
481.33
 10
1838.044
 20
480.967
 10
1838.536
 20
480.536
 10
1838.967
 20
480.044
 10
1839.33
 20
479.5
 10
1839.619
 20
478.913
 10
1839.83
 20
478.294
 10
1839.957
 20
477.653
 10
1840.0
 20
477.0
 10
1839.957
 20
476.347
 10
1839.83
 20
475.706
 10
1839.619
 20
475.087
 10
1839.33
 20
474.5
 10
1838.967
 20
473.956
 10
1838.536
 20
473.464
 10
1838.044
 20
473.033
 10
1837.5
 20
472.67
 10
1836.913
 20
472.381
 10
1836.294
 20
472.17
 10
1835.653
 20
472.043
 10
1835.0
 20
472.0
  0
LWPOLYLINE
  5
158
330
17
100
AcDbEntity
  8
CUT_INSIDE
100
AcDbPolyline
 90
50
 70
1
 10
1695.0
 20
512.0
 10
1694.347
 20
512.043
 10
1693.706
 20
512.17
 10
1693.087
 20
512.381
 10
1692.5
 20
512.67
 10
1691.956
 20
513.033
 10
1691.464
 20
513.464
 10
1691.033
 20
513.956
 10
1690.67
 20
514.5
 10
1690.381
 20
515.087
 10
1690.17
 20
515.706
 10
1690.043
 20
516.347
 10
1690.0
 20
517.0
 10
1690.043
 20
517.653
 10
1690.17
 20
518.294
 10
1690.381
 20
518.913
 10
1690.67
 20
519.5
 10
1691.033
 20
520.044
 10
1691.464
 20
520.536
 10
1691.956
 20
520.967
 10
1692.5
 20
521.33
 10
1693.087
 20
521.619
 10
1693.706
 20
521.83
 10
1694.347
 20
521.957
 10
1695.0
 20
522.0
 10
1835.0
 20
522.0
 10
1835.653
 20
521.957
 10
1836.294
 20
521.83
 10
1836.913
 20
521.619
 10
1837.5
 20
521.33
 10
1838.044
 20
520.967
 10
1838.536
 20
520.536
 10
1838.967
 20
520.044
 10
1839.33
 20
519.5
 10
1839.619
 20
518.913
 10
1839.83
 20
518.294
 10
1839.957
 20
517.653
 10
1840.0
 20
517.0
 10
1839.957
 20
516.347
 10
1839.83
 20
515.706
 10
1839.619
 20
515.087
 10
1839.33
 20
514.5
 10
1838.967
 20
513.956
 10
1838.536
 20
513.464
 10
1838.044
 20
513.033
 10
1837.5
 20
512.67
 10
1836.913
 20
512.381
 10
1836.294
 20
512.17
 10
1835.653
 20
512.043
 10
1835.0
 20
512.0
  0
LWPOLYLINE
  5
159
330
17
100
AcDbEntity
  8
CUT_INSIDE
100
AcDbPolyline
 90
50
 70
1
 10
1695.0
 20
552.0
 10
1694.347
 20
552.043
 10
1693.706
 20
552.17
 10
1693.087
 20
552.381
 10
1692.5
 20
552.67
 10
1691.956
 20
553.033
 10
1691.464
 20
553.464
 10
1691.033
 20
553.956
 10
1690.67
 20
554.5
 10
1690.381
 20
555.087
 10
1690.17
 20
555.706
 10
1690.043
 20
556.347
 10
1690.0
 20
557.0
 10
1690.043
 20
557.653
 10
1690.17
 20
558.294
 10
1690.381
 20
558.913
 10
1690.67
 20
559.5
 10
1691.033
 20
560.044
 10
1691.464
 20
560.536
 10
1691.956
 20
560.967
 10
1692.5
 20
561.33
 10
1693.087
 20
561.619
 10
1693.706
 20
561.83
 10
1694.347
 20
561.957
 10
1695.0
 20
562.0
 10
1835.0
 20
562.0
 10
1835.653
 20
561.957
 10
1836.294
 20
561.83
 10
1836.913
 20
561.619
 10
1837.5
 20
561.33
 10
1838.044
 20
560.967
 10
1838.536
 20
560.536
 10
1838.967
 20
560.044
 10
1839.33
 20
559.5
 10
1839.619
 20
558.913
 10
1839.83
 20
558.294
 10
1839.957
 20
557.653
 10
1840.0
 20
557.0
 10
1839.957
 20
556.347
 10
1839.83
 20
555.706
 10
1839.619
 20
555.087
 10
1839.33
 20
554.5
 10
1838.967
 20
553.956
 10
1838.536
 20
553.464
 10
1838.044
 20
553.033
 10
1837.5
 20
552.67
 10
1836.913
 20
552.381
 10
1836.294
 20
552.17
 10
1835.653
 20
552.043
 10
1835.0
 20
552.0
  0
LWPOLYLINE
  5
15A
330
17
100
AcDbEntity
  8
CUT_INSIDE
100
AcDbPolyline
 90
50
 70
1
 10
1695.0
 20
592.0
 10
1694.347
 20
592.043
 10
1693.706
 20
592.17
 10
1693.087
 20
592.381
 10
1692.5
 20
592.67
 10
1691.956
 20
593.033
 10
1691.464
 20
593.464
 10
1691.033
 20
593.956
 10
1690.67
 20
594.5
 10
1690.381
 20
595.087
 10
1690.17
 20
595.706
 10
1690.043
 20
596.347
 10
1690.0
 20
597.0
 10
1690.043
 20
597.653
 10
1690.17
 20
598.294
 10
1690.381
 20
598.913
 10
1690.67
 20
599.5
 10
1691.033
 20
600.044
 10
1691.464
 20
600.536
 10
1691.956
 20
600.967
 10
1692.5
 20
601.33
 10
1693.087
 20
601.619
 10
1693.706
 20
601.83
 10
1694.347
 20
601.957
 10
1695.0
 20
602.0
 10
1835.0
 20
602.0
 10
1835.653
 20
601.957
 10
1836.294
 20
601.83
 10
1836.913
 20
601.619
 10
1837.5
 20
601.33
 10
1838.044
 20
600.967
 10
1838.536
 20
600.536
 10
1838.967
 20
600.044
 10
1839.33
 20
599.5
 10
1839.619
 20
598.913
 10
1839.83
 20
598.294
 10
1839.957
 20
597.653
 10
1840.0
 20
597.0
 10
1839.957
 20
596.347
 10
1839.83
 20
595.706
 10
1839.619
 20
595.087
 10
1839.33
 20
594.5
 10
1838.967
 20
593.956
 10
1838.536
 20
593.464
 10
1838.044
 20
593.033
 10
1837.5
 20
592.67
 10
1836.913
 20
592.381
 10
1836.294
 20
592.17
 10
1835.653
 20
592.043
 10
1835.0
 20
592.0
  0
LWPOLYLINE
  5
15B
330
17
100
AcDbEntity
  8
CUT_INSIDE
100
AcDbPolyline
 90
50
 70
1
 10
1695.0
 20
632.0
 10
1694.347
 20
632.043
 10
1693.706
 20
632.17
 10
1693.087
 20
632.381
 10
1692.5
 20
632.67
 10
1691.956
 20
633.033
 10
1691.464
 20
633.464
 10
1691.033
 20
633.956
 10
1690.67
 20
634.5
 10
1690.381
 20
635.087
 10
1690.17
 20
635.706
 10
1690.043
 20
636.347
 10
1690.0
 20
637.0
 10
1690.043
 20
637.653
 10
1690.17
 20
638.294
 10
1690.381
 20
638.913
 10
1690.67
 20
639.5
 10
1691.033
 20
640.044
 10
1691.464
 20
640.536
 10
1691.956
 20
640.967
 10
1692.5
 20
641.33
 10
1693.087
 20
641.619
 10
1693.706
 20
641.83
 10
1694.347
 20
641.957
 10
1695.0
 20
642.0
 10
1835.0
 20
642.0
 10
1835.653
 20
641.957
 10
1836.294
 20
641.83
 10
1836.913
 20
641.619
 10
1837.5
 20
641.33
 10
1838.044
 20
640.967
 10
1838.536
 20
640.536
 10
1838.967
 20
640.044
 10
1839.33
 20
639.5
 10
1839.619
 20
638.913
 10
1839.83
 20
638.294
 10
1839.957
 20
637.653
 10
1840.0
 20
637.0
 10
1839.957
 20
636.347
 10
1839.83
 20
635.706
 10
1839.619
 20
635.087
 10
1839.33
 20
634.5
 10
1838.967
 20
633.956
 10
1838.536
 20
633.464
 10
1838.044
 20
633.033
 10
1837.5
 20
632.67
 10
1836.913
 20
632.381
 10
1836.294
 20
632.17
 10
1835.653
 20
632.043
 10
1835.0
 20
632.0
  0
CIRCLE
  5
15C
330
17
100
AcDbEntity
  8
DRILL_7
100
AcDbCircle
 10
1840.0
 20
361.0
 30
0.0
 40
3.5
  0
CIRCLE
  5
15D
330
17
100
AcDbEntity
  8
DRILL_7
100
AcDbCircle
 10
1840.0
 20
763.0
 30
0.0
 40
3.5
  0
CIRCLE
  5
15E
330
17
100
AcDbEntity
  8
DRILL_7
100
AcDbCircle
 10
1733.0
 20
361.0
 30
0.0
 40
3.5
  0
CIRCLE
  5
15F
330
17
100
AcDbEntity
  8
DRILL_7
100
AcDbCircle
 10
1733.0
 20
763.0
 30
0.0
 40
3.5
  0
CIRCLE
  5
160
330
17
100
AcDbEntity
  8
DRILL_7
100
AcDbCircle
 10
1626.0
 20
361.0
 30
0.0
 40
3.5
  0
CIRCLE
  5
161
330
17
100
AcDbEntity
  8
DRILL_7
100
AcDbCircle
 10
1626.0
 20
763.0
 30
0.0
 40
3.5
  0
TEXT
  5
162
330
17
100
AcDbEntity
  8
LABELS
100
AcDbText
 10
1733.0
 20
562.0
 30
0.0
 40
14.0
  1
Cabinet side 1
 72
1
 11
1733.0
 21
562.0
 31
0.0
100
AcDbText
 73
2
  0
LWPOLYLINE
  5
163
330
17
100
AcDbEntity
  8
CUT_OUTSIDE
100
AcDbPolyline
 90
4
 70
1
 10
1917.99
 20
8.0
 10
1917.99
 20
342.0
 10
1497.99
 20
342.0
 10
1497.99
 20
8.0
  0
LWPOLYLINE
  5
164
330
17
100
AcDbEntity
  8
CUT_INSIDE
100
AcDbPolyline
 90
50
 70
1
 10
1750.99
 20
312.0
 10
1753.209
 20
311.855
 10
1755.39
 20
311.421
 10
1757.496
 20
310.706
 10
1759.49
 20
309.722
 10
1761.339
 20
308.487
 10
1763.011
 20
307.021
 10
1764.477
 20
305.349
 10
1765.713
 20
303.5
 10
1766.696
 20
301.506
 10
1767.411
 20
299.4
 10
1767.845
 20
297.219
 10
1767.99
 20
295.0
 10
1767.845
 20
292.781
 10
1767.411
 20
290.6
 10
1766.696
 20
288.494
 10
1765.713
 20
286.5
 10
1764.477
 20
284.651
 10
1763.011
 20
282.979
 10
1761.339
 20
281.513
 10
1759.49
 20
280.278
 10
1757.496
 20
279.294
 10
1755.39
 20
278.579
 10
1753.209
 20
278.145
 10
1750.99
 20
278.0
 10
1664.99
 20
278.0
 10
1662.772
 20
278.145
 10
1660.591
 20
278.579
 10
1658.485
 20
279.294
 10
1656.49
 20
280.278
 10
1654.642
 20
281.513
 10
1652.97
 20
282.979
 10
1651.503
 20
284.651
 10
1650.268
 20
286.5
 10
1649.285
 20
288.494
 10
1648.57
 20
290.6
 10
1648.136
 20
292.781
 10
1647.99
 20
295.0
 10
1648.136
 20
297.219
 10
1648.57
 20
299.4
 10
1649.285
 20
301.506
 10
1650.268
 20
303.5
 10
1651.503
 20
305.349
 10
1652.97
 20
307.021
 10
1654.642
 20
308.487
 10
1656.49
 20
309.722
 10
1658.485
 20
310.706
 10
1660.591
 20
311.421
 10
1662.772
 20
311.855
 10
1664.99
 20
312.0
  0
CIRCLE
  5
165
330
17
100
AcDbEntity
  8
CUT_INSIDE
100
AcDbCircle
 10
1787.9904775713414
 20
148.0
 30
0.0
 40
12.0
  0
LWPOLYLINE
  5
166
330
17
100
AcDbEntity
  8
CUT_DOOR
100
AcDbPolyline
 90
4
 70
1
 10
1817.99
 20
48.0
 10
1817.99
 20
248.0
 10
1567.99
 20
248.0
 10
1567.99
 20
48.0
  0
CIRCLE
  5
167
330
17
100
AcDbEntity
  8
DRILL_7
100
AcDbCircle
 10
1506.9904775713414
 20
68.0
 30
0.0
 40
3.5
  0
CIRCLE
  5
168
330
17
100
AcDbEntity
  8
DRILL_7
100
AcDbCircle
 10
1908.9904775713414
 20
68.0
 30
0.0
 40
3.5
  0
CIRCLE
  5
169
330
17
100
AcDbEntity
  8
DRILL_7
100
AcDbCircle
 10
1506.9904775713414
 20
175.0
 30
0.0
 40
3.5
  0
CIRCLE
  5
16A
330
17
100
AcDbEntity
  8
DRILL_7
100
AcDbCircle
 10
1908.9904775713414
 20
175.0
 30
0.0
 40
3.5
  0
CIRCLE
  5
16B
330
17
100
AcDbEntity
  8
DRILL_7
100
AcDbCircle
 10
1506.9904775713414
 20
282.0
 30
0.0
 40
3.5
  0
CIRCLE
  5
16C
330
17
100
AcDbEntity
  8
DRILL_7
100
AcDbCircle
 10
1908.9904775713414
 20
282.0
 30
0.0
 40
3.5
  0
TEXT
  5
16D
330
17
100
AcDbEntity
  8
LABELS
100
AcDbText
 10
1707.9904775713414
 20
175.0
 30
0.0
 40
14.0
  1
Cabinet side 2
 72
1
 11
1707.9904775713414
 21
175.0
 31
0.0
100
AcDbText
 73
2
  0
TEXT
  5
16E
330
17
100
AcDbEntity
  8
LABELS
100
AcDbText
 10
20.0
 20
1240.0
 30
0.0
 40
16.0
  1
PHOTOBOOTH WEDDING-EPSON - sheet 1 - MDF 18 mm 1220x2440 - tool 6 mm
 11
20.0
 21
1240.0
 31
0.0
100
AcDbText
  0
ENDSEC
  0
SECTION
  2
OBJECTS
  0
DICTIONARY
  5
A
330
0
100
AcDbDictionary
281
1
  3
ACAD_COLOR
350
B
  3
ACAD_GROUP
350
C
  3
ACAD_LAYOUT
350
D
  3
ACAD_MATERIAL
350
E
  3
ACAD_MLEADERSTYLE
350
F
  3
ACAD_MLINESTYLE
350
10
  3
ACAD_PLOTSETTINGS
350
11
  3
ACAD_PLOTSTYLENAME
350
12
  3
ACAD_SCALELIST
350
14
  3
ACAD_TABLESTYLE
350
15
  3
ACAD_VISUALSTYLE
350
16
  3
EZDXF_META
350
2D
  0
DICTIONARY
  5
B
330
A
100
AcDbDictionary
281
1
  0
DICTIONARY
  5
C
330
A
100
AcDbDictionary
281
1
  0
DICTIONARY
  5
D
330
A
100
AcDbDictionary
281
1
  3
Model
350
1A
  3
Layout1
350
1E
  0
DICTIONARY
  5
E
330
A
100
AcDbDictionary
281
1
  3
ByBlock
350
1F
  3
ByLayer
350
20
  3
Global
350
21
  0
DICTIONARY
  5
F
330
A
100
AcDbDictionary
281
1
  3
Standard
350
2C
  0
DICTIONARY
  5
10
330
A
100
AcDbDictionary
281
1
  3
Standard
350
22
  0
DICTIONARY
  5
11
330
A
100
AcDbDictionary
281
1
  0
ACDBDICTIONARYWDFLT
  5
12
330
A
100
AcDbDictionary
281
1
  3
Normal
350
13
100
AcDbDictionaryWithDefault
340
13
  0
ACDBPLACEHOLDER
  5
13
330
12
  0
DICTIONARY
  5
14
330
A
100
AcDbDictionary
281
1
  0
DICTIONARY
  5
15
330
A
100
AcDbDictionary
281
1
  0
DICTIONARY
  5
16
330
A
100
AcDbDictionary
281
1
  3
2dWireframe
350
5A
  3
Basic
350
5B
  3
Brighten
350
5C
  3
ColorChange
350
5D
  3
Conceptual
350
5E
  3
Dim
350
5F
  3
EdgeColorOff
350
60
  3
Facepattern
350
61
  3
Flat
350
62
  3
FlatWithEdges
350
63
  3
Gouraud
350
64
  3
GouraudWithEdges
350
65
  3
Hidden
350
66
  3
JitterOff
350
67
  3
Linepattern
350
68
  3
Modeling
350
69
  3
OverhangOff
350
6A
  3
Realistic
350
6B
  3
Shaded
350
6C
  3
Shaded with edges
350
6D
  3
Shades of Gray
350
6E
  3
Sketchy
350
6F
  3
Thicken
350
70
  3
Wireframe
350
71
  3
X-Ray
350
72
  0
LAYOUT
  5
1A
330
D
100
AcDbPlotSettings
  1

  4
A3
  6

 40
7.5
 41
20.0
 42
7.5
 43
20.0
 44
420.0
 45
297.0
 46
0.0
 47
0.0
 48
0.0
 49
0.0
140
0.0
141
0.0
142
1.0
143
1.0
 70
1024
 72
1
 73
0
 74
5
  7

 75
16
 76
0
 77
2
 78
300
147
1.0
148
0.0
149
0.0
100
AcDbLayout
  1
Model
 70
1
 71
0
 10
0.0
 20
0.0
 11
420.0
 21
297.0
 12
0.0
 22
0.0
 32
0.0
 14
1e+20
 24
1e+20
 34
1e+20
 15
-1e+20
 25
-1e+20
 35
-1e+20
146
0.0
 13
0.0
 23
0.0
 33
0.0
 16
1.0
 26
0.0
 36
0.0
 17
0.0
 27
1.0
 37
0.0
 76
1
330
17
  0
LAYOUT
  5
1E
330
D
100
AcDbPlotSettings
  1

  4
A3
  6

 40
7.5
 41
20.0
 42
7.5
 43
20.0
 44
420.0
 45
297.0
 46
0.0
 47
0.0
 48
0.0
 49
0.0
140
0.0
141
0.0
142
1.0
143
1.0
 70
0
 72
1
 73
0
 74
5
  7

 75
16
 76
0
 77
2
 78
300
147
1.0
148
0.0
149
0.0
100
AcDbLayout
  1
Layout1
 70
1
 71
1
 10
0.0
 20
0.0
 11
420.0
 21
297.0
 12
0.0
 22
0.0
 32
0.0
 14
1e+20
 24
1e+20
 34
1e+20
 15
-1e+20
 25
-1e+20
 35
-1e+20
146
0.0
 13
0.0
 23
0.0
 33
0.0
 16
1.0
 26
0.0
 36
0.0
 17
0.0
 27
1.0
 37
0.0
 76
1
330
1B
  0
MATERIAL
  5
1F
102
{ACAD_REACTORS
330
E
102
}
330
E
100
AcDbMaterial
  1
ByBlock
  2

 70
0
 40
1.0
 71
1
 41
1.0
 91
-1023410177
 42
1.0
 72
1
  3

 73
1
 74
1
 75
1
 44
0.5
 73
0
 45
1.0
 46
1.0
 77
1
  4

 78
1
 79
1
170
1
 48
1.0
171
1
  6

172
1
173
1
174
1
140
1.0
141
1.0
175
1
  7

176
1
177
1
178
1
143
1.0
179
1
  8

270
1
271
1
272
1
145
1.0
146
1.0
273
1
  9

274
1
275
1
276
1
 42
1.0
 72
1
  3

 73
1
 74
1
 75
1
 94
63
  0
MATERIAL
  5
20
102
{ACAD_REACTORS
330
E
102
}
330
E
100
AcDbMaterial
  1
ByLayer
  2

 70
0
 40
1.0
 71
1
 41
1.0
 91
-1023410177
 42
1.0
 72
1
  3

 73
1
 74
1
 75
1
 44
0.5
 73
0
 45
1.0
 46
1.0
 77
1
  4

 78
1
 79
1
170
1
 48
1.0
171
1
  6

172
1
173
1
174
1
140
1.0
141
1.0
175
1
  7

176
1
177
1
178
1
143
1.0
179
1
  8

270
1
271
1
272
1
145
1.0
146
1.0
273
1
  9

274
1
275
1
276
1
 42
1.0
 72
1
  3

 73
1
 74
1
 75
1
 94
63
  0
MATERIAL
  5
21
102
{ACAD_REACTORS
330
E
102
}
330
E
100
AcDbMaterial
  1
Global
  2

 70
0
 40
1.0
 71
1
 41
1.0
 91
-1023410177
 42
1.0
 72
1
  3

 73
1
 74
1
 75
1
 44
0.5
 73
0
 45
1.0
 46
1.0
 77
1
  4

 78
1
 79
1
170
1
 48
1.0
171
1
  6

172
1
173
1
174
1
140
1.0
141
1.0
175
1
  7

176
1
177
1
178
1
143
1.0
179
1
  8

270
1
271
1
272
1
145
1.0
146
1.0
273
1
  9

274
1
275
1
276
1
 42
1.0
 72
1
  3

 73
1
 74
1
 75
1
 94
63
  0
MLINESTYLE
  5
22
102
{ACAD_REACTORS
330
10
102
}
330
10
100
AcDbMlineStyle
  2
Standard
 70
0
  3

 62
256
 51
90.0
 52
90.0
 71
2
 49
0.5
 62
256
  6
BYLAYER
 49
-0.5
 62
256
  6
BYLAYER
  0
MLEADERSTYLE
  5
2C
102
{ACAD_REACTORS
330
F
102
}
330
F
100
AcDbMLeaderStyle
179
2
170
2
171
1
172
0
 90
2
 40
0.0
 41
0.0
173
1
 91
-1056964608
 92
-2
290
1
 42
2.0
291
1
 43
8.0
  3
Standard
 44
4.0
300

342
29
174
1
175
1
176
0
178
1
 93
-1056964608
 45
4.0
292
0
297
0
 46
4.0
 94
-1056964608
 47
1.0
 49
1.0
140
1.0
294
1
141
0.0
177
0
142
1.0
295
0
296
0
143
3.75
271
0
272
9
273
9
  0
DICTIONARY
  5
2D
330
A
100
AcDbDictionary
280
1
281
1
  3
CREATED_BY_EZDXF
350
2E
  3
WRITTEN_BY_EZDXF
350
171
  0
DICTIONARYVAR
  5
2E
330
2D
100
DictionaryVariables
280
0
  1
1.4.4 @ 2026-09-30T19:45:52.079171+00:00
  0
VISUALSTYLE
  5
5A
102
{ACAD_REACTORS
330
16
102
}
330
16
100
AcDbVisualStyle
  2
2dWireframe
 70
4
 90
0
 40
0.6
 62
7
290
0
291
0
  0
VISUALSTYLE
  5
5B
102
{ACAD_REACTORS
330
16
102
}
330
16
100
AcDbVisualStyle
  2
Basic
 70
7
 90
1
 40
0.6
 62
7
290
0
291
1
  0
VISUALSTYLE
  5
5C
102
{ACAD_REACTORS
330
16
102
}
330
16
100
AcDbVisualStyle
  2
Brighten
 70
12
 90
2
 40
0.6
 62
7
290
0
291
1
  0
VISUALSTYLE
  5
5D
102
{ACAD_REACTORS
330
16
102
}
330
16
100
AcDbVisualStyle
  2
ColorChange
 70
16
 90
2
 40
0.6
 62
8
290
0
291
1
  0
VISUALSTYLE
  5
5E
102
{ACAD_REACTORS
330
16
102
}
330
16
100
AcDbVisualStyle
  2
Conceptual
 70
9
 90
3
 40
0.6
 62
7
290
0
291
0
  0
VISUALSTYLE
  5
5F
102
{ACAD_REACTORS
330
16
102
}
330
16
100
AcDbVisualStyle
  2
Dim
 70
11
 90
2
 40
0.6
 62
7
290
0
291
1
  0
VISUALSTYLE
  5
60
102
{ACAD_REACTORS
330
16
102
}
330
16
100
AcDbVisualStyle
  2
EdgeColorOff
 70
22
 90
2
 40
0.6
 62
7
290
0
291
1
  0
VISUALSTYLE
  5
61
102
{ACAD_REACTORS
330
16
102
}
330
16
100
AcDbVisualStyle
  2
Facepattern
 70
15
 90
2
 40
0.6
 62
7
290
0
291
1
  0
VISUALSTYLE
  5
62
102
{ACAD_REACTORS
330
16
102
}
330
16
100
AcDbVisualStyle
  2
Flat
 70
0
 90
2
 40
0.6
 62
7
290
0
291
1
  0
VISUALSTYLE
  5
63
102
{ACAD_REACTORS
330
16
102
}
330
16
100
AcDbVisualStyle
  2
FlatWithEdges
 70
1
 90
2
 40
0.6
 62
7
290
0
291
1
  0
VISUALSTYLE
  5
64
102
{ACAD_REACTORS
330
16
102
}
330
16
100
AcDbVisualStyle
  2
Gouraud
 70
2
 90
2
 40
0.6
 62
7
290
0
291
1
  0
VISUALSTYLE
  5
65
102
{ACAD_REACTORS
330
16
102
}
330
16
100
AcDbVisualStyle
  2
GouraudWithEdges
 70
3
 90
2
 40
0.6
 62
7
290
0
291
1
  0
VISUALSTYLE
  5
66
102
{ACAD_REACTORS
330
16
102
}
330
16
100
AcDbVisualStyle
  2
Hidden
 70
6
 90
1
 40
0.6
 62
7
290
0
291
0
  0
VISUALSTYLE
  5
67
102
{ACAD_REACTORS
330
16
102
}
330
16
100
AcDbVisualStyle
  2
JitterOff
 70
20
 90
2
 40
0.6
 62
7
290
0
291
1
  0
VISUALSTYLE
  5
68
102
{ACAD_REACTORS
330
16
102
}
330
16
100
AcDbVisualStyle
  2
Linepattern
 70
14
 90
2
 40
0.6
 62
7
290
0
291
1
  0
VISUALSTYLE
  5
69
102
{ACAD_REACTORS
330
16
102
}
330
16
100
AcDbVisualStyle
  2
Modeling
 70
10
 90
2
 40
0.6
 62
7
290
0
291
0
  0
VISUALSTYLE
  5
6A
102
{ACAD_REACTORS
330
16
102
}
330
16
100
AcDbVisualStyle
  2
OverhangOff
 70
21
 90
2
 40
0.6
 62
7
290
0
291
1
  0
VISUALSTYLE
  5
6B
102
{ACAD_REACTORS
330
16
102
}
330
16
100
AcDbVisualStyle
  2
Realistic
 70
8
 90
2
 40
0.6
 62
7
290
0
291
0
  0
VISUALSTYLE
  5
6C
102
{ACAD_REACTORS
330
16
102
}
330
16
100
AcDbVisualStyle
  2
Shaded
 70
27
 90
2
 40
0.6
 62
7
290
0
291
0
  0
VISUALSTYLE
  5
6D
102
{ACAD_REACTORS
330
16
102
}
330
16
100
AcDbVisualStyle
  2
Shaded with edges
 70
26
 90
2
 40
0.6
 62
7
290
0
291
0
  0
VISUALSTYLE
  5
6E
102
{ACAD_REACTORS
330
16
102
}
330
16
100
AcDbVisualStyle
  2
Shades of Gray
 70
23
 90
2
 40
0.6
 62
7
290
0
291
0
  0
VISUALSTYLE
  5
6F
102
{ACAD_REACTORS
330
16
102
}
330
16
100
AcDbVisualStyle
  2
Sketchy
 70
24
 90
1
 40
0.6
 62
7
290
0
291
0
  0
VISUALSTYLE
  5
70
102
{ACAD_REACTORS
330
16
102
}
330
16
100
AcDbVisualStyle
  2
Thicken
 70
13
 90
2
 40
0.6
 62
7
290
0
291
1
  0
VISUALSTYLE
  5
71
102
{ACAD_REACTORS
330
16
102
}
330
16
100
AcDbVisualStyle
  2
Wireframe
 70
5
 90
0
 40
0.6
 62
7
290
0
291
0
  0
VISUALSTYLE
  5
72
102
{ACAD_REACTORS
330
16
102
}
330
16
100
AcDbVisualStyle
  2
X-Ray
 70
25
 90
2
 40
0.5
 62
7
290
0
291
0
  0
DICTIONARYVAR
  5
171
330
2D
100
DictionaryVariables
280
0
  1
1.4.4 @ 2026-09-30T19:45:52.152189+00:00
  0
ENDSEC
  0
EOF
