  0
SECTION
  2
HEADER
  9
$ACADVER
  1
AC1024
  9
$ACADMAINTVER
 70
6
  9
$DWGCODEPAGE
  3
ANSI_1252
  9
$LASTSAVEDBY
  1
ezdxf
  9
$INSBASE
 10
0.0
 20
0.0
 30
0.0
  9
$EXTMIN
 10
1e+20
 20
1e+20
 30
1e+20
  9
$EXTMAX
 10
-1e+20
 20
-1e+20
 30
-1e+20
  9
$LIMMIN
 10
0.0
 20
0.0
  9
$LIMMAX
 10
420.0
 20
297.0
  9
$ORTHOMODE
 70
0
  9
$REGENMODE
 70
1
  9
$FILLMODE
 70
1
  9
$QTEXTMODE
 70
0
  9
$MIRRTEXT
 70
1
  9
$LTSCALE
 40
1.0
  9
$ATTMODE
 70
1
  9
$TEXTSIZE
 40
2.5
  9
$TRACEWID
 40
1.0
  9
$TEXTSTYLE
  7
OpenSans
  9
$CLAYER
  8
0
  9
$CELTYPE
  6
ByLayer
  9
$CECOLOR
 62
256
  9
$CELTSCALE
 40
1.0
  9
$DISPSILH
 70
0
  9
$DIMSCALE
 40
1.0
  9
$DIMASZ
 40
0.175
  9
$DIMEXO
 40
0.125
  9
$DIMDLI
 40
3.75
  9
$DIMRND
 40
0.0
  9
$DIMDLE
 40
0.0
  9
$DIMEXE
 40
0.375
  9
$DIMTP
 40
0.0
  9
$DIMTM
 40
0.0
  9
$DIMTXT
 40
0.25
  9
$DIMCEN
 40
2.5
  9
$DIMTSZ
 40
0.0
  9
$DIMTOL
 70
0
  9
$DIMLIM
 70
0
  9
$DIMTIH
 70
0
  9
$DIMTOH
 70
0
  9
$DIMSE1
 70
0
  9
$DIMSE2
 70
0
  9
$DIMTAD
 70
1
  9
$DIMZIN
 70
12
  9
$DIMBLK
  1
ARCHTICK
  9
$DIMASO
 70
1
  9
$DIMSHO
 70
1
  9
$DIMPOST
  1

  9
$DIMAPOST
  1

  9
$DIMALT
 70
0
  9
$DIMALTD
 70
3
  9
$DIMALTF
 40
0.03937007874
  9
$DIMLFAC
 40
100.0
  9
$DIMTOFL
 70
1
  9
$DIMTVP
 40
0.0
  9
$DIMTIX
 70
0
  9
$DIMSOXD
 70
0
  9
$DIMSAH
 70
0
  9
$DIMBLK1
  1

  9
$DIMBLK2
  1

  9
$DIMSTYLE
  2
EZDXF
  9
$DIMCLRD
 70
0
  9
$DIMCLRE
 70
0
  9
$DIMCLRT
 70
0
  9
$DIMTFAC
 40
0.5
  9
$DIMGAP
 40
0.1
  9
$DIMJUST
 70
0
  9
$DIMSD1
 70
0
  9
$DIMSD2
 70
0
  9
$DIMTOLJ
 70
0
  9
$DIMTZIN
 70
8
  9
$DIMALTZ
 70
0
  9
$DIMALTTZ
 70
0
  9
$DIMUPT
 70
1
  9
$DIMDEC
 70
2
  9
$DIMTDEC
 70
2
  9
$DIMALTU
 70
2
  9
$DIMALTTD
 70
3
  9
$DIMTXSTY
  7
OpenSansCondensed-Light
  9
$DIMAUNIT
 70
0
  9
$DIMADEC
 70
2
  9
$DIMALTRND
 40
0.0
  9
$DIMAZIN
 70
3
  9
$DIMDSEP
 70
46
  9
$DIMATFIT
 70
3
  9
$DIMFRAC
 70
0
  9
$DIMLDRBLK
  1

  9
$DIMLUNIT
 70
2
  9
$DIMLWD
 70
-2
  9
$DIMLWE
 70
-2
  9
$DIMTMOVE
 70
2
  9
$DIMFXL
 40
1.0
  9
$DIMFXLON
 70
0
  9
$DIMJOGANG
 40
0.785398163397
  9
$DIMTFILL
 70
0
  9
$DIMTFILLCLR
 70
0
  9
$DIMARCSYM
 70
0
  9
$DIMLTYPE
  6

  9
$DIMLTEX1
  6

  9
$DIMLTEX2
  6

  9
$DIMTXTDIRECTION
 70
0
  9
$LUNITS
 70
2
  9
$LUPREC
 70
4
  9
$SKETCHINC
 40
1.0
  9
$FILLETRAD
 40
10.0
  9
$AUNITS
 70
0
  9
$AUPREC
 70
2
  9
$MENU
  1
.
  9
$ELEVATION
 40
0.0
  9
$PELEVATION
 40
0.0
  9
$THICKNESS
 40
0.0
  9
$LIMCHECK
 70
0
  9
$CHAMFERA
 40
0.0
  9
$CHAMFERB
 40
0.0
  9
$CHAMFERC
 40
0.0
  9
$CHAMFERD
 40
0.0
  9
$SKPOLY
 70
0
  9
$TDCREATE
 40
2461315.2838657405
  9
$TDUCREATE
 40
2458532.153996898
  9
$TDUPDATE
 40
2461315.2838657405
  9
$TDUUPDATE
 40
2458532.1544311
  9
$TDINDWG
 40
0.0
  9
$TDUSRTIMER
 40
0.0
  9
$USRTIMER
 70
1
  9
$ANGBASE
 50
0.0
  9
$ANGDIR
 70
0
  9
$PDMODE
 70
0
  9
$PDSIZE
 40
0.0
  9
$PLINEWID
 40
0.0
  9
$SPLFRAME
 70
0
  9
$SPLINETYPE
 70
6
  9
$SPLINESEGS
 70
8
  9
$HANDSEED
  5
14E
  9
$SURFTAB1
 70
6
  9
$SURFTAB2
 70
6
  9
$SURFTYPE
 70
6
  9
$SURFU
 70
6
  9
$SURFV
 70
6
  9
$UCSBASE
  2

  9
$UCSNAME
  2

  9
$UCSORG
 10
0.0
 20
0.0
 30
0.0
  9
$UCSXDIR
 10
1.0
 20
0.0
 30
0.0
  9
$UCSYDIR
 10
0.0
 20
1.0
 30
0.0
  9
$UCSORTHOREF
  2

  9
$UCSORTHOVIEW
 70
0
  9
$UCSORGTOP
 10
0.0
 20
0.0
 30
0.0
  9
$UCSORGBOTTOM
 10
0.0
 20
0.0
 30
0.0
  9
$UCSORGLEFT
 10
0.0
 20
0.0
 30
0.0
  9
$UCSORGRIGHT
 10
0.0
 20
0.0
 30
0.0
  9
$UCSORGFRONT
 10
0.0
 20
0.0
 30
0.0
  9
$UCSORGBACK
 10
0.0
 20
0.0
 30
0.0
  9
$PUCSBASE
  2

  9
$PUCSNAME
  2

  9
$PUCSORG
 10
0.0
 20
0.0
 30
0.0
  9
$PUCSXDIR
 10
1.0
 20
0.0
 30
0.0
  9
$PUCSYDIR
 10
0.0
 20
1.0
 30
0.0
  9
$PUCSORTHOREF
  2

  9
$PUCSORTHOVIEW
 70
0
  9
$PUCSORGTOP
 10
0.0
 20
0.0
 30
0.0
  9
$PUCSORGBOTTOM
 10
0.0
 20
0.0
 30
0.0
  9
$PUCSORGLEFT
 10
0.0
 20
0.0
 30
0.0
  9
$PUCSORGRIGHT
 10
0.0
 20
0.0
 30
0.0
  9
$PUCSORGFRONT
 10
0.0
 20
0.0
 30
0.0
  9
$PUCSORGBACK
 10
0.0
 20
0.0
 30
0.0
  9
$USERI1
 70
0
  9
$USERI2
 70
0
  9
$USERI3
 70
0
  9
$USERI4
 70
0
  9
$USERI5
 70
0
  9
$USERR1
 40
0.0
  9
$USERR2
 40
0.0
  9
$USERR3
 40
0.0
  9
$USERR4
 40
0.0
  9
$USERR5
 40
0.0
  9
$WORLDVIEW
 70
1
  9
$SHADEDGE
 70
3
  9
$SHADEDIF
 70
70
  9
$TILEMODE
 70
1
  9
$MAXACTVP
 70
64
  9
$PINSBASE
 10
0.0
 20
0.0
 30
0.0
  9
$PLIMCHECK
 70
0
  9
$PEXTMIN
 10
1e+20
 20
1e+20
 30
1e+20
  9
$PEXTMAX
 10
-1e+20
 20
-1e+20
 30
-1e+20
  9
$PLIMMIN
 10
0.0
 20
0.0
  9
$PLIMMAX
 10
420.0
 20
297.0
  9
$UNITMODE
 70
0
  9
$VISRETAIN
 70
1
  9
$PLINEGEN
 70
0
  9
$PSLTSCALE
 70
1
  9
$TREEDEPTH
 70
3020
  9
$CMLSTYLE
  2
Standard
  9
$CMLJUST
 70
0
  9
$CMLSCALE
 40
20.0
  9
$PROXYGRAPHICS
 70
1
  9
$MEASUREMENT
 70
1
  9
$CELWEIGHT
370
-1
  9
$ENDCAPS
280
0
  9
$JOINSTYLE
280
0
  9
$LWDISPLAY
290
0
  9
$INSUNITS
 70
4
  9
$HYPERLINKBASE
  1

  9
$STYLESHEET
  1

  9
$XEDIT
290
1
  9
$CEPSNTYPE
380
0
  9
$PSTYLEMODE
290
1
  9
$FINGERPRINTGUID
  2
{2E30460D-1F0E-4B72-BDB8-D49568BB408B}
  9
$VERSIONGUID
  2
{88B1E6FE-B6D4-424E-A2D3-679387BA10A1}
  9
$EXTNAMES
290
1
  9
$PSVPSCALE
 40
0.0
  9
$OLESTARTUP
290
0
  9
$SORTENTS
280
127
  9
$INDEXCTL
280
0
  9
$HIDETEXT
280
1
  9
$XCLIPFRAME
280
1
  9
$HALOGAP
280
0
  9
$OBSCOLOR
 70
257
  9
$OBSLTYPE
280
0
  9
$INTERSECTIONDISPLAY
280
0
  9
$INTERSECTIONCOLOR
 70
257
  9
$DIMASSOC
280
2
  9
$PROJECTNAME
  1

  9
$CAMERADISPLAY
290
0
  9
$LENSLENGTH
 40
50.0
  9
$CAMERAHEIGHT
 40
0.0
  9
$STEPSPERSEC
 40
24.0
  9
$STEPSIZE
 40
100.0
  9
$3DDWFPREC
 40
2.0
  9
$PSOLWIDTH
 40
0.005
  9
$PSOLHEIGHT
 40
0.08
  9
$LOFTANG1
 40
1.570796326795
  9
$LOFTANG2
 40
1.570796326795
  9
$LOFTMAG1
 40
0.0
  9
$LOFTMAG2
 40
0.0
  9
$LOFTPARAM
 70
7
  9
$LOFTNORMALS
280
1
  9
$LATITUDE
 40
37.795
  9
$LONGITUDE
 40
-122.394
  9
$NORTHDIRECTION
 40
0.0
  9
$TIMEZONE
 70
-8000
  9
$LIGHTGLYPHDISPLAY
280
1
  9
$TILEMODELIGHTSYNCH
280
1
  9
$CMATERIAL
347
20
  9
$SOLIDHIST
280
0
  9
$SHOWHIST
280
1
  9
$DWFFRAME
280
2
  9
$DGNFRAME
280
2
  9
$REALWORLDSCALE
290
1
  9
$INTERFERECOLOR
 62
256
  9
$CSHADOW
280
0
  9
$SHADOWPLANELOCATION
 40
0.0
  0
ENDSEC
  0
SECTION
  2
CLASSES
  0
CLASS
  1
ACDBDICTIONARYWDFLT
  2
AcDbDictionaryWithDefault
  3
ObjectDBX Classes
 90
0
 91
0
280
0
281
0
  0
CLASS
  1
SUN
  2
AcDbSun
  3
SCENEOE
 90
1153
 91
0
280
0
281
0
  0
CLASS
  1
VISUALSTYLE
  2
AcDbVisualStyle
  3
ObjectDBX Classes
 90
4095
 91
0
280
0
281
0
  0
CLASS
  1
MATERIAL
  2
AcDbMaterial
  3
ObjectDBX Classes
 90
1153
 91
0
280
0
281
0
  0
CLASS
  1
SCALE
  2
AcDbScale
  3
ObjectDBX Classes
 90
1153
 91
0
280
0
281
0
  0
CLASS
  1
TABLESTYLE
  2
AcDbTableStyle
  3
ObjectDBX Classes
 90
4095
 91
0
280
0
281
0
  0
CLASS
  1
MLEADERSTYLE
  2
AcDbMLeaderStyle
  3
ACDB_MLEADERSTYLE_CLASS
 90
4095
 91
0
280
0
281
0
  0
CLASS
  1
DICTIONARYVAR
  2
AcDbDictionaryVar
  3
ObjectDBX Classes
 90
0
 91
0
280
0
281
0
  0
CLASS
  1
CELLSTYLEMAP
  2
AcDbCellStyleMap
  3
ObjectDBX Classes
 90
1152
 91
0
280
0
281
0
  0
CLASS
  1
MENTALRAYRENDERSETTINGS
  2
AcDbMentalRayRenderSettings
  3
SCENEOE
 90
1024
 91
0
280
0
281
0
  0
CLASS
  1
ACDBDETAILVIEWSTYLE
  2
AcDbDetailViewStyle
  3
ObjectDBX Classes
 90
1025
 91
0
280
0
281
0
  0
CLASS
  1
ACDBSECTIONVIEWSTYLE
  2
AcDbSectionViewStyle
  3
ObjectDBX Classes
 90
1025
 91
0
280
0
281
0
  0
CLASS
  1
RASTERVARIABLES
  2
AcDbRasterVariables
  3
ISM
 90
0
 91
0
280
0
281
0
  0
CLASS
  1
ACDBPLACEHOLDER
  2
AcDbPlaceHolder
  3
ObjectDBX Classes
 90
0
 91
0
280
0
281
0
  0
CLASS
  1
LAYOUT
  2
AcDbLayout
  3
ObjectDBX Classes
 90
0
 91
0
280
0
281
0
  0
ENDSEC
  0
SECTION
  2
TABLES
  0
TABLE
  2
VPORT
  5
8
330
0
100
AcDbSymbolTable
 70
1
  0
VPORT
  5
23
330
8
100
AcDbSymbolTableRecord
100
AcDbViewportTableRecord
  2
*Active
 70
0
 10
0.0
 20
0.0
 11
1.0
 21
1.0
 12
0.0
 22
0.0
 13
0.0
 23
0.0
 14
0.5
 24
0.5
 15
0.5
 25
0.5
 16
0.0
 26
0.0
 36
1.0
 17
0.0
 27
0.0
 37
0.0
 40
1000.0
 41
1.34
 42
50.0
 43
0.0
 44
0.0
 50
0.0
 51
0.0
 71
0
 72
1000
 73
1
 74
3
 75
0
 76
0
 77
0
 78
0
281
0
 65
0
146
0.0
  0
ENDTAB
  0
TABLE
  2
LTYPE
  5
2
330
0
100
AcDbSymbolTable
 70
21
  0
LTYPE
  5
24
330
2
100
AcDbSymbolTableRecord
100
AcDbLinetypeTableRecord
  2
ByBlock
 70
0
  3

 72
65
 73
0
 40
0.0
  0
LTYPE
  5
25
330
2
100
AcDbSymbolTableRecord
100
AcDbLinetypeTableRecord
  2
ByLayer
 70
0
  3

 72
65
 73
0
 40
0.0
  0
LTYPE
  5
26
330
2
100
AcDbSymbolTableRecord
100
AcDbLinetypeTableRecord
  2
Continuous
 70
0
  3

 72
65
 73
0
 40
0.0
  0
LTYPE
  5
2F
330
2
100
AcDbSymbolTableRecord
100
AcDbLinetypeTableRecord
  2
CENTER
 70
0
  3
Center ____ _ ____ _ ____ _ ____ _ ____ _ ____
 72
65
 73
4
 40
5.08
 49
3.175
 74
0
 49
-0.635
 74
0
 49
0.635
 74
0
 49
-0.635
 74
0
  0
LTYPE
  5
30
330
2
100
AcDbSymbolTableRecord
100
AcDbLinetypeTableRecord
  2
CENTERX2
 70
0
  3
Center (2x) ________  __  ________  __  ________
 72
65
 73
4
 40
8.89
 49
6.35
 74
0
 49
-0.635
 74
0
 49
1.27
 74
0
 49
-0.635
 74
0
  0
LTYPE
  5
31
330
2
100
AcDbSymbolTableRecord
100
AcDbLinetypeTableRecord
  2
CENTER2
 70
0
  3
Center (.5x) ____ _ ____ _ ____ _ ____ _ ____
 72
65
 73
4
 40
2.54
 49
1.587
 74
0
 49
-0.318
 74
0
 49
0.318
 74
0
 49
-0.318
 74
0
  0
LTYPE
  5
32
330
2
100
AcDbSymbolTableRecord
100
AcDbLinetypeTableRecord
  2
DASHED
 70
0
  3
Dashed __ __ __ __ __ __ __ __ __ __ __ __ __ _
 72
65
 73
2
 40
1.524
 49
1.27
 74
0
 49
-0.254
 74
0
  0
LTYPE
  5
33
330
2
100
AcDbSymbolTableRecord
100
AcDbLinetypeTableRecord
  2
DASHEDX2
 70
0
  3
Dashed (2x) ____  ____  ____  ____  ____  ____
 72
65
 73
2
 40
3.048
 49
2.54
 74
0
 49
-0.508
 74
0
  0
LTYPE
  5
34
330
2
100
AcDbSymbolTableRecord
100
AcDbLinetypeTableRecord
  2
DASHED2
 70
0
  3
Dashed (.5x) _ _ _ _ _ _ _ _ _ _ _ _ _ _
 72
65
 73
2
 40
0.762
 49
0.635
 74
0
 49
-0.127
 74
0
  0
LTYPE
  5
35
330
2
100
AcDbSymbolTableRecord
100
AcDbLinetypeTableRecord
  2
PHANTOM
 70
0
  3
Phantom ______  __  __  ______  __  __  ______
 72
65
 73
6
 40
6.35
 49
3.175
 74
0
 49
-0.635
 74
0
 49
0.635
 74
0
 49
-0.635
 74
0
 49
0.635
 74
0
 49
-0.635
 74
0
  0
LTYPE
  5
36
330
2
100
AcDbSymbolTableRecord
100
AcDbLinetypeTableRecord
  2
PHANTOMX2
 70
0
  3
Phantom (2x)____________    ____    ____    ____________
 72
65
 73
6
 40
10.795
 49
6.35
 74
0
 49
-0.635
 74
0
 49
1.27
 74
0
 49
-0.635
 74
0
 49
1.27
 74
0
 49
-0.635
 74
0
  0
LTYPE
  5
37
330
2
100
AcDbSymbolTableRecord
100
AcDbLinetypeTableRecord
  2
PHANTOM2
 70
0
  3
Phantom (.5x) ___ _ _ ___ _ _ ___ _ _ ___ _ _ ___
 72
65
 73
6
 40
3.175
 49
1.587
 74
0
 49
-0.318
 74
0
 49
0.318
 74
0
 49
-0.318
 74
0
 49
0.318
 74
0
 49
-0.318
 74
0
  0
LTYPE
  5
38
330
2
100
AcDbSymbolTableRecord
100
AcDbLinetypeTableRecord
  2
DASHDOT
 70
0
  3
Dash dot __ . __ . __ . __ . __ . __ . __ . __
 72
65
 73
4
 40
3.556
 49
2.54
 74
0
 49
-0.508
 74
0
 49
0.0
 74
0
 49
-0.508
 74
0
  0
LTYPE
  5
39
330
2
100
AcDbSymbolTableRecord
100
AcDbLinetypeTableRecord
  2
DASHDOTX2
 70
0
  3
Dash dot (2x) ____  .  ____  .  ____  .  ____
 72
65
 73
4
 40
6.096
 49
5.08
 74
0
 49
-0.508
 74
0
 49
0.0
 74
0
 49
-0.508
 74
0
  0
LTYPE
  5
3A
330
2
100
AcDbSymbolTableRecord
100
AcDbLinetypeTableRecord
  2
DASHDOT2
 70
0
  3
Dash dot (.5x) _ . _ . _ . _ . _ . _ . _ . _
 72
65
 73
4
 40
1.778
 49
1.27
 74
0
 49
-0.254
 74
0
 49
0.0
 74
0
 49
-0.254
 74
0
  0
LTYPE
  5
3B
330
2
100
AcDbSymbolTableRecord
100
AcDbLinetypeTableRecord
  2
DOT
 70
0
  3
Dot .  .  .  .  .  .  .  .  .  .  .  .  .  .  .  .
 72
65
 73
2
 40
0.508
 49
0.0
 74
0
 49
-0.508
 74
0
  0
LTYPE
  5
3C
330
2
100
AcDbSymbolTableRecord
100
AcDbLinetypeTableRecord
  2
DOTX2
 70
0
  3
Dot (2x) .    .    .    .    .    .    .    . 
 72
65
 73
2
 40
1.016
 49
0.0
 74
0
 49
-1.016
 74
0
  0
LTYPE
  5
3D
330
2
100
AcDbSymbolTableRecord
100
AcDbLinetypeTableRecord
  2
DOT2
 70
0
  3
Dot (.5) . . . . . . . . . . . . . . . . . . . 
 72
65
 73
2
 40
0.254
 49
0.0
 74
0
 49
-0.254
 74
0
  0
LTYPE
  5
3E
330
2
100
AcDbSymbolTableRecord
100
AcDbLinetypeTableRecord
  2
DIVIDE
 70
0
  3
Divide __ . . __ . . __ . . __ . . __ . . __
 72
65
 73
6
 40
4.064
 49
2.54
 74
0
 49
-0.508
 74
0
 49
0.0
 74
0
 49
-0.508
 74
0
 49
0.0
 74
0
 49
-0.508
 74
0
  0
LTYPE
  5
3F
330
2
100
AcDbSymbolTableRecord
100
AcDbLinetypeTableRecord
  2
DIVIDEX2
 70
0
  3
Divide (2x) ____  . .  ____  . .  ____  . .  ____
 72
65
 73
6
 40
6.604
 49
5.08
 74
0
 49
-0.508
 74
0
 49
0.0
 74
0
 49
-0.508
 74
0
 49
0.0
 74
0
 49
-0.508
 74
0
  0
LTYPE
  5
40
330
2
100
AcDbSymbolTableRecord
100
AcDbLinetypeTableRecord
  2
DIVIDE2
 70
0
  3
Divide(.5x) _ . _ . _ . _ . _ . _ . _ . _
 72
65
 73
6
 40
2.032
 49
1.27
 74
0
 49
-0.254
 74
0
 49
0.0
 74
0
 49
-0.254
 74
0
 49
0.0
 74
0
 49
-0.254
 74
0
  0
ENDTAB
  0
TABLE
  2
LAYER
  5
1
330
0
100
AcDbSymbolTable
 70
12
  0
LAYER
  5
27
330
1
100
AcDbSymbolTableRecord
100
AcDbLayerTableRecord
  2
0
 70
0
 62
7
  6
Continuous
370
-3
390
13
347
21
  0
LAYER
  5
28
330
1
100
AcDbSymbolTableRecord
100
AcDbLayerTableRecord
  2
Defpoints
 70
0
 62
7
  6
Continuous
290
0
370
-3
390
13
347
21
  0
LAYER
  5
8A
330
1
100
AcDbSymbolTableRecord
100
AcDbLayerTableRecord
  2
CUT_OUTSIDE
 70
0
 62
1
  6
Continuous
370
-3
390
13
347
21
1001
AcAecLayerStandard
1000

1000
Profile cut, OUTSIDE the line, through 18 mm (add tabs)
  0
LAYER
  5
8C
330
1
100
AcDbSymbolTableRecord
100
AcDbLayerTableRecord
  2
CUT_NESTED
 70
0
 62
140
  6
Continuous
370
-3
390
13
347
21
1001
AcAecLayerStandard
1000

1000
Small parts nested inside a window: cut OUTSIDE the line, BEFORE CUT_INSIDE (add tabs)
  0
LAYER
  5
8D
330
1
100
AcDbSymbolTableRecord
100
AcDbLayerTableRecord
  2
CUT_INSIDE
 70
0
 62
5
  6
Continuous
370
-3
390
13
347
21
1001
AcAecLayerStandard
1000

1000
Profile cut, INSIDE the line, through 18 mm (windows, holes, slots, letters)
  0
LAYER
  5
8E
330
1
100
AcDbSymbolTableRecord
100
AcDbLayerTableRecord
  2
CUT_DOOR
 70
0
 62
6
  6
Continuous
370
-3
390
13
347
21
1001
AcAecLayerStandard
1000

1000
Door openings: cut ON the line, through — the loose piece becomes the door
  0
LAYER
  5
8F
330
1
100
AcDbSymbolTableRecord
100
AcDbLayerTableRecord
  2
DRILL_7
 70
0
 62
3
  6
Continuous
370
-3
390
13
347
21
1001
AcAecLayerStandard
1000

1000
Drill 7 mm through (confirmat screw shank holes)
  0
LAYER
  5
90
330
1
100
AcDbSymbolTableRecord
100
AcDbLayerTableRecord
  2
DRILL_10
 70
0
 62
4
  6
Continuous
370
-3
390
13
347
21
1001
AcAecLayerStandard
1000

1000
Drill 10 mm through (M8 T-nuts / bolts / levelling feet)
  0
LAYER
  5
91
330
1
100
AcDbSymbolTableRecord
100
AcDbLayerTableRecord
  2
POCKET_8
 70
0
 62
30
  6
Continuous
370
-3
390
13
347
21
1001
AcAecLayerStandard
1000

1000
Pocket 8 mm deep (LED strip channels)
  0
LAYER
  5
92
330
1
100
AcDbSymbolTableRecord
100
AcDbLayerTableRecord
  2
ENGRAVE_V
 70
0
 62
2
  6
Continuous
370
-3
390
13
347
21
1001
AcAecLayerStandard
1000

1000
V-bit engrave 3 mm deep, 60/90 deg (decoration, text)
  0
LAYER
  5
93
330
1
100
AcDbSymbolTableRecord
100
AcDbLayerTableRecord
  2
SHEET
 70
0
 62
8
  6
Continuous
370
-3
390
13
347
21
1001
AcAecLayerStandard
1000

1000
Sheet outline 1220 x 2440 — do not cut
  0
LAYER
  5
94
330
1
100
AcDbSymbolTableRecord
100
AcDbLayerTableRecord
  2
LABELS
 70
0
 62
7
  6
Continuous
370
-3
390
13
347
21
1001
AcAecLayerStandard
1000

1000
Part names — do not cut
  0
ENDTAB
  0
TABLE
  2
STYLE
  5
5
330
0
100
AcDbSymbolTable
 70
26
  0
STYLE
  5
29
330
5
100
AcDbSymbolTableRecord
100
AcDbTextStyleTableRecord
  2
Standard
 70
0
 40
0.0
 41
1.0
 50
0.0
 71
0
 42
2.5
  3
txt
  4

  0
STYLE
  5
41
330
5
100
AcDbSymbolTableRecord
100
AcDbTextStyleTableRecord
  2
OpenSans-Light
 70
0
 40
0.0
 41
1.0
 50
0.0
 71
0
 42
2.5
  3
OpenSans-Light.ttf
  4

  0
STYLE
  5
42
330
5
100
AcDbSymbolTableRecord
100
AcDbTextStyleTableRecord
  2
OpenSans-Light-Italic
 70
0
 40
0.0
 41
1.0
 50
0.0
 71
0
 42
2.5
  3
OpenSans-LightItalic.ttf
  4

  0
STYLE
  5
43
330
5
100
AcDbSymbolTableRecord
100
AcDbTextStyleTableRecord
  2
OpenSans
 70
0
 40
0.0
 41
1.0
 50
0.0
 71
0
 42
2.5
  3
OpenSans-Regular.ttf
  4

  0
STYLE
  5
44
330
5
100
AcDbSymbolTableRecord
100
AcDbTextStyleTableRecord
  2
OpenSans-Italic
 70
0
 40
0.0
 41
1.0
 50
0.0
 71
0
 42
2.5
  3
OpenSans-Italic.ttf
  4

  0
STYLE
  5
45
330
5
100
AcDbSymbolTableRecord
100
AcDbTextStyleTableRecord
  2
OpenSans-SemiBold
 70
0
 40
0.0
 41
1.0
 50
0.0
 71
0
 42
2.5
  3
OpenSans-SemiBold.ttf
  4

  0
STYLE
  5
46
330
5
100
AcDbSymbolTableRecord
100
AcDbTextStyleTableRecord
  2
OpenSans-SemiBoldItalic
 70
0
 40
0.0
 41
1.0
 50
0.0
 71
0
 42
2.5
  3
OpenSans-SemiBoldItalic.ttf
  4

  0
STYLE
  5
47
330
5
100
AcDbSymbolTableRecord
100
AcDbTextStyleTableRecord
  2
OpenSans-Bold
 70
0
 40
0.0
 41
1.0
 50
0.0
 71
0
 42
2.5
  3
OpenSans-Bold.ttf
  4

  0
STYLE
  5
48
330
5
100
AcDbSymbolTableRecord
100
AcDbTextStyleTableRecord
  2
OpenSans-BoldItalic
 70
0
 40
0.0
 41
1.0
 50
0.0
 71
0
 42
2.5
  3
OpenSans-BoldItalic.ttf
  4

  0
STYLE
  5
49
330
5
100
AcDbSymbolTableRecord
100
AcDbTextStyleTableRecord
  2
OpenSans-ExtraBold
 70
0
 40
0.0
 41
1.0
 50
0.0
 71
0
 42
2.5
  3
OpenSans-ExtraBold.ttf
  4

  0
STYLE
  5
4A
330
5
100
AcDbSymbolTableRecord
100
AcDbTextStyleTableRecord
  2
OpenSans-ExtraBoldItalic
 70
0
 40
0.0
 41
1.0
 50
0.0
 71
0
 42
2.5
  3
OpenSans-ExtraBoldItalic.ttf
  4

  0
STYLE
  5
4B
330
5
100
AcDbSymbolTableRecord
100
AcDbTextStyleTableRecord
  2
OpenSansCondensed-Bold
 70
0
 40
0.0
 41
1.0
 50
0.0
 71
0
 42
2.5
  3
OpenSansCondensed-Bold.ttf
  4

  0
STYLE
  5
4C
330
5
100
AcDbSymbolTableRecord
100
AcDbTextStyleTableRecord
  2
OpenSansCondensed-Light
 70
0
 40
0.0
 41
1.0
 50
0.0
 71
0
 42
2.5
  3
OpenSansCondensed-Light.ttf
  4

  0
STYLE
  5
4D
330
5
100
AcDbSymbolTableRecord
100
AcDbTextStyleTableRecord
  2
OpenSansCondensed-Italic
 70
0
 40
0.0
 41
1.0
 50
0.0
 71
0
 42
2.5
  3
OpenSansCondensed-LightItalic.ttf
  4

  0
STYLE
  5
4E
330
5
100
AcDbSymbolTableRecord
100
AcDbTextStyleTableRecord
  2
LiberationSans
 70
0
 40
0.0
 41
1.0
 50
0.0
 71
0
 42
2.5
  3
LiberationSans-Regular.ttf
  4

  0
STYLE
  5
4F
330
5
100
AcDbSymbolTableRecord
100
AcDbTextStyleTableRecord
  2
LiberationSans-Bold
 70
0
 40
0.0
 41
1.0
 50
0.0
 71
0
 42
2.5
  3
LiberationSans-Bold.ttf
  4

  0
STYLE
  5
50
330
5
100
AcDbSymbolTableRecord
100
AcDbTextStyleTableRecord
  2
LiberationSans-BoldItalic
 70
0
 40
0.0
 41
1.0
 50
0.0
 71
0
 42
2.5
  3
LiberationSans-BoldItalic.ttf
  4

  0
STYLE
  5
51
330
5
100
AcDbSymbolTableRecord
100
AcDbTextStyleTableRecord
  2
LiberationSans-Italic
 70
0
 40
0.0
 41
1.0
 50
0.0
 71
0
 42
2.5
  3
LiberationSans-Italic.ttf
  4

  0
STYLE
  5
52
330
5
100
AcDbSymbolTableRecord
100
AcDbTextStyleTableRecord
  2
LiberationSerif
 70
0
 40
0.0
 41
1.0
 50
0.0
 71
0
 42
2.5
  3
LiberationSerif-Regular.ttf
  4

  0
STYLE
  5
53
330
5
100
AcDbSymbolTableRecord
100
AcDbTextStyleTableRecord
  2
LiberationSerif-Bold
 70
0
 40
0.0
 41
1.0
 50
0.0
 71
0
 42
2.5
  3
LiberationSerif-Bold.ttf
  4

  0
STYLE
  5
54
330
5
100
AcDbSymbolTableRecord
100
AcDbTextStyleTableRecord
  2
LiberationSerif-BoldItalic
 70
0
 40
0.0
 41
1.0
 50
0.0
 71
0
 42
2.5
  3
LiberationSerif-BoldItalic.ttf
  4

  0
STYLE
  5
55
330
5
100
AcDbSymbolTableRecord
100
AcDbTextStyleTableRecord
  2
LiberationSerif-Italic
 70
0
 40
0.0
 41
1.0
 50
0.0
 71
0
 42
2.5
  3
LiberationSerif-Italic.ttf
  4

  0
STYLE
  5
56
330
5
100
AcDbSymbolTableRecord
100
AcDbTextStyleTableRecord
  2
LiberationMono
 70
0
 40
0.0
 41
1.0
 50
0.0
 71
0
 42
2.5
  3
LiberationMono-Regular.ttf
  4

  0
STYLE
  5
57
330
5
100
AcDbSymbolTableRecord
100
AcDbTextStyleTableRecord
  2
LiberationMono-Bold
 70
0
 40
0.0
 41
1.0
 50
0.0
 71
0
 42
2.5
  3
LiberationMono-Bold.ttf
  4

  0
STYLE
  5
58
330
5
100
AcDbSymbolTableRecord
100
AcDbTextStyleTableRecord
  2
LiberationMono-BoldItalic
 70
0
 40
0.0
 41
1.0
 50
0.0
 71
0
 42
2.5
  3
LiberationMono-BoldItalic.ttf
  4

  0
STYLE
  5
59
330
5
100
AcDbSymbolTableRecord
100
AcDbTextStyleTableRecord
  2
LiberationMono-Italic
 70
0
 40
0.0
 41
1.0
 50
0.0
 71
0
 42
2.5
  3
LiberationMono-Italic.ttf
  4

  0
ENDTAB
  0
TABLE
  2
VIEW
  5
7
330
0
100
AcDbSymbolTable
 70
0
  0
ENDTAB
  0
TABLE
  2
UCS
  5
6
330
0
100
AcDbSymbolTable
 70
0
  0
ENDTAB
  0
TABLE
  2
APPID
  5
3
330
0
100
AcDbSymbolTable
 70
4
  0
APPID
  5
2A
330
3
100
AcDbSymbolTableRecord
100
AcDbRegAppTableRecord
  2
ACAD
 70
0
  0
APPID
  5
8B
330
3
100
AcDbSymbolTableRecord
100
AcDbRegAppTableRecord
  2
AcAecLayerStandard
 70
0
  0
APPID
  5
14B
330
3
100
AcDbSymbolTableRecord
100
AcDbRegAppTableRecord
  2
HATCHBACKGROUNDCOLOR
 70
0
  0
APPID
  5
14C
330
3
100
AcDbSymbolTableRecord
100
AcDbRegAppTableRecord
  2
EZDXF
 70
0
  0
ENDTAB
  0
TABLE
  2
DIMSTYLE
  5
4
330
0
100
AcDbSymbolTable
 70
12
100
AcDbDimStyleTable
  0
DIMSTYLE
105
2B
330
4
100
AcDbSymbolTableRecord
100
AcDbDimStyleTableRecord
  2
Standard
 70
0
 40
1.0
 41
2.5
 42
0.625
 43
3.75
 44
1.25
 45
0.0
 46
0.0
 47
0.0
 48
0.0
 49
2.5
140
2.5
141
2.5
142
0.0
143
0.03937007874
144
1.0
145
0.0
146
1.0
147
0.625
148
0.0
 69
0
 70
0
 71
0
 72
0
 73
0
 74
0
 75
0
 76
0
 77
1
 78
8
 79
3
170
0
171
3
172
1
173
0
174
0
175
0
176
0
177
0
178
0
179
2
271
2
272
2
273
2
274
3
275
0
276
0
277
2
278
44
279
0
280
0
281
0
282
0
283
0
284
8
285
0
286
0
288
0
289
3
290
0
371
-2
372
-2
  0
DIMSTYLE
105
73
330
4
100
AcDbSymbolTableRecord
100
AcDbDimStyleTableRecord
  2
EZDXF
 70
0
 40
1.0
 41
0.175
 42
0.125
 43
3.75
 44
0.375
 45
0.0
 46
0.0
 47
0.0
 48
0.0
 49
2.5
140
0.25
141
2.5
142
0.0
143
0.03937007874
144
100.0
145
0.0
146
0.5
147
0.1
148
0.0
 69
0
 70
0
 71
0
 72
0
 73
0
 74
0
 75
0
 76
0
 77
1
 78
12
 79
3
170
0
171
3
172
1
173
0
174
0
175
0
176
0
177
0
178
0
179
2
271
2
272
2
273
2
274
3
275
0
276
0
277
2
278
46
279
2
280
0
281
0
282
0
283
0
284
8
285
0
286
0
288
1
289
3
290
0
340
4C
342
74
371
-2
372
-2
  0
DIMSTYLE
105
7C
330
4
100
AcDbSymbolTableRecord
100
AcDbDimStyleTableRecord
  2
EZ_M_100_H25_CM
 70
0
 40
1.0
 41
0.25
 42
0.125
 43
3.75
 44
0.375
 45
0.0
 46
0.0
 47
0.0
 48
0.0
 49
2.5
140
0.25
141
2.5
142
0.125
143
0.03937007874
144
100.0
145
0.0
146
0.5
147
0.1
148
0.0
 69
0
 70
0
 71
0
 72
0
 73
0
 74
0
 75
0
 76
0
 77
1
 78
12
 79
3
170
0
171
3
172
1
173
0
174
0
175
0
176
0
177
0
178
0
179
2
271
2
272
2
273
2
274
3
275
0
276
0
277
2
278
46
279
2
280
0
281
0
282
0
283
0
284
8
285
0
286
0
288
1
289
3
290
0
340
4C
371
-2
372
-2
  0
DIMSTYLE
105
7D
330
4
100
AcDbSymbolTableRecord
100
AcDbDimStyleTableRecord
  2
EZ_M_50_H25_CM
 70
0
 40
1.0
 41
0.125
 42
0.0625
 43
3.75
 44
0.1875
 45
0.0
 46
0.0
 47
0.0
 48
0.0
 49
2.5
140
0.125
141
2.5
142
0.0625
143
0.03937007874
144
100.0
145
0.0
146
0.5
147
0.05
148
0.0
 69
0
 70
0
 71
0
 72
0
 73
0
 74
0
 75
0
 76
0
 77
1
 78
12
 79
3
170
0
171
3
172
1
173
0
174
0
175
0
176
0
177
0
178
0
179
2
271
2
272
2
273
2
274
3
275
0
276
0
277
2
278
46
279
2
280
0
281
0
282
0
283
0
284
8
285
0
286
0
288
1
289
3
290
0
340
4C
371
-2
372
-2
  0
DIMSTYLE
105
7E
330
4
100
AcDbSymbolTableRecord
100
AcDbDimStyleTableRecord
  2
EZ_M_25_H25_CM
 70
0
 40
1.0
 41
0.0625
 42
0.03125
 43
3.75
 44
0.09375
 45
0.0
 46
0.0
 47
0.0
 48
0.0
 49
2.5
140
0.0625
141
2.5
142
0.03125
143
0.03937007874
144
100.0
145
0.0
146
0.5
147
0.025
148
0.0
 69
0
 70
0
 71
0
 72
0
 73
0
 74
0
 75
0
 76
0
 77
1
 78
12
 79
3
170
0
171
3
172
1
173
0
174
0
175
0
176
0
177
0
178
0
179
2
271
2
272
2
273
2
274
3
275
0
276
0
277
2
278
46
279
2
280
0
281
0
282
0
283
0
284
8
285
0
286
0
288
1
289
3
290
0
340
4C
371
-2
372
-2
  0
DIMSTYLE
105
7F
330
4
100
AcDbSymbolTableRecord
100
AcDbDimStyleTableRecord
  2
EZ_M_20_H25_CM
 70
0
 40
1.0
 41
0.05
 42
0.025
 43
3.75
 44
0.07500000000000001
 45
0.0
 46
0.0
 47
0.0
 48
0.0
 49
2.5
140
0.05
141
2.5
142
0.025
143
0.03937007874
144
100.0
145
0.0
146
0.5
147
0.020000000000000004
148
0.0
 69
0
 70
0
 71
0
 72
0
 73
0
 74
0
 75
0
 76
0
 77
1
 78
12
 79
3
170
0
171
3
172
1
173
0
174
0
175
0
176
0
177
0
178
0
179
2
271
2
272
2
273
2
274
3
275
0
276
0
277
2
278
46
279
2
280
0
281
0
282
0
283
0
284
8
285
0
286
0
288
1
289
3
290
0
340
4C
371
-2
372
-2
  0
DIMSTYLE
105
80
330
4
100
AcDbSymbolTableRecord
100
AcDbDimStyleTableRecord
  2
EZ_M_10_H25_CM
 70
0
 40
1.0
 41
0.025
 42
0.0125
 43
3.75
 44
0.037500000000000006
 45
0.0
 46
0.0
 47
0.0
 48
0.0
 49
2.5
140
0.025
141
2.5
142
0.0125
143
0.03937007874
144
100.0
145
0.0
146
0.5
147
0.010000000000000002
148
0.0
 69
0
 70
0
 71
0
 72
0
 73
0
 74
0
 75
0
 76
0
 77
1
 78
12
 79
3
170
0
171
3
172
1
173
0
174
0
175
0
176
0
177
0
178
0
179
2
271
2
272
2
273
2
274
3
275
0
276
0
277
2
278
46
279
2
280
0
281
0
282
0
283
0
284
8
285
0
286
0
288
1
289
3
290
0
340
4C
371
-2
372
-2
  0
DIMSTYLE
105
81
330
4
100
AcDbSymbolTableRecord
100
AcDbDimStyleTableRecord
  2
EZ_M_5_H25_CM
 70
0
 40
1.0
 41
0.0125
 42
0.00625
 43
3.75
 44
0.018750000000000003
 45
0.0
 46
0.0
 47
0.0
 48
0.0
 49
2.5
140
0.0125
141
2.5
142
0.00625
143
0.03937007874
144
100.0
145
0.0
146
0.5
147
0.005000000000000001
148
0.0
 69
0
 70
0
 71
0
 72
0
 73
0
 74
0
 75
0
 76
0
 77
1
 78
12
 79
3
170
0
171
3
172
1
173
0
174
0
175
0
176
0
177
0
178
0
179
2
271
2
272
2
273
2
274
3
275
0
276
0
277
2
278
46
279
2
280
0
281
0
282
0
283
0
284
8
285
0
286
0
288
1
289
3
290
0
340
4C
371
-2
372
-2
  0
DIMSTYLE
105
82
330
4
100
AcDbSymbolTableRecord
100
AcDbDimStyleTableRecord
  2
EZ_M_1_H25_CM
 70
0
 40
1.0
 41
0.0025
 42
0.00125
 43
3.75
 44
0.00375
 45
0.0
 46
0.0
 47
0.0
 48
0.0
 49
2.5
140
0.0025
141
2.5
142
0.00125
143
0.03937007874
144
100.0
145
0.0
146
0.5
147
0.001
148
0.0
 69
0
 70
0
 71
0
 72
0
 73
0
 74
0
 75
0
 76
0
 77
1
 78
12
 79
3
170
0
171
3
172
1
173
0
174
0
175
0
176
0
177
0
178
0
179
2
271
2
272
2
273
2
274
3
275
0
276
0
277
2
278
46
279
2
280
0
281
0
282
0
283
0
284
8
285
0
286
0
288
1
289
3
290
0
340
4C
371
-2
372
-2
  0
DIMSTYLE
105
83
330
4
100
AcDbSymbolTableRecord
100
AcDbDimStyleTableRecord
  2
EZ_RADIUS
 70
0
 40
1.0
 41
0.25
 42
0.125
 43
3.75
 44
0.375
 45
0.0
 46
0.0
 47
0.0
 48
0.0
 49
2.5
140
0.25
141
0.0
142
0.0
143
0.03937007874
144
100.0
145
0.0
146
0.5
147
0.1
148
0.0
 69
0
 70
0
 71
0
 72
0
 73
0
 74
0
 75
0
 76
0
 77
1
 78
12
 79
3
170
0
171
3
172
0
173
0
174
0
175
0
176
0
177
0
178
0
179
2
271
2
272
2
273
2
274
3
275
0
276
0
277
2
278
46
279
1
280
0
281
0
282
0
283
0
284
8
285
0
286
0
288
1
289
3
290
0
340
4C
342
84
371
-2
372
-2
  0
DIMSTYLE
105
88
330
4
100
AcDbSymbolTableRecord
100
AcDbDimStyleTableRecord
  2
EZ_RADIUS_INSIDE
 70
0
 40
1.0
 41
0.25
 42
0.125
 43
3.75
 44
0.375
 45
0.0
 46
0.0
 47
0.0
 48
0.0
 49
2.5
140
0.25
141
0.0
142
0.0
143
0.03937007874
144
100.0
145
0.0
146
0.5
147
0.1
148
0.0
 69
0
 70
0
 71
0
 72
0
 73
0
 74
0
 75
0
 76
0
 77
0
 78
12
 79
3
170
0
171
3
172
0
173
0
174
1
175
0
176
0
177
0
178
0
179
2
271
2
272
2
273
2
274
3
275
0
276
0
277
2
278
46
279
0
280
0
281
0
282
0
283
0
284
8
285
0
286
0
288
1
289
0
290
0
340
4C
342
84
371
-2
372
-2
  0
DIMSTYLE
105
89
330
4
100
AcDbSymbolTableRecord
100
AcDbDimStyleTableRecord
  2
EZ_CURVED
 70
0
 40
1.0
 41
0.25
 42
0.125
 43
3.75
 44
0.375
 45
0.0
 46
0.0
 47
0.0
 48
0.0
 49
2.5
140
0.25
141
2.5
142
0.0
143
0.03937007874
144
100.0
145
0.0
146
0.5
147
0.1
148
0.0
 69
0
 70
0
 71
0
 72
0
 73
0
 74
0
 75
0
 76
0
 77
1
 78
12
 79
2
 90
2
170
0
171
3
172
1
173
0
174
0
175
0
176
0
177
0
178
0
179
2
271
2
272
2
273
2
274
3
275
0
276
0
277
2
278
46
279
2
280
0
281
0
282
0
283
0
284
8
285
0
286
0
288
1
289
3
290
0
340
4C
371
-2
372
-2
  0
ENDTAB
  0
TABLE
  2
BLOCK_RECORD
  5
9
330
0
100
AcDbSymbolTable
 70
5
  0
BLOCK_RECORD
  5
17
330
9
100
AcDbSymbolTableRecord
100
AcDbBlockTableRecord
  2
*Model_Space
340
1A
 70
0
280
1
281
0
  0
BLOCK_RECORD
  5
1B
330
9
100
AcDbSymbolTableRecord
100
AcDbBlockTableRecord
  2
*Paper_Space
340
1E
 70
0
280
1
281
0
  0
BLOCK_RECORD
  5
74
330
9
100
AcDbSymbolTableRecord
100
AcDbBlockTableRecord
  2
_ARCHTICK
340
0
 70
0
280
1
281
0
  0
BLOCK_RECORD
  5
78
330
9
100
AcDbSymbolTableRecord
100
AcDbBlockTableRecord
  2
_CLOSEDFILLED
340
0
 70
0
280
1
281
0
  0
BLOCK_RECORD
  5
84
330
9
100
AcDbSymbolTableRecord
100
AcDbBlockTableRecord
  2
_CLOSEDBLANK
340
0
 70
0
280
1
281
0
  0
ENDTAB
  0
ENDSEC
  0
SECTION
  2
BLOCKS
  0
BLOCK
  5
18
330
17
100
AcDbEntity
  8
0
100
AcDbBlockBegin
  2
*Model_Space
 70
0
 10
0.0
 20
0.0
 30
0.0
  3
*Model_Space
  1

  0
ENDBLK
  5
19
330
17
100
AcDbEntity
  8
0
100
AcDbBlockEnd
  0
BLOCK
  5
1C
330
1B
100
AcDbEntity
  8
0
100
AcDbBlockBegin
  2
*Paper_Space
 70
0
 10
0.0
 20
0.0
 30
0.0
  3
*Paper_Space
  1

  0
ENDBLK
  5
1D
330
1B
100
AcDbEntity
  8
0
100
AcDbBlockEnd
  0
BLOCK
  5
75
330
74
100
AcDbEntity
  8
0
100
AcDbBlockBegin
  2
_ARCHTICK
 70
0
 10
0.0
 20
0.0
 30
0.0
  3
_ARCHTICK
  1

  0
LWPOLYLINE
  5
77
330
74
100
AcDbEntity
  8
0
  6
BYBLOCK
 62
0
100
AcDbPolyline
 90
2
 70
0
 43
0.15
 10
-0.5
 20
-0.5
 10
0.5
 20
0.5
  0
ENDBLK
  5
76
330
74
100
AcDbEntity
  8
0
100
AcDbBlockEnd
  0
BLOCK
  5
79
330
78
100
AcDbEntity
  8
0
100
AcDbBlockBegin
  2
_CLOSEDFILLED
 70
0
 10
0.0
 20
0.0
 30
0.0
  3
_CLOSEDFILLED
  1

  0
SOLID
  5
7B
330
78
100
AcDbEntity
  8
0
  6
BYBLOCK
 62
0
100
AcDbTrace
 10
-1.0
 20
0.16439898372402537
 30
0.0
 11
0.0
 21
0.0
 31
0.0
 12
-1.0
 22
-0.16439898372402537
 32
0.0
 13
-1.0
 23
-0.16439898372402537
 33
0.0
  0
ENDBLK
  5
7A
330
78
100
AcDbEntity
  8
0
100
AcDbBlockEnd
  0
BLOCK
  5
85
330
84
100
AcDbEntity
  8
0
100
AcDbBlockBegin
  2
_CLOSEDBLANK
 70
0
 10
0.0
 20
0.0
 30
0.0
  3
_CLOSEDBLANK
  1

  0
LWPOLYLINE
  5
87
330
84
100
AcDbEntity
  8
0
  6
BYBLOCK
 62
0
100
AcDbPolyline
 90
3
 70
1
 10
-1.0
 20
0.16439898372402537
 10
0.0
 20
0.0
 10
-1.0
 20
-0.16439898372402537
  0
ENDBLK
  5
86
330
84
100
AcDbEntity
  8
0
100
AcDbBlockEnd
  0
ENDSEC
  0
SECTION
  2
ENTITIES
  0
LWPOLYLINE
  5
95
330
17
100
AcDbEntity
  8
SHEET
100
AcDbPolyline
 90
4
 70
1
 10
0.0
 20
0.0
 10
2440.0
 20
0.0
 10
2440.0
 20
1220.0
 10
0.0
 20
1220.0
  0
LWPOLYLINE
  5
96
330
17
100
AcDbEntity
  8
CUT_OUTSIDE
100
AcDbPolyline
 90
319
 70
1
 10
1857.989
 20
8.001
 10
1857.966
 20
8.0
 10
217.995
 20
8.0
 10
217.986
 20
8.0
 10
211.389
 20
8.111
 10
211.371
 20
8.112
 10
205.052
 20
8.441
 10
205.033
 20
8.442
 10
198.98
 20
8.982
 10
198.961
 20
8.984
 10
193.166
 20
9.729
 10
193.145
 20
9.732
 10
187.6
 20
10.674
 10
187.58
 20
10.678
 10
182.277
 20
11.811
 10
182.256
 20
11.817
 10
177.186
 20
13.135
 10
177.165
 20
13.141
 10
172.322
 20
14.637
 10
172.3
 20
14.644
 10
167.674
 20
16.311
 10
167.652
 20
16.32
 10
163.236
 20
18.152
 10
163.214
 20
18.161
 10
158.999
 20
20.152
 10
158.978
 20
20.162
 10
154.956
 20
22.304
 10
154.935
 20
22.316
 10
151.098
 20
24.603
 10
151.078
 20
24.616
 10
147.418
 20
27.042
 10
147.399
 20
27.056
 10
143.908
 20
29.614
 10
143.89
 20
29.628
 10
140.559
 20
32.313
 10
140.542
 20
32.327
 10
137.364
 20
35.132
 10
137.348
 20
35.146
 10
134.315
 20
38.064
 10
134.3
 20
38.079
 10
131.403
 20
41.103
 10
131.39
 20
41.118
 10
128.622
 20
44.243
 10
128.61
 20
44.257
 10
125.962
 20
47.477
 10
125.951
 20
47.49
 10
123.416
 20
50.797
 10
123.406
 20
50.81
 10
120.976
 20
54.199
 10
120.968
 20
54.211
 10
118.634
 20
57.674
 10
118.627
 20
57.686
 10
116.382
 20
61.218
 10
116.376
 20
61.228
 10
114.213
 20
64.822
 10
114.207
 20
64.831
 10
112.117
 20
68.48
 10
112.112
 20
68.488
 10
110.087
 20
72.186
 10
110.084
 20
72.194
 10
108.116
 20
75.934
 10
108.113
 20
75.94
 10
106.195
 20
79.716
 10
106.192
 20
79.721
 10
104.317
 20
83.524
 10
102.472
 20
87.357
 10
100.653
 20
91.204
 10
98.853
 20
95.06
 10
97.063
 20
98.918
 10
95.276
 20
102.769
 10
95.275
 20
102.771
 10
93.484
 20
106.609
 10
93.482
 20
106.613
 10
91.678
 20
110.431
 10
91.675
 20
110.437
 10
89.85
 20
114.228
 10
89.846
 20
114.237
 10
87.993
 20
117.995
 10
87.988
 20
118.005
 10
86.118
 20
121.684
 10
86.112
 20
121.696
 10
84.243
 20
125.256
 10
84.237
 20
125.268
 10
82.367
 20
128.71
 10
82.36
 20
128.723
 10
80.489
 20
132.049
 10
80.482
 20
132.063
 10
78.61
 20
135.274
 10
78.602
 20
135.288
 10
76.728
 20
138.387
 10
76.719
 20
138.401
 10
74.843
 20
141.388
 10
74.834
 20
141.403
 10
72.956
 20
144.28
 10
72.945
 20
144.296
 10
71.064
 20
147.064
 10
71.053
 20
147.08
 10
69.168
 20
149.742
 10
69.156
 20
149.758
 10
67.268
 20
152.314
 10
67.255
 20
152.331
 10
65.362
 20
154.783
 10
65.349
 20
154.801
 10
63.451
 20
157.15
 10
63.436
 20
157.168
 10
61.534
 20
159.417
 10
61.518
 20
159.435
 10
59.61
 20
161.585
 10
59.593
 20
161.603
 10
57.679
 20
163.655
 10
57.661
 20
163.673
 10
55.741
 20
165.629
 10
55.722
 20
165.647
 10
53.795
 20
167.508
 10
53.775
 20
167.527
 10
51.84
 20
169.295
 10
51.819
 20
169.314
 10
49.877
 20
170.99
 10
49.854
 20
171.009
 10
47.904
 20
172.596
 10
47.88
 20
172.614
 10
45.921
 20
174.113
 10
45.896
 20
174.131
 10
43.928
 20
175.543
 10
43.902
 20
175.56
 10
41.924
 20
176.887
 10
41.897
 20
176.904
 10
39.909
 20
178.148
 10
39.881
 20
178.164
 10
37.882
 20
179.326
 10
37.853
 20
179.342
 10
35.842
 20
180.423
 10
35.813
 20
180.438
 10
33.79
 20
181.441
 10
33.76
 20
181.455
 10
31.725
 20
182.38
 10
31.695
 20
182.394
 10
29.647
 20
183.244
 10
29.615
 20
183.256
 10
27.554
 20
184.032
 10
27.522
 20
184.043
 10
25.446
 20
184.747
 10
25.415
 20
184.757
 10
23.323
 20
185.39
 10
23.292
 20
185.398
 10
21.185
 20
185.962
 10
21.154
 20
185.97
 10
19.031
 20
186.465
 10
19.0
 20
186.472
 10
16.861
 20
186.901
 10
16.83
 20
186.907
 10
14.673
 20
187.271
 10
14.643
 20
187.275
 10
12.468
 20
187.576
 10
12.439
 20
187.58
 10
10.245
 20
187.818
 10
10.217
 20
187.821
 10
8.015
 20
187.998
 10
8.0
 20
188.0
 10
8.015
 20
188.002
 10
10.217
 20
188.179
 10
10.245
 20
188.182
 10
12.439
 20
188.42
 10
12.468
 20
188.424
 10
14.643
 20
188.725
 10
14.673
 20
188.729
 10
16.83
 20
189.093
 10
16.861
 20
189.099
 10
19.0
 20
189.528
 10
19.031
 20
189.535
 10
21.154
 20
190.03
 10
21.185
 20
190.038
 10
23.292
 20
190.602
 10
23.323
 20
190.61
 10
25.415
 20
191.243
 10
25.446
 20
191.253
 10
27.522
 20
191.957
 10
27.554
 20
191.968
 10
29.615
 20
192.744
 10
29.647
 20
192.756
 10
31.695
 20
193.606
 10
31.725
 20
193.62
 10
33.76
 20
194.545
 10
33.79
 20
194.559
 10
35.813
 20
195.562
 10
35.842
 20
195.577
 10
37.853
 20
196.658
 10
37.882
 20
196.674
 10
39.881
 20
197.836
 10
39.909
 20
197.852
 10
41.897
 20
199.096
 10
41.924
 20
199.113
 10
43.902
 20
200.44
 10
43.928
 20
200.457
 10
45.896
 20
201.869
 10
45.921
 20
201.887
 10
47.88
 20
203.386
 10
47.904
 20
203.404
 10
49.854
 20
204.991
 10
49.877
 20
205.01
 10
51.819
 20
206.686
 10
51.84
 20
206.705
 10
53.775
 20
208.473
 10
53.795
 20
208.492
 10
55.722
 20
210.353
 10
55.741
 20
210.371
 10
57.661
 20
212.327
 10
57.679
 20
212.345
 10
59.593
 20
214.397
 10
59.61
 20
214.415
 10
61.518
 20
216.565
 10
61.534
 20
216.583
 10
63.436
 20
218.832
 10
63.451
 20
218.85
 10
65.349
 20
221.199
 10
65.362
 20
221.217
 10
67.255
 20
223.669
 10
67.268
 20
223.686
 10
69.156
 20
226.242
 10
69.168
 20
226.258
 10
71.053
 20
228.92
 10
71.064
 20
228.936
 10
72.945
 20
231.704
 10
72.956
 20
231.72
 10
74.834
 20
234.597
 10
74.843
 20
234.612
 10
76.719
 20
237.599
 10
76.728
 20
237.613
 10
78.602
 20
240.712
 10
78.61
 20
240.726
 10
80.482
 20
243.937
 10
80.489
 20
243.951
 10
82.36
 20
247.277
 10
82.367
 20
247.29
 10
84.237
 20
250.732
 10
84.243
 20
250.744
 10
86.112
 20
254.304
 10
86.118
 20
254.316
 10
87.988
 20
257.995
 10
87.993
 20
258.005
 10
89.846
 20
261.763
 10
89.85
 20
261.772
 10
91.675
 20
265.563
 10
91.678
 20
265.569
 10
93.482
 20
269.387
 10
93.484
 20
269.391
 10
95.275
 20
273.229
 10
95.276
 20
273.231
 10
97.063
 20
277.082
 10
98.852
 20
280.938
 10
100.651
 20
284.791
 10
102.469
 20
288.637
 10
104.313
 20
292.467
 10
106.192
 20
296.279
 10
106.195
 20
296.284
 10
108.113
 20
300.06
 10
108.116
 20
300.066
 10
110.084
 20
303.806
 10
110.087
 20
303.814
 10
112.112
 20
307.512
 10
112.117
 20
307.52
 10
114.207
 20
311.169
 10
114.213
 20
311.178
 10
116.376
 20
314.772
 10
116.382
 20
314.782
 10
118.627
 20
318.314
 10
118.634
 20
318.326
 10
120.968
 20
321.789
 10
120.976
 20
321.801
 10
123.406
 20
325.19
 10
123.416
 20
325.203
 10
125.951
 20
328.51
 10
125.962
 20
328.523
 10
128.61
 20
331.743
 10
128.622
 20
331.757
 10
131.39
 20
334.882
 10
131.403
 20
334.897
 10
134.3
 20
337.921
 10
134.315
 20
337.936
 10
137.348
 20
340.854
 10
137.364
 20
340.868
 10
140.542
 20
343.673
 10
140.559
 20
343.687
 10
143.89
 20
346.372
 10
143.908
 20
346.386
 10
147.399
 20
348.944
 10
147.418
 20
348.958
 10
151.078
 20
351.384
 10
151.098
 20
351.397
 10
154.935
 20
353.684
 10
154.956
 20
353.696
 10
158.978
 20
355.838
 10
158.999
 20
355.848
 10
163.214
 20
357.839
 10
163.236
 20
357.848
 10
167.652
 20
359.68
 10
167.674
 20
359.689
 10
172.3
 20
361.356
 10
172.322
 20
361.363
 10
177.165
 20
362.859
 10
177.186
 20
362.865
 10
182.256
 20
364.183
 10
182.277
 20
364.189
 10
187.58
 20
365.322
 10
187.6
 20
365.326
 10
193.145
 20
366.268
 10
193.166
 20
366.271
 10
198.961
 20
367.016
 10
198.98
 20
367.018
 10
205.033
 20
367.558
 10
205.052
 20
367.559
 10
211.371
 20
367.888
 10
211.389
 20
367.889
 10
217.986
 20
368.0
 10
217.995
 20
368.0
 10
1857.966
 20
368.0
 10
1857.989
 20
367.999
 10
1857.99
 20
367.975
 10
1857.99
 20
8.025
  0
CIRCLE
  5
97
330
17
100
AcDbEntity
  8
CUT_INSIDE
100
AcDbCircle
 10
437.99047757134144
 20
188.0
 30
0.0
 40
131.0
  0
LWPOLYLINE
  5
98
330
17
100
AcDbEntity
  8
CUT_INSIDE
100
AcDbPolyline
 90
52
 70
1
 10
969.99
 20
286.0
 10
970.382
 20
285.974
 10
970.767
 20
285.898
 10
971.139
 20
285.772
 10
971.49
 20
285.598
 10
971.817
 20
285.38
 10
972.112
 20
285.121
 10
972.371
 20
284.826
 10
972.589
 20
284.5
 10
972.762
 20
284.148
 10
972.888
 20
283.776
 10
972.965
 20
283.392
 10
972.99
 20
283.0
 10
972.99
 20
93.0
 10
972.965
 20
92.608
 10
972.888
 20
92.224
 10
972.762
 20
91.852
 10
972.589
 20
91.5
 10
972.371
 20
91.174
 10
972.112
 20
90.879
 10
971.817
 20
90.62
 10
971.49
 20
90.402
 10
971.139
 20
90.228
 10
970.767
 20
90.102
 10
970.382
 20
90.026
 10
969.99
 20
90.0
 10
629.99
 20
90.0
 10
629.599
 20
90.026
 10
629.214
 20
90.102
 10
628.842
 20
90.228
 10
628.49
 20
90.402
 10
628.164
 20
90.62
 10
627.869
 20
90.879
 10
627.61
 20
91.174
 10
627.392
 20
91.5
 10
627.219
 20
91.852
 10
627.093
 20
92.224
 10
627.016
 20
92.608
 10
626.99
 20
93.0
 10
626.99
 20
283.0
 10
627.016
 20
283.392
 10
627.093
 20
283.776
 10
627.219
 20
284.148
 10
627.392
 20
284.5
 10
627.61
 20
284.826
 10
627.869
 20
285.121
 10
628.164
 20
285.38
 10
628.49
 20
285.598
 10
628.842
 20
285.772
 10
629.214
 20
285.898
 10
629.599
 20
285.974
 10
629.99
 20
286.0
  0
LWPOLYLINE
  5
99
330
17
100
AcDbEntity
  8
CUT_INSIDE
100
AcDbPolyline
 90
52
 70
1
 10
1462.99
 20
288.0
 10
1464.296
 20
287.914
 10
1465.579
 20
287.659
 10
1466.817
 20
287.239
 10
1467.99
 20
286.66
 10
1469.078
 20
285.934
 10
1470.062
 20
285.071
 10
1470.924
 20
284.088
 10
1471.651
 20
283.0
 10
1472.229
 20
281.827
 10
1472.65
 20
280.588
 10
1472.905
 20
279.305
 10
1472.99
 20
278.0
 10
1472.99
 20
98.0
 10
1472.905
 20
96.695
 10
1472.65
 20
95.412
 10
1472.229
 20
94.173
 10
1471.651
 20
93.0
 10
1470.924
 20
91.912
 10
1470.062
 20
90.929
 10
1469.078
 20
90.066
 10
1467.99
 20
89.34
 10
1466.817
 20
88.761
 10
1465.579
 20
88.341
 10
1464.296
 20
88.086
 10
1462.99
 20
88.0
 10
1412.99
 20
88.0
 10
1411.685
 20
88.086
 10
1410.402
 20
88.341
 10
1409.164
 20
88.761
 10
1407.99
 20
89.34
 10
1406.903
 20
90.066
 10
1405.919
 20
90.929
 10
1405.057
 20
91.912
 10
1404.33
 20
93.0
 10
1403.752
 20
94.173
 10
1403.331
 20
95.412
 10
1403.076
 20
96.695
 10
1402.99
 20
98.0
 10
1402.99
 20
278.0
 10
1403.076
 20
279.305
 10
1403.331
 20
280.588
 10
1403.752
 20
281.827
 10
1404.33
 20
283.0
 10
1405.057
 20
284.088
 10
1405.919
 20
285.071
 10
1406.903
 20
285.934
 10
1407.99
 20
286.66
 10
1409.164
 20
287.239
 10
1410.402
 20
287.659
 10
1411.685
 20
287.914
 10
1412.99
 20
288.0
  0
LWPOLYLINE
  5
9A
330
17
100
AcDbEntity
  8
CUT_INSIDE
100
AcDbPolyline
 90
217
 70
1
 10
149.817
 20
187.997
 10
149.842
 20
188.0
 10
149.817
 20
188.003
 10
149.653
 20
188.012
 10
149.507
 20
188.025
 10
148.821
 20
188.113
 10
148.657
 20
188.141
 10
147.477
 20
188.395
 10
147.305
 20
188.44
 10
145.702
 20
188.935
 10
145.524
 20
189.0
 10
143.6
 20
189.801
 10
143.416
 20
189.889
 10
141.29
 20
191.042
 10
141.1
 20
191.159
 10
138.903
 20
192.69
 10
138.712
 20
192.841
 10
136.575
 20
194.756
 10
136.389
 20
194.947
 10
134.437
 20
197.232
 10
134.266
 20
197.464
 10
132.611
 20
200.087
 10
132.534
 20
200.22
 10
132.468
 20
200.358
 10
131.205
 20
203.272
 10
131.147
 20
203.422
 10
131.102
 20
203.576
 10
130.306
 20
206.719
 10
130.272
 20
206.88
 10
130.251
 20
207.043
 10
129.975
 20
210.344
 10
129.968
 20
210.509
 10
129.975
 20
210.674
 10
130.25
 20
214.048
 10
130.27
 20
214.21
 10
130.303
 20
214.369
 10
131.139
 20
217.722
 10
131.184
 20
217.876
 10
131.241
 20
218.025
 10
132.624
 20
221.254
 10
132.692
 20
221.396
 10
132.771
 20
221.533
 10
134.662
 20
224.532
 10
134.751
 20
224.662
 10
134.851
 20
224.784
 10
137.192
 20
227.45
 10
137.302
 20
227.566
 10
137.422
 20
227.673
 10
140.139
 20
229.916
 10
140.27
 20
230.016
 10
140.41
 20
230.104
 10
143.421
 20
231.849
 10
143.573
 20
231.929
 10
143.731
 20
231.995
 10
146.957
 20
233.187
 10
147.124
 20
233.241
 10
147.296
 20
233.279
 10
150.667
 20
233.885
 10
150.843
 20
233.908
 10
151.02
 20
233.916
 10
154.48
 20
233.916
 10
154.652
 20
233.909
 10
154.823
 20
233.886
 10
158.332
 20
233.276
 10
158.488
 20
233.242
 10
158.641
 20
233.196
 10
162.167
 20
231.981
 10
162.425
 20
231.871
 10
165.94
 20
230.075
 10
166.143
 20
229.956
 10
169.622
 20
227.624
 10
169.774
 20
227.511
 10
173.198
 20
224.711
 10
173.307
 20
224.615
 10
176.665
 20
221.435
 10
176.739
 20
221.361
 10
180.03
 20
217.902
 10
180.076
 20
217.853
 10
183.3
 20
214.224
 10
183.323
 20
214.198
 10
186.486
 20
210.511
 10
186.489
 20
210.507
 10
189.583
 20
206.883
 10
189.59
 20
206.875
 10
192.599
 20
203.429
 10
192.615
 20
203.411
 10
195.529
 20
200.23
 10
195.553
 20
200.204
 10
198.354
 20
197.358
 10
198.388
 20
197.326
 10
201.048
 20
194.865
 10
201.091
 20
194.827
 10
203.575
 20
192.781
 10
203.628
 20
192.74
 10
205.894
 20
191.118
 10
205.958
 20
191.075
 10
207.961
 20
189.862
 10
208.036
 20
189.821
 10
208.094
 20
189.793
 10
208.263
 20
189.699
 10
208.422
 20
189.589
 10
208.57
 20
189.464
 10
208.705
 20
189.326
 10
208.825
 20
189.175
 10
208.931
 20
189.014
 10
209.021
 20
188.843
 10
209.094
 20
188.664
 10
209.149
 20
188.479
 10
209.186
 20
188.289
 10
209.205
 20
188.097
 10
209.205
 20
187.903
 10
209.186
 20
187.711
 10
209.149
 20
187.521
 10
209.094
 20
187.336
 10
209.021
 20
187.157
 10
208.931
 20
186.986
 10
208.825
 20
186.825
 10
208.705
 20
186.674
 10
208.57
 20
186.536
 10
208.422
 20
186.411
 10
208.263
 20
186.301
 10
208.094
 20
186.207
 10
208.036
 20
186.179
 10
207.961
 20
186.138
 10
205.958
 20
184.925
 10
205.894
 20
184.882
 10
203.628
 20
183.26
 10
203.575
 20
183.219
 10
201.091
 20
181.173
 10
201.048
 20
181.135
 10
198.388
 20
178.674
 10
198.354
 20
178.642
 10
195.553
 20
175.796
 10
195.529
 20
175.77
 10
192.615
 20
172.589
 10
192.599
 20
172.571
 10
189.59
 20
169.125
 10
189.583
 20
169.117
 10
186.489
 20
165.493
 10
186.486
 20
165.489
 10
183.323
 20
161.802
 10
183.3
 20
161.776
 10
180.076
 20
158.147
 10
180.03
 20
158.098
 10
176.739
 20
154.639
 10
176.665
 20
154.565
 10
173.307
 20
151.385
 10
173.198
 20
151.289
 10
169.774
 20
148.489
 10
169.622
 20
148.376
 10
166.143
 20
146.044
 10
165.94
 20
145.925
 10
162.425
 20
144.129
 10
162.167
 20
144.019
 10
158.641
 20
142.804
 10
158.488
 20
142.758
 10
158.332
 20
142.724
 10
154.823
 20
142.114
 10
154.652
 20
142.091
 10
154.48
 20
142.084
 10
151.02
 20
142.084
 10
150.843
 20
142.092
 10
150.667
 20
142.115
 10
147.296
 20
142.721
 10
147.124
 20
142.759
 10
146.957
 20
142.813
 10
143.731
 20
144.005
 10
143.573
 20
144.071
 10
143.421
 20
144.151
 10
140.41
 20
145.896
 10
140.27
 20
145.984
 10
140.139
 20
146.084
 10
137.422
 20
148.327
 10
137.302
 20
148.434
 10
137.192
 20
148.55
 10
134.851
 20
151.216
 10
134.751
 20
151.338
 10
134.662
 20
151.468
 10
132.771
 20
154.467
 10
132.692
 20
154.604
 10
132.624
 20
154.746
 10
131.241
 20
157.975
 10
131.184
 20
158.124
 10
131.139
 20
158.278
 10
130.303
 20
161.631
 10
130.27
 20
161.79
 10
130.25
 20
161.952
 10
129.975
 20
165.326
 10
129.968
 20
165.491
 10
129.975
 20
165.656
 10
130.251
 20
168.957
 10
130.272
 20
169.12
 10
130.306
 20
169.281
 10
131.102
 20
172.424
 10
131.147
 20
172.578
 10
131.205
 20
172.728
 10
132.468
 20
175.642
 10
132.534
 20
175.78
 10
132.611
 20
175.913
 10
134.266
 20
178.536
 10
134.437
 20
178.768
 10
136.389
 20
181.053
 10
136.575
 20
181.244
 10
138.712
 20
183.159
 10
138.903
 20
183.31
 10
141.1
 20
184.841
 10
141.29
 20
184.958
 10
143.416
 20
186.111
 10
143.6
 20
186.199
 10
145.524
 20
187.0
 10
145.702
 20
187.065
 10
147.305
 20
187.56
 10
147.477
 20
187.605
 10
148.657
 20
187.859
 10
148.821
 20
187.887
 10
149.507
 20
187.975
 10
149.653
 20
187.988
  0
LWPOLYLINE
  5
9B
330
17
100
AcDbEntity
  8
CUT_INSIDE
100
AcDbPolyline
 90
205
 70
1
 10
204.455
 20
107.992
 10
204.455
 20
107.992
 10
204.53
 20
108.0
 10
204.455
 20
108.008
 10
204.455
 20
108.008
 10
204.374
 20
108.015
 10
204.219
 20
108.035
 10
204.055
 20
108.063
 10
203.725
 20
108.134
 10
203.554
 20
108.179
 10
203.071
 20
108.328
 10
202.894
 20
108.392
 10
202.297
 20
108.641
 10
202.113
 20
108.729
 10
201.446
 20
109.091
 10
201.256
 20
109.208
 10
200.565
 20
109.689
 10
200.374
 20
109.841
 10
199.704
 20
110.441
 10
199.518
 20
110.631
 10
198.91
 20
111.342
 10
198.739
 20
111.574
 10
198.228
 20
112.385
 10
198.151
 20
112.518
 10
198.085
 20
112.656
 10
197.697
 20
113.551
 10
197.639
 20
113.701
 10
197.594
 20
113.855
 10
197.35
 20
114.817
 10
197.316
 20
114.978
 10
197.296
 20
115.141
 10
197.211
 20
116.154
 10
197.204
 20
116.319
 10
197.21
 20
116.483
 10
197.295
 20
117.524
 10
197.315
 20
117.686
 10
197.348
 20
117.845
 10
197.608
 20
118.886
 10
197.653
 20
119.04
 10
197.71
 20
119.189
 10
198.142
 20
120.198
 10
198.21
 20
120.34
 10
198.289
 20
120.477
 10
198.881
 20
121.416
 10
198.971
 20
121.546
 10
199.07
 20
121.669
 10
199.803
 20
122.503
 10
199.913
 20
122.619
 10
200.032
 20
122.726
 10
200.878
 20
123.424
 10
201.009
 20
123.524
 10
201.149
 20
123.613
 10
202.078
 20
124.151
 10
202.229
 20
124.23
 10
202.387
 20
124.296
 10
203.373
 20
124.661
 10
203.541
 20
124.715
 10
203.713
 20
124.753
 10
204.739
 20
124.937
 10
204.915
 20
124.961
 10
205.092
 20
124.969
 10
206.149
 20
124.969
 10
206.322
 20
124.962
 10
206.492
 20
124.939
 10
207.583
 20
124.75
 10
207.739
 20
124.716
 10
207.891
 20
124.67
 10
209.015
 20
124.283
 10
209.274
 20
124.173
 10
210.427
 20
123.583
 10
210.631
 20
123.464
 10
211.804
 20
122.677
 10
211.957
 20
122.564
 10
213.14
 20
121.596
 10
213.249
 20
121.5
 10
214.433
 20
120.379
 10
214.507
 20
120.305
 10
215.686
 20
119.066
 10
215.732
 20
119.016
 10
216.902
 20
117.7
 10
216.925
 20
117.673
 10
218.086
 20
116.32
 10
218.089
 20
116.317
 10
219.229
 20
114.981
 10
219.236
 20
114.973
 10
220.341
 20
113.708
 10
220.357
 20
113.69
 10
221.421
 20
112.528
 10
221.446
 20
112.502
 10
222.462
 20
111.469
 10
222.496
 20
111.436
 10
223.455
 20
110.549
 10
223.498
 20
110.511
 10
224.386
 20
109.781
 10
224.439
 20
109.739
 10
224.597
 20
109.626
 10
224.754
 20
109.502
 10
224.897
 20
109.363
 10
225.026
 20
109.21
 10
225.138
 20
109.045
 10
225.234
 20
108.869
 10
225.312
 20
108.685
 10
225.371
 20
108.494
 10
225.411
 20
108.299
 10
225.431
 20
108.1
 10
225.431
 20
107.9
 10
225.411
 20
107.701
 10
225.371
 20
107.506
 10
225.312
 20
107.315
 10
225.234
 20
107.131
 10
225.138
 20
106.955
 10
225.026
 20
106.79
 10
224.897
 20
106.637
 10
224.754
 20
106.498
 10
224.597
 20
106.374
 10
224.439
 20
106.261
 10
224.386
 20
106.219
 10
223.498
 20
105.489
 10
223.455
 20
105.451
 10
222.496
 20
104.564
 10
222.462
 20
104.531
 10
221.446
 20
103.498
 10
221.421
 20
103.472
 10
220.357
 20
102.31
 10
220.341
 20
102.292
 10
219.236
 20
101.027
 10
219.229
 20
101.019
 10
218.089
 20
99.683
 10
218.086
 20
99.68
 10
216.925
 20
98.327
 10
216.902
 20
98.3
 10
215.732
 20
96.984
 10
215.686
 20
96.934
 10
214.507
 20
95.695
 10
214.433
 20
95.621
 10
213.249
 20
94.5
 10
213.14
 20
94.404
 10
211.957
 20
93.436
 10
211.804
 20
93.323
 10
210.631
 20
92.536
 10
210.427
 20
92.417
 10
209.274
 20
91.827
 10
209.015
 20
91.717
 10
207.891
 20
91.33
 10
207.739
 20
91.284
 10
207.583
 20
91.25
 10
206.492
 20
91.061
 10
206.322
 20
91.038
 10
206.149
 20
91.031
 10
205.092
 20
91.031
 10
204.915
 20
91.039
 10
204.739
 20
91.063
 10
203.713
 20
91.247
 10
203.541
 20
91.285
 10
203.373
 20
91.339
 10
202.387
 20
91.704
 10
202.229
 20
91.77
 10
202.078
 20
91.849
 10
201.149
 20
92.387
 10
201.009
 20
92.476
 10
200.878
 20
92.576
 10
200.032
 20
93.274
 10
199.913
 20
93.381
 10
199.803
 20
93.497
 10
199.07
 20
94.331
 10
198.971
 20
94.454
 10
198.881
 20
94.584
 10
198.289
 20
95.523
 10
198.21
 20
95.66
 10
198.142
 20
95.802
 10
197.71
 20
96.811
 10
197.653
 20
96.96
 10
197.608
 20
97.114
 10
197.348
 20
98.155
 10
197.315
 20
98.314
 10
197.295
 20
98.476
 10
197.21
 20
99.517
 10
197.204
 20
99.681
 10
197.211
 20
99.846
 10
197.296
 20
100.859
 10
197.316
 20
101.022
 10
197.35
 20
101.183
 10
197.594
 20
102.145
 10
197.639
 20
102.299
 10
197.697
 20
102.449
 10
198.085
 20
103.344
 10
198.151
 20
103.482
 10
198.228
 20
103.615
 10
198.739
 20
104.426
 10
198.91
 20
104.658
 10
199.518
 20
105.369
 10
199.704
 20
105.559
 10
200.374
 20
106.159
 10
200.565
 20
106.311
 10
201.256
 20
106.792
 10
201.446
 20
106.909
 10
202.113
 20
107.271
 10
202.297
 20
107.359
 10
202.894
 20
107.608
 10
203.071
 20
107.672
 10
203.554
 20
107.821
 10
203.725
 20
107.866
 10
204.055
 20
107.937
 10
204.219
 20
107.965
 10
204.374
 20
107.985
  0
LWPOLYLINE
  5
9C
330
17
100
AcDbEntity
  8
CUT_INSIDE
100
AcDbPolyline
 90
205
 70
1
 10
204.455
 20
267.992
 10
204.455
 20
267.992
 10
204.53
 20
268.0
 10
204.455
 20
268.008
 10
204.455
 20
268.008
 10
204.374
 20
268.015
 10
204.219
 20
268.035
 10
204.055
 20
268.063
 10
203.725
 20
268.134
 10
203.554
 20
268.179
 10
203.071
 20
268.328
 10
202.894
 20
268.392
 10
202.297
 20
268.641
 10
202.113
 20
268.729
 10
201.446
 20
269.091
 10
201.256
 20
269.208
 10
200.565
 20
269.689
 10
200.374
 20
269.841
 10
199.704
 20
270.441
 10
199.518
 20
270.631
 10
198.91
 20
271.342
 10
198.739
 20
271.574
 10
198.228
 20
272.385
 10
198.151
 20
272.518
 10
198.085
 20
272.656
 10
197.697
 20
273.551
 10
197.639
 20
273.701
 10
197.594
 20
273.855
 10
197.35
 20
274.817
 10
197.316
 20
274.978
 10
197.296
 20
275.141
 10
197.211
 20
276.154
 10
197.204
 20
276.319
 10
197.21
 20
276.483
 10
197.295
 20
277.524
 10
197.315
 20
277.686
 10
197.348
 20
277.845
 10
197.608
 20
278.886
 10
197.653
 20
279.04
 10
197.71
 20
279.189
 10
198.142
 20
280.198
 10
198.21
 20
280.34
 10
198.289
 20
280.477
 10
198.881
 20
281.416
 10
198.971
 20
281.546
 10
199.07
 20
281.669
 10
199.803
 20
282.503
 10
199.913
 20
282.619
 10
200.032
 20
282.726
 10
200.878
 20
283.424
 10
201.009
 20
283.524
 10
201.149
 20
283.613
 10
202.078
 20
284.151
 10
202.229
 20
284.23
 10
202.387
 20
284.296
 10
203.373
 20
284.661
 10
203.541
 20
284.715
 10
203.713
 20
284.753
 10
204.739
 20
284.937
 10
204.915
 20
284.961
 10
205.092
 20
284.969
 10
206.149
 20
284.969
 10
206.322
 20
284.962
 10
206.492
 20
284.939
 10
207.583
 20
284.75
 10
207.739
 20
284.716
 10
207.891
 20
284.67
 10
209.015
 20
284.283
 10
209.274
 20
284.173
 10
210.427
 20
283.583
 10
210.631
 20
283.464
 10
211.804
 20
282.677
 10
211.957
 20
282.564
 10
213.14
 20
281.596
 10
213.249
 20
281.5
 10
214.433
 20
280.379
 10
214.507
 20
280.305
 10
215.686
 20
279.066
 10
215.732
 20
279.016
 10
216.902
 20
277.7
 10
216.925
 20
277.673
 10
218.086
 20
276.32
 10
218.089
 20
276.317
 10
219.229
 20
274.981
 10
219.236
 20
274.973
 10
220.341
 20
273.708
 10
220.357
 20
273.69
 10
221.421
 20
272.528
 10
221.446
 20
272.502
 10
222.462
 20
271.469
 10
222.496
 20
271.436
 10
223.455
 20
270.549
 10
223.498
 20
270.511
 10
224.386
 20
269.781
 10
224.439
 20
269.739
 10
224.597
 20
269.626
 10
224.754
 20
269.502
 10
224.897
 20
269.363
 10
225.026
 20
269.21
 10
225.138
 20
269.045
 10
225.234
 20
268.869
 10
225.312
 20
268.685
 10
225.371
 20
268.494
 10
225.411
 20
268.299
 10
225.431
 20
268.1
 10
225.431
 20
267.9
 10
225.411
 20
267.701
 10
225.371
 20
267.506
 10
225.312
 20
267.315
 10
225.234
 20
267.131
 10
225.138
 20
266.955
 10
225.026
 20
266.79
 10
224.897
 20
266.637
 10
224.754
 20
266.498
 10
224.597
 20
266.374
 10
224.439
 20
266.261
 10
224.386
 20
266.219
 10
223.498
 20
265.489
 10
223.455
 20
265.451
 10
222.496
 20
264.564
 10
222.462
 20
264.531
 10
221.446
 20
263.498
 10
221.421
 20
263.472
 10
220.357
 20
262.31
 10
220.341
 20
262.292
 10
219.236
 20
261.027
 10
219.229
 20
261.019
 10
218.089
 20
259.683
 10
218.086
 20
259.68
 10
216.925
 20
258.327
 10
216.902
 20
258.3
 10
215.732
 20
256.984
 10
215.686
 20
256.934
 10
214.507
 20
255.695
 10
214.433
 20
255.621
 10
213.249
 20
254.5
 10
213.14
 20
254.404
 10
211.957
 20
253.436
 10
211.804
 20
253.323
 10
210.631
 20
252.536
 10
210.427
 20
252.417
 10
209.274
 20
251.827
 10
209.015
 20
251.717
 10
207.891
 20
251.33
 10
207.739
 20
251.284
 10
207.583
 20
251.25
 10
206.492
 20
251.061
 10
206.322
 20
251.038
 10
206.149
 20
251.031
 10
205.092
 20
251.031
 10
204.915
 20
251.039
 10
204.739
 20
251.063
 10
203.713
 20
251.247
 10
203.541
 20
251.285
 10
203.373
 20
251.339
 10
202.387
 20
251.704
 10
202.229
 20
251.77
 10
202.078
 20
251.849
 10
201.149
 20
252.387
 10
201.009
 20
252.476
 10
200.878
 20
252.576
 10
200.032
 20
253.274
 10
199.913
 20
253.381
 10
199.803
 20
253.497
 10
199.07
 20
254.331
 10
198.971
 20
254.454
 10
198.881
 20
254.584
 10
198.289
 20
255.523
 10
198.21
 20
255.66
 10
198.142
 20
255.802
 10
197.71
 20
256.811
 10
197.653
 20
256.96
 10
197.608
 20
257.114
 10
197.348
 20
258.155
 10
197.315
 20
258.314
 10
197.295
 20
258.476
 10
197.21
 20
259.517
 10
197.204
 20
259.681
 10
197.211
 20
259.846
 10
197.296
 20
260.859
 10
197.316
 20
261.022
 10
197.35
 20
261.183
 10
197.594
 20
262.145
 10
197.639
 20
262.299
 10
197.697
 20
262.449
 10
198.085
 20
263.344
 10
198.151
 20
263.482
 10
198.228
 20
263.615
 10
198.739
 20
264.426
 10
198.91
 20
264.658
 10
199.518
 20
265.369
 10
199.704
 20
265.559
 10
200.374
 20
266.159
 10
200.565
 20
266.311
 10
201.256
 20
266.792
 10
201.446
 20
266.909
 10
202.113
 20
267.271
 10
202.297
 20
267.359
 10
202.894
 20
267.608
 10
203.071
 20
267.672
 10
203.554
 20
267.821
 10
203.725
 20
267.866
 10
204.055
 20
267.937
 10
204.219
 20
267.965
 10
204.374
 20
267.985
  0
CIRCLE
  5
9D
330
17
100
AcDbEntity
  8
CUT_INSIDE
100
AcDbCircle
 10
1040.9904775713414
 20
188.0
 30
0.0
 40
3.5
  0
CIRCLE
  5
9E
330
17
100
AcDbEntity
  8
CUT_INSIDE
100
AcDbCircle
 10
1036.5273140257686
 20
188.9431648160458
 30
0.0
 40
3.5
  0
CIRCLE
  5
9F
330
17
100
AcDbEntity
  8
CUT_INSIDE
100
AcDbCircle
 10
1026.5121547240692
 20
194.8
 30
0.0
 40
3.5
  0
CIRCLE
  5
A0
330
17
100
AcDbEntity
  8
CUT_INSIDE
100
AcDbCircle
 10
1018.5280317308275
 20
207.23330444827408
 30
0.0
 40
3.5
  0
CIRCLE
  5
A1
330
17
100
AcDbEntity
  8
CUT_INSIDE
100
AcDbCircle
 10
1018.8904775713414
 20
223.33383647440508
 30
0.0
 40
3.5
  0
CIRCLE
  5
A2
330
17
100
AcDbEntity
  8
CUT_INSIDE
100
AcDbCircle
 10
1028.7199178014062
 20
237.02642593673102
 30
0.0
 40
3.5
  0
CIRCLE
  5
A3
330
17
100
AcDbEntity
  8
CUT_INSIDE
100
AcDbCircle
 10
1044.3904775713413
 20
242.4
 30
0.0
 40
3.5
  0
CIRCLE
  5
A4
330
17
100
AcDbEntity
  8
CUT_INSIDE
100
AcDbCircle
 10
1061.2161736126059
 20
237.02642593673102
 30
0.0
 40
3.5
  0
CIRCLE
  5
A5
330
17
100
AcDbEntity
  8
CUT_INSIDE
100
AcDbCircle
 10
1076.6904775713415
 20
223.3338364744051
 30
0.0
 40
3.5
  0
CIRCLE
  5
A6
330
17
100
AcDbEntity
  8
CUT_INSIDE
100
AcDbCircle
 10
1090.6529234118552
 20
207.2333044482741
 30
0.0
 40
3.5
  0
CIRCLE
  5
A7
330
17
100
AcDbEntity
  8
CUT_INSIDE
100
AcDbCircle
 10
1103.0688004186136
 20
194.8
 30
0.0
 40
3.5
  0
CIRCLE
  5
A8
330
17
100
AcDbEntity
  8
CUT_INSIDE
100
AcDbCircle
 10
1112.2985048455853
 20
188.9431648160458
 30
0.0
 40
3.5
  0
CIRCLE
  5
A9
330
17
100
AcDbEntity
  8
CUT_INSIDE
100
AcDbCircle
 10
1115.7904775713414
 20
188.0
 30
0.0
 40
3.5
  0
CIRCLE
  5
AA
330
17
100
AcDbEntity
  8
CUT_INSIDE
100
AcDbCircle
 10
1112.2985048455853
 20
187.0568351839542
 30
0.0
 40
3.5
  0
CIRCLE
  5
AB
330
17
100
AcDbEntity
  8
CUT_INSIDE
100
AcDbCircle
 10
1103.0688004186136
 20
181.20000000000002
 30
0.0
 40
3.5
  0
CIRCLE
  5
AC
330
17
100
AcDbEntity
  8
CUT_INSIDE
100
AcDbCircle
 10
1090.6529234118552
 20
168.76669555172595
 30
0.0
 40
3.5
  0
CIRCLE
  5
AD
330
17
100
AcDbEntity
  8
CUT_INSIDE
100
AcDbCircle
 10
1076.6904775713415
 20
152.66616352559492
 30
0.0
 40
3.5
  0
CIRCLE
  5
AE
330
17
100
AcDbEntity
  8
CUT_INSIDE
100
AcDbCircle
 10
1061.2161736126059
 20
138.97357406326898
 30
0.0
 40
3.5
  0
CIRCLE
  5
AF
330
17
100
AcDbEntity
  8
CUT_INSIDE
100
AcDbCircle
 10
1044.3904775713413
 20
133.6
 30
0.0
 40
3.5
  0
CIRCLE
  5
B0
330
17
100
AcDbEntity
  8
CUT_INSIDE
100
AcDbCircle
 10
1028.7199178014062
 20
138.97357406326896
 30
0.0
 40
3.5
  0
CIRCLE
  5
B1
330
17
100
AcDbEntity
  8
CUT_INSIDE
100
AcDbCircle
 10
1018.8904775713414
 20
152.66616352559492
 30
0.0
 40
3.5
  0
CIRCLE
  5
B2
330
17
100
AcDbEntity
  8
CUT_INSIDE
100
AcDbCircle
 10
1018.5280317308275
 20
168.7666955517259
 30
0.0
 40
3.5
  0
CIRCLE
  5
B3
330
17
100
AcDbEntity
  8
CUT_INSIDE
100
AcDbCircle
 10
1026.5121547240692
 20
181.2
 30
0.0
 40
3.5
  0
CIRCLE
  5
B4
330
17
100
AcDbEntity
  8
CUT_INSIDE
100
AcDbCircle
 10
1036.5273140257686
 20
187.05683518395418
 30
0.0
 40
3.5
  0
LWPOLYLINE
  5
B5
330
17
100
AcDbEntity
  8
ENGRAVE_V
100
AcDbPolyline
 90
276
 70
1
 10
1837.989
 20
28.0
 10
218.163
 20
28.0
 10
212.076
 20
28.103
 10
206.459
 20
28.395
 10
201.142
 20
28.869
 10
196.115
 20
29.514
 10
191.366
 20
30.321
 10
186.884
 20
31.279
 10
182.655
 20
32.378
 10
178.665
 20
33.61
 10
174.899
 20
34.967
 10
171.34
 20
36.442
 10
167.973
 20
38.032
 10
164.781
 20
39.731
 10
161.748
 20
41.539
 10
158.859
 20
43.454
 10
156.099
 20
45.476
 10
153.456
 20
47.606
 10
150.917
 20
49.845
 10
148.473
 20
52.196
 10
146.115
 20
54.658
 10
143.835
 20
57.232
 10
141.626
 20
59.917
 10
139.482
 20
62.713
 10
137.398
 20
65.618
 10
135.37
 20
68.628
 10
133.392
 20
71.741
 10
131.459
 20
74.951
 10
129.567
 20
78.254
 10
127.71
 20
81.646
 10
125.883
 20
85.119
 10
124.08
 20
88.668
 10
122.296
 20
92.285
 10
120.523
 20
95.968
 10
118.755
 20
99.709
 10
116.985
 20
103.5
 10
115.205
 20
107.336
 10
113.418
 20
111.187
 10
113.408
 20
111.208
 10
113.408
 20
111.21
 10
113.398
 20
111.231
 10
111.606
 20
115.068
 10
111.586
 20
115.111
 10
111.584
 20
115.115
 10
111.564
 20
115.158
 10
109.76
 20
118.975
 10
109.73
 20
119.039
 10
109.727
 20
119.046
 10
109.696
 20
119.11
 10
107.872
 20
122.901
 10
107.83
 20
122.987
 10
107.826
 20
122.995
 10
107.784
 20
123.081
 10
105.931
 20
126.839
 10
105.878
 20
126.947
 10
105.872
 20
126.958
 10
105.818
 20
127.065
 10
103.949
 20
130.744
 10
103.888
 20
130.863
 10
103.881
 20
130.875
 10
103.819
 20
130.994
 10
101.95
 20
134.554
 10
101.885
 20
134.678
 10
101.878
 20
134.69
 10
101.811
 20
134.814
 10
99.942
 20
138.256
 10
99.871
 20
138.385
 10
99.864
 20
138.398
 10
99.792
 20
138.527
 10
97.922
 20
141.853
 10
97.846
 20
141.987
 10
97.838
 20
142.0
 10
97.761
 20
142.134
 10
95.889
 20
145.345
 10
95.807
 20
145.484
 10
95.799
 20
145.498
 10
95.716
 20
145.636
 10
93.843
 20
148.735
 10
93.755
 20
148.879
 10
93.746
 20
148.894
 10
93.657
 20
149.037
 10
91.781
 20
152.024
 10
91.686
 20
152.173
 10
91.677
 20
152.188
 10
91.581
 20
152.336
 10
89.703
 20
155.214
 10
89.601
 20
155.368
 10
89.591
 20
155.383
 10
89.488
 20
155.536
 10
87.606
 20
158.305
 10
87.497
 20
158.464
 10
87.486
 20
158.48
 10
87.375
 20
158.638
 10
85.49
 20
161.3
 10
85.373
 20
161.464
 10
85.361
 20
161.48
 10
85.242
 20
161.643
 10
83.353
 20
164.199
 10
83.228
 20
164.368
 10
83.215
 20
164.385
 10
83.087
 20
164.552
 10
81.194
 20
167.004
 10
81.059
 20
167.177
 10
81.046
 20
167.194
 10
80.909
 20
167.366
 10
79.011
 20
169.716
 10
78.866
 20
169.893
 10
78.852
 20
169.91
 10
78.705
 20
170.086
 10
76.802
 20
172.335
 10
76.648
 20
172.515
 10
76.632
 20
172.533
 10
76.475
 20
172.712
 10
74.567
 20
174.862
 10
74.402
 20
175.046
 10
74.385
 20
175.064
 10
74.218
 20
175.246
 10
72.304
 20
177.298
 10
72.127
 20
177.484
 10
72.11
 20
177.503
 10
71.931
 20
177.687
 10
70.011
 20
179.642
 10
69.823
 20
179.831
 10
69.804
 20
179.849
 10
69.614
 20
180.035
 10
67.687
 20
181.896
 10
67.488
 20
182.086
 10
67.468
 20
182.104
 10
67.266
 20
182.291
 10
65.332
 20
184.059
 10
65.121
 20
184.249
 10
65.1
 20
184.268
 10
64.887
 20
184.454
 10
62.944
 20
186.131
 10
62.722
 20
186.32
 10
62.7
 20
186.339
 10
62.474
 20
186.525
 10
60.661
 20
188.0
 10
62.474
 20
189.475
 10
62.7
 20
189.661
 10
62.722
 20
189.68
 10
62.944
 20
189.869
 10
64.887
 20
191.546
 10
65.1
 20
191.732
 10
65.121
 20
191.751
 10
65.332
 20
191.941
 10
67.266
 20
193.709
 10
67.468
 20
193.896
 10
67.488
 20
193.914
 10
67.687
 20
194.104
 10
69.614
 20
195.965
 10
69.804
 20
196.151
 10
69.823
 20
196.169
 10
70.011
 20
196.358
 10
71.931
 20
198.313
 10
72.11
 20
198.497
 10
72.127
 20
198.516
 10
72.304
 20
198.702
 10
74.218
 20
200.754
 10
74.385
 20
200.936
 10
74.402
 20
200.954
 10
74.567
 20
201.138
 10
76.475
 20
203.288
 10
76.632
 20
203.467
 10
76.648
 20
203.485
 10
76.802
 20
203.665
 10
78.705
 20
205.914
 10
78.852
 20
206.09
 10
78.866
 20
206.107
 10
79.011
 20
206.284
 10
80.909
 20
208.634
 10
81.046
 20
208.806
 10
81.059
 20
208.823
 10
81.194
 20
208.996
 10
83.087
 20
211.448
 10
83.215
 20
211.615
 10
83.228
 20
211.632
 10
83.353
 20
211.801
 10
85.242
 20
214.357
 10
85.361
 20
214.52
 10
85.373
 20
214.536
 10
85.49
 20
214.7
 10
87.375
 20
217.362
 10
87.486
 20
217.52
 10
87.497
 20
217.536
 10
87.606
 20
217.695
 10
89.488
 20
220.464
 10
89.591
 20
220.617
 10
89.601
 20
220.632
 10
89.703
 20
220.786
 10
91.581
 20
223.664
 10
91.677
 20
223.812
 10
91.686
 20
223.827
 10
91.781
 20
223.976
 10
93.657
 20
226.963
 10
93.746
 20
227.106
 10
93.755
 20
227.121
 10
93.843
 20
227.265
 10
95.716
 20
230.364
 10
95.799
 20
230.502
 10
95.807
 20
230.516
 10
95.889
 20
230.655
 10
97.761
 20
233.866
 10
97.838
 20
234.0
 10
97.846
 20
234.013
 10
97.922
 20
234.147
 10
99.792
 20
237.473
 10
99.864
 20
237.602
 10
99.871
 20
237.615
 10
99.942
 20
237.744
 10
101.811
 20
241.186
 10
101.878
 20
241.31
 10
101.885
 20
241.322
 10
101.95
 20
241.446
 10
103.819
 20
245.006
 10
103.881
 20
245.125
 10
103.888
 20
245.137
 10
103.949
 20
245.256
 10
105.818
 20
248.935
 10
105.872
 20
249.042
 10
105.878
 20
249.053
 10
105.931
 20
249.161
 10
107.784
 20
252.919
 10
107.826
 20
253.005
 10
107.83
 20
253.013
 10
107.872
 20
253.099
 10
109.696
 20
256.89
 10
109.727
 20
256.954
 10
109.73
 20
256.961
 10
109.76
 20
257.025
 10
111.564
 20
260.842
 10
111.584
 20
260.885
 10
111.586
 20
260.889
 10
111.606
 20
260.932
 10
113.398
 20
264.769
 10
113.408
 20
264.79
 10
113.408
 20
264.792
 10
113.418
 20
264.813
 10
115.205
 20
268.664
 10
116.984
 20
272.498
 10
118.753
 20
276.287
 10
120.52
 20
280.026
 10
122.293
 20
283.707
 10
124.078
 20
287.327
 10
125.88
 20
290.875
 10
127.706
 20
294.348
 10
129.563
 20
297.738
 10
131.454
 20
301.041
 10
133.386
 20
304.25
 10
135.364
 20
307.362
 10
137.391
 20
310.372
 10
139.474
 20
313.276
 10
141.617
 20
316.072
 10
143.825
 20
318.757
 10
146.104
 20
321.331
 10
148.462
 20
323.793
 10
150.905
 20
326.143
 10
153.443
 20
328.383
 10
156.085
 20
330.513
 10
158.844
 20
332.536
 10
161.732
 20
334.451
 10
164.765
 20
336.259
 10
167.956
 20
337.96
 10
171.323
 20
339.55
 10
174.881
 20
341.026
 10
178.647
 20
342.384
 10
182.637
 20
343.617
 10
186.866
 20
344.717
 10
191.349
 20
345.676
 10
196.098
 20
346.483
 10
201.126
 20
347.13
 10
206.443
 20
347.604
 10
212.06
 20
347.897
 10
218.155
 20
348.0
 10
1837.967
 20
348.0
 10
1837.989
 20
28.0
  0
LWPOLYLINE
  5
B6
330
17
100
AcDbEntity
  8
ENGRAVE_V
100
AcDbPolyline
 90
256
 70
1
 10
1829.989
 20
36.0
 10
218.23
 20
36.0
 10
212.352
 20
36.099
 10
207.023
 20
36.376
 10
202.007
 20
36.823
 10
197.295
 20
37.428
 10
192.873
 20
38.18
 10
188.727
 20
39.065
 10
184.842
 20
40.075
 10
181.202
 20
41.199
 10
177.788
 20
42.429
 10
174.582
 20
43.759
 10
171.563
 20
45.184
 10
168.711
 20
46.702
 10
166.008
 20
48.313
 10
163.435
 20
50.018
 10
160.976
 20
51.82
 10
158.615
 20
53.723
 10
156.339
 20
55.731
 10
154.137
 20
57.848
 10
152.0
 20
60.079
 10
149.92
 20
62.427
 10
147.891
 20
64.893
 10
145.908
 20
67.48
 10
143.967
 20
70.185
 10
142.064
 20
73.01
 10
140.196
 20
75.95
 10
138.358
 20
79.003
 10
136.547
 20
82.164
 10
134.759
 20
85.429
 10
132.99
 20
88.793
 10
131.234
 20
92.249
 10
129.488
 20
95.789
 10
127.744
 20
99.413
 10
125.996
 20
103.111
 10
124.238
 20
106.876
 10
122.462
 20
110.703
 10
120.675
 20
114.554
 10
120.661
 20
114.583
 10
120.647
 20
114.615
 10
118.855
 20
118.452
 10
118.828
 20
118.512
 10
118.826
 20
118.516
 10
118.797
 20
118.576
 10
116.994
 20
122.393
 10
116.951
 20
122.483
 10
116.948
 20
122.489
 10
116.905
 20
122.579
 10
115.081
 20
126.37
 10
115.022
 20
126.49
 10
115.018
 20
126.499
 10
114.96
 20
126.618
 10
113.107
 20
130.376
 10
113.032
 20
130.528
 10
113.026
 20
130.538
 10
112.95
 20
130.689
 10
111.081
 20
134.368
 10
110.995
 20
134.535
 10
110.989
 20
134.547
 10
110.902
 20
134.714
 10
109.033
 20
138.273
 10
108.941
 20
138.447
 10
108.935
 20
138.459
 10
108.841
 20
138.633
 10
106.972
 20
142.075
 10
106.873
 20
142.255
 10
106.866
 20
142.268
 10
106.765
 20
142.448
 10
104.895
 20
145.774
 10
104.788
 20
145.962
 10
104.781
 20
145.975
 10
104.673
 20
146.162
 10
102.801
 20
149.374
 10
102.686
 20
149.568
 10
102.678
 20
149.582
 10
102.562
 20
149.776
 10
100.689
 20
152.874
 10
100.565
 20
153.076
 10
100.557
 20
153.091
 10
100.432
 20
153.291
 10
98.556
 20
156.278
 10
98.424
 20
156.487
 10
98.414
 20
156.502
 10
98.28
 20
156.71
 10
96.401
 20
159.587
 10
96.259
 20
159.803
 10
96.249
 20
159.818
 10
96.104
 20
160.033
 10
94.223
 20
162.801
 10
94.07
 20
163.024
 10
94.059
 20
163.04
 10
93.904
 20
163.261
 10
92.019
 20
165.923
 10
91.855
 20
166.153
 10
91.843
 20
166.169
 10
91.676
 20
166.397
 10
89.788
 20
168.953
 10
89.611
 20
169.189
 10
89.599
 20
169.206
 10
89.42
 20
169.44
 10
87.527
 20
171.892
 10
87.338
 20
172.135
 10
87.324
 20
172.152
 10
87.133
 20
172.392
 10
85.235
 20
174.742
 10
85.033
 20
174.99
 10
85.018
 20
175.007
 10
84.813
 20
175.253
 10
82.91
 20
177.502
 10
82.693
 20
177.755
 10
82.678
 20
177.773
 10
82.458
 20
178.023
 10
80.55
 20
180.173
 10
80.319
 20
180.43
 10
80.302
 20
180.448
 10
80.067
 20
180.703
 10
78.153
 20
182.755
 10
77.907
 20
183.016
 10
77.889
 20
183.034
 10
77.639
 20
183.292
 10
75.718
 20
185.248
 10
75.456
 20
185.511
 10
75.437
 20
185.53
 10
75.171
 20
185.79
 10
73.244
 20
187.651
 10
72.965
 20
187.917
 10
72.945
 20
187.935
 10
72.875
 20
188.0
 10
72.945
 20
188.065
 10
72.965
 20
188.083
 10
73.244
 20
188.349
 10
75.171
 20
190.21
 10
75.437
 20
190.47
 10
75.456
 20
190.489
 10
75.718
 20
190.752
 10
77.639
 20
192.708
 10
77.889
 20
192.966
 10
77.907
 20
192.984
 10
78.153
 20
193.245
 10
80.067
 20
195.297
 10
80.302
 20
195.552
 10
80.319
 20
195.57
 10
80.55
 20
195.827
 10
82.458
 20
197.977
 10
82.678
 20
198.227
 10
82.693
 20
198.245
 10
82.91
 20
198.498
 10
84.813
 20
200.747
 10
85.018
 20
200.993
 10
85.033
 20
201.01
 10
85.235
 20
201.258
 10
87.133
 20
203.608
 10
87.324
 20
203.848
 10
87.338
 20
203.865
 10
87.527
 20
204.108
 10
89.42
 20
206.56
 10
89.599
 20
206.794
 10
89.611
 20
206.811
 10
89.788
 20
207.047
 10
91.676
 20
209.603
 10
91.843
 20
209.831
 10
91.855
 20
209.847
 10
92.019
 20
210.077
 10
93.904
 20
212.739
 10
94.059
 20
212.96
 10
94.07
 20
212.976
 10
94.223
 20
213.199
 10
96.104
 20
215.967
 10
96.249
 20
216.182
 10
96.259
 20
216.197
 10
96.401
 20
216.413
 10
98.28
 20
219.29
 10
98.414
 20
219.498
 10
98.424
 20
219.513
 10
98.556
 20
219.722
 10
100.432
 20
222.709
 10
100.557
 20
222.909
 10
100.565
 20
222.924
 10
100.689
 20
223.126
 10
102.562
 20
226.224
 10
102.678
 20
226.418
 10
102.686
 20
226.432
 10
102.801
 20
226.626
 10
104.673
 20
229.838
 10
104.781
 20
230.025
 10
104.788
 20
230.038
 10
104.895
 20
230.226
 10
106.765
 20
233.552
 10
106.866
 20
233.732
 10
106.873
 20
233.745
 10
106.972
 20
233.925
 10
108.841
 20
237.367
 10
108.935
 20
237.541
 10
108.941
 20
237.553
 10
109.033
 20
237.727
 10
110.902
 20
241.286
 10
110.989
 20
241.453
 10
110.995
 20
241.465
 10
111.081
 20
241.632
 10
112.95
 20
245.311
 10
113.026
 20
245.462
 10
113.032
 20
245.472
 10
113.107
 20
245.624
 10
114.96
 20
249.382
 10
115.018
 20
249.501
 10
115.022
 20
249.51
 10
115.081
 20
249.63
 10
116.905
 20
253.421
 10
116.948
 20
253.511
 10
116.951
 20
253.517
 10
116.994
 20
253.607
 10
118.797
 20
257.424
 10
118.826
 20
257.484
 10
118.828
 20
257.488
 10
118.855
 20
257.548
 10
120.647
 20
261.385
 10
120.661
 20
261.415
 10
120.675
 20
261.446
 10
122.462
 20
265.297
 10
124.237
 20
269.122
 10
125.994
 20
272.885
 10
127.741
 20
276.581
 10
129.484
 20
280.203
 10
131.232
 20
283.747
 10
132.987
 20
287.202
 10
134.755
 20
290.564
 10
136.543
 20
293.829
 10
138.353
 20
296.989
 10
140.19
 20
300.041
 10
142.058
 20
302.981
 10
143.961
 20
305.805
 10
145.901
 20
308.51
 10
147.883
 20
311.096
 10
149.911
 20
313.563
 10
151.99
 20
315.91
 10
154.126
 20
318.141
 10
156.327
 20
320.259
 10
158.603
 20
322.267
 10
160.963
 20
324.17
 10
163.422
 20
325.972
 10
165.994
 20
327.678
 10
168.696
 20
329.29
 10
171.547
 20
330.808
 10
174.566
 20
332.234
 10
177.772
 20
333.565
 10
181.186
 20
334.796
 10
184.826
 20
335.92
 10
188.71
 20
336.931
 10
192.856
 20
337.817
 10
197.279
 20
338.569
 10
201.992
 20
339.175
 10
207.007
 20
339.623
 10
212.336
 20
339.9
 10
218.223
 20
340.0
 10
1829.968
 20
340.0
 10
1829.989
 20
36.0
  0
LWPOLYLINE
  5
B7
330
17
100
AcDbEntity
  8
ENGRAVE_V
100
AcDbPolyline
 90
53
 70
1
 10
970.99
 20
298.0
 10
972.818
 20
297.88
 10
974.614
 20
297.523
 10
976.348
 20
296.934
 10
977.99
 20
296.124
 10
979.513
 20
295.107
 10
980.89
 20
293.899
 10
982.097
 20
292.523
 10
983.115
 20
291.0
 10
983.925
 20
289.358
 10
984.513
 20
287.623
 10
984.871
 20
285.827
 10
984.99
 20
284.0
 10
984.99
 20
92.0
 10
984.871
 20
90.173
 10
984.513
 20
88.377
 10
983.925
 20
86.642
 10
983.115
 20
85.0
 10
982.097
 20
83.477
 10
980.89
 20
82.101
 10
979.513
 20
80.893
 10
977.99
 20
79.876
 10
976.348
 20
79.066
 10
974.614
 20
78.477
 10
972.818
 20
78.12
 10
970.99
 20
78.0
 10
628.99
 20
78.0
 10
627.163
 20
78.12
 10
625.367
 20
78.477
 10
623.633
 20
79.066
 10
621.99
 20
79.876
 10
620.468
 20
80.893
 10
619.091
 20
82.101
 10
617.884
 20
83.477
 10
616.866
 20
85.0
 10
616.056
 20
86.642
 10
615.468
 20
88.377
 10
615.11
 20
90.173
 10
614.99
 20
92.0
 10
614.99
 20
284.0
 10
615.11
 20
285.827
 10
615.468
 20
287.623
 10
616.056
 20
289.358
 10
616.866
 20
291.0
 10
617.884
 20
292.523
 10
619.091
 20
293.899
 10
620.468
 20
295.107
 10
621.99
 20
296.124
 10
623.633
 20
296.934
 10
625.367
 20
297.523
 10
627.163
 20
297.88
 10
628.99
 20
298.0
 10
970.99
 20
298.0
  0
LWPOLYLINE
  5
B8
330
17
100
AcDbEntity
  8
ENGRAVE_V
100
AcDbPolyline
 90
309
 70
1
 10
1197.405
 20
138.18
 10
1197.548
 20
137.9
 10
1197.694
 20
137.605
 10
1197.842
 20
137.297
 10
1197.992
 20
136.975
 10
1198.146
 20
136.639
 10
1198.301
 20
136.289
 10
1198.46
 20
135.925
 10
1198.62
 20
135.547
 10
1198.781
 20
135.158
 10
1198.938
 20
134.762
 10
1199.092
 20
134.358
 10
1199.243
 20
133.946
 10
1199.391
 20
133.527
 10
1199.536
 20
133.101
 10
1199.677
 20
132.666
 10
1199.816
 20
132.225
 10
1199.948
 20
131.779
 10
1200.07
 20
131.333
 10
1200.183
 20
130.887
 10
1200.287
 20
130.442
 10
1200.381
 20
129.996
 10
1200.465
 20
129.55
 10
1200.54
 20
129.105
 10
1200.606
 20
128.659
 10
1200.659
 20
128.217
 10
1200.698
 20
127.78
 10
1200.722
 20
127.351
 10
1200.732
 20
126.927
 10
1200.727
 20
126.51
 10
1200.708
 20
126.099
 10
1200.674
 20
125.695
 10
1200.626
 20
125.296
 10
1200.56
 20
124.908
 10
1200.473
 20
124.534
 10
1200.365
 20
124.174
 10
1200.236
 20
123.828
 10
1200.086
 20
123.495
 10
1199.916
 20
123.177
 10
1199.724
 20
122.872
 10
1199.512
 20
122.582
 10
1199.248
 20
122.264
 10
1198.985
 20
121.978
 10
1198.722
 20
121.724
 10
1198.458
 20
121.503
 10
1198.195
 20
121.314
 10
1197.932
 20
121.157
 10
1197.668
 20
121.033
 10
1197.405
 20
120.941
 10
1197.141
 20
120.876
 10
1196.877
 20
120.833
 10
1196.612
 20
120.813
 10
1196.346
 20
120.814
 10
1196.08
 20
120.838
 10
1195.813
 20
120.884
 10
1195.546
 20
120.952
 10
1195.278
 20
121.042
 10
1195.01
 20
121.149
 10
1194.742
 20
121.265
 10
1194.475
 20
121.392
 10
1194.209
 20
121.528
 10
1193.944
 20
121.675
 10
1193.679
 20
121.832
 10
1193.414
 20
121.999
 10
1193.151
 20
122.177
 10
1192.888
 20
122.358
 10
1192.627
 20
122.539
 10
1192.366
 20
122.718
 10
1192.107
 20
122.896
 10
1191.85
 20
123.072
 10
1191.593
 20
123.248
 10
1191.338
 20
123.422
 10
1191.084
 20
123.595
 10
1190.824
 20
123.783
 10
1190.568
 20
123.982
 10
1190.317
 20
124.193
 10
1190.072
 20
124.415
 10
1189.831
 20
124.649
 10
1189.595
 20
124.894
 10
1189.365
 20
125.15
 10
1189.14
 20
125.418
 10
1188.926
 20
125.692
 10
1188.729
 20
125.967
 10
1188.551
 20
126.244
 10
1188.39
 20
126.522
 10
1188.247
 20
126.801
 10
1188.122
 20
127.082
 10
1188.014
 20
127.363
 10
1187.924
 20
127.646
 10
1187.858
 20
127.926
 10
1187.822
 20
128.198
 10
1187.815
 20
128.463
 10
1187.838
 20
128.72
 10
1187.891
 20
128.969
 10
1187.974
 20
129.211
 10
1188.086
 20
129.445
 10
1188.228
 20
129.672
 10
1188.406
 20
129.886
 10
1188.624
 20
130.082
 10
1188.884
 20
130.261
 10
1189.185
 20
130.422
 10
1189.527
 20
130.565
 10
1189.911
 20
130.69
 10
1190.335
 20
130.798
 10
1190.801
 20
130.887
 10
1190.88
 20
130.719
 10
1190.955
 20
130.56
 10
1191.027
 20
130.408
 10
1191.095
 20
130.265
 10
1191.158
 20
130.129
 10
1191.219
 20
130.002
 10
1191.275
 20
129.884
 10
1191.327
 20
129.773
 10
1191.378
 20
129.666
 10
1191.426
 20
129.558
 10
1191.474
 20
129.449
 10
1191.52
 20
129.338
 10
1191.565
 20
129.226
 10
1191.609
 20
129.112
 10
1191.651
 20
128.998
 10
1191.692
 20
128.882
 10
1191.733
 20
128.761
 10
1191.773
 20
128.63
 10
1191.814
 20
128.49
 10
1191.854
 20
128.34
 10
1191.895
 20
128.181
 10
1191.935
 20
128.012
 10
1191.976
 20
127.834
 10
1192.016
 20
127.646
 10
1197.324
 20
125.904
 10
1197.091
 20
126.5
 10
1196.839
 20
127.071
 10
1196.567
 20
127.619
 10
1196.275
 20
128.143
 10
1195.964
 20
128.642
 10
1195.634
 20
129.117
 10
1195.283
 20
129.569
 10
1194.913
 20
129.996
 10
1194.529
 20
130.4
 10
1194.136
 20
130.782
 10
1193.734
 20
131.142
 10
1193.323
 20
131.48
 10
1192.903
 20
131.796
 10
1192.475
 20
132.089
 10
1192.037
 20
132.36
 10
1191.591
 20
132.609
 10
1191.141
 20
132.836
 10
1190.692
 20
133.041
 10
1190.244
 20
133.224
 10
1189.798
 20
133.384
 10
1189.353
 20
133.523
 10
1188.909
 20
133.639
 10
1188.467
 20
133.733
 10
1188.025
 20
133.805
 10
1187.591
 20
133.856
 10
1187.17
 20
133.888
 10
1186.761
 20
133.901
 10
1186.364
 20
133.896
 10
1185.981
 20
133.871
 10
1185.61
 20
133.827
 10
1185.251
 20
133.765
 10
1184.906
 20
133.683
 10
1184.578
 20
133.583
 10
1184.274
 20
133.464
 10
1183.993
 20
133.327
 10
1183.736
 20
133.172
 10
1183.502
 20
132.998
 10
1183.291
 20
132.806
 10
1183.104
 20
132.595
 10
1182.941
 20
132.366
 10
1182.806
 20
132.12
 10
1182.705
 20
131.859
 10
1182.639
 20
131.581
 10
1182.606
 20
131.288
 10
1182.608
 20
130.978
 10
1182.644
 20
130.653
 10
1182.715
 20
130.312
 10
1182.819
 20
129.956
 10
1182.963
 20
129.583
 10
1183.151
 20
129.196
 10
1183.383
 20
128.793
 10
1183.66
 20
128.376
 10
1183.981
 20
127.943
 10
1184.346
 20
127.494
 10
1184.756
 20
127.031
 10
1185.21
 20
126.552
 10
1185.714
 20
126.059
 10
1186.273
 20
125.552
 10
1186.888
 20
125.031
 10
1187.56
 20
124.496
 10
1188.286
 20
123.947
 10
1189.069
 20
123.384
 10
1189.907
 20
122.808
 10
1190.801
 20
122.217
 10
1191.098
 20
122.034
 10
1191.403
 20
121.847
 10
1191.716
 20
121.659
 10
1192.037
 20
121.468
 10
1192.364
 20
121.274
 10
1192.7
 20
121.078
 10
1193.043
 20
120.879
 10
1193.394
 20
120.678
 10
1193.75
 20
120.478
 10
1194.108
 20
120.284
 10
1194.469
 20
120.095
 10
1194.832
 20
119.913
 10
1195.198
 20
119.736
 10
1195.566
 20
119.565
 10
1195.937
 20
119.399
 10
1196.311
 20
119.239
 10
1196.686
 20
119.089
 10
1197.062
 20
118.953
 10
1197.438
 20
118.831
 10
1197.815
 20
118.723
 10
1198.193
 20
118.628
 10
1198.571
 20
118.548
 10
1198.95
 20
118.481
 10
1199.329
 20
118.429
 10
1199.706
 20
118.394
 10
1200.078
 20
118.38
 10
1200.443
 20
118.386
 10
1200.803
 20
118.414
 10
1201.157
 20
118.462
 10
1201.506
 20
118.531
 10
1201.849
 20
118.622
 10
1202.186
 20
118.733
 10
1202.656
 20
118.927
 10
1203.096
 20
119.144
 10
1203.505
 20
119.385
 10
1203.882
 20
119.649
 10
1204.229
 20
119.937
 10
1204.544
 20
120.248
 10
1204.829
 20
120.583
 10
1205.083
 20
120.941
 10
1205.308
 20
121.318
 10
1205.508
 20
121.709
 10
1205.683
 20
122.116
 10
1205.832
 20
122.536
 10
1205.956
 20
122.971
 10
1206.055
 20
123.421
 10
1206.128
 20
123.886
 10
1206.176
 20
124.364
 10
1206.202
 20
124.854
 10
1206.207
 20
125.348
 10
1206.192
 20
125.849
 10
1206.156
 20
126.355
 10
1206.101
 20
126.867
 10
1206.025
 20
127.384
 10
1205.928
 20
127.907
 10
1205.812
 20
128.436
 10
1205.677
 20
128.966
 10
1205.527
 20
129.493
 10
1205.361
 20
130.017
 10
1205.179
 20
130.538
 10
1204.981
 20
131.056
 10
1204.767
 20
131.57
 10
1204.538
 20
132.081
 10
1204.293
 20
132.589
 10
1204.034
 20
133.09
 10
1203.765
 20
133.581
 10
1203.484
 20
134.06
 10
1203.194
 20
134.529
 10
1202.892
 20
134.987
 10
1202.579
 20
135.434
 10
1202.256
 20
135.871
 10
1201.922
 20
136.296
 10
1201.581
 20
136.706
 10
1201.235
 20
137.093
 10
1200.884
 20
137.458
 10
1200.53
 20
137.8
 10
1200.17
 20
138.121
 10
1199.807
 20
138.42
 10
1199.439
 20
138.696
 10
1199.066
 20
138.95
 10
1198.679
 20
139.2
 10
1198.287
 20
139.441
 10
1197.891
 20
139.676
 10
1197.491
 20
139.902
 10
1197.086
 20
140.121
 10
1196.677
 20
140.333
 10
1196.263
 20
140.537
 10
1195.845
 20
140.733
 10
1195.422
 20
140.911
 10
1194.993
 20
141.062
 10
1194.558
 20
141.185
 10
1194.118
 20
141.28
 10
1193.672
 20
141.347
 10
1193.22
 20
141.386
 10
1192.763
 20
141.398
 10
1192.3
 20
141.381
 10
1176.62
 20
140.166
 10
1181.563
 20
137.208
 10
1196.513
 20
138.342
 10
1196.611
 20
138.352
 10
1196.702
 20
138.36
 10
1196.786
 20
138.367
 10
1196.863
 20
138.373
 10
1196.933
 20
138.377
 10
1196.996
 20
138.38
 10
1197.052
 20
138.382
 10
1197.101
 20
138.383
 10
1197.146
 20
138.38
 10
1197.188
 20
138.37
 10
1197.229
 20
138.354
 10
1197.268
 20
138.332
 10
1197.305
 20
138.304
 10
1197.34
 20
138.269
 10
1197.374
 20
138.228
 10
1197.405
 20
138.18
  0
LWPOLYLINE
  5
B9
330
17
100
AcDbEntity
  8
ENGRAVE_V
100
AcDbPolyline
 90
186
 70
1
 10
1205.873
 20
150.74
 10
1205.873
 20
150.74
 10
1205.755
 20
151.284
 10
1205.603
 20
151.823
 10
1205.418
 20
152.355
 10
1205.199
 20
152.882
 10
1204.947
 20
153.404
 10
1204.661
 20
153.919
 10
1204.342
 20
154.429
 10
1203.989
 20
154.934
 10
1203.61
 20
155.427
 10
1203.213
 20
155.906
 10
1202.797
 20
156.369
 10
1202.363
 20
156.818
 10
1201.911
 20
157.251
 10
1201.44
 20
157.668
 10
1200.951
 20
158.071
 10
1200.444
 20
158.458
 10
1199.923
 20
158.826
 10
1199.395
 20
159.17
 10
1198.86
 20
159.49
 10
1198.316
 20
159.785
 10
1197.766
 20
160.057
 10
1197.207
 20
160.304
 10
1196.641
 20
160.528
 10
1196.068
 20
160.727
 10
1195.493
 20
160.899
 10
1194.922
 20
161.04
 10
1194.356
 20
161.15
 10
1193.794
 20
161.229
 10
1193.236
 20
161.276
 10
1192.684
 20
161.293
 10
1192.135
 20
161.279
 10
1191.591
 20
161.234
 10
1191.058
 20
161.152
 10
1190.544
 20
161.029
 10
1190.048
 20
160.863
 10
1189.57
 20
160.656
 10
1189.111
 20
160.408
 10
1188.67
 20
160.117
 10
1188.247
 20
159.785
 10
1187.843
 20
159.411
 10
1187.754
 20
159.314
 10
1187.668
 20
159.207
 10
1187.587
 20
159.089
 10
1187.509
 20
158.96
 10
1187.435
 20
158.82
 10
1187.365
 20
158.67
 10
1187.298
 20
158.509
 10
1187.235
 20
158.337
 10
1187.187
 20
158.164
 10
1187.162
 20
157.999
 10
1187.161
 20
157.842
 10
1187.185
 20
157.694
 10
1187.232
 20
157.553
 10
1187.304
 20
157.421
 10
1187.399
 20
157.298
 10
1187.519
 20
157.182
 10
1187.797
 20
156.945
 10
1188.084
 20
156.72
 10
1188.379
 20
156.507
 10
1188.684
 20
156.306
 10
1188.997
 20
156.117
 10
1189.319
 20
155.94
 10
1189.651
 20
155.775
 10
1189.99
 20
155.622
 10
1190.334
 20
155.474
 10
1190.677
 20
155.322
 10
1191.018
 20
155.167
 10
1191.358
 20
155.009
 10
1191.697
 20
154.848
 10
1192.034
 20
154.684
 10
1192.37
 20
154.517
 10
1192.705
 20
154.346
 10
1192.858
 20
154.279
 10
1193.013
 20
154.219
 10
1193.169
 20
154.168
 10
1193.328
 20
154.123
 10
1193.488
 20
154.086
 10
1193.651
 20
154.057
 10
1193.815
 20
154.036
 10
1193.981
 20
154.022
 10
1194.146
 20
154.019
 10
1194.307
 20
154.032
 10
1194.463
 20
154.06
 10
1194.614
 20
154.103
 10
1194.762
 20
154.161
 10
1194.904
 20
154.235
 10
1195.043
 20
154.323
 10
1195.176
 20
154.427
 10
1195.311
 20
154.568
 10
1195.431
 20
154.727
 10
1195.536
 20
154.905
 10
1195.627
 20
155.101
 10
1195.704
 20
155.315
 10
1195.765
 20
155.548
 10
1195.812
 20
155.799
 10
1195.845
 20
156.068
 10
1195.866
 20
156.344
 10
1195.877
 20
156.616
 10
1195.878
 20
156.884
 10
1195.87
 20
157.147
 10
1195.853
 20
157.405
 10
1195.826
 20
157.659
 10
1195.79
 20
157.909
 10
1195.744
 20
158.155
 10
1195.818
 20
158.204
 10
1195.899
 20
158.252
 10
1195.988
 20
158.298
 10
1196.083
 20
158.342
 10
1196.185
 20
158.384
 10
1196.294
 20
158.424
 10
1196.411
 20
158.463
 10
1196.534
 20
158.499
 10
1196.656
 20
158.529
 10
1196.768
 20
158.548
 10
1196.871
 20
158.557
 10
1196.964
 20
158.555
 10
1197.048
 20
158.542
 10
1197.122
 20
158.518
 10
1197.187
 20
158.483
 10
1197.243
 20
158.438
 10
1197.413
 20
158.284
 10
1197.58
 20
158.124
 10
1197.742
 20
157.96
 10
1197.901
 20
157.79
 10
1198.056
 20
157.615
 10
1198.208
 20
157.435
 10
1198.355
 20
157.251
 10
1198.499
 20
157.061
 10
1198.637
 20
156.866
 10
1198.77
 20
156.666
 10
1198.896
 20
156.46
 10
1199.015
 20
156.25
 10
1199.129
 20
156.035
 10
1199.236
 20
155.815
 10
1199.336
 20
155.589
 10
1199.431
 20
155.359
 10
1199.784
 20
154.487
 10
1200.135
 20
153.612
 10
1200.483
 20
152.734
 10
1200.828
 20
151.854
 10
1201.172
 20
150.972
 10
1201.512
 20
150.087
 10
1201.85
 20
149.199
 10
1202.186
 20
148.309
 10
1202.527
 20
147.424
 10
1202.882
 20
146.552
 10
1203.251
 20
145.692
 10
1203.634
 20
144.845
 10
1204.031
 20
144.011
 10
1204.442
 20
143.189
 10
1204.867
 20
142.38
 10
1205.305
 20
141.584
 10
1205.328
 20
141.546
 10
1205.355
 20
141.513
 10
1205.386
 20
141.485
 10
1205.422
 20
141.462
 10
1205.462
 20
141.444
 10
1205.507
 20
141.432
 10
1205.556
 20
141.424
 10
1205.609
 20
141.422
 10
1205.662
 20
141.425
 10
1205.709
 20
141.434
 10
1205.751
 20
141.45
 10
1205.787
 20
141.472
 10
1205.817
 20
141.501
 10
1205.841
 20
141.536
 10
1205.86
 20
141.577
 10
1205.873
 20
141.624
 10
1205.922
 20
142.183
 10
1205.968
 20
142.745
 10
1206.01
 20
143.31
 10
1206.05
 20
143.878
 10
1206.086
 20
144.449
 10
1206.12
 20
145.024
 10
1206.15
 20
145.601
 10
1206.176
 20
146.182
 10
1206.194
 20
146.763
 10
1206.195
 20
147.341
 10
1206.181
 20
147.915
 10
1206.151
 20
148.486
 10
1206.105
 20
149.055
 10
1206.044
 20
149.62
 10
1205.966
 20
150.181
 10
1205.873
 20
150.74
  0
LWPOLYLINE
  5
BA
330
17
100
AcDbEntity
  8
ENGRAVE_V
100
AcDbPolyline
 90
114
 70
1
 10
1200.565
 20
176.508
 10
1200.497
 20
176.613
 10
1200.416
 20
176.706
 10
1200.32
 20
176.785
 10
1200.211
 20
176.852
 10
1200.087
 20
176.907
 10
1199.95
 20
176.949
 10
1199.798
 20
176.978
 10
1199.633
 20
176.994
 10
1199.471
 20
176.994
 10
1199.327
 20
176.974
 10
1199.202
 20
176.934
 10
1199.096
 20
176.873
 10
1199.01
 20
176.792
 10
1198.942
 20
176.69
 10
1198.893
 20
176.569
 10
1198.863
 20
176.427
 10
1198.86
 20
176.337
 10
1198.868
 20
176.247
 10
1198.89
 20
176.159
 10
1198.924
 20
176.073
 10
1198.971
 20
175.987
 10
1199.031
 20
175.903
 10
1199.103
 20
175.82
 10
1199.188
 20
175.738
 10
1199.147
 20
175.738
 10
1199.351
 20
175.541
 10
1199.54
 20
175.333
 10
1199.711
 20
175.115
 10
1199.866
 20
174.887
 10
1200.005
 20
174.649
 10
1200.127
 20
174.401
 10
1200.233
 20
174.143
 10
1200.322
 20
173.875
 10
1200.511
 20
173.142
 10
1200.692
 20
172.401
 10
1200.865
 20
171.653
 10
1201.031
 20
170.897
 10
1201.189
 20
170.133
 10
1201.34
 20
169.362
 10
1201.483
 20
168.584
 10
1201.618
 20
167.797
 10
1201.757
 20
167.014
 10
1201.91
 20
166.242
 10
1202.076
 20
165.484
 10
1202.257
 20
164.738
 10
1202.451
 20
164.005
 10
1202.659
 20
163.285
 10
1202.881
 20
162.577
 10
1203.118
 20
161.882
 10
1203.179
 20
161.754
 10
1203.242
 20
161.654
 10
1203.306
 20
161.582
 10
1203.371
 20
161.538
 10
1203.437
 20
161.521
 10
1203.505
 20
161.533
 10
1203.574
 20
161.572
 10
1203.644
 20
161.639
 10
1203.752
 20
161.795
 10
1203.872
 20
162.019
 10
1204.005
 20
162.311
 10
1204.151
 20
162.672
 10
1204.309
 20
163.101
 10
1204.48
 20
163.599
 10
1204.663
 20
164.165
 10
1204.86
 20
164.799
 10
1204.958
 20
165.125
 10
1205.052
 20
165.436
 10
1205.141
 20
165.731
 10
1205.224
 20
166.009
 10
1205.303
 20
166.273
 10
1205.376
 20
166.52
 10
1205.445
 20
166.751
 10
1205.508
 20
166.967
 10
1205.566
 20
167.166
 10
1205.619
 20
167.35
 10
1205.668
 20
167.518
 10
1205.711
 20
167.671
 10
1205.749
 20
167.807
 10
1205.781
 20
167.928
 10
1205.809
 20
168.032
 10
1205.832
 20
168.121
 10
1205.946
 20
168.752
 10
1206.026
 20
169.347
 10
1206.07
 20
169.907
 10
1206.08
 20
170.431
 10
1206.055
 20
170.919
 10
1205.995
 20
171.373
 10
1205.901
 20
171.791
 10
1205.771
 20
172.173
 10
1205.606
 20
172.529
 10
1205.403
 20
172.869
 10
1205.163
 20
173.193
 10
1204.885
 20
173.5
 10
1204.57
 20
173.79
 10
1204.218
 20
174.065
 10
1203.828
 20
174.322
 10
1203.401
 20
174.563
 10
1203.2
 20
174.665
 10
1203.0
 20
174.768
 10
1202.802
 20
174.873
 10
1202.606
 20
174.979
 10
1202.412
 20
175.086
 10
1202.22
 20
175.194
 10
1202.03
 20
175.303
 10
1201.841
 20
175.414
 10
1201.657
 20
175.529
 10
1201.48
 20
175.65
 10
1201.31
 20
175.777
 10
1201.147
 20
175.911
 10
1200.991
 20
176.05
 10
1200.842
 20
176.197
 10
1200.7
 20
176.349
 10
1200.565
 20
176.508
  0
LWPOLYLINE
  5
BB
330
17
100
AcDbEntity
  8
ENGRAVE_V
100
AcDbPolyline
 90
35
 70
1
 10
1207.817
 20
185.341
 10
1205.143
 20
182.464
 10
1205.397
 20
182.261
 10
1205.652
 20
182.056
 10
1205.909
 20
181.85
 10
1206.166
 20
181.643
 10
1206.425
 20
181.435
 10
1206.685
 20
181.226
 10
1206.947
 20
181.015
 10
1207.21
 20
180.803
 10
1207.473
 20
180.591
 10
1207.736
 20
180.38
 10
1208.0
 20
180.17
 10
1208.263
 20
179.962
 10
1208.526
 20
179.755
 10
1208.79
 20
179.549
 10
1209.053
 20
179.345
 10
1209.316
 20
179.142
 10
1211.99
 20
182.018
 10
1211.727
 20
182.231
 10
1211.465
 20
182.442
 10
1211.203
 20
182.654
 10
1210.942
 20
182.864
 10
1210.682
 20
183.074
 10
1210.422
 20
183.283
 10
1210.163
 20
183.492
 10
1209.904
 20
183.7
 10
1209.645
 20
183.907
 10
1209.386
 20
184.114
 10
1209.126
 20
184.32
 10
1208.866
 20
184.525
 10
1208.605
 20
184.73
 10
1208.343
 20
184.934
 10
1208.08
 20
185.138
 10
1207.817
 20
185.341
  0
LWPOLYLINE
  5
BC
330
17
100
AcDbEntity
  8
ENGRAVE_V
100
AcDbPolyline
 90
162
 70
1
 10
1200.687
 20
186.556
 10
1195.703
 20
186.637
 10
1195.727
 20
186.418
 10
1195.736
 20
186.208
 10
1195.732
 20
186.006
 10
1195.713
 20
185.812
 10
1195.681
 20
185.626
 10
1195.635
 20
185.448
 10
1195.575
 20
185.279
 10
1195.501
 20
185.118
 10
1195.41
 20
184.972
 10
1195.301
 20
184.851
 10
1195.172
 20
184.752
 10
1195.025
 20
184.677
 10
1194.858
 20
184.625
 10
1194.673
 20
184.597
 10
1194.468
 20
184.593
 10
1194.245
 20
184.611
 10
1194.139
 20
184.603
 10
1194.046
 20
184.578
 10
1193.964
 20
184.537
 10
1193.895
 20
184.48
 10
1193.838
 20
184.406
 10
1193.793
 20
184.315
 10
1193.759
 20
184.208
 10
1193.738
 20
184.085
 10
1193.726
 20
183.948
 10
1193.72
 20
183.803
 10
1193.721
 20
183.65
 10
1193.728
 20
183.487
 10
1193.741
 20
183.315
 10
1193.761
 20
183.135
 10
1193.787
 20
182.946
 10
1193.819
 20
182.748
 10
1193.856
 20
182.544
 10
1193.895
 20
182.339
 10
1193.937
 20
182.131
 10
1193.981
 20
181.922
 10
1194.028
 20
181.711
 10
1194.077
 20
181.498
 10
1194.129
 20
181.283
 10
1194.184
 20
181.066
 10
1194.239
 20
180.852
 10
1194.294
 20
180.645
 10
1194.348
 20
180.444
 10
1194.402
 20
180.251
 10
1194.454
 20
180.064
 10
1194.507
 20
179.885
 10
1194.558
 20
179.712
 10
1194.609
 20
179.547
 10
1194.857
 20
178.796
 10
1195.113
 20
178.124
 10
1195.378
 20
177.53
 10
1195.653
 20
177.015
 10
1195.936
 20
176.578
 10
1196.227
 20
176.219
 10
1196.528
 20
175.94
 10
1196.838
 20
175.738
 10
1197.011
 20
175.649
 10
1197.188
 20
175.564
 10
1197.368
 20
175.482
 10
1197.552
 20
175.404
 10
1197.738
 20
175.33
 10
1197.928
 20
175.26
 10
1198.121
 20
175.193
 10
1198.316
 20
175.131
 10
1198.513
 20
175.069
 10
1198.708
 20
175.004
 10
1198.9
 20
174.937
 10
1199.091
 20
174.867
 10
1199.28
 20
174.795
 10
1199.467
 20
174.72
 10
1199.653
 20
174.643
 10
1199.836
 20
174.563
 10
1199.851
 20
174.551
 10
1199.875
 20
174.533
 10
1199.909
 20
174.51
 10
1199.952
 20
174.482
 10
1200.005
 20
174.449
 10
1200.067
 20
174.411
 10
1200.139
 20
174.368
 10
1200.221
 20
174.32
 10
1200.303
 20
174.273
 10
1200.376
 20
174.234
 10
1200.442
 20
174.203
 10
1200.499
 20
174.178
 10
1200.548
 20
174.162
 10
1200.589
 20
174.153
 10
1200.622
 20
174.152
 10
1200.646
 20
174.158
 10
1200.851
 20
174.119
 10
1201.04
 20
174.101
 10
1201.213
 20
174.106
 10
1201.37
 20
174.133
 10
1201.512
 20
174.182
 10
1201.637
 20
174.253
 10
1201.747
 20
174.347
 10
1201.841
 20
174.462
 10
1201.91
 20
174.589
 10
1201.944
 20
174.717
 10
1201.943
 20
174.845
 10
1201.907
 20
174.974
 10
1201.837
 20
175.103
 10
1201.731
 20
175.233
 10
1201.591
 20
175.364
 10
1201.416
 20
175.495
 10
1201.247
 20
175.669
 10
1201.087
 20
175.845
 10
1200.934
 20
176.023
 10
1200.788
 20
176.204
 10
1200.65
 20
176.388
 10
1200.519
 20
176.574
 10
1200.397
 20
176.763
 10
1200.281
 20
176.954
 10
1200.221
 20
177.118
 10
1200.161
 20
177.288
 10
1200.102
 20
177.463
 10
1200.043
 20
177.643
 10
1199.985
 20
177.827
 10
1199.928
 20
178.017
 10
1199.872
 20
178.212
 10
1199.816
 20
178.412
 10
1199.76
 20
178.616
 10
1199.705
 20
178.823
 10
1199.651
 20
179.031
 10
1199.598
 20
179.243
 10
1199.545
 20
179.457
 10
1199.493
 20
179.673
 10
1199.441
 20
179.892
 10
1199.39
 20
180.114
 10
1199.305
 20
180.531
 10
1199.251
 20
180.891
 10
1199.229
 20
181.195
 10
1199.238
 20
181.441
 10
1199.279
 20
181.63
 10
1199.352
 20
181.762
 10
1199.457
 20
181.838
 10
1199.593
 20
181.856
 10
1200.026
 20
181.816
 10
1200.393
 20
181.836
 10
1200.694
 20
181.917
 10
1200.93
 20
182.059
 10
1201.099
 20
182.261
 10
1201.203
 20
182.525
 10
1201.241
 20
182.849
 10
1201.213
 20
183.234
 10
1201.183
 20
183.437
 10
1201.153
 20
183.641
 10
1201.122
 20
183.847
 10
1201.092
 20
184.054
 10
1201.061
 20
184.262
 10
1201.031
 20
184.472
 10
1201.001
 20
184.683
 10
1200.97
 20
184.895
 10
1200.939
 20
185.107
 10
1200.907
 20
185.318
 10
1200.873
 20
185.527
 10
1200.839
 20
185.736
 10
1200.802
 20
185.943
 10
1200.765
 20
186.148
 10
1200.726
 20
186.353
 10
1200.687
 20
186.556
  0
LWPOLYLINE
  5
BD
330
17
100
AcDbEntity
  8
ENGRAVE_V
100
AcDbPolyline
 90
98
 70
1
 10
1194.366
 20
192.755
 10
1194.611
 20
191.918
 10
1194.837
 20
191.068
 10
1195.046
 20
190.206
 10
1195.237
 20
189.331
 10
1195.411
 20
188.444
 10
1195.566
 20
187.544
 10
1195.704
 20
186.631
 10
1195.825
 20
185.705
 10
1201.051
 20
184.814
 10
1200.89
 20
185.487
 10
1200.73
 20
186.15
 10
1200.571
 20
186.801
 10
1200.413
 20
187.442
 10
1200.257
 20
188.072
 10
1200.102
 20
188.692
 10
1199.948
 20
189.301
 10
1199.795
 20
189.899
 10
1199.635
 20
190.489
 10
1199.458
 20
191.075
 10
1199.265
 20
191.656
 10
1199.056
 20
192.233
 10
1198.83
 20
192.806
 10
1198.587
 20
193.374
 10
1198.328
 20
193.938
 10
1198.053
 20
194.497
 10
1197.737
 20
195.104
 10
1197.415
 20
195.669
 10
1197.088
 20
196.193
 10
1196.757
 20
196.675
 10
1196.42
 20
197.115
 10
1196.078
 20
197.513
 10
1195.731
 20
197.869
 10
1195.379
 20
198.184
 10
1195.151
 20
198.371
 10
1194.933
 20
198.546
 10
1194.726
 20
198.71
 10
1194.528
 20
198.863
 10
1194.341
 20
199.004
 10
1194.164
 20
199.134
 10
1193.996
 20
199.252
 10
1193.839
 20
199.359
 10
1193.684
 20
199.458
 10
1193.523
 20
199.553
 10
1193.355
 20
199.643
 10
1193.181
 20
199.729
 10
1193.001
 20
199.81
 10
1192.814
 20
199.887
 10
1192.621
 20
199.959
 10
1192.421
 20
200.027
 10
1192.208
 20
200.094
 10
1191.973
 20
200.16
 10
1191.717
 20
200.228
 10
1191.439
 20
200.296
 10
1191.139
 20
200.365
 10
1190.819
 20
200.434
 10
1190.476
 20
200.504
 10
1190.112
 20
200.574
 10
1189.751
 20
200.621
 10
1189.436
 20
200.597
 10
1189.168
 20
200.504
 10
1188.947
 20
200.341
 10
1188.773
 20
200.109
 10
1188.646
 20
199.807
 10
1188.565
 20
199.436
 10
1188.532
 20
198.994
 10
1188.517
 20
198.528
 10
1188.512
 20
198.1
 10
1188.517
 20
197.712
 10
1188.532
 20
197.364
 10
1188.557
 20
197.054
 10
1188.593
 20
196.784
 10
1188.638
 20
196.553
 10
1188.694
 20
196.361
 10
1188.729
 20
196.098
 10
1188.833
 20
195.837
 10
1189.007
 20
195.576
 10
1189.251
 20
195.318
 10
1189.564
 20
195.06
 10
1189.947
 20
194.803
 10
1190.4
 20
194.548
 10
1190.922
 20
194.294
 10
1191.202
 20
194.165
 10
1191.473
 20
194.041
 10
1191.736
 20
193.922
 10
1191.991
 20
193.808
 10
1192.238
 20
193.699
 10
1192.476
 20
193.596
 10
1192.706
 20
193.497
 10
1192.928
 20
193.403
 10
1193.141
 20
193.313
 10
1193.344
 20
193.226
 10
1193.538
 20
193.141
 10
1193.723
 20
193.059
 10
1193.898
 20
192.979
 10
1194.064
 20
192.902
 10
1194.22
 20
192.827
 10
1194.366
 20
192.755
  0
LWPOLYLINE
  5
BE
330
17
100
AcDbEntity
  8
ENGRAVE_V
100
AcDbPolyline
 90
35
 70
1
 10
1180.388
 20
235.458
 10
1177.714
 20
232.582
 10
1177.968
 20
232.379
 10
1178.223
 20
232.174
 10
1178.48
 20
231.968
 10
1178.737
 20
231.761
 10
1178.996
 20
231.553
 10
1179.256
 20
231.344
 10
1179.518
 20
231.133
 10
1179.781
 20
230.921
 10
1180.044
 20
230.709
 10
1180.307
 20
230.498
 10
1180.571
 20
230.288
 10
1180.834
 20
230.08
 10
1181.097
 20
229.873
 10
1181.361
 20
229.667
 10
1181.624
 20
229.463
 10
1181.887
 20
229.259
 10
1184.561
 20
232.136
 10
1184.298
 20
232.348
 10
1184.036
 20
232.56
 10
1183.774
 20
232.771
 10
1183.513
 20
232.982
 10
1183.253
 20
233.192
 10
1182.993
 20
233.401
 10
1182.733
 20
233.61
 10
1182.475
 20
233.818
 10
1182.216
 20
234.025
 10
1181.957
 20
234.232
 10
1181.697
 20
234.438
 10
1181.437
 20
234.643
 10
1181.175
 20
234.848
 10
1180.914
 20
235.052
 10
1180.651
 20
235.255
 10
1180.388
 20
235.458
  0
LWPOLYLINE
  5
BF
330
17
100
AcDbEntity
  8
ENGRAVE_V
100
AcDbPolyline
 90
227
 70
1
 10
1190.558
 20
211.311
 10
1190.563
 20
211.241
 10
1190.58
 20
211.172
 10
1190.609
 20
211.104
 10
1190.649
 20
211.038
 10
1190.7
 20
210.972
 10
1190.763
 20
210.908
 10
1190.837
 20
210.846
 10
1190.922
 20
210.784
 10
1191.209
 20
210.602
 10
1191.503
 20
210.42
 10
1191.805
 20
210.237
 10
1192.112
 20
210.055
 10
1192.427
 20
209.873
 10
1192.749
 20
209.69
 10
1193.078
 20
209.508
 10
1193.414
 20
209.326
 10
1193.756
 20
209.144
 10
1194.104
 20
208.964
 10
1194.458
 20
208.785
 10
1194.817
 20
208.607
 10
1195.182
 20
208.43
 10
1195.553
 20
208.255
 10
1195.929
 20
208.081
 10
1196.311
 20
207.908
 10
1196.773
 20
207.718
 10
1197.228
 20
207.553
 10
1197.675
 20
207.414
 10
1198.114
 20
207.3
 10
1198.546
 20
207.211
 10
1198.97
 20
207.148
 10
1199.386
 20
207.11
 10
1199.795
 20
207.097
 10
1200.087
 20
207.104
 10
1200.375
 20
207.123
 10
1200.659
 20
207.154
 10
1200.94
 20
207.199
 10
1201.216
 20
207.256
 10
1201.489
 20
207.325
 10
1201.758
 20
207.408
 10
1202.024
 20
207.503
 10
1202.496
 20
207.684
 10
1202.94
 20
207.905
 10
1203.357
 20
208.165
 10
1203.746
 20
208.465
 10
1204.106
 20
208.804
 10
1204.439
 20
209.181
 10
1204.745
 20
209.599
 10
1205.022
 20
210.055
 10
1205.297
 20
210.588
 10
1205.536
 20
211.154
 10
1205.738
 20
211.753
 10
1205.903
 20
212.385
 10
1206.032
 20
213.049
 10
1206.123
 20
213.747
 10
1206.178
 20
214.478
 10
1206.197
 20
215.241
 10
1206.183
 20
216.108
 10
1206.142
 20
216.967
 10
1206.074
 20
217.817
 10
1205.979
 20
218.66
 10
1205.856
 20
219.494
 10
1205.707
 20
220.319
 10
1205.53
 20
221.137
 10
1205.326
 20
221.946
 10
1205.104
 20
222.738
 10
1204.874
 20
223.502
 10
1204.635
 20
224.24
 10
1204.389
 20
224.95
 10
1204.134
 20
225.632
 10
1203.871
 20
226.288
 10
1203.6
 20
226.916
 10
1203.32
 20
227.517
 10
1203.32
 20
227.517
 10
1203.158
 20
228.166
 10
1202.888
 20
229.015
 10
1202.566
 20
229.822
 10
1202.189
 20
230.585
 10
1201.76
 20
231.306
 10
1201.278
 20
231.983
 10
1200.742
 20
232.617
 10
1200.154
 20
233.209
 10
1199.512
 20
233.757
 10
1198.825
 20
234.279
 10
1198.121
 20
234.772
 10
1197.402
 20
235.236
 10
1196.665
 20
235.671
 10
1195.913
 20
236.077
 10
1195.144
 20
236.454
 10
1194.358
 20
236.801
 10
1193.556
 20
237.12
 10
1193.405
 20
237.159
 10
1193.257
 20
237.195
 10
1193.111
 20
237.23
 10
1192.968
 20
237.261
 10
1192.828
 20
237.29
 10
1192.69
 20
237.317
 10
1192.554
 20
237.341
 10
1192.421
 20
237.363
 10
1192.291
 20
237.382
 10
1192.163
 20
237.398
 10
1192.038
 20
237.412
 10
1191.915
 20
237.423
 10
1191.795
 20
237.432
 10
1191.677
 20
237.439
 10
1191.562
 20
237.442
 10
1191.449
 20
237.444
 10
1191.16
 20
237.434
 10
1190.882
 20
237.404
 10
1190.613
 20
237.355
 10
1190.355
 20
237.287
 10
1190.107
 20
237.198
 10
1189.869
 20
237.09
 10
1189.641
 20
236.963
 10
1189.423
 20
236.816
 10
1189.224
 20
236.65
 10
1189.051
 20
236.467
 10
1188.905
 20
236.268
 10
1188.785
 20
236.051
 10
1188.692
 20
235.817
 10
1188.626
 20
235.566
 10
1188.586
 20
235.298
 10
1188.572
 20
235.013
 10
1188.603
 20
234.645
 10
1188.694
 20
234.271
 10
1188.846
 20
233.89
 10
1189.059
 20
233.504
 10
1189.332
 20
233.11
 10
1189.666
 20
232.711
 10
1190.061
 20
232.305
 10
1190.517
 20
231.893
 10
1191.383
 20
231.184
 10
1192.297
 20
230.495
 10
1193.261
 20
229.827
 10
1194.275
 20
229.178
 10
1195.338
 20
228.55
 10
1196.45
 20
227.943
 10
1197.612
 20
227.355
 10
1198.823
 20
226.788
 10
1198.924
 20
226.499
 10
1199.024
 20
226.201
 10
1199.124
 20
225.892
 10
1199.223
 20
225.573
 10
1199.321
 20
225.243
 10
1199.419
 20
224.904
 10
1199.516
 20
224.555
 10
1199.613
 20
224.195
 10
1199.709
 20
223.825
 10
1199.804
 20
223.443
 10
1199.899
 20
223.05
 10
1199.993
 20
222.645
 10
1200.086
 20
222.229
 10
1200.179
 20
221.802
 10
1200.271
 20
221.363
 10
1200.362
 20
220.913
 10
1200.422
 20
220.63
 10
1200.478
 20
220.349
 10
1200.531
 20
220.068
 10
1200.58
 20
219.789
 10
1200.627
 20
219.511
 10
1200.67
 20
219.234
 10
1200.71
 20
218.959
 10
1200.747
 20
218.685
 10
1200.781
 20
218.412
 10
1200.809
 20
218.14
 10
1200.834
 20
217.87
 10
1200.854
 20
217.601
 10
1200.869
 20
217.333
 10
1200.88
 20
217.067
 10
1200.887
 20
216.802
 10
1200.889
 20
216.538
 10
1200.889
 20
216.396
 10
1200.887
 20
216.257
 10
1200.883
 20
216.118
 10
1200.879
 20
215.98
 10
1200.873
 20
215.844
 10
1200.866
 20
215.71
 10
1200.858
 20
215.576
 10
1200.849
 20
215.444
 10
1200.838
 20
215.312
 10
1200.826
 20
215.18
 10
1200.813
 20
215.049
 10
1200.798
 20
214.917
 10
1200.782
 20
214.785
 10
1200.765
 20
214.654
 10
1200.747
 20
214.522
 10
1200.727
 20
214.39
 10
1200.6
 20
213.678
 10
1200.421
 20
213.02
 10
1200.19
 20
212.417
 10
1199.907
 20
211.868
 10
1199.572
 20
211.374
 10
1199.185
 20
210.934
 10
1198.746
 20
210.548
 10
1198.256
 20
210.217
 10
1198.08
 20
210.132
 10
1197.899
 20
210.058
 10
1197.711
 20
209.995
 10
1197.516
 20
209.944
 10
1197.316
 20
209.904
 10
1197.109
 20
209.875
 10
1196.895
 20
209.858
 10
1196.676
 20
209.852
 10
1196.141
 20
209.88
 10
1195.569
 20
209.961
 10
1194.961
 20
210.097
 10
1194.316
 20
210.288
 10
1193.634
 20
210.533
 10
1192.915
 20
210.832
 10
1192.16
 20
211.186
 10
1191.368
 20
211.595
 10
1191.29
 20
211.623
 10
1191.219
 20
211.648
 10
1191.153
 20
211.669
 10
1191.095
 20
211.686
 10
1191.042
 20
211.699
 10
1190.996
 20
211.709
 10
1190.956
 20
211.714
 10
1190.922
 20
211.716
 10
1190.837
 20
211.71
 10
1190.763
 20
211.691
 10
1190.7
 20
211.659
 10
1190.649
 20
211.615
 10
1190.609
 20
211.558
 10
1190.58
 20
211.488
 10
1190.563
 20
211.406
 10
1190.558
 20
211.311
  0
LWPOLYLINE
  5
C0
330
17
100
AcDbEntity
  8
ENGRAVE_V
100
AcDbPolyline
 90
73
 70
1
 10
1196.716
 20
229.3
 10
1196.626
 20
229.304
 10
1196.539
 20
229.315
 10
1196.454
 20
229.334
 10
1196.372
 20
229.361
 10
1196.292
 20
229.395
 10
1196.215
 20
229.437
 10
1196.14
 20
229.486
 10
1196.068
 20
229.543
 10
1195.886
 20
229.685
 10
1195.703
 20
229.825
 10
1195.521
 20
229.966
 10
1195.339
 20
230.105
 10
1195.156
 20
230.244
 10
1194.974
 20
230.383
 10
1194.792
 20
230.52
 10
1194.609
 20
230.657
 10
1194.433
 20
230.8
 10
1194.27
 20
230.955
 10
1194.119
 20
231.122
 10
1193.981
 20
231.3
 10
1193.856
 20
231.491
 10
1193.743
 20
231.694
 10
1193.643
 20
231.909
 10
1193.556
 20
232.136
 10
1193.606
 20
232.249
 10
1193.677
 20
232.365
 10
1193.769
 20
232.485
 10
1193.88
 20
232.607
 10
1194.012
 20
232.733
 10
1194.164
 20
232.862
 10
1194.336
 20
232.994
 10
1194.528
 20
233.129
 10
1194.732
 20
233.257
 10
1194.938
 20
233.368
 10
1195.147
 20
233.462
 10
1195.359
 20
233.539
 10
1195.573
 20
233.599
 10
1195.789
 20
233.642
 10
1196.008
 20
233.667
 10
1196.23
 20
233.676
 10
1196.387
 20
233.666
 10
1196.534
 20
233.638
 10
1196.67
 20
233.59
 10
1196.797
 20
233.524
 10
1196.914
 20
233.438
 10
1197.02
 20
233.334
 10
1197.116
 20
233.21
 10
1197.202
 20
233.068
 10
1197.383
 20
232.669
 10
1197.542
 20
232.28
 10
1197.677
 20
231.904
 10
1197.79
 20
231.539
 10
1197.88
 20
231.185
 10
1197.947
 20
230.842
 10
1197.991
 20
230.511
 10
1198.013
 20
230.191
 10
1197.978
 20
230.12
 10
1197.935
 20
230.048
 10
1197.884
 20
229.976
 10
1197.825
 20
229.903
 10
1197.758
 20
229.829
 10
1197.682
 20
229.755
 10
1197.598
 20
229.68
 10
1197.506
 20
229.604
 10
1197.41
 20
229.533
 10
1197.312
 20
229.471
 10
1197.215
 20
229.419
 10
1197.116
 20
229.376
 10
1197.017
 20
229.343
 10
1196.917
 20
229.319
 10
1196.817
 20
229.305
 10
1196.716
 20
229.3
  0
LWPOLYLINE
  5
C1
330
17
100
AcDbEntity
  8
ENGRAVE_V
100
AcDbPolyline
 90
163
 70
1
 10
1194.731
 20
248.707
 10
1194.191
 20
248.848
 10
1193.644
 20
248.965
 10
1193.092
 20
249.06
 10
1192.533
 20
249.132
 10
1191.968
 20
249.182
 10
1191.396
 20
249.208
 10
1190.818
 20
249.212
 10
1190.234
 20
249.193
 10
1177.147
 20
248.302
 10
1182.049
 20
245.263
 10
1182.295
 20
245.283
 10
1182.524
 20
245.302
 10
1182.738
 20
245.321
 10
1182.936
 20
245.339
 10
1183.118
 20
245.357
 10
1183.284
 20
245.373
 10
1183.434
 20
245.389
 10
1183.569
 20
245.405
 10
1183.693
 20
245.42
 10
1183.813
 20
245.435
 10
1183.929
 20
245.451
 10
1184.04
 20
245.466
 10
1184.146
 20
245.481
 10
1184.249
 20
245.496
 10
1184.346
 20
245.511
 10
1184.44
 20
245.527
 10
1184.535
 20
245.542
 10
1184.637
 20
245.557
 10
1184.747
 20
245.572
 10
1184.865
 20
245.587
 10
1184.991
 20
245.602
 10
1185.124
 20
245.618
 10
1185.264
 20
245.633
 10
1185.412
 20
245.648
 10
1185.574
 20
245.663
 10
1185.757
 20
245.677
 10
1185.959
 20
245.691
 10
1186.182
 20
245.704
 10
1186.425
 20
245.716
 10
1186.688
 20
245.728
 10
1186.972
 20
245.739
 10
1187.276
 20
245.749
 10
1187.808
 20
245.77
 10
1188.352
 20
245.792
 10
1188.907
 20
245.816
 10
1189.474
 20
245.841
 10
1190.052
 20
245.866
 10
1190.641
 20
245.894
 10
1191.242
 20
245.922
 10
1191.854
 20
245.952
 10
1192.465
 20
245.98
 10
1193.062
 20
246.005
 10
1193.645
 20
246.026
 10
1194.214
 20
246.043
 10
1194.769
 20
246.056
 10
1195.311
 20
246.066
 10
1195.838
 20
246.072
 10
1196.351
 20
246.073
 10
1196.569
 20
245.554
 10
1196.777
 20
245.009
 10
1196.974
 20
244.437
 10
1197.162
 20
243.84
 10
1197.339
 20
243.217
 10
1197.506
 20
242.568
 10
1197.663
 20
241.892
 10
1197.81
 20
241.191
 10
1197.946
 20
240.481
 10
1198.071
 20
239.777
 10
1198.184
 20
239.08
 10
1198.286
 20
238.391
 10
1198.377
 20
237.708
 10
1198.456
 20
237.032
 10
1198.523
 20
236.363
 10
1198.58
 20
235.701
 10
1198.598
 20
235.366
 10
1198.611
 20
235.029
 10
1198.621
 20
234.69
 10
1198.625
 20
234.349
 10
1198.626
 20
234.006
 10
1198.622
 20
233.662
 10
1198.613
 20
233.315
 10
1198.6
 20
232.967
 10
1198.579
 20
232.623
 10
1198.546
 20
232.292
 10
1198.5
 20
231.972
 10
1198.443
 20
231.665
 10
1198.374
 20
231.37
 10
1198.292
 20
231.086
 10
1198.199
 20
230.815
 10
1198.094
 20
230.556
 10
1197.974
 20
230.314
 10
1197.838
 20
230.095
 10
1197.685
 20
229.899
 10
1197.516
 20
229.725
 10
1197.331
 20
229.575
 10
1197.129
 20
229.447
 10
1196.91
 20
229.342
 10
1196.676
 20
229.259
 10
1196.953
 20
229.158
 10
1197.238
 20
229.056
 10
1197.53
 20
228.953
 10
1197.83
 20
228.849
 10
1198.138
 20
228.745
 10
1198.453
 20
228.64
 10
1198.776
 20
228.535
 10
1199.106
 20
228.429
 10
1199.445
 20
228.323
 10
1199.79
 20
228.217
 10
1200.143
 20
228.113
 10
1200.504
 20
228.009
 10
1200.873
 20
227.905
 10
1201.249
 20
227.802
 10
1201.632
 20
227.7
 10
1202.024
 20
227.598
 10
1202.24
 20
227.619
 10
1202.443
 20
227.66
 10
1202.632
 20
227.723
 10
1202.809
 20
227.806
 10
1202.972
 20
227.91
 10
1203.121
 20
228.035
 10
1203.258
 20
228.181
 10
1203.381
 20
228.348
 10
1203.491
 20
228.528
 10
1203.59
 20
228.714
 10
1203.676
 20
228.905
 10
1203.751
 20
229.102
 10
1203.813
 20
229.305
 10
1203.863
 20
229.514
 10
1203.902
 20
229.728
 10
1203.928
 20
229.948
 10
1203.965
 20
230.307
 10
1203.995
 20
230.674
 10
1204.018
 20
231.049
 10
1204.034
 20
231.432
 10
1204.043
 20
231.824
 10
1204.046
 20
232.223
 10
1204.041
 20
232.631
 10
1204.029
 20
233.048
 10
1204.011
 20
233.472
 10
1203.987
 20
233.905
 10
1203.958
 20
234.346
 10
1203.923
 20
234.795
 10
1203.882
 20
235.252
 10
1203.835
 20
235.718
 10
1203.783
 20
236.192
 10
1203.725
 20
236.674
 10
1203.549
 20
237.816
 10
1203.325
 20
238.911
 10
1203.053
 20
239.96
 10
1202.733
 20
240.963
 10
1202.364
 20
241.92
 10
1201.948
 20
242.831
 10
1201.483
 20
243.695
 10
1200.97
 20
244.514
 10
1200.403
 20
245.275
 10
1199.775
 20
245.968
 10
1199.086
 20
246.594
 10
1198.337
 20
247.152
 10
1197.526
 20
247.643
 10
1196.655
 20
248.065
 10
1195.723
 20
248.42
 10
1194.731
 20
248.707
  0
LWPOLYLINE
  5
C2
330
17
100
AcDbEntity
  8
ENGRAVE_V
100
AcDbPolyline
 90
179
 70
1
 10
1167.99
 20
257.62
 10
1167.99
 20
257.62
 10
1168.0
 20
257.62
 10
1168.007
 20
257.62
 10
1168.012
 20
257.62
 10
1168.016
 20
257.62
 10
1168.017
 20
257.62
 10
1168.017
 20
257.62
 10
1168.015
 20
257.62
 10
1168.011
 20
257.62
 10
1168.006
 20
257.62
 10
1168.002
 20
257.62
 10
1167.998
 20
257.62
 10
1167.996
 20
257.62
 10
1167.993
 20
257.62
 10
1167.992
 20
257.62
 10
1167.991
 20
257.62
 10
1167.99
 20
257.62
 10
1168.021
 20
257.55
 10
1168.051
 20
257.48
 10
1168.082
 20
257.411
 10
1168.112
 20
257.342
 10
1168.142
 20
257.274
 10
1168.173
 20
257.206
 10
1168.203
 20
257.14
 10
1168.234
 20
257.073
 10
1168.265
 20
257.008
 10
1168.299
 20
256.943
 10
1168.336
 20
256.879
 10
1168.375
 20
256.815
 10
1168.417
 20
256.752
 10
1168.461
 20
256.69
 10
1168.508
 20
256.628
 10
1168.558
 20
256.567
 10
1168.636
 20
256.461
 10
1168.73
 20
256.345
 10
1168.839
 20
256.22
 10
1168.963
 20
256.086
 10
1169.102
 20
255.942
 10
1169.257
 20
255.788
 10
1169.426
 20
255.625
 10
1169.611
 20
255.453
 10
1169.806
 20
255.277
 10
1170.006
 20
255.103
 10
1170.211
 20
254.932
 10
1170.421
 20
254.764
 10
1170.637
 20
254.598
 10
1170.857
 20
254.435
 10
1171.082
 20
254.274
 10
1171.313
 20
254.116
 10
1171.544
 20
253.966
 10
1171.771
 20
253.832
 10
1171.995
 20
253.713
 10
1172.214
 20
253.609
 10
1172.43
 20
253.521
 10
1172.642
 20
253.447
 10
1172.85
 20
253.389
 10
1173.055
 20
253.346
 10
1173.252
 20
253.325
 10
1173.437
 20
253.332
 10
1173.611
 20
253.368
 10
1173.774
 20
253.432
 10
1173.925
 20
253.525
 10
1174.065
 20
253.646
 10
1174.194
 20
253.796
 10
1174.311
 20
253.974
 10
1174.352
 20
254.057
 10
1174.394
 20
254.144
 10
1174.438
 20
254.234
 10
1174.483
 20
254.329
 10
1174.529
 20
254.427
 10
1174.577
 20
254.529
 10
1174.626
 20
254.634
 10
1174.676
 20
254.744
 10
1174.726
 20
254.853
 10
1174.777
 20
254.959
 10
1174.827
 20
255.061
 10
1174.878
 20
255.159
 10
1174.929
 20
255.253
 10
1174.979
 20
255.344
 10
1175.03
 20
255.431
 10
1175.081
 20
255.514
 10
1175.111
 20
255.559
 10
1175.141
 20
255.592
 10
1175.172
 20
255.614
 10
1175.202
 20
255.625
 10
1175.233
 20
255.624
 10
1175.263
 20
255.612
 10
1175.293
 20
255.589
 10
1175.324
 20
255.554
 10
1175.354
 20
255.515
 10
1175.382
 20
255.478
 10
1175.409
 20
255.444
 10
1175.435
 20
255.412
 10
1175.46
 20
255.383
 10
1175.483
 20
255.357
 10
1175.505
 20
255.333
 10
1175.526
 20
255.311
 10
1175.647
 20
255.087
 10
1175.764
 20
254.86
 10
1175.88
 20
254.631
 10
1175.992
 20
254.399
 10
1176.102
 20
254.165
 10
1176.21
 20
253.928
 10
1176.315
 20
253.689
 10
1176.418
 20
253.447
 10
1176.52
 20
253.205
 10
1176.623
 20
252.964
 10
1176.727
 20
252.724
 10
1176.833
 20
252.485
 10
1176.94
 20
252.248
 10
1177.048
 20
252.012
 10
1177.158
 20
251.777
 10
1177.269
 20
251.543
 10
1177.218
 20
251.816
 10
1177.169
 20
252.088
 10
1177.119
 20
252.358
 10
1177.071
 20
252.627
 10
1177.023
 20
252.895
 10
1176.976
 20
253.161
 10
1176.93
 20
253.426
 10
1176.884
 20
253.69
 10
1176.831
 20
253.952
 10
1176.763
 20
254.21
 10
1176.681
 20
254.463
 10
1176.585
 20
254.713
 10
1176.474
 20
254.96
 10
1176.348
 20
255.202
 10
1176.208
 20
255.441
 10
1176.053
 20
255.676
 10
1175.846
 20
255.949
 10
1175.63
 20
256.2
 10
1175.405
 20
256.43
 10
1175.172
 20
256.638
 10
1174.929
 20
256.825
 10
1174.678
 20
256.99
 10
1174.418
 20
257.134
 10
1174.149
 20
257.256
 10
1173.884
 20
257.347
 10
1173.637
 20
257.398
 10
1173.408
 20
257.408
 10
1173.197
 20
257.377
 10
1173.003
 20
257.306
 10
1172.827
 20
257.195
 10
1172.669
 20
257.043
 10
1172.528
 20
256.851
 10
1172.45
 20
256.736
 10
1172.378
 20
256.616
 10
1172.311
 20
256.491
 10
1172.25
 20
256.359
 10
1172.194
 20
256.222
 10
1172.145
 20
256.08
 10
1172.101
 20
255.931
 10
1172.062
 20
255.777
 10
1172.023
 20
255.624
 10
1171.975
 20
255.479
 10
1171.919
 20
255.343
 10
1171.855
 20
255.215
 10
1171.782
 20
255.095
 10
1171.701
 20
254.983
 10
1171.613
 20
254.88
 10
1171.515
 20
254.784
 10
1171.359
 20
254.899
 10
1171.215
 20
255.02
 10
1171.083
 20
255.147
 10
1170.963
 20
255.281
 10
1170.855
 20
255.421
 10
1170.759
 20
255.567
 10
1170.676
 20
255.719
 10
1170.604
 20
255.878
 10
1170.534
 20
256.034
 10
1170.456
 20
256.177
 10
1170.369
 20
256.307
 10
1170.275
 20
256.425
 10
1170.172
 20
256.53
 10
1170.061
 20
256.623
 10
1169.941
 20
256.703
 10
1169.814
 20
256.77
 10
1167.99
 20
257.62
  0
LWPOLYLINE
  5
C3
330
17
100
AcDbEntity
  8
ENGRAVE_V
100
AcDbPolyline
 90
5
 70
1
 10
1183.143
 20
253.326
 10
1200.362
 20
254.46
 10
1195.582
 20
257.458
 10
1178.362
 20
256.324
 10
1183.143
 20
253.326
  0
LWPOLYLINE
  5
C4
330
17
100
AcDbEntity
  8
ENGRAVE_V
100
AcDbPolyline
 90
449
 70
1
 10
1321.99
 20
77.737
 10
1321.966
 20
76.601
 10
1321.894
 20
75.493
 10
1321.773
 20
74.414
 10
1321.603
 20
73.362
 10
1321.385
 20
72.338
 10
1321.119
 20
71.342
 10
1320.804
 20
70.374
 10
1320.441
 20
69.434
 10
1320.032
 20
68.532
 10
1319.579
 20
67.679
 10
1319.082
 20
66.874
 10
1318.541
 20
66.118
 10
1317.956
 20
65.41
 10
1317.328
 20
64.75
 10
1316.655
 20
64.139
 10
1315.939
 20
63.576
 10
1315.181
 20
63.071
 10
1314.386
 20
62.633
 10
1313.554
 20
62.263
 10
1312.683
 20
61.96
 10
1311.774
 20
61.725
 10
1310.828
 20
61.556
 10
1309.844
 20
61.455
 10
1308.822
 20
61.422
 10
1307.875
 20
61.445
 10
1306.972
 20
61.515
 10
1306.111
 20
61.633
 10
1305.294
 20
61.797
 10
1304.519
 20
62.008
 10
1303.788
 20
62.266
 10
1303.1
 20
62.571
 10
1302.455
 20
62.922
 10
1301.851
 20
63.302
 10
1301.286
 20
63.691
 10
1300.759
 20
64.089
 10
1300.271
 20
64.496
 10
1299.821
 20
64.912
 10
1299.41
 20
65.337
 10
1299.037
 20
65.771
 10
1298.703
 20
66.215
 10
1298.528
 20
66.466
 10
1298.366
 20
66.714
 10
1298.217
 20
66.957
 10
1298.08
 20
67.195
 10
1297.956
 20
67.429
 10
1297.845
 20
67.658
 10
1297.748
 20
67.883
 10
1297.662
 20
68.103
 10
1297.589
 20
68.311
 10
1297.525
 20
68.502
 10
1297.471
 20
68.675
 10
1297.426
 20
68.829
 10
1297.392
 20
68.965
 10
1297.367
 20
69.083
 10
1297.353
 20
69.183
 10
1297.348
 20
69.265
 10
1297.352
 20
69.333
 10
1297.363
 20
69.392
 10
1297.382
 20
69.442
 10
1297.408
 20
69.482
 10
1297.442
 20
69.514
 10
1297.484
 20
69.537
 10
1297.533
 20
69.551
 10
1297.59
 20
69.555
 10
1297.649
 20
69.551
 10
1297.705
 20
69.54
 10
1297.758
 20
69.521
 10
1297.808
 20
69.495
 10
1297.855
 20
69.461
 10
1297.898
 20
69.419
 10
1297.939
 20
69.37
 10
1297.977
 20
69.313
 10
1298.372
 20
68.702
 10
1298.806
 20
68.128
 10
1299.28
 20
67.592
 10
1299.793
 20
67.092
 10
1300.345
 20
66.629
 10
1300.936
 20
66.204
 10
1301.567
 20
65.815
 10
1302.238
 20
65.464
 10
1302.936
 20
65.152
 10
1303.651
 20
64.882
 10
1304.382
 20
64.653
 10
1305.13
 20
64.466
 10
1305.895
 20
64.32
 10
1306.677
 20
64.216
 10
1307.475
 20
64.154
 10
1308.289
 20
64.133
 10
1309.218
 20
64.16
 10
1310.115
 20
64.242
 10
1310.982
 20
64.378
 10
1311.817
 20
64.568
 10
1312.622
 20
64.814
 10
1313.395
 20
65.113
 10
1314.138
 20
65.467
 10
1314.849
 20
65.876
 10
1315.525
 20
66.333
 10
1316.161
 20
66.832
 10
1316.757
 20
67.373
 10
1317.312
 20
67.957
 10
1317.828
 20
68.584
 10
1318.303
 20
69.253
 10
1318.739
 20
69.964
 10
1319.134
 20
70.717
 10
1319.486
 20
71.507
 10
1319.791
 20
72.327
 10
1320.049
 20
73.177
 10
1320.26
 20
74.058
 10
1320.424
 20
74.968
 10
1320.541
 20
75.909
 10
1320.611
 20
76.881
 10
1320.635
 20
77.882
 10
1320.55
 20
79.591
 10
1320.296
 20
81.28
 10
1319.872
 20
82.95
 10
1319.279
 20
84.6
 10
1318.517
 20
86.23
 10
1317.585
 20
87.84
 10
1316.483
 20
89.431
 10
1315.213
 20
91.003
 10
1313.79
 20
92.557
 10
1312.235
 20
94.098
 10
1310.547
 20
95.625
 10
1308.725
 20
97.139
 10
1306.77
 20
98.639
 10
1304.682
 20
100.126
 10
1302.461
 20
101.598
 10
1300.107
 20
103.058
 10
1299.172
 20
103.598
 10
1298.228
 20
104.132
 10
1297.277
 20
104.658
 10
1296.319
 20
105.176
 10
1295.353
 20
105.686
 10
1294.379
 20
106.189
 10
1293.398
 20
106.685
 10
1292.41
 20
107.173
 10
1291.419
 20
107.654
 10
1290.431
 20
108.129
 10
1289.446
 20
108.598
 10
1288.464
 20
109.061
 10
1287.485
 20
109.518
 10
1286.509
 20
109.969
 10
1285.536
 20
110.414
 10
1284.566
 20
110.852
 10
1283.634
 20
111.285
 10
1282.725
 20
111.713
 10
1281.84
 20
112.136
 10
1280.978
 20
112.553
 10
1280.139
 20
112.965
 10
1279.324
 20
113.371
 10
1278.532
 20
113.773
 10
1277.764
 20
114.169
 10
1277.023
 20
114.556
 10
1276.31
 20
114.931
 10
1275.628
 20
115.294
 10
1274.974
 20
115.645
 10
1274.351
 20
115.984
 10
1273.756
 20
116.311
 10
1273.192
 20
116.626
 10
1272.657
 20
116.928
 10
1272.156
 20
117.215
 10
1271.694
 20
117.48
 10
1271.272
 20
117.726
 10
1270.889
 20
117.951
 10
1270.546
 20
118.156
 10
1270.242
 20
118.34
 10
1269.977
 20
118.504
 10
1269.752
 20
118.647
 10
1270.194
 20
115.671
 10
1270.696
 20
112.869
 10
1271.259
 20
110.24
 10
1271.882
 20
107.784
 10
1272.566
 20
105.501
 10
1273.31
 20
103.392
 10
1274.115
 20
101.456
 10
1274.98
 20
99.693
 10
1275.908
 20
98.121
 10
1276.899
 20
96.759
 10
1277.953
 20
95.607
 10
1279.071
 20
94.664
 10
1280.253
 20
93.93
 10
1281.498
 20
93.407
 10
1282.807
 20
93.092
 10
1284.179
 20
92.987
 10
1284.882
 20
93.011
 10
1285.539
 20
93.081
 10
1286.15
 20
93.199
 10
1286.715
 20
93.363
 10
1287.233
 20
93.574
 10
1287.706
 20
93.832
 10
1288.132
 20
94.137
 10
1288.512
 20
94.488
 10
1288.847
 20
94.87
 10
1289.137
 20
95.266
 10
1289.382
 20
95.675
 10
1289.583
 20
96.098
 10
1289.74
 20
96.535
 10
1289.851
 20
96.985
 10
1289.918
 20
97.448
 10
1289.94
 20
97.926
 10
1289.921
 20
98.398
 10
1289.865
 20
98.871
 10
1289.77
 20
99.345
 10
1289.638
 20
99.82
 10
1289.468
 20
100.295
 10
1289.26
 20
100.772
 10
1289.014
 20
101.249
 10
1288.73
 20
101.726
 10
1288.413
 20
102.194
 10
1288.066
 20
102.643
 10
1287.69
 20
103.072
 10
1287.284
 20
103.481
 10
1286.848
 20
103.871
 10
1286.383
 20
104.241
 10
1285.889
 20
104.591
 10
1285.365
 20
104.922
 10
1284.816
 20
105.222
 10
1284.244
 20
105.483
 10
1283.651
 20
105.703
 10
1283.035
 20
105.884
 10
1282.398
 20
106.024
 10
1281.739
 20
106.124
 10
1281.058
 20
106.184
 10
1280.354
 20
106.205
 10
1280.012
 20
106.191
 10
1279.686
 20
106.15
 10
1279.376
 20
106.082
 10
1279.084
 20
105.987
 10
1278.807
 20
105.864
 10
1278.548
 20
105.714
 10
1278.305
 20
105.537
 10
1278.079
 20
105.333
 10
1277.965
 20
105.341
 10
1277.867
 20
105.363
 10
1277.784
 20
105.401
 10
1277.716
 20
105.454
 10
1277.663
 20
105.522
 10
1277.625
 20
105.605
 10
1277.602
 20
105.704
 10
1277.595
 20
105.817
 10
1277.608
 20
105.961
 10
1277.649
 20
106.1
 10
1277.717
 20
106.236
 10
1277.813
 20
106.368
 10
1277.935
 20
106.496
 10
1278.085
 20
106.621
 10
1278.262
 20
106.741
 10
1278.466
 20
106.858
 10
1278.691
 20
106.966
 10
1278.929
 20
107.059
 10
1279.181
 20
107.138
 10
1279.447
 20
107.203
 10
1279.726
 20
107.253
 10
1280.019
 20
107.289
 10
1280.325
 20
107.311
 10
1280.645
 20
107.318
 10
1281.442
 20
107.294
 10
1282.211
 20
107.223
 10
1282.952
 20
107.104
 10
1283.665
 20
106.937
 10
1284.35
 20
106.722
 10
1285.007
 20
106.46
 10
1285.636
 20
106.15
 10
1286.237
 20
105.793
 10
1286.807
 20
105.399
 10
1287.343
 20
104.979
 10
1287.845
 20
104.533
 10
1288.312
 20
104.062
 10
1288.746
 20
103.565
 10
1289.146
 20
103.042
 10
1289.512
 20
102.494
 10
1289.844
 20
101.92
 10
1290.139
 20
101.331
 10
1290.394
 20
100.738
 10
1290.611
 20
100.142
 10
1290.788
 20
99.542
 10
1290.925
 20
98.937
 10
1291.024
 20
98.33
 10
1291.083
 20
97.718
 10
1291.102
 20
97.103
 10
1291.089
 20
96.634
 10
1291.051
 20
96.171
 10
1290.987
 20
95.714
 10
1290.897
 20
95.263
 10
1290.781
 20
94.818
 10
1290.639
 20
94.379
 10
1290.472
 20
93.947
 10
1290.279
 20
93.52
 10
1290.06
 20
93.106
 10
1289.813
 20
92.711
 10
1289.539
 20
92.334
 10
1289.238
 20
91.977
 10
1288.91
 20
91.638
 10
1288.555
 20
91.319
 10
1288.172
 20
91.018
 10
1287.762
 20
90.736
 10
1287.325
 20
90.481
 10
1286.863
 20
90.26
 10
1286.375
 20
90.072
 10
1285.862
 20
89.919
 10
1285.322
 20
89.8
 10
1284.757
 20
89.715
 10
1284.166
 20
89.664
 10
1283.55
 20
89.647
 10
1282.74
 20
89.681
 10
1281.957
 20
89.785
 10
1281.2
 20
89.957
 10
1280.469
 20
90.198
 10
1279.766
 20
90.507
 10
1279.088
 20
90.886
 10
1278.437
 20
91.333
 10
1277.813
 20
91.85
 10
1277.212
 20
92.428
 10
1276.634
 20
93.063
 10
1276.078
 20
93.754
 10
1275.543
 20
94.5
 10
1275.031
 20
95.303
 10
1274.54
 20
96.162
 10
1274.072
 20
97.076
 10
1273.625
 20
98.047
 10
1273.197
 20
99.068
 10
1272.784
 20
100.135
 10
1272.386
 20
101.247
 10
1272.003
 20
102.404
 10
1271.635
 20
103.607
 10
1271.283
 20
104.855
 10
1270.945
 20
106.149
 10
1270.623
 20
107.487
 10
1270.314
 20
108.866
 10
1270.015
 20
110.279
 10
1269.727
 20
111.726
 10
1269.449
 20
113.206
 10
1269.182
 20
114.721
 10
1268.926
 20
116.27
 10
1268.68
 20
117.853
 10
1268.445
 20
119.47
 10
1267.985
 20
119.805
 10
1267.552
 20
120.134
 10
1267.144
 20
120.456
 10
1266.762
 20
120.771
 10
1266.406
 20
121.079
 10
1266.075
 20
121.381
 10
1265.77
 20
121.675
 10
1265.491
 20
121.963
 10
1265.242
 20
122.251
 10
1265.025
 20
122.546
 10
1264.842
 20
122.847
 10
1264.692
 20
123.155
 10
1264.576
 20
123.471
 10
1264.493
 20
123.792
 10
1264.443
 20
124.121
 10
1264.426
 20
124.457
 10
1264.432
 20
124.645
 10
1264.45
 20
124.824
 10
1264.481
 20
124.993
 10
1264.523
 20
125.153
 10
1264.577
 20
125.302
 10
1264.644
 20
125.442
 10
1264.723
 20
125.571
 10
1264.814
 20
125.691
 10
1264.916
 20
125.799
 10
1265.031
 20
125.892
 10
1265.158
 20
125.971
 10
1265.298
 20
126.036
 10
1265.449
 20
126.086
 10
1265.612
 20
126.122
 10
1265.788
 20
126.144
 10
1265.975
 20
126.151
 10
1266.247
 20
126.137
 10
1266.506
 20
126.094
 10
1266.753
 20
126.022
 10
1266.986
 20
125.921
 10
1267.207
 20
125.792
 10
1267.414
 20
125.634
 10
1267.609
 20
125.447
 10
1267.791
 20
125.231
 10
1267.962
 20
124.994
 10
1268.124
 20
124.741
 10
1268.277
 20
124.473
 10
1268.42
 20
124.19
 10
1268.555
 20
123.892
 10
1268.681
 20
123.579
 10
1268.797
 20
123.251
 10
1268.905
 20
122.907
 10
1269.005
 20
122.556
 10
1269.1
 20
122.205
 10
1269.189
 20
121.854
 10
1269.274
 20
121.503
 10
1269.353
 20
121.152
 10
1269.426
 20
120.801
 10
1269.495
 20
120.45
 10
1269.558
 20
120.099
 10
1270.335
 20
119.659
 10
1271.118
 20
119.232
 10
1271.906
 20
118.821
 10
1272.699
 20
118.423
 10
1273.497
 20
118.04
 10
1274.301
 20
117.671
 10
1275.11
 20
117.317
 10
1275.925
 20
116.977
 10
1276.744
 20
116.647
 10
1277.568
 20
116.323
 10
1278.396
 20
116.005
 10
1279.229
 20
115.694
 10
1280.066
 20
115.388
 10
1280.908
 20
115.088
 10
1281.755
 20
114.795
 10
1282.606
 20
114.508
 10
1283.461
 20
114.221
 10
1284.321
 20
113.93
 10
1285.186
 20
113.634
 10
1286.055
 20
113.333
 10
1286.929
 20
113.029
 10
1287.807
 20
112.719
 10
1288.69
 20
112.405
 10
1289.577
 20
112.087
 10
1290.47
 20
111.759
 10
1291.367
 20
111.417
 10
1292.27
 20
111.06
 10
1293.178
 20
110.689
 10
1294.092
 20
110.303
 10
1295.01
 20
109.904
 10
1295.934
 20
109.489
 10
1296.864
 20
109.061
 10
1298.756
 20
108.136
 10
1300.584
 20
107.176
 10
1302.348
 20
106.181
 10
1304.047
 20
105.152
 10
1305.682
 20
104.087
 10
1307.253
 20
102.988
 10
1308.759
 20
101.854
 10
1310.202
 20
100.685
 10
1311.572
 20
99.483
 10
1312.861
 20
98.249
 10
1314.071
 20
96.984
 10
1315.2
 20
95.687
 10
1316.25
 20
94.357
 10
1317.219
 20
92.997
 10
1318.108
 20
91.604
 10
1318.916
 20
90.179
 10
1319.637
 20
88.725
 10
1320.261
 20
87.241
 10
1320.79
 20
85.729
 10
1321.222
 20
84.188
 10
1321.558
 20
82.619
 10
1321.798
 20
81.02
 10
1321.942
 20
79.393
 10
1321.99
 20
77.737
  0
LWPOLYLINE
  5
C5
330
17
100
AcDbEntity
  8
ENGRAVE_V
100
AcDbPolyline
 90
41
 70
1
 10
1268.348
 20
120.971
 10
1268.26
 20
121.447
 10
1268.168
 20
121.882
 10
1268.07
 20
122.276
 10
1267.966
 20
122.629
 10
1267.858
 20
122.941
 10
1267.744
 20
123.213
 10
1267.625
 20
123.444
 10
1267.5
 20
123.634
 10
1267.375
 20
123.792
 10
1267.251
 20
123.93
 10
1267.129
 20
124.047
 10
1267.01
 20
124.142
 10
1266.893
 20
124.216
 10
1266.779
 20
124.269
 10
1266.666
 20
124.301
 10
1266.556
 20
124.311
 10
1266.42
 20
124.302
 10
1266.302
 20
124.275
 10
1266.202
 20
124.23
 10
1266.121
 20
124.166
 10
1266.057
 20
124.084
 10
1266.012
 20
123.985
 10
1265.985
 20
123.867
 10
1265.975
 20
123.73
 10
1265.988
 20
123.594
 10
1266.025
 20
123.45
 10
1266.088
 20
123.3
 10
1266.175
 20
123.143
 10
1266.287
 20
122.98
 10
1266.425
 20
122.809
 10
1266.587
 20
122.632
 10
1266.774
 20
122.447
 10
1266.974
 20
122.26
 10
1267.172
 20
122.074
 10
1267.37
 20
121.888
 10
1267.567
 20
121.703
 10
1267.763
 20
121.519
 10
1267.959
 20
121.335
 10
1268.154
 20
121.153
 10
1268.348
 20
120.971
  0
LWPOLYLINE
  5
C6
330
17
100
AcDbEntity
  8
ENGRAVE_V
100
AcDbPolyline
 90
363
 70
1
 10
1303.496
 20
115.645
 10
1303.493
 20
115.509
 10
1303.481
 20
115.365
 10
1303.462
 20
115.215
 10
1303.436
 20
115.058
 10
1303.402
 20
114.894
 10
1303.36
 20
114.724
 10
1303.311
 20
114.546
 10
1303.254
 20
114.362
 10
1303.187
 20
114.178
 10
1303.107
 20
113.999
 10
1303.015
 20
113.827
 10
1302.909
 20
113.66
 10
1302.791
 20
113.5
 10
1302.66
 20
113.346
 10
1302.516
 20
113.197
 10
1302.359
 20
113.055
 10
1302.185
 20
112.925
 10
1301.991
 20
112.812
 10
1301.776
 20
112.716
 10
1301.542
 20
112.638
 10
1301.286
 20
112.577
 10
1301.011
 20
112.533
 10
1300.714
 20
112.507
 10
1300.398
 20
112.498
 10
1300.077
 20
112.511
 10
1299.744
 20
112.55
 10
1299.399
 20
112.614
 10
1299.042
 20
112.704
 10
1298.673
 20
112.82
 10
1298.292
 20
112.961
 10
1297.898
 20
113.128
 10
1297.493
 20
113.321
 10
1297.088
 20
113.524
 10
1296.694
 20
113.721
 10
1296.313
 20
113.911
 10
1295.944
 20
114.096
 10
1295.587
 20
114.275
 10
1295.242
 20
114.447
 10
1294.909
 20
114.613
 10
1294.588
 20
114.774
 10
1294.581
 20
114.649
 10
1294.561
 20
114.541
 10
1294.527
 20
114.449
 10
1294.479
 20
114.374
 10
1294.418
 20
114.316
 10
1294.343
 20
114.275
 10
1294.255
 20
114.25
 10
1294.152
 20
114.241
 10
1294.106
 20
114.259
 10
1294.04
 20
114.287
 10
1293.955
 20
114.325
 10
1293.85
 20
114.374
 10
1293.725
 20
114.434
 10
1293.581
 20
114.504
 10
1293.416
 20
114.585
 10
1293.233
 20
114.677
 10
1293.034
 20
114.776
 10
1292.827
 20
114.88
 10
1292.611
 20
114.988
 10
1292.385
 20
115.101
 10
1292.151
 20
115.218
 10
1291.907
 20
115.34
 10
1291.655
 20
115.466
 10
1291.393
 20
115.597
 10
1291.128
 20
115.73
 10
1290.865
 20
115.862
 10
1290.604
 20
115.993
 10
1290.346
 20
116.123
 10
1290.09
 20
116.253
 10
1289.836
 20
116.382
 10
1289.584
 20
116.51
 10
1289.335
 20
116.638
 10
1289.094
 20
116.761
 10
1288.868
 20
116.878
 10
1288.656
 20
116.988
 10
1288.458
 20
117.092
 10
1288.274
 20
117.188
 10
1288.105
 20
117.278
 10
1287.951
 20
117.361
 10
1287.81
 20
117.437
 10
1287.561
 20
117.592
 10
1287.344
 20
117.769
 10
1287.161
 20
117.968
 10
1287.011
 20
118.187
 10
1286.895
 20
118.428
 10
1286.812
 20
118.689
 10
1286.762
 20
118.972
 10
1286.745
 20
119.276
 10
1286.745
 20
122.278
 10
1286.904
 20
122.075
 10
1287.067
 20
121.877
 10
1287.234
 20
121.685
 10
1287.405
 20
121.497
 10
1287.579
 20
121.315
 10
1287.757
 20
121.139
 10
1287.939
 20
120.967
 10
1288.125
 20
120.801
 10
1288.332
 20
120.633
 10
1288.577
 20
120.455
 10
1288.861
 20
120.267
 10
1289.184
 20
120.069
 10
1289.545
 20
119.861
 10
1289.945
 20
119.644
 10
1290.383
 20
119.417
 10
1290.86
 20
119.179
 10
1290.871
 20
119.174
 10
1290.903
 20
119.158
 10
1290.956
 20
119.132
 10
1291.03
 20
119.095
 10
1291.125
 20
119.047
 10
1291.242
 20
118.989
 10
1291.379
 20
118.92
 10
1291.538
 20
118.841
 10
1291.713
 20
118.753
 10
1291.9
 20
118.661
 10
1292.097
 20
118.563
 10
1292.307
 20
118.459
 10
1292.527
 20
118.351
 10
1292.759
 20
118.237
 10
1293.002
 20
118.118
 10
1293.257
 20
117.993
 10
1293.517
 20
117.866
 10
1293.779
 20
117.739
 10
1294.041
 20
117.612
 10
1294.304
 20
117.485
 10
1294.567
 20
117.358
 10
1294.832
 20
117.231
 10
1295.097
 20
117.104
 10
1295.363
 20
116.977
 10
1295.624
 20
116.852
 10
1295.874
 20
116.733
 10
1296.114
 20
116.619
 10
1296.343
 20
116.511
 10
1296.562
 20
116.407
 10
1296.77
 20
116.309
 10
1296.967
 20
116.217
 10
1297.154
 20
116.129
 10
1297.484
 20
115.979
 10
1297.797
 20
115.842
 10
1298.092
 20
115.719
 10
1298.37
 20
115.609
 10
1298.631
 20
115.513
 10
1298.874
 20
115.43
 10
1299.1
 20
115.362
 10
1299.309
 20
115.306
 10
1299.506
 20
115.261
 10
1299.7
 20
115.222
 10
1299.891
 20
115.188
 10
1300.077
 20
115.161
 10
1300.26
 20
115.14
 10
1300.439
 20
115.125
 10
1300.614
 20
115.116
 10
1300.785
 20
115.113
 10
1301.16
 20
115.129
 10
1301.484
 20
115.179
 10
1301.759
 20
115.262
 10
1301.983
 20
115.379
 10
1302.158
 20
115.529
 10
1302.283
 20
115.712
 10
1302.358
 20
115.928
 10
1302.383
 20
116.178
 10
1302.353
 20
116.476
 10
1302.265
 20
116.789
 10
1302.117
 20
117.117
 10
1301.911
 20
117.461
 10
1301.645
 20
117.819
 10
1301.321
 20
118.193
 10
1300.937
 20
118.582
 10
1300.495
 20
118.986
 10
1300.085
 20
119.324
 10
1299.656
 20
119.661
 10
1299.208
 20
119.996
 10
1298.74
 20
120.329
 10
1298.252
 20
120.661
 10
1297.744
 20
120.992
 10
1297.217
 20
121.321
 10
1296.67
 20
121.649
 10
1296.111
 20
121.973
 10
1295.547
 20
122.295
 10
1294.979
 20
122.612
 10
1294.407
 20
122.926
 10
1293.829
 20
123.235
 10
1293.248
 20
123.541
 10
1292.661
 20
123.843
 10
1292.071
 20
124.142
 10
1291.485
 20
124.434
 10
1290.915
 20
124.718
 10
1290.359
 20
124.994
 10
1289.819
 20
125.261
 10
1289.294
 20
125.521
 10
1288.785
 20
125.771
 10
1288.29
 20
126.014
 10
1287.81
 20
126.248
 10
1287.561
 20
126.394
 10
1287.344
 20
126.566
 10
1287.161
 20
126.763
 10
1287.011
 20
126.986
 10
1286.895
 20
127.235
 10
1286.812
 20
127.51
 10
1286.762
 20
127.81
 10
1286.745
 20
128.136
 10
1286.745
 20
130.799
 10
1286.977
 20
130.532
 10
1287.235
 20
130.265
 10
1287.521
 20
129.997
 10
1287.834
 20
129.728
 10
1288.175
 20
129.458
 10
1288.542
 20
129.188
 10
1288.937
 20
128.916
 10
1289.359
 20
128.644
 10
1289.81
 20
128.369
 10
1290.291
 20
128.086
 10
1290.803
 20
127.797
 10
1291.344
 20
127.501
 10
1291.916
 20
127.198
 10
1292.518
 20
126.888
 10
1293.151
 20
126.571
 10
1293.814
 20
126.248
 10
1294.001
 20
126.16
 10
1294.201
 20
126.066
 10
1294.413
 20
125.967
 10
1294.637
 20
125.861
 10
1294.873
 20
125.749
 10
1295.121
 20
125.631
 10
1295.381
 20
125.507
 10
1295.653
 20
125.376
 10
1295.934
 20
125.245
 10
1296.219
 20
125.118
 10
1296.509
 20
124.994
 10
1296.803
 20
124.874
 10
1297.102
 20
124.758
 10
1297.405
 20
124.646
 10
1297.713
 20
124.537
 10
1298.026
 20
124.432
 10
1298.34
 20
124.336
 10
1298.655
 20
124.252
 10
1298.97
 20
124.182
 10
1299.284
 20
124.124
 10
1299.599
 20
124.079
 10
1299.914
 20
124.047
 10
1300.228
 20
124.027
 10
1300.543
 20
124.021
 10
1300.94
 20
124.04
 10
1301.284
 20
124.097
 10
1301.576
 20
124.191
 10
1301.814
 20
124.323
 10
1301.999
 20
124.494
 10
1302.132
 20
124.702
 10
1302.211
 20
124.948
 10
1302.238
 20
125.231
 10
1302.202
 20
125.641
 10
1302.095
 20
126.048
 10
1301.918
 20
126.452
 10
1301.669
 20
126.853
 10
1301.349
 20
127.251
 10
1300.958
 20
127.646
 10
1300.495
 20
128.038
 10
1299.962
 20
128.427
 10
1299.374
 20
128.813
 10
1298.746
 20
129.198
 10
1298.078
 20
129.582
 10
1297.372
 20
129.964
 10
1296.626
 20
130.344
 10
1295.841
 20
130.723
 10
1295.016
 20
131.101
 10
1294.152
 20
131.477
 10
1294.153
 20
131.569
 10
1294.155
 20
131.651
 10
1294.159
 20
131.723
 10
1294.165
 20
131.785
 10
1294.171
 20
131.838
 10
1294.18
 20
131.881
 10
1294.189
 20
131.913
 10
1294.201
 20
131.937
 10
1294.217
 20
131.954
 10
1294.243
 20
131.971
 10
1294.278
 20
131.988
 10
1294.322
 20
132.003
 10
1294.375
 20
132.018
 10
1294.437
 20
132.032
 10
1294.508
 20
132.045
 10
1294.588
 20
132.058
 10
1294.918
 20
131.921
 10
1295.255
 20
131.778
 10
1295.599
 20
131.628
 10
1295.95
 20
131.471
 10
1296.307
 20
131.307
 10
1296.671
 20
131.136
 10
1297.043
 20
130.959
 10
1297.42
 20
130.775
 10
1297.8
 20
130.584
 10
1298.175
 20
130.387
 10
1298.547
 20
130.185
 10
1298.915
 20
129.976
 10
1299.279
 20
129.761
 10
1299.64
 20
129.54
 10
1299.997
 20
129.313
 10
1300.349
 20
129.08
 10
1300.692
 20
128.841
 10
1301.018
 20
128.596
 10
1301.328
 20
128.345
 10
1301.62
 20
128.088
 10
1301.896
 20
127.824
 10
1302.156
 20
127.555
 10
1302.399
 20
127.28
 10
1302.625
 20
126.998
 10
1302.829
 20
126.71
 10
1303.006
 20
126.416
 10
1303.156
 20
126.114
 10
1303.278
 20
125.806
 10
1303.374
 20
125.491
 10
1303.442
 20
125.169
 10
1303.483
 20
124.841
 10
1303.496
 20
124.505
 10
1303.482
 20
124.209
 10
1303.44
 20
123.927
 10
1303.37
 20
123.659
 10
1303.272
 20
123.404
 10
1303.146
 20
123.162
 10
1302.993
 20
122.935
 10
1302.811
 20
122.72
 10
1302.601
 20
122.52
 10
1302.365
 20
122.338
 10
1302.106
 20
122.181
 10
1301.823
 20
122.048
 10
1301.517
 20
121.939
 10
1301.188
 20
121.854
 10
1300.835
 20
121.794
 10
1300.459
 20
121.758
 10
1300.059
 20
121.745
 10
1299.729
 20
121.753
 10
1299.393
 20
121.776
 10
1299.051
 20
121.813
 10
1298.703
 20
121.866
 10
1298.349
 20
121.935
 10
1297.989
 20
122.018
 10
1297.623
 20
122.116
 10
1297.251
 20
122.23
 10
1297.614
 20
122.02
 10
1297.977
 20
121.803
 10
1298.34
 20
121.578
 10
1298.703
 20
121.346
 10
1299.066
 20
121.106
 10
1299.43
 20
120.859
 10
1299.793
 20
120.604
 10
1300.156
 20
120.341
 10
1300.511
 20
120.073
 10
1300.85
 20
119.8
 10
1301.174
 20
119.522
 10
1301.481
 20
119.24
 10
1301.773
 20
118.953
 10
1302.048
 20
118.662
 10
1302.308
 20
118.366
 10
1302.552
 20
118.066
 10
1302.774
 20
117.763
 10
1302.965
 20
117.461
 10
1303.128
 20
117.158
 10
1303.26
 20
116.856
 10
1303.364
 20
116.553
 10
1303.437
 20
116.25
 10
1303.482
 20
115.948
 10
1303.496
 20
115.645
  0
LWPOLYLINE
  5
C7
330
17
100
AcDbEntity
  8
ENGRAVE_V
100
AcDbPolyline
 90
235
 70
1
 10
1303.69
 20
132.493
 10
1303.671
 20
132.009
 10
1303.613
 20
131.548
 10
1303.516
 20
131.11
 10
1303.381
 20
130.696
 10
1303.208
 20
130.305
 10
1302.996
 20
129.938
 10
1302.745
 20
129.594
 10
1302.455
 20
129.274
 10
1302.145
 20
128.984
 10
1301.831
 20
128.734
 10
1301.512
 20
128.521
 10
1301.191
 20
128.348
 10
1300.865
 20
128.213
 10
1300.536
 20
128.116
 10
1300.202
 20
128.059
 10
1299.865
 20
128.039
 10
1299.59
 20
128.048
 10
1299.319
 20
128.074
 10
1299.054
 20
128.118
 10
1298.794
 20
128.178
 10
1298.54
 20
128.257
 10
1298.29
 20
128.352
 10
1298.046
 20
128.466
 10
1297.808
 20
128.596
 10
1297.586
 20
128.741
 10
1297.395
 20
128.897
 10
1297.232
 20
129.065
 10
1297.1
 20
129.244
 10
1296.996
 20
129.434
 10
1296.923
 20
129.635
 10
1296.878
 20
129.848
 10
1296.864
 20
130.073
 10
1296.767
 20
130.121
 10
1296.281
 20
130.386
 10
1295.794
 20
130.649
 10
1295.304
 20
130.91
 10
1294.812
 20
131.168
 10
1294.318
 20
131.424
 10
1293.821
 20
131.678
 10
1293.322
 20
131.929
 10
1292.821
 20
132.179
 10
1292.315
 20
132.43
 10
1291.8
 20
132.688
 10
1291.277
 20
132.954
 10
1290.745
 20
133.226
 10
1290.206
 20
133.504
 10
1289.657
 20
133.79
 10
1289.101
 20
134.082
 10
1288.536
 20
134.381
 10
1288.075
 20
134.638
 10
1287.635
 20
134.9
 10
1287.216
 20
135.168
 10
1286.818
 20
135.441
 10
1286.441
 20
135.719
 10
1286.085
 20
136.002
 10
1285.751
 20
136.29
 10
1285.438
 20
136.584
 10
1285.154
 20
136.887
 10
1284.908
 20
137.203
 10
1284.7
 20
137.532
 10
1284.53
 20
137.873
 10
1284.398
 20
138.228
 10
1284.303
 20
138.595
 10
1284.246
 20
138.975
 10
1284.228
 20
139.368
 10
1284.23
 20
139.469
 10
1284.238
 20
139.58
 10
1284.251
 20
139.699
 10
1284.27
 20
139.828
 10
1284.294
 20
139.966
 10
1284.323
 20
140.112
 10
1284.357
 20
140.268
 10
1284.397
 20
140.433
 10
1284.445
 20
140.592
 10
1284.504
 20
140.73
 10
1284.575
 20
140.846
 10
1284.657
 20
140.942
 10
1284.751
 20
141.016
 10
1284.855
 20
141.069
 10
1284.972
 20
141.1
 10
1285.099
 20
141.111
 10
1285.19
 20
141.104
 10
1285.268
 20
141.084
 10
1285.335
 20
141.05
 10
1285.389
 20
141.002
 10
1285.432
 20
140.941
 10
1285.462
 20
140.866
 10
1285.48
 20
140.777
 10
1285.486
 20
140.675
 10
1285.483
 20
140.589
 10
1285.474
 20
140.501
 10
1285.459
 20
140.411
 10
1285.438
 20
140.318
 10
1285.411
 20
140.223
 10
1285.377
 20
140.126
 10
1285.338
 20
140.027
 10
1285.293
 20
139.925
 10
1285.247
 20
139.825
 10
1285.208
 20
139.73
 10
1285.175
 20
139.64
 10
1285.147
 20
139.556
 10
1285.126
 20
139.477
 10
1285.111
 20
139.403
 10
1285.102
 20
139.334
 10
1285.099
 20
139.271
 10
1285.116
 20
139.046
 10
1285.166
 20
138.83
 10
1285.249
 20
138.622
 10
1285.365
 20
138.424
 10
1285.515
 20
138.235
 10
1285.698
 20
138.055
 10
1285.914
 20
137.884
 10
1286.164
 20
137.722
 10
1286.433
 20
137.575
 10
1286.706
 20
137.447
 10
1286.983
 20
137.339
 10
1287.266
 20
137.25
 10
1287.552
 20
137.181
 10
1287.843
 20
137.132
 10
1288.139
 20
137.102
 10
1288.44
 20
137.093
 10
1288.762
 20
137.099
 10
1289.077
 20
137.12
 10
1289.382
 20
137.154
 10
1289.68
 20
137.202
 10
1289.97
 20
137.263
 10
1290.251
 20
137.338
 10
1290.523
 20
137.426
 10
1290.788
 20
137.528
 10
1291.047
 20
137.64
 10
1291.304
 20
137.755
 10
1291.558
 20
137.876
 10
1291.81
 20
138.0
 10
1292.06
 20
138.13
 10
1292.308
 20
138.264
 10
1292.554
 20
138.402
 10
1292.797
 20
138.545
 10
1293.039
 20
138.688
 10
1293.282
 20
138.826
 10
1293.526
 20
138.96
 10
1293.771
 20
139.09
 10
1294.017
 20
139.215
 10
1294.263
 20
139.335
 10
1294.51
 20
139.451
 10
1294.758
 20
139.562
 10
1295.008
 20
139.664
 10
1295.264
 20
139.752
 10
1295.526
 20
139.827
 10
1295.792
 20
139.889
 10
1296.064
 20
139.936
 10
1296.342
 20
139.97
 10
1296.624
 20
139.991
 10
1296.912
 20
139.997
 10
1297.479
 20
139.984
 10
1298.018
 20
139.942
 10
1298.529
 20
139.872
 10
1299.012
 20
139.774
 10
1299.467
 20
139.648
 10
1299.894
 20
139.494
 10
1300.293
 20
139.312
 10
1300.664
 20
139.102
 10
1301.01
 20
138.869
 10
1301.334
 20
138.619
 10
1301.637
 20
138.352
 10
1301.917
 20
138.067
 10
1302.175
 20
137.765
 10
1302.412
 20
137.445
 10
1302.626
 20
137.108
 10
1302.819
 20
136.754
 10
1302.819
 20
136.802
 10
1302.781
 20
137.43
 10
1302.669
 20
138.029
 10
1302.482
 20
138.601
 10
1302.219
 20
139.144
 10
1301.882
 20
139.66
 10
1301.47
 20
140.147
 10
1300.984
 20
140.607
 10
1300.422
 20
141.038
 10
1299.8
 20
141.456
 10
1299.131
 20
141.872
 10
1298.417
 20
142.288
 10
1297.656
 20
142.703
 10
1296.85
 20
143.117
 10
1295.997
 20
143.53
 10
1295.098
 20
143.943
 10
1294.152
 20
144.355
 10
1294.159
 20
144.491
 10
1294.18
 20
144.609
 10
1294.214
 20
144.709
 10
1294.261
 20
144.79
 10
1294.323
 20
144.854
 10
1294.398
 20
144.899
 10
1294.486
 20
144.927
 10
1294.588
 20
144.936
 10
1295.131
 20
144.703
 10
1295.671
 20
144.464
 10
1296.208
 20
144.219
 10
1296.743
 20
143.967
 10
1297.274
 20
143.71
 10
1297.802
 20
143.447
 10
1298.327
 20
143.178
 10
1298.849
 20
142.902
 10
1299.358
 20
142.618
 10
1299.844
 20
142.321
 10
1300.308
 20
142.013
 10
1300.749
 20
141.692
 10
1301.167
 20
141.359
 10
1301.563
 20
141.014
 10
1301.936
 20
140.657
 10
1302.286
 20
140.288
 10
1302.604
 20
139.902
 10
1302.879
 20
139.495
 10
1303.112
 20
139.067
 10
1303.303
 20
138.618
 10
1303.451
 20
138.147
 10
1303.557
 20
137.655
 10
1303.62
 20
137.143
 10
1303.642
 20
136.609
 10
1303.639
 20
136.381
 10
1303.629
 20
136.158
 10
1303.614
 20
135.939
 10
1303.593
 20
135.725
 10
1303.566
 20
135.515
 10
1303.533
 20
135.31
 10
1303.493
 20
135.11
 10
1303.448
 20
134.914
 10
1303.505
 20
134.633
 10
1303.554
 20
134.345
 10
1303.595
 20
134.052
 10
1303.629
 20
133.752
 10
1303.656
 20
133.446
 10
1303.675
 20
133.135
 10
1303.686
 20
132.817
 10
1303.69
 20
132.493
  0
LWPOLYLINE
  5
C8
330
17
100
AcDbEntity
  8
ENGRAVE_V
100
AcDbPolyline
 90
105
 70
1
 10
1298.558
 20
131.767
 10
1298.847
 20
131.775
 10
1299.133
 20
131.8
 10
1299.416
 20
131.842
 10
1299.696
 20
131.9
 10
1299.973
 20
131.975
 10
1300.247
 20
132.067
 10
1300.517
 20
132.175
 10
1300.785
 20
132.3
 10
1301.043
 20
132.446
 10
1301.284
 20
132.62
 10
1301.509
 20
132.822
 10
1301.717
 20
133.05
 10
1301.908
 20
133.306
 10
1302.083
 20
133.589
 10
1302.241
 20
133.899
 10
1302.383
 20
134.236
 10
1302.189
 20
134.542
 10
1301.97
 20
134.831
 10
1301.726
 20
135.102
 10
1301.457
 20
135.356
 10
1301.163
 20
135.592
 10
1300.844
 20
135.811
 10
1300.5
 20
136.013
 10
1300.132
 20
136.197
 10
1299.748
 20
136.362
 10
1299.361
 20
136.504
 10
1298.971
 20
136.625
 10
1298.576
 20
136.723
 10
1298.178
 20
136.8
 10
1297.776
 20
136.855
 10
1297.37
 20
136.888
 10
1296.96
 20
136.899
 10
1296.621
 20
136.894
 10
1296.28
 20
136.881
 10
1295.937
 20
136.858
 10
1295.593
 20
136.826
 10
1295.247
 20
136.786
 10
1294.9
 20
136.736
 10
1294.551
 20
136.677
 10
1294.201
 20
136.609
 10
1293.851
 20
136.536
 10
1293.502
 20
136.462
 10
1293.155
 20
136.387
 10
1292.809
 20
136.312
 10
1292.465
 20
136.236
 10
1292.122
 20
136.159
 10
1291.781
 20
136.082
 10
1291.441
 20
136.003
 10
1291.107
 20
135.93
 10
1290.782
 20
135.866
 10
1290.465
 20
135.812
 10
1290.158
 20
135.767
 10
1289.86
 20
135.733
 10
1289.571
 20
135.708
 10
1289.291
 20
135.694
 10
1289.021
 20
135.689
 10
1288.937
 20
135.689
 10
1288.856
 20
135.69
 10
1288.777
 20
135.692
 10
1288.7
 20
135.695
 10
1288.625
 20
135.698
 10
1288.553
 20
135.702
 10
1288.483
 20
135.707
 10
1288.415
 20
135.713
 10
1288.349
 20
135.719
 10
1288.284
 20
135.726
 10
1288.219
 20
135.734
 10
1288.155
 20
135.743
 10
1288.092
 20
135.753
 10
1288.03
 20
135.763
 10
1287.968
 20
135.774
 10
1287.907
 20
135.785
 10
1288.241
 20
135.567
 10
1288.588
 20
135.348
 10
1288.949
 20
135.128
 10
1289.323
 20
134.908
 10
1289.711
 20
134.687
 10
1290.113
 20
134.465
 10
1290.528
 20
134.242
 10
1290.957
 20
134.018
 10
1291.391
 20
133.796
 10
1291.819
 20
133.575
 10
1292.244
 20
133.357
 10
1292.664
 20
133.141
 10
1293.079
 20
132.927
 10
1293.49
 20
132.716
 10
1293.896
 20
132.507
 10
1294.298
 20
132.3
 10
1294.688
 20
132.096
 10
1295.06
 20
131.897
 10
1295.414
 20
131.703
 10
1295.75
 20
131.513
 10
1296.068
 20
131.328
 10
1296.367
 20
131.147
 10
1296.649
 20
130.971
 10
1296.912
 20
130.799
 10
1296.97
 20
131.026
 10
1297.069
 20
131.222
 10
1297.212
 20
131.389
 10
1297.396
 20
131.525
 10
1297.623
 20
131.631
 10
1297.892
 20
131.707
 10
1298.204
 20
131.752
 10
1298.558
 20
131.767
  0
LWPOLYLINE
  5
C9
330
17
100
AcDbEntity
  8
ENGRAVE_V
100
AcDbPolyline
 90
57
 70
1
 10
1300.979
 20
130.169
 10
1301.169
 20
130.178
 10
1301.354
 20
130.203
 10
1301.533
 20
130.244
 10
1301.705
 20
130.303
 10
1301.871
 20
130.377
 10
1302.032
 20
130.469
 10
1302.186
 20
130.577
 10
1302.334
 20
130.702
 10
1302.471
 20
130.843
 10
1302.589
 20
131.002
 10
1302.688
 20
131.176
 10
1302.77
 20
131.368
 10
1302.834
 20
131.576
 10
1302.879
 20
131.8
 10
1302.906
 20
132.042
 10
1302.915
 20
132.3
 10
1302.914
 20
132.42
 10
1302.909
 20
132.539
 10
1302.902
 20
132.656
 10
1302.891
 20
132.772
 10
1302.878
 20
132.886
 10
1302.861
 20
132.999
 10
1302.841
 20
133.11
 10
1302.819
 20
133.22
 10
1302.656
 20
132.972
 10
1302.483
 20
132.737
 10
1302.299
 20
132.515
 10
1302.104
 20
132.306
 10
1301.899
 20
132.109
 10
1301.684
 20
131.926
 10
1301.458
 20
131.755
 10
1301.221
 20
131.598
 10
1300.974
 20
131.456
 10
1300.719
 20
131.333
 10
1300.454
 20
131.229
 10
1300.18
 20
131.144
 10
1299.897
 20
131.078
 10
1299.605
 20
131.03
 10
1299.304
 20
131.002
 10
1298.994
 20
130.992
 10
1299.115
 20
130.887
 10
1299.237
 20
130.79
 10
1299.36
 20
130.7
 10
1299.484
 20
130.617
 10
1299.608
 20
130.542
 10
1299.734
 20
130.475
 10
1299.86
 20
130.415
 10
1299.986
 20
130.363
 10
1300.113
 20
130.318
 10
1300.239
 20
130.278
 10
1300.364
 20
130.245
 10
1300.489
 20
130.218
 10
1300.612
 20
130.197
 10
1300.735
 20
130.182
 10
1300.857
 20
130.172
 10
1300.979
 20
130.169
  0
LWPOLYLINE
  5
CA
330
17
100
AcDbEntity
  8
ENGRAVE_V
100
AcDbPolyline
 90
253
 70
1
 10
1277.934
 20
154.425
 10
1278.171
 20
154.265
 10
1278.424
 20
154.101
 10
1278.692
 20
153.932
 10
1278.975
 20
153.759
 10
1279.273
 20
153.581
 10
1279.586
 20
153.399
 10
1279.914
 20
153.212
 10
1280.258
 20
153.021
 10
1280.607
 20
152.829
 10
1280.954
 20
152.641
 10
1281.297
 20
152.457
 10
1281.637
 20
152.277
 10
1281.975
 20
152.1
 10
1282.309
 20
151.927
 10
1282.64
 20
151.758
 10
1282.969
 20
151.593
 10
1283.286
 20
151.434
 10
1283.583
 20
151.286
 10
1283.861
 20
151.147
 10
1284.119
 20
151.018
 10
1284.357
 20
150.899
 10
1284.576
 20
150.789
 10
1284.774
 20
150.69
 10
1284.954
 20
150.6
 10
1284.954
 20
155.054
 10
1285.006
 20
155.052
 10
1285.066
 20
155.044
 10
1285.133
 20
155.03
 10
1285.208
 20
155.012
 10
1285.29
 20
154.988
 10
1285.38
 20
154.959
 10
1285.478
 20
154.925
 10
1285.583
 20
154.885
 10
1285.688
 20
154.838
 10
1285.786
 20
154.78
 10
1285.876
 20
154.713
 10
1285.958
 20
154.637
 10
1286.033
 20
154.55
 10
1286.101
 20
154.454
 10
1286.16
 20
154.347
 10
1286.213
 20
154.231
 10
1286.213
 20
150.019
 10
1286.548
 20
149.871
 10
1286.899
 20
149.718
 10
1287.268
 20
149.56
 10
1287.653
 20
149.396
 10
1288.055
 20
149.227
 10
1288.473
 20
149.052
 10
1288.908
 20
148.873
 10
1289.359
 20
148.688
 10
1289.822
 20
148.501
 10
1290.288
 20
148.316
 10
1290.76
 20
148.132
 10
1291.235
 20
147.949
 10
1291.716
 20
147.769
 10
1292.201
 20
147.589
 10
1292.69
 20
147.412
 10
1293.184
 20
147.235
 10
1293.676
 20
147.064
 10
1294.16
 20
146.9
 10
1294.635
 20
146.743
 10
1295.103
 20
146.594
 10
1295.561
 20
146.452
 10
1296.012
 20
146.319
 10
1296.454
 20
146.192
 10
1296.888
 20
146.073
 10
1297.307
 20
145.966
 10
1297.706
 20
145.872
 10
1298.085
 20
145.793
 10
1298.443
 20
145.729
 10
1298.781
 20
145.678
 10
1299.098
 20
145.642
 10
1299.395
 20
145.621
 10
1299.672
 20
145.614
 10
1300.023
 20
145.62
 10
1300.351
 20
145.638
 10
1300.655
 20
145.668
 10
1300.936
 20
145.71
 10
1301.194
 20
145.765
 10
1301.428
 20
145.831
 10
1301.639
 20
145.91
 10
1301.826
 20
146.001
 10
1301.991
 20
146.107
 10
1302.133
 20
146.234
 10
1302.254
 20
146.38
 10
1302.353
 20
146.545
 10
1302.429
 20
146.731
 10
1302.484
 20
146.936
 10
1302.517
 20
147.161
 10
1302.528
 20
147.405
 10
1302.508
 20
147.73
 10
1302.448
 20
148.052
 10
1302.348
 20
148.372
 10
1302.207
 20
148.688
 10
1302.027
 20
149.001
 10
1301.806
 20
149.311
 10
1301.546
 20
149.618
 10
1301.245
 20
149.922
 10
1300.914
 20
150.223
 10
1300.563
 20
150.52
 10
1300.191
 20
150.813
 10
1299.799
 20
151.102
 10
1299.386
 20
151.388
 10
1298.953
 20
151.67
 10
1298.499
 20
151.948
 10
1298.026
 20
152.222
 10
1297.541
 20
152.49
 10
1297.057
 20
152.75
 10
1296.573
 20
153.002
 10
1296.089
 20
153.245
 10
1295.605
 20
153.48
 10
1295.121
 20
153.706
 10
1294.637
 20
153.924
 10
1294.152
 20
154.134
 10
1294.159
 20
154.271
 10
1294.18
 20
154.389
 10
1294.214
 20
154.488
 10
1294.261
 20
154.57
 10
1294.323
 20
154.634
 10
1294.398
 20
154.679
 10
1294.486
 20
154.706
 10
1294.588
 20
154.715
 10
1294.919
 20
154.578
 10
1295.257
 20
154.434
 10
1295.603
 20
154.282
 10
1295.956
 20
154.122
 10
1296.317
 20
153.955
 10
1296.685
 20
153.78
 10
1297.061
 20
153.598
 10
1297.445
 20
153.408
 10
1297.83
 20
153.211
 10
1298.212
 20
153.007
 10
1298.589
 20
152.797
 10
1298.964
 20
152.579
 10
1299.334
 20
152.355
 10
1299.7
 20
152.124
 10
1300.063
 20
151.886
 10
1300.422
 20
151.641
 10
1300.771
 20
151.389
 10
1301.103
 20
151.13
 10
1301.418
 20
150.863
 10
1301.717
 20
150.588
 10
1301.999
 20
150.306
 10
1302.265
 20
150.016
 10
1302.514
 20
149.719
 10
1302.746
 20
149.414
 10
1302.956
 20
149.101
 10
1303.138
 20
148.78
 10
1303.292
 20
148.451
 10
1303.418
 20
148.113
 10
1303.516
 20
147.767
 10
1303.586
 20
147.412
 10
1303.628
 20
147.05
 10
1303.642
 20
146.679
 10
1303.624
 20
146.191
 10
1303.57
 20
145.744
 10
1303.482
 20
145.337
 10
1303.357
 20
144.972
 10
1303.197
 20
144.648
 10
1303.002
 20
144.364
 10
1302.77
 20
144.121
 10
1302.504
 20
143.919
 10
1302.209
 20
143.749
 10
1301.894
 20
143.601
 10
1301.559
 20
143.476
 10
1301.203
 20
143.374
 10
1300.826
 20
143.295
 10
1300.43
 20
143.238
 10
1300.012
 20
143.204
 10
1299.575
 20
143.193
 10
1299.239
 20
143.2
 10
1298.886
 20
143.223
 10
1298.516
 20
143.261
 10
1298.128
 20
143.314
 10
1297.723
 20
143.382
 10
1297.301
 20
143.465
 10
1296.861
 20
143.563
 10
1296.404
 20
143.677
 10
1295.936
 20
143.801
 10
1295.464
 20
143.933
 10
1294.989
 20
144.071
 10
1294.509
 20
144.216
 10
1294.026
 20
144.367
 10
1293.54
 20
144.526
 10
1293.049
 20
144.691
 10
1292.555
 20
144.863
 10
1292.063
 20
145.038
 10
1291.579
 20
145.213
 10
1291.103
 20
145.386
 10
1290.636
 20
145.559
 10
1290.178
 20
145.731
 10
1289.727
 20
145.902
 10
1289.285
 20
146.073
 10
1288.851
 20
146.243
 10
1288.434
 20
146.408
 10
1288.042
 20
146.564
 10
1287.674
 20
146.71
 10
1287.332
 20
146.848
 10
1287.015
 20
146.977
 10
1286.722
 20
147.096
 10
1286.455
 20
147.207
 10
1286.213
 20
147.308
 10
1286.213
 20
144.21
 10
1286.115
 20
144.215
 10
1286.016
 20
144.231
 10
1285.915
 20
144.257
 10
1285.813
 20
144.294
 10
1285.709
 20
144.342
 10
1285.604
 20
144.4
 10
1285.498
 20
144.469
 10
1285.389
 20
144.548
 10
1285.287
 20
144.634
 10
1285.199
 20
144.721
 10
1285.124
 20
144.809
 10
1285.063
 20
144.899
 10
1285.015
 20
144.991
 10
1284.981
 20
145.084
 10
1284.961
 20
145.179
 10
1284.954
 20
145.275
 10
1284.954
 20
147.841
 10
1284.754
 20
147.939
 10
1284.542
 20
148.042
 10
1284.318
 20
148.148
 10
1284.082
 20
148.258
 10
1283.834
 20
148.372
 10
1283.574
 20
148.49
 10
1283.302
 20
148.611
 10
1283.017
 20
148.736
 10
1282.723
 20
148.869
 10
1282.421
 20
149.013
 10
1282.112
 20
149.169
 10
1281.795
 20
149.335
 10
1281.47
 20
149.513
 10
1281.138
 20
149.703
 10
1280.798
 20
149.904
 10
1280.451
 20
150.116
 10
1280.168
 20
150.304
 10
1279.901
 20
150.505
 10
1279.648
 20
150.719
 10
1279.41
 20
150.945
 10
1279.188
 20
151.185
 10
1278.981
 20
151.437
 10
1278.789
 20
151.702
 10
1278.612
 20
151.98
 10
1278.453
 20
152.267
 10
1278.315
 20
152.559
 10
1278.198
 20
152.857
 10
1278.103
 20
153.16
 10
1278.029
 20
153.468
 10
1277.976
 20
153.782
 10
1277.944
 20
154.101
 10
1277.934
 20
154.425
  0
LWPOLYLINE
  5
CB
330
17
100
AcDbEntity
  8
ENGRAVE_V
100
AcDbPolyline
 90
932
 70
1
 10
1309.064
 20
225.642
 10
1309.037
 20
225.452
 10
1309.005
 20
225.246
 10
1308.967
 20
225.022
 10
1308.925
 20
224.783
 10
1308.877
 20
224.526
 10
1308.823
 20
224.253
 10
1308.765
 20
223.963
 10
1308.701
 20
223.657
 10
1308.626
 20
223.341
 10
1308.536
 20
223.025
 10
1308.43
 20
222.706
 10
1308.307
 20
222.386
 10
1308.169
 20
222.065
 10
1308.015
 20
221.742
 10
1307.846
 20
221.417
 10
1307.66
 20
221.091
 10
1307.454
 20
220.77
 10
1307.223
 20
220.462
 10
1306.967
 20
220.165
 10
1306.686
 20
219.881
 10
1306.38
 20
219.608
 10
1306.049
 20
219.348
 10
1305.693
 20
219.1
 10
1305.312
 20
218.864
 10
1304.902
 20
218.648
 10
1304.46
 20
218.461
 10
1303.985
 20
218.303
 10
1303.478
 20
218.174
 10
1302.938
 20
218.073
 10
1302.366
 20
218.002
 10
1301.761
 20
217.958
 10
1301.124
 20
217.944
 10
1300.364
 20
217.963
 10
1299.585
 20
218.021
 10
1298.788
 20
218.118
 10
1297.971
 20
218.253
 10
1297.136
 20
218.426
 10
1296.281
 20
218.639
 10
1295.408
 20
218.889
 10
1294.516
 20
219.179
 10
1293.609
 20
219.496
 10
1292.692
 20
219.831
 10
1291.766
 20
220.183
 10
1290.83
 20
220.552
 10
1289.884
 20
220.939
 10
1288.928
 20
221.344
 10
1287.963
 20
221.765
 10
1286.987
 20
222.205
 10
1286.008
 20
222.65
 10
1285.032
 20
223.091
 10
1284.06
 20
223.528
 10
1283.09
 20
223.96
 10
1282.123
 20
224.387
 10
1281.159
 20
224.81
 10
1280.199
 20
225.228
 10
1279.241
 20
225.642
 10
1278.501
 20
225.948
 10
1277.807
 20
226.214
 10
1277.158
 20
226.438
 10
1276.554
 20
226.622
 10
1275.996
 20
226.765
 10
1275.483
 20
226.867
 10
1275.015
 20
226.929
 10
1274.593
 20
226.949
 10
1274.219
 20
226.93
 10
1273.894
 20
226.873
 10
1273.62
 20
226.779
 10
1273.395
 20
226.646
 10
1273.22
 20
226.476
 10
1273.095
 20
226.268
 10
1273.02
 20
226.022
 10
1272.995
 20
225.739
 10
1273.029
 20
225.379
 10
1273.13
 20
224.978
 10
1273.298
 20
224.535
 10
1273.534
 20
224.05
 10
1273.837
 20
223.524
 10
1274.207
 20
222.956
 10
1274.645
 20
222.347
 10
1275.15
 20
221.696
 10
1275.723
 20
221.011
 10
1276.365
 20
220.3
 10
1277.076
 20
219.562
 10
1277.855
 20
218.797
 10
1278.703
 20
218.006
 10
1279.621
 20
217.189
 10
1280.607
 20
216.345
 10
1281.662
 20
215.475
 10
1281.966
 20
215.237
 10
1282.299
 20
214.982
 10
1282.659
 20
214.71
 10
1283.047
 20
214.422
 10
1283.464
 20
214.117
 10
1283.908
 20
213.796
 10
1284.381
 20
213.457
 10
1284.881
 20
213.103
 10
1285.402
 20
212.737
 10
1285.937
 20
212.364
 10
1286.486
 20
211.986
 10
1287.048
 20
211.602
 10
1287.623
 20
211.211
 10
1288.213
 20
210.815
 10
1288.816
 20
210.413
 10
1289.432
 20
210.004
 10
1290.056
 20
209.594
 10
1290.682
 20
209.186
 10
1291.309
 20
208.78
 10
1291.937
 20
208.376
 10
1292.568
 20
207.975
 10
1293.199
 20
207.576
 10
1293.832
 20
207.179
 10
1294.467
 20
206.785
 10
1295.096
 20
206.397
 10
1295.712
 20
206.022
 10
1296.316
 20
205.659
 10
1296.906
 20
205.308
 10
1297.484
 20
204.969
 10
1298.048
 20
204.642
 10
1298.6
 20
204.328
 10
1299.139
 20
204.025
 10
1299.658
 20
203.739
 10
1300.15
 20
203.473
 10
1300.614
 20
203.227
 10
1301.051
 20
203.002
 10
1301.461
 20
202.798
 10
1301.844
 20
202.613
 10
1302.2
 20
202.45
 10
1302.528
 20
202.306
 10
1302.888
 20
202.146
 10
1303.219
 20
201.98
 10
1303.521
 20
201.807
 10
1303.793
 20
201.629
 10
1304.035
 20
201.444
 10
1304.248
 20
201.253
 10
1304.432
 20
201.057
 10
1304.586
 20
200.854
 10
1304.716
 20
200.65
 10
1304.829
 20
200.448
 10
1304.925
 20
200.25
 10
1305.003
 20
200.055
 10
1305.064
 20
199.863
 10
1305.108
 20
199.674
 10
1305.134
 20
199.488
 10
1305.142
 20
199.305
 10
1305.137
 20
199.15
 10
1305.121
 20
199.002
 10
1305.095
 20
198.86
 10
1305.058
 20
198.724
 10
1305.01
 20
198.594
 10
1304.952
 20
198.47
 10
1304.883
 20
198.352
 10
1304.803
 20
198.24
 10
1304.717
 20
198.126
 10
1304.625
 20
198.028
 10
1304.529
 20
197.945
 10
1304.428
 20
197.876
 10
1304.323
 20
197.824
 10
1304.213
 20
197.786
 10
1304.099
 20
197.763
 10
1303.98
 20
197.755
 10
1303.909
 20
197.758
 10
1303.841
 20
197.765
 10
1303.776
 20
197.776
 10
1303.714
 20
197.792
 10
1303.655
 20
197.812
 10
1303.599
 20
197.837
 10
1303.546
 20
197.867
 10
1303.496
 20
197.901
 10
1303.328
 20
197.987
 10
1303.112
 20
198.1
 10
1302.85
 20
198.241
 10
1302.54
 20
198.409
 10
1302.184
 20
198.604
 10
1301.781
 20
198.827
 10
1301.331
 20
199.076
 10
1300.834
 20
199.353
 10
1300.292
 20
199.65
 10
1299.708
 20
199.958
 10
1299.082
 20
200.279
 10
1298.413
 20
200.612
 10
1297.702
 20
200.957
 10
1296.948
 20
201.314
 10
1296.153
 20
201.683
 10
1295.314
 20
202.064
 10
1294.438
 20
202.449
 10
1293.526
 20
202.83
 10
1292.58
 20
203.206
 10
1291.599
 20
203.577
 10
1290.583
 20
203.944
 10
1289.532
 20
204.306
 10
1288.446
 20
204.664
 10
1287.326
 20
205.018
 10
1286.968
 20
205.127
 10
1286.597
 20
205.237
 10
1286.212
 20
205.348
 10
1285.813
 20
205.459
 10
1285.401
 20
205.572
 10
1284.975
 20
205.685
 10
1284.535
 20
205.799
 10
1284.082
 20
205.913
 10
1283.62
 20
206.027
 10
1283.155
 20
206.139
 10
1282.685
 20
206.248
 10
1282.212
 20
206.355
 10
1281.735
 20
206.46
 10
1281.255
 20
206.562
 10
1280.77
 20
206.662
 10
1280.282
 20
206.76
 10
1279.795
 20
206.855
 10
1279.317
 20
206.947
 10
1278.845
 20
207.034
 10
1278.382
 20
207.117
 10
1277.925
 20
207.197
 10
1277.477
 20
207.273
 10
1277.036
 20
207.346
 10
1276.602
 20
207.414
 10
1276.183
 20
207.476
 10
1275.784
 20
207.531
 10
1275.405
 20
207.576
 10
1275.047
 20
207.614
 10
1274.709
 20
207.643
 10
1274.392
 20
207.664
 10
1274.095
 20
207.676
 10
1273.819
 20
207.68
 10
1273.409
 20
207.671
 10
1273.027
 20
207.644
 10
1272.674
 20
207.599
 10
1272.348
 20
207.535
 10
1272.05
 20
207.453
 10
1271.781
 20
207.354
 10
1271.539
 20
207.235
 10
1271.325
 20
207.099
 10
1271.138
 20
206.948
 10
1270.976
 20
206.785
 10
1270.838
 20
206.609
 10
1270.726
 20
206.422
 10
1270.639
 20
206.222
 10
1270.576
 20
206.01
 10
1270.539
 20
205.786
 10
1270.526
 20
205.55
 10
1270.541
 20
205.279
 10
1270.584
 20
204.999
 10
1270.656
 20
204.71
 10
1270.756
 20
204.412
 10
1270.886
 20
204.105
 10
1271.044
 20
203.789
 10
1271.231
 20
203.464
 10
1271.446
 20
203.129
 10
1271.689
 20
202.79
 10
1271.958
 20
202.449
 10
1272.252
 20
202.106
 10
1272.572
 20
201.762
 10
1272.918
 20
201.416
 10
1273.289
 20
201.069
 10
1273.686
 20
200.72
 10
1274.109
 20
200.37
 10
1274.864
 20
199.774
 10
1275.605
 20
199.196
 10
1276.332
 20
198.636
 10
1277.044
 20
198.094
 10
1277.742
 20
197.571
 10
1278.425
 20
197.066
 10
1279.095
 20
196.578
 10
1279.749
 20
196.109
 10
1280.396
 20
195.654
 10
1281.043
 20
195.209
 10
1281.688
 20
194.774
 10
1282.333
 20
194.348
 10
1282.977
 20
193.933
 10
1283.621
 20
193.527
 10
1284.263
 20
193.131
 10
1284.905
 20
192.745
 10
1285.552
 20
192.364
 10
1286.209
 20
191.985
 10
1286.877
 20
191.608
 10
1287.556
 20
191.232
 10
1288.245
 20
190.857
 10
1288.945
 20
190.484
 10
1289.655
 20
190.113
 10
1290.376
 20
189.743
 10
1291.113
 20
189.371
 10
1291.872
 20
188.994
 10
1292.653
 20
188.612
 10
1293.456
 20
188.224
 10
1294.281
 20
187.831
 10
1295.128
 20
187.433
 10
1295.997
 20
187.029
 10
1296.888
 20
186.62
 10
1297.807
 20
186.201
 10
1298.762
 20
185.767
 10
1299.753
 20
185.318
 10
1300.779
 20
184.853
 10
1301.841
 20
184.373
 10
1302.938
 20
183.879
 10
1304.071
 20
183.369
 10
1305.239
 20
182.844
 10
1305.426
 20
182.752
 10
1305.599
 20
182.646
 10
1305.759
 20
182.525
 10
1305.905
 20
182.39
 10
1306.037
 20
182.241
 10
1306.156
 20
182.077
 10
1306.261
 20
181.899
 10
1306.353
 20
181.706
 10
1306.432
 20
181.508
 10
1306.501
 20
181.314
 10
1306.559
 20
181.124
 10
1306.607
 20
180.938
 10
1306.644
 20
180.755
 10
1306.67
 20
180.576
 10
1306.686
 20
180.401
 10
1306.692
 20
180.23
 10
1306.687
 20
180.064
 10
1306.673
 20
179.906
 10
1306.651
 20
179.755
 10
1306.619
 20
179.612
 10
1306.578
 20
179.477
 10
1306.528
 20
179.349
 10
1306.469
 20
179.229
 10
1306.401
 20
179.116
 10
1306.325
 20
179.016
 10
1306.241
 20
178.934
 10
1306.149
 20
178.871
 10
1306.05
 20
178.826
 10
1305.943
 20
178.798
 10
1305.829
 20
178.789
 10
1305.707
 20
178.798
 10
1305.578
 20
178.826
 10
1305.141
 20
179.096
 10
1304.678
 20
179.373
 10
1304.188
 20
179.658
 10
1303.672
 20
179.951
 10
1303.129
 20
180.251
 10
1302.56
 20
180.559
 10
1301.964
 20
180.875
 10
1301.342
 20
181.198
 10
1300.698
 20
181.525
 10
1300.036
 20
181.854
 10
1299.357
 20
182.185
 10
1298.661
 20
182.517
 10
1297.947
 20
182.851
 10
1297.216
 20
183.186
 10
1296.468
 20
183.522
 10
1295.702
 20
183.861
 10
1294.923
 20
184.198
 10
1294.137
 20
184.532
 10
1293.344
 20
184.864
 10
1292.543
 20
185.192
 10
1291.734
 20
185.517
 10
1290.918
 20
185.84
 10
1290.094
 20
186.159
 10
1289.263
 20
186.475
 10
1288.43
 20
186.785
 10
1287.601
 20
187.088
 10
1286.778
 20
187.382
 10
1285.958
 20
187.667
 10
1285.144
 20
187.944
 10
1284.333
 20
188.213
 10
1283.528
 20
188.474
 10
1282.727
 20
188.726
 10
1281.934
 20
188.968
 10
1281.153
 20
189.197
 10
1280.385
 20
189.413
 10
1279.628
 20
189.616
 10
1278.884
 20
189.806
 10
1278.152
 20
189.983
 10
1277.431
 20
190.148
 10
1276.723
 20
190.3
 10
1276.034
 20
190.436
 10
1275.371
 20
190.554
 10
1274.733
 20
190.654
 10
1274.121
 20
190.735
 10
1273.535
 20
190.799
 10
1272.974
 20
190.844
 10
1272.439
 20
190.872
 10
1271.93
 20
190.881
 10
1271.032
 20
190.856
 10
1270.2
 20
190.782
 10
1269.434
 20
190.659
 10
1268.735
 20
190.487
 10
1268.103
 20
190.266
 10
1267.537
 20
189.996
 10
1267.038
 20
189.676
 10
1266.605
 20
189.307
 10
1266.23
 20
188.9
 10
1265.906
 20
188.464
 10
1265.631
 20
188.001
 10
1265.407
 20
187.51
 10
1265.232
 20
186.99
 10
1265.107
 20
186.443
 10
1265.032
 20
185.868
 10
1265.007
 20
185.265
 10
1265.024
 20
184.713
 10
1265.074
 20
184.148
 10
1265.157
 20
183.569
 10
1265.273
 20
182.977
 10
1265.423
 20
182.371
 10
1265.606
 20
181.752
 10
1265.823
 20
181.118
 10
1266.072
 20
180.472
 10
1266.351
 20
179.818
 10
1266.653
 20
179.163
 10
1266.98
 20
178.507
 10
1267.331
 20
177.851
 10
1267.706
 20
177.194
 10
1268.106
 20
176.536
 10
1268.529
 20
175.878
 10
1268.977
 20
175.219
 10
1269.445
 20
174.564
 10
1269.927
 20
173.919
 10
1270.425
 20
173.284
 10
1270.938
 20
172.659
 10
1271.466
 20
172.043
 10
1272.009
 20
171.438
 10
1272.567
 20
170.842
 10
1273.141
 20
170.256
 10
1273.985
 20
169.443
 10
1274.847
 20
168.675
 10
1275.728
 20
167.952
 10
1276.627
 20
167.273
 10
1277.543
 20
166.638
 10
1278.478
 20
166.049
 10
1279.432
 20
165.504
 10
1280.403
 20
165.003
 10
1281.385
 20
164.555
 10
1282.37
 20
164.167
 10
1283.358
 20
163.838
 10
1284.349
 20
163.569
 10
1285.343
 20
163.36
 10
1286.34
 20
163.211
 10
1287.34
 20
163.121
 10
1288.343
 20
163.091
 10
1289.008
 20
163.107
 10
1289.647
 20
163.155
 10
1290.26
 20
163.234
 10
1290.848
 20
163.345
 10
1291.41
 20
163.488
 10
1291.947
 20
163.663
 10
1292.457
 20
163.869
 10
1292.942
 20
164.108
 10
1293.4
 20
164.372
 10
1293.829
 20
164.657
 10
1294.229
 20
164.962
 10
1294.6
 20
165.288
 10
1294.943
 20
165.634
 10
1295.257
 20
166.0
 10
1295.542
 20
166.387
 10
1295.798
 20
166.795
 10
1296.025
 20
167.218
 10
1296.222
 20
167.652
 10
1296.389
 20
168.098
 10
1296.525
 20
168.556
 10
1296.631
 20
169.024
 10
1296.706
 20
169.504
 10
1296.752
 20
169.996
 10
1296.767
 20
170.498
 10
1296.751
 20
171.015
 10
1296.702
 20
171.523
 10
1296.62
 20
172.022
 10
1296.507
 20
172.514
 10
1296.36
 20
172.997
 10
1296.181
 20
173.471
 10
1295.97
 20
173.938
 10
1295.726
 20
174.396
 10
1295.456
 20
174.843
 10
1295.166
 20
175.276
 10
1294.857
 20
175.696
 10
1294.528
 20
176.102
 10
1294.179
 20
176.495
 10
1293.81
 20
176.874
 10
1293.422
 20
177.239
 10
1293.015
 20
177.591
 10
1292.594
 20
177.926
 10
1292.167
 20
178.243
 10
1291.735
 20
178.541
 10
1291.296
 20
178.819
 10
1290.851
 20
179.079
 10
1290.4
 20
179.32
 10
1289.943
 20
179.542
 10
1289.48
 20
179.745
 10
1289.018
 20
179.927
 10
1288.562
 20
180.084
 10
1288.113
 20
180.217
 10
1287.671
 20
180.326
 10
1287.236
 20
180.411
 10
1286.807
 20
180.472
 10
1286.385
 20
180.508
 10
1285.97
 20
180.52
 10
1285.627
 20
180.508
 10
1285.299
 20
180.472
 10
1284.986
 20
180.411
 10
1284.687
 20
180.326
 10
1284.405
 20
180.217
 10
1284.137
 20
180.084
 10
1283.884
 20
179.927
 10
1283.647
 20
179.745
 10
1283.431
 20
179.537
 10
1283.244
 20
179.301
 10
1283.086
 20
179.035
 10
1282.957
 20
178.741
 10
1282.856
 20
178.418
 10
1282.784
 20
178.066
 10
1282.741
 20
177.686
 10
1282.727
 20
177.276
 10
1282.727
 20
177.228
 10
1282.728
 20
177.178
 10
1282.73
 20
177.128
 10
1282.733
 20
177.077
 10
1282.736
 20
177.025
 10
1282.74
 20
176.972
 10
1282.745
 20
176.919
 10
1282.751
 20
176.865
 10
1282.757
 20
176.81
 10
1282.762
 20
176.754
 10
1282.766
 20
176.698
 10
1282.769
 20
176.641
 10
1282.772
 20
176.583
 10
1282.774
 20
176.524
 10
1282.775
 20
176.465
 10
1282.775
 20
176.405
 10
1282.775
 20
176.26
 10
1282.773
 20
176.176
 10
1282.768
 20
176.093
 10
1282.758
 20
176.012
 10
1282.745
 20
175.933
 10
1282.728
 20
175.855
 10
1282.707
 20
175.778
 10
1282.682
 20
175.704
 10
1282.654
 20
175.63
 10
1282.623
 20
175.562
 10
1282.589
 20
175.503
 10
1282.553
 20
175.453
 10
1282.515
 20
175.412
 10
1282.474
 20
175.381
 10
1282.432
 20
175.358
 10
1282.387
 20
175.344
 10
1282.339
 20
175.34
 10
1282.29
 20
175.348
 10
1282.24
 20
175.372
 10
1282.187
 20
175.411
 10
1282.134
 20
175.467
 10
1282.078
 20
175.538
 10
1282.022
 20
175.626
 10
1281.963
 20
175.729
 10
1281.904
 20
175.848
 10
1281.847
 20
175.988
 10
1281.798
 20
176.155
 10
1281.756
 20
176.348
 10
1281.722
 20
176.568
 10
1281.696
 20
176.814
 10
1281.677
 20
177.087
 10
1281.665
 20
177.386
 10
1281.662
 20
177.712
 10
1281.682
 20
178.24
 10
1281.742
 20
178.733
 10
1281.842
 20
179.193
 10
1281.982
 20
179.618
 10
1282.163
 20
180.01
 10
1282.383
 20
180.367
 10
1282.644
 20
180.691
 10
1282.945
 20
180.98
 10
1283.276
 20
181.235
 10
1283.63
 20
181.457
 10
1284.006
 20
181.644
 10
1284.403
 20
181.797
 10
1284.823
 20
181.916
 10
1285.264
 20
182.001
 10
1285.727
 20
182.052
 10
1286.213
 20
182.069
 10
1286.698
 20
182.054
 10
1287.187
 20
182.007
 10
1287.679
 20
181.93
 10
1288.173
 20
181.821
 10
1288.671
 20
181.682
 10
1289.172
 20
181.511
 10
1289.676
 20
181.309
 10
1290.182
 20
181.077
 10
1290.686
 20
180.818
 10
1291.181
 20
180.537
 10
1291.667
 20
180.234
 10
1292.143
 20
179.909
 10
1292.611
 20
179.562
 10
1293.069
 20
179.193
 10
1293.518
 20
178.802
 10
1293.959
 20
178.39
 10
1294.384
 20
177.96
 10
1294.788
 20
177.517
 10
1295.171
 20
177.061
 10
1295.532
 20
176.592
 10
1295.873
 20
176.111
 10
1296.192
 20
175.617
 10
1296.49
 20
175.109
 10
1296.767
 20
174.589
 10
1297.016
 20
174.061
 10
1297.233
 20
173.529
 10
1297.416
 20
172.993
 10
1297.566
 20
172.453
 10
1297.682
 20
171.91
 10
1297.765
 20
171.362
 10
1297.815
 20
170.811
 10
1297.832
 20
170.256
 10
1297.813
 20
169.608
 10
1297.756
 20
168.972
 10
1297.662
 20
168.347
 10
1297.529
 20
167.733
 10
1297.359
 20
167.13
 10
1297.151
 20
166.539
 10
1296.905
 20
165.959
 10
1296.622
 20
165.391
 10
1296.302
 20
164.842
 10
1295.948
 20
164.321
 10
1295.561
 20
163.828
 10
1295.139
 20
163.363
 10
1294.683
 20
162.926
 10
1294.193
 20
162.518
 10
1293.669
 20
162.137
 10
1293.112
 20
161.784
 10
1292.523
 20
161.466
 10
1291.906
 20
161.191
 10
1291.261
 20
160.958
 10
1290.588
 20
160.767
 10
1289.887
 20
160.619
 10
1289.158
 20
160.513
 10
1288.401
 20
160.449
 10
1287.617
 20
160.428
 10
1286.855
 20
160.448
 10
1286.096
 20
160.507
 10
1285.339
 20
160.605
 10
1284.585
 20
160.743
 10
1283.832
 20
160.92
 10
1283.082
 20
161.136
 10
1282.334
 20
161.392
 10
1281.589
 20
161.687
 10
1280.85
 20
162.013
 10
1280.121
 20
162.363
 10
1279.404
 20
162.737
 10
1278.696
 20
163.133
 10
1278.0
 20
163.554
 10
1277.313
 20
163.997
 10
1276.638
 20
164.464
 10
1275.973
 20
164.955
 10
1275.323
 20
165.461
 10
1274.691
 20
165.976
 10
1274.079
 20
166.499
 10
1273.486
 20
167.031
 10
1272.911
 20
167.57
 10
1272.356
 20
168.118
 10
1271.819
 20
168.675
 10
1271.301
 20
169.24
 10
1270.742
 20
169.873
 10
1270.204
 20
170.516
 10
1269.686
 20
171.169
 10
1269.189
 20
171.83
 10
1268.712
 20
172.5
 10
1268.255
 20
173.179
 10
1267.819
 20
173.868
 10
1267.404
 20
174.565
 10
1267.01
 20
175.267
 10
1266.638
 20
175.968
 10
1266.289
 20
176.668
 10
1265.963
 20
177.367
 10
1265.66
 20
178.066
 10
1265.379
 20
178.764
 10
1265.121
 20
179.461
 10
1264.886
 20
180.157
 10
1264.676
 20
180.847
 10
1264.494
 20
181.526
 10
1264.34
 20
182.194
 10
1264.214
 20
182.85
 10
1264.116
 20
183.495
 10
1264.046
 20
184.128
 10
1264.004
 20
184.751
 10
1263.99
 20
185.361
 10
1264.024
 20
186.238
 10
1264.124
 20
187.076
 10
1264.29
 20
187.875
 10
1264.523
 20
188.635
 10
1264.823
 20
189.357
 10
1265.189
 20
190.041
 10
1265.621
 20
190.686
 10
1266.121
 20
191.292
 10
1266.694
 20
191.842
 10
1267.349
 20
192.319
 10
1268.086
 20
192.723
 10
1268.905
 20
193.053
 10
1269.805
 20
193.31
 10
1270.787
 20
193.493
 10
1271.85
 20
193.604
 10
1272.995
 20
193.64
 10
1273.488
 20
193.632
 10
1273.999
 20
193.607
 10
1274.526
 20
193.565
 10
1275.071
 20
193.507
 10
1275.634
 20
193.432
 10
1276.214
 20
193.341
 10
1276.811
 20
193.232
 10
1277.425
 20
193.108
 10
1278.049
 20
192.972
 10
1278.672
 20
192.829
 10
1279.295
 20
192.681
 10
1279.919
 20
192.527
 10
1280.542
 20
192.366
 10
1281.165
 20
192.2
 10
1281.789
 20
192.027
 10
1282.412
 20
191.849
 10
1283.027
 20
191.668
 10
1283.624
 20
191.489
 10
1284.204
 20
191.311
 10
1284.766
 20
191.135
 10
1285.311
 20
190.96
 10
1285.839
 20
190.787
 10
1286.349
 20
190.615
 10
1286.842
 20
190.445
 10
1286.842
 20
190.542
 10
1286.069
 20
190.972
 10
1285.324
 20
191.39
 10
1284.608
 20
191.798
 10
1283.919
 20
192.194
 10
1283.258
 20
192.579
 10
1282.625
 20
192.952
 10
1282.021
 20
193.314
 10
1281.444
 20
193.664
 10
1280.886
 20
194.01
 10
1280.338
 20
194.356
 10
1279.8
 20
194.703
 10
1279.271
 20
195.05
 10
1278.753
 20
195.399
 10
1278.244
 20
195.748
 10
1277.745
 20
196.098
 10
1277.256
 20
196.448
 10
1276.769
 20
196.805
 10
1276.276
 20
197.171
 10
1275.776
 20
197.549
 10
1275.271
 20
197.937
 10
1274.76
 20
198.336
 10
1274.242
 20
198.745
 10
1273.719
 20
199.165
 10
1273.189
 20
199.595
 10
1272.753
 20
199.977
 10
1272.339
 20
200.373
 10
1271.948
 20
200.782
 10
1271.579
 20
201.205
 10
1271.234
 20
201.641
 10
1270.911
 20
202.092
 10
1270.61
 20
202.555
 10
1270.333
 20
203.033
 10
1270.083
 20
203.514
 10
1269.867
 20
203.992
 10
1269.684
 20
204.465
 10
1269.534
 20
204.933
 10
1269.417
 20
205.397
 10
1269.334
 20
205.856
 10
1269.284
 20
206.31
 10
1269.268
 20
206.76
 10
1269.284
 20
207.152
 10
1269.334
 20
207.529
 10
1269.417
 20
207.891
 10
1269.534
 20
208.237
 10
1269.684
 20
208.568
 10
1269.867
 20
208.885
 10
1270.083
 20
209.186
 10
1270.333
 20
209.472
 10
1270.622
 20
209.733
 10
1270.959
 20
209.959
 10
1271.343
 20
210.15
 10
1271.773
 20
210.307
 10
1272.25
 20
210.429
 10
1272.775
 20
210.516
 10
1273.346
 20
210.568
 10
1273.964
 20
210.585
 10
1274.035
 20
210.585
 10
1274.103
 20
210.585
 10
1274.168
 20
210.585
 10
1274.23
 20
210.585
 10
1274.289
 20
210.585
 10
1274.345
 20
210.585
 10
1274.398
 20
210.585
 10
1274.448
 20
210.585
 10
1274.499
 20
210.584
 10
1274.557
 20
210.582
 10
1274.62
 20
210.578
 10
1274.69
 20
210.573
 10
1274.766
 20
210.566
 10
1274.847
 20
210.558
 10
1274.935
 20
210.548
 10
1275.029
 20
210.537
 10
1276.188
 20
210.413
 10
1277.342
 20
210.258
 10
1278.491
 20
210.074
 10
1279.634
 20
209.859
 10
1280.772
 20
209.614
 10
1281.905
 20
209.338
 10
1283.033
 20
209.033
 10
1284.155
 20
208.697
 10
1285.276
 20
208.344
 10
1286.399
 20
207.989
 10
1287.524
 20
207.63
 10
1288.651
 20
207.269
 10
1289.781
 20
206.904
 10
1290.913
 20
206.537
 10
1292.048
 20
206.166
 10
1293.184
 20
205.792
 10
1292.583
 20
206.184
 10
1291.944
 20
206.609
 10
1291.264
 20
207.068
 10
1290.546
 20
207.559
 10
1289.788
 20
208.084
 10
1288.99
 20
208.643
 10
1288.154
 20
209.234
 10
1287.278
 20
209.859
 10
1286.378
 20
210.508
 10
1285.471
 20
211.172
 10
1284.557
 20
211.851
 10
1283.634
 20
212.546
 10
1282.705
 20
213.255
 10
1281.768
 20
213.98
 10
1280.823
 20
214.72
 10
1279.87
 20
215.475
 10
1278.745
 20
216.399
 10
1277.692
 20
217.306
 10
1276.711
 20
218.196
 10
1275.803
 20
219.07
 10
1274.968
 20
219.927
 10
1274.206
 20
220.767
 10
1273.516
 20
221.591
 10
1272.899
 20
222.398
 10
1272.354
 20
223.18
 10
1271.882
 20
223.926
 10
1271.483
 20
224.638
 10
1271.156
 20
225.315
 10
1270.902
 20
225.957
 10
1270.72
 20
226.565
 10
1270.611
 20
227.137
 10
1270.575
 20
227.675
 10
1270.625
 20
228.288
 10
1270.774
 20
228.819
 10
1271.024
 20
229.268
 10
1271.374
 20
229.636
 10
1271.823
 20
229.922
 10
1272.372
 20
230.126
 10
1273.021
 20
230.249
 10
1273.77
 20
230.29
 10
1274.08
 20
230.282
 10
1274.406
 20
230.261
 10
1274.746
 20
230.225
 10
1275.101
 20
230.175
 10
1275.472
 20
230.11
 10
1275.858
 20
230.031
 10
1276.259
 20
229.938
 10
1276.675
 20
229.83
 10
1277.102
 20
229.707
 10
1277.534
 20
229.568
 10
1277.973
 20
229.413
 10
1278.418
 20
229.243
 10
1278.869
 20
229.056
 10
1279.326
 20
228.854
 10
1279.789
 20
228.636
 10
1280.258
 20
228.402
 10
1280.8
 20
228.132
 10
1281.364
 20
227.855
 10
1281.947
 20
227.572
 10
1282.551
 20
227.282
 10
1283.176
 20
226.985
 10
1283.821
 20
226.681
 10
1284.486
 20
226.371
 10
1285.172
 20
226.053
 10
1285.872
 20
225.735
 10
1286.58
 20
225.42
 10
1287.297
 20
225.108
 10
1288.022
 20
224.801
 10
1288.755
 20
224.497
 10
1289.497
 20
224.197
 10
1290.247
 20
223.901
 10
1291.006
 20
223.609
 10
1291.766
 20
223.324
 10
1292.523
 20
223.053
 10
1293.276
 20
222.795
 10
1294.025
 20
222.549
 10
1294.771
 20
222.317
 10
1295.513
 20
222.097
 10
1296.25
 20
221.89
 10
1296.985
 20
221.696
 10
1297.71
 20
221.52
 10
1298.42
 20
221.368
 10
1299.117
 20
221.239
 10
1299.799
 20
221.133
 10
1300.466
 20
221.051
 10
1301.119
 20
220.993
 10
1301.758
 20
220.957
 10
1302.383
 20
220.946
 10
1303.032
 20
220.965
 10
1303.649
 20
221.023
 10
1304.233
 20
221.119
 10
1304.785
 20
221.254
 10
1305.305
 20
221.428
 10
1305.791
 20
221.64
 10
1306.246
 20
221.891
 10
1306.667
 20
222.18
 10
1307.048
 20
222.517
 10
1307.377
 20
222.911
 10
1307.656
 20
223.362
 10
1307.884
 20
223.869
 10
1308.061
 20
224.433
 10
1308.188
 20
225.053
 10
1308.264
 20
225.731
 10
1308.289
 20
226.465
 10
1308.289
 20
226.755
 10
1308.294
 20
226.926
 10
1308.307
 20
227.073
 10
1308.33
 20
227.198
 10
1308.362
 20
227.3
 10
1308.403
 20
227.38
 10
1308.453
 20
227.436
 10
1308.512
 20
227.47
 10
1308.58
 20
227.482
 10
1308.628
 20
227.474
 10
1308.677
 20
227.451
 10
1308.725
 20
227.414
 10
1308.773
 20
227.361
 10
1308.822
 20
227.293
 10
1308.87
 20
227.209
 10
1308.919
 20
227.111
 10
1308.967
 20
226.997
 10
1309.011
 20
226.87
 10
1309.046
 20
226.731
 10
1309.071
 20
226.58
 10
1309.088
 20
226.417
 10
1309.096
 20
226.241
 10
1309.094
 20
226.053
 10
1309.084
 20
225.854
 10
1309.064
 20
225.642
  0
LWPOLYLINE
  5
CC
330
17
100
AcDbEntity
  8
ENGRAVE_V
100
AcDbPolyline
 90
401
 70
1
 10
1303.642
 20
237.6
 10
1303.632
 20
237.326
 10
1303.602
 20
237.06
 10
1303.553
 20
236.802
 10
1303.484
 20
236.553
 10
1303.396
 20
236.312
 10
1303.288
 20
236.08
 10
1303.16
 20
235.855
 10
1303.012
 20
235.639
 10
1302.834
 20
235.441
 10
1302.616
 20
235.269
 10
1302.356
 20
235.123
 10
1302.056
 20
235.004
 10
1301.715
 20
234.911
 10
1301.333
 20
234.845
 10
1300.91
 20
234.805
 10
1300.446
 20
234.792
 10
1300.242
 20
234.794
 10
1300.041
 20
234.8
 10
1299.843
 20
234.809
 10
1299.647
 20
234.822
 10
1299.455
 20
234.839
 10
1299.266
 20
234.86
 10
1299.08
 20
234.885
 10
1298.897
 20
234.913
 10
1298.714
 20
234.945
 10
1298.528
 20
234.978
 10
1298.339
 20
235.014
 10
1298.147
 20
235.052
 10
1297.951
 20
235.093
 10
1297.753
 20
235.136
 10
1297.552
 20
235.181
 10
1297.348
 20
235.228
 10
1297.535
 20
235.114
 10
1297.732
 20
234.989
 10
1297.94
 20
234.853
 10
1298.159
 20
234.707
 10
1298.388
 20
234.551
 10
1298.628
 20
234.384
 10
1298.878
 20
234.206
 10
1299.139
 20
234.018
 10
1299.405
 20
233.821
 10
1299.669
 20
233.62
 10
1299.931
 20
233.413
 10
1300.192
 20
233.201
 10
1300.452
 20
232.983
 10
1300.709
 20
232.76
 10
1300.966
 20
232.532
 10
1301.221
 20
232.299
 10
1301.47
 20
232.062
 10
1301.708
 20
231.824
 10
1301.936
 20
231.584
 10
1302.153
 20
231.343
 10
1302.359
 20
231.1
 10
1302.555
 20
230.855
 10
1302.741
 20
230.61
 10
1302.915
 20
230.362
 10
1303.074
 20
230.116
 10
1303.212
 20
229.874
 10
1303.328
 20
229.635
 10
1303.424
 20
229.4
 10
1303.498
 20
229.169
 10
1303.551
 20
228.942
 10
1303.583
 20
228.718
 10
1303.593
 20
228.498
 10
1303.575
 20
228.191
 10
1303.522
 20
227.899
 10
1303.433
 20
227.622
 10
1303.309
 20
227.361
 10
1303.149
 20
227.114
 10
1302.953
 20
226.883
 10
1302.722
 20
226.666
 10
1302.455
 20
226.465
 10
1302.16
 20
226.283
 10
1301.843
 20
226.126
 10
1301.503
 20
225.993
 10
1301.142
 20
225.884
 10
1300.759
 20
225.799
 10
1300.354
 20
225.739
 10
1299.927
 20
225.702
 10
1299.478
 20
225.69
 10
1298.977
 20
225.705
 10
1298.467
 20
225.748
 10
1297.948
 20
225.82
 10
1297.42
 20
225.92
 10
1296.883
 20
226.05
 10
1296.337
 20
226.208
 10
1295.782
 20
226.395
 10
1295.218
 20
226.61
 10
1294.652
 20
226.851
 10
1294.092
 20
227.112
 10
1293.538
 20
227.395
 10
1292.99
 20
227.699
 10
1292.449
 20
228.025
 10
1291.913
 20
228.371
 10
1291.384
 20
228.739
 10
1290.86
 20
229.128
 10
1290.352
 20
229.535
 10
1289.868
 20
229.957
 10
1289.408
 20
230.394
 10
1288.972
 20
230.846
 10
1288.561
 20
231.314
 10
1288.173
 20
231.797
 10
1287.81
 20
232.294
 10
1287.471
 20
232.807
 10
1287.165
 20
233.331
 10
1286.899
 20
233.86
 10
1286.675
 20
234.396
 10
1286.491
 20
234.937
 10
1286.348
 20
235.485
 10
1286.246
 20
236.039
 10
1286.185
 20
236.599
 10
1286.164
 20
237.164
 10
1286.17
 20
237.441
 10
1286.187
 20
237.715
 10
1286.215
 20
237.986
 10
1286.255
 20
238.254
 10
1286.306
 20
238.519
 10
1286.368
 20
238.78
 10
1286.442
 20
239.039
 10
1286.527
 20
239.295
 10
1286.625
 20
239.545
 10
1286.738
 20
239.788
 10
1286.864
 20
240.023
 10
1287.005
 20
240.251
 10
1287.161
 20
240.471
 10
1287.331
 20
240.684
 10
1287.515
 20
240.889
 10
1287.713
 20
241.086
 10
1287.8
 20
241.165
 10
1287.889
 20
241.234
 10
1287.981
 20
241.292
 10
1288.076
 20
241.34
 10
1288.175
 20
241.377
 10
1288.276
 20
241.404
 10
1288.381
 20
241.42
 10
1288.488
 20
241.425
 10
1288.559
 20
241.421
 10
1288.627
 20
241.41
 10
1288.692
 20
241.391
 10
1288.754
 20
241.364
 10
1288.813
 20
241.33
 10
1288.869
 20
241.289
 10
1288.922
 20
241.24
 10
1288.972
 20
241.183
 10
1289.016
 20
241.12
 10
1289.051
 20
241.053
 10
1289.077
 20
240.981
 10
1289.093
 20
240.904
 10
1289.101
 20
240.823
 10
1289.099
 20
240.738
 10
1289.089
 20
240.648
 10
1289.069
 20
240.553
 10
1288.672
 20
240.401
 10
1288.328
 20
240.211
 10
1288.036
 20
239.984
 10
1287.798
 20
239.718
 10
1287.613
 20
239.415
 10
1287.48
 20
239.074
 10
1287.401
 20
238.695
 10
1287.374
 20
238.278
 10
1287.383
 20
238.068
 10
1287.408
 20
237.851
 10
1287.449
 20
237.627
 10
1287.508
 20
237.394
 10
1287.582
 20
237.155
 10
1287.674
 20
236.907
 10
1287.782
 20
236.652
 10
1287.907
 20
236.39
 10
1288.089
 20
236.06
 10
1288.296
 20
235.726
 10
1288.528
 20
235.386
 10
1288.785
 20
235.04
 10
1289.066
 20
234.69
 10
1289.373
 20
234.334
 10
1289.705
 20
233.973
 10
1290.061
 20
233.606
 10
1290.437
 20
233.24
 10
1290.824
 20
232.88
 10
1291.223
 20
232.526
 10
1291.635
 20
232.178
 10
1292.059
 20
231.836
 10
1292.494
 20
231.5
 10
1292.942
 20
231.17
 10
1293.402
 20
230.846
 10
1293.868
 20
230.533
 10
1294.335
 20
230.234
 10
1294.803
 20
229.949
 10
1295.272
 20
229.678
 10
1295.741
 20
229.422
 10
1296.212
 20
229.181
 10
1296.682
 20
228.953
 10
1297.154
 20
228.74
 10
1297.621
 20
228.548
 10
1298.077
 20
228.38
 10
1298.523
 20
228.239
 10
1298.958
 20
228.123
 10
1299.382
 20
228.033
 10
1299.796
 20
227.969
 10
1300.199
 20
227.93
 10
1300.591
 20
227.917
 10
1300.966
 20
227.936
 10
1301.29
 20
227.993
 10
1301.565
 20
228.088
 10
1301.79
 20
228.22
 10
1301.964
 20
228.39
 10
1302.089
 20
228.598
 10
1302.164
 20
228.844
 10
1302.189
 20
229.128
 10
1302.173
 20
229.395
 10
1302.126
 20
229.665
 10
1302.046
 20
229.937
 10
1301.935
 20
230.211
 10
1301.792
 20
230.487
 10
1301.617
 20
230.766
 10
1301.411
 20
231.047
 10
1301.172
 20
231.331
 10
1300.91
 20
231.613
 10
1300.632
 20
231.893
 10
1300.338
 20
232.17
 10
1300.029
 20
232.444
 10
1299.703
 20
232.715
 10
1299.361
 20
232.983
 10
1299.004
 20
233.247
 10
1298.631
 20
233.509
 10
1298.25
 20
233.767
 10
1297.87
 20
234.019
 10
1297.49
 20
234.266
 10
1297.112
 20
234.508
 10
1296.734
 20
234.744
 10
1296.357
 20
234.975
 10
1295.98
 20
235.201
 10
1295.605
 20
235.422
 10
1295.239
 20
235.633
 10
1294.891
 20
235.833
 10
1294.561
 20
236.021
 10
1294.249
 20
236.196
 10
1293.956
 20
236.36
 10
1293.68
 20
236.511
 10
1293.423
 20
236.65
 10
1293.184
 20
236.777
 10
1292.864
 20
236.957
 10
1292.558
 20
237.134
 10
1292.265
 20
237.308
 10
1291.986
 20
237.479
 10
1291.72
 20
237.647
 10
1291.468
 20
237.812
 10
1291.23
 20
237.974
 10
1291.006
 20
238.133
 10
1290.801
 20
238.298
 10
1290.624
 20
238.481
 10
1290.474
 20
238.68
 10
1290.352
 20
238.895
 10
1290.257
 20
239.127
 10
1290.189
 20
239.376
 10
1290.148
 20
239.642
 10
1290.134
 20
239.924
 10
1290.136
 20
240.057
 10
1290.143
 20
240.19
 10
1290.154
 20
240.323
 10
1290.17
 20
240.457
 10
1290.191
 20
240.59
 10
1290.216
 20
240.723
 10
1290.245
 20
240.856
 10
1290.279
 20
240.989
 10
1290.312
 20
241.123
 10
1290.337
 20
241.258
 10
1290.354
 20
241.395
 10
1290.364
 20
241.534
 10
1290.366
 20
241.674
 10
1290.361
 20
241.815
 10
1290.348
 20
241.958
 10
1290.328
 20
242.103
 10
1290.699
 20
241.745
 10
1291.087
 20
241.399
 10
1291.492
 20
241.064
 10
1291.913
 20
240.741
 10
1292.351
 20
240.429
 10
1292.806
 20
240.128
 10
1293.277
 20
239.839
 10
1293.765
 20
239.561
 10
1294.26
 20
239.297
 10
1294.753
 20
239.048
 10
1295.244
 20
238.815
 10
1295.732
 20
238.599
 10
1296.218
 20
238.398
 10
1296.702
 20
238.213
 10
1297.183
 20
238.044
 10
1297.662
 20
237.891
 10
1298.131
 20
237.754
 10
1298.581
 20
237.636
 10
1299.012
 20
237.537
 10
1299.423
 20
237.455
 10
1299.816
 20
237.391
 10
1300.191
 20
237.346
 10
1300.546
 20
237.319
 10
1300.882
 20
237.31
 10
1301.222
 20
237.325
 10
1301.517
 20
237.37
 10
1301.767
 20
237.446
 10
1301.971
 20
237.552
 10
1302.13
 20
237.688
 10
1302.244
 20
237.854
 10
1302.312
 20
238.051
 10
1302.334
 20
238.278
 10
1302.321
 20
238.474
 10
1302.28
 20
238.673
 10
1302.212
 20
238.876
 10
1302.117
 20
239.083
 10
1301.994
 20
239.294
 10
1301.844
 20
239.508
 10
1301.667
 20
239.726
 10
1301.463
 20
239.948
 10
1301.238
 20
240.171
 10
1300.998
 20
240.393
 10
1300.745
 20
240.613
 10
1300.476
 20
240.832
 10
1300.194
 20
241.049
 10
1299.897
 20
241.265
 10
1299.586
 20
241.479
 10
1299.26
 20
241.691
 10
1298.926
 20
241.901
 10
1298.591
 20
242.107
 10
1298.255
 20
242.31
 10
1297.917
 20
242.508
 10
1297.577
 20
242.703
 10
1297.236
 20
242.894
 10
1296.893
 20
243.081
 10
1296.549
 20
243.265
 10
1296.21
 20
243.442
 10
1295.882
 20
243.61
 10
1295.565
 20
243.768
 10
1295.26
 20
243.918
 10
1294.966
 20
244.059
 10
1294.683
 20
244.191
 10
1294.412
 20
244.313
 10
1294.152
 20
244.427
 10
1294.153
 20
244.486
 10
1294.155
 20
244.543
 10
1294.159
 20
244.598
 10
1294.165
 20
244.65
 10
1294.171
 20
244.701
 10
1294.18
 20
244.749
 10
1294.189
 20
244.795
 10
1294.201
 20
244.838
 10
1294.217
 20
244.878
 10
1294.243
 20
244.912
 10
1294.278
 20
244.941
 10
1294.322
 20
244.965
 10
1294.375
 20
244.984
 10
1294.437
 20
244.997
 10
1294.508
 20
245.005
 10
1294.588
 20
245.008
 10
1294.637
 20
244.994
 10
1294.686
 20
244.979
 10
1294.737
 20
244.961
 10
1294.788
 20
244.941
 10
1294.84
 20
244.919
 10
1294.892
 20
244.894
 10
1294.946
 20
244.867
 10
1295.0
 20
244.838
 10
1295.059
 20
244.806
 10
1295.128
 20
244.77
 10
1295.207
 20
244.73
 10
1295.296
 20
244.687
 10
1295.395
 20
244.639
 10
1295.503
 20
244.588
 10
1295.622
 20
244.534
 10
1295.75
 20
244.475
 10
1295.952
 20
244.374
 10
1296.171
 20
244.263
 10
1296.406
 20
244.144
 10
1296.658
 20
244.015
 10
1296.926
 20
243.877
 10
1297.212
 20
243.731
 10
1297.513
 20
243.575
 10
1297.832
 20
243.41
 10
1298.159
 20
243.237
 10
1298.487
 20
243.056
 10
1298.816
 20
242.867
 10
1299.145
 20
242.672
 10
1299.475
 20
242.468
 10
1299.806
 20
242.257
 10
1300.138
 20
242.038
 10
1300.47
 20
241.812
 10
1300.797
 20
241.58
 10
1301.11
 20
241.343
 10
1301.411
 20
241.102
 10
1301.699
 20
240.856
 10
1301.974
 20
240.606
 10
1302.236
 20
240.351
 10
1302.485
 20
240.091
 10
1302.722
 20
239.827
 10
1302.937
 20
239.559
 10
1303.124
 20
239.289
 10
1303.282
 20
239.015
 10
1303.412
 20
238.738
 10
1303.512
 20
238.458
 10
1303.584
 20
238.175
 10
1303.627
 20
237.889
 10
1303.642
 20
237.6
  0
LWPOLYLINE
  5
CD
330
17
100
AcDbEntity
  8
ENGRAVE_V
100
AcDbPolyline
 90
305
 70
1
 10
1294.007
 20
244.475
 10
1293.786
 20
244.576
 10
1293.534
 20
244.684
 10
1293.25
 20
244.799
 10
1292.936
 20
244.923
 10
1292.591
 20
245.054
 10
1292.214
 20
245.192
 10
1291.807
 20
245.338
 10
1291.369
 20
245.492
 10
1290.908
 20
245.65
 10
1290.435
 20
245.809
 10
1289.949
 20
245.97
 10
1289.45
 20
246.133
 10
1288.938
 20
246.297
 10
1288.414
 20
246.463
 10
1287.876
 20
246.63
 10
1287.326
 20
246.799
 10
1286.773
 20
246.963
 10
1286.228
 20
247.117
 10
1285.69
 20
247.26
 10
1285.16
 20
247.392
 10
1284.637
 20
247.514
 10
1284.122
 20
247.625
 10
1283.614
 20
247.726
 10
1283.114
 20
247.816
 10
1282.927
 20
247.856
 10
1282.752
 20
247.903
 10
1282.591
 20
247.958
 10
1282.442
 20
248.021
 10
1282.306
 20
248.092
 10
1282.184
 20
248.17
 10
1282.073
 20
248.255
 10
1281.976
 20
248.348
 10
1281.891
 20
248.446
 10
1281.817
 20
248.545
 10
1281.755
 20
248.645
 10
1281.704
 20
248.747
 10
1281.664
 20
248.851
 10
1281.636
 20
248.956
 10
1281.619
 20
249.063
 10
1281.613
 20
249.171
 10
1281.623
 20
249.327
 10
1281.651
 20
249.48
 10
1281.698
 20
249.63
 10
1281.764
 20
249.776
 10
1281.85
 20
249.92
 10
1281.954
 20
250.061
 10
1282.077
 20
250.198
 10
1282.218
 20
250.333
 10
1282.378
 20
250.458
 10
1282.553
 20
250.566
 10
1282.744
 20
250.658
 10
1282.951
 20
250.732
 10
1283.173
 20
250.791
 10
1283.412
 20
250.832
 10
1283.667
 20
250.857
 10
1283.937
 20
250.866
 10
1284.27
 20
250.853
 10
1284.591
 20
250.816
 10
1284.899
 20
250.753
 10
1285.196
 20
250.666
 10
1285.48
 20
250.554
 10
1285.753
 20
250.416
 10
1286.013
 20
250.254
 10
1286.261
 20
250.067
 10
1286.501
 20
249.861
 10
1286.739
 20
249.645
 10
1286.974
 20
249.417
 10
1287.205
 20
249.177
 10
1287.433
 20
248.926
 10
1287.659
 20
248.664
 10
1287.881
 20
248.391
 10
1288.101
 20
248.106
 10
1288.112
 20
248.228
 10
1288.123
 20
248.351
 10
1288.134
 20
248.476
 10
1288.143
 20
248.602
 10
1288.152
 20
248.73
 10
1288.16
 20
248.859
 10
1288.167
 20
248.99
 10
1288.173
 20
249.123
 10
1288.179
 20
249.257
 10
1288.184
 20
249.395
 10
1288.188
 20
249.536
 10
1288.191
 20
249.679
 10
1288.194
 20
249.826
 10
1288.196
 20
249.976
 10
1288.197
 20
250.129
 10
1288.197
 20
250.285
 10
1288.193
 20
250.853
 10
1288.179
 20
251.419
 10
1288.157
 20
251.984
 10
1288.125
 20
252.548
 10
1288.084
 20
253.11
 10
1288.034
 20
253.671
 10
1287.975
 20
254.23
 10
1287.907
 20
254.787
 10
1287.977
 20
254.81
 10
1288.043
 20
254.83
 10
1288.104
 20
254.846
 10
1288.161
 20
254.86
 10
1288.213
 20
254.87
 10
1288.261
 20
254.878
 10
1288.304
 20
254.882
 10
1288.343
 20
254.884
 10
1288.505
 20
254.878
 10
1288.679
 20
254.861
 10
1288.862
 20
254.833
 10
1289.057
 20
254.793
 10
1289.262
 20
254.742
 10
1289.477
 20
254.68
 10
1289.704
 20
254.606
 10
1289.94
 20
254.521
 10
1290.179
 20
254.43
 10
1290.412
 20
254.338
 10
1290.639
 20
254.245
 10
1290.86
 20
254.152
 10
1291.075
 20
254.058
 10
1291.284
 20
253.963
 10
1291.487
 20
253.867
 10
1291.683
 20
253.77
 10
1291.803
 20
253.716
 10
1291.945
 20
253.649
 10
1292.109
 20
253.571
 10
1292.295
 20
253.48
 10
1292.502
 20
253.377
 10
1292.732
 20
253.262
 10
1292.983
 20
253.135
 10
1293.257
 20
252.996
 10
1293.546
 20
252.849
 10
1293.844
 20
252.699
 10
1294.151
 20
252.546
 10
1294.467
 20
252.391
 10
1294.792
 20
252.232
 10
1295.127
 20
252.07
 10
1295.47
 20
251.905
 10
1295.823
 20
251.737
 10
1296.179
 20
251.571
 10
1296.534
 20
251.412
 10
1296.887
 20
251.259
 10
1297.239
 20
251.114
 10
1297.589
 20
250.975
 10
1297.938
 20
250.843
 10
1298.285
 20
250.718
 10
1298.631
 20
250.599
 10
1298.969
 20
250.492
 10
1299.295
 20
250.398
 10
1299.608
 20
250.319
 10
1299.908
 20
250.254
 10
1300.195
 20
250.204
 10
1300.469
 20
250.168
 10
1300.73
 20
250.147
 10
1300.979
 20
250.139
 10
1301.274
 20
250.155
 10
1301.53
 20
250.2
 10
1301.746
 20
250.276
 10
1301.923
 20
250.381
 10
1302.061
 20
250.518
 10
1302.159
 20
250.684
 10
1302.218
 20
250.881
 10
1302.238
 20
251.108
 10
1302.204
 20
251.349
 10
1302.103
 20
251.613
 10
1301.935
 20
251.9
 10
1301.699
 20
252.209
 10
1301.396
 20
252.541
 10
1301.026
 20
252.896
 10
1300.588
 20
253.273
 10
1300.083
 20
253.674
 10
1299.519
 20
254.085
 10
1298.905
 20
254.497
 10
1298.239
 20
254.908
 10
1297.523
 20
255.32
 10
1296.757
 20
255.731
 10
1295.939
 20
256.143
 10
1295.071
 20
256.554
 10
1294.152
 20
256.966
 10
1294.159
 20
257.102
 10
1294.18
 20
257.22
 10
1294.214
 20
257.32
 10
1294.261
 20
257.402
 10
1294.323
 20
257.465
 10
1294.398
 20
257.51
 10
1294.486
 20
257.538
 10
1294.588
 20
257.547
 10
1294.919
 20
257.409
 10
1295.257
 20
257.264
 10
1295.603
 20
257.11
 10
1295.956
 20
256.948
 10
1296.317
 20
256.777
 10
1296.685
 20
256.598
 10
1297.061
 20
256.411
 10
1297.445
 20
256.215
 10
1297.829
 20
256.013
 10
1298.209
 20
255.805
 10
1298.583
 20
255.592
 10
1298.951
 20
255.374
 10
1299.315
 20
255.151
 10
1299.673
 20
254.922
 10
1300.026
 20
254.688
 10
1300.374
 20
254.448
 10
1300.711
 20
254.204
 10
1301.033
 20
253.955
 10
1301.34
 20
253.702
 10
1301.632
 20
253.444
 10
1301.909
 20
253.181
 10
1302.171
 20
252.914
 10
1302.418
 20
252.643
 10
1302.649
 20
252.366
 10
1302.859
 20
252.087
 10
1303.041
 20
251.804
 10
1303.195
 20
251.518
 10
1303.321
 20
251.229
 10
1303.419
 20
250.937
 10
1303.489
 20
250.642
 10
1303.531
 20
250.344
 10
1303.545
 20
250.043
 10
1303.533
 20
249.813
 10
1303.498
 20
249.583
 10
1303.439
 20
249.353
 10
1303.357
 20
249.123
 10
1303.252
 20
248.893
 10
1303.123
 20
248.663
 10
1302.97
 20
248.433
 10
1302.794
 20
248.203
 10
1302.592
 20
247.987
 10
1302.36
 20
247.8
 10
1302.099
 20
247.642
 10
1301.808
 20
247.513
 10
1301.488
 20
247.412
 10
1301.138
 20
247.34
 10
1300.758
 20
247.297
 10
1300.349
 20
247.283
 10
1299.975
 20
247.292
 10
1299.604
 20
247.319
 10
1299.234
 20
247.365
 10
1298.867
 20
247.428
 10
1298.502
 20
247.51
 10
1298.139
 20
247.61
 10
1297.779
 20
247.728
 10
1297.42
 20
247.864
 10
1297.066
 20
248.011
 10
1296.717
 20
248.164
 10
1296.373
 20
248.32
 10
1296.035
 20
248.481
 10
1295.701
 20
248.647
 10
1295.373
 20
248.817
 10
1295.051
 20
248.992
 10
1294.733
 20
249.171
 10
1294.423
 20
249.35
 10
1294.122
 20
249.525
 10
1293.83
 20
249.695
 10
1293.547
 20
249.861
 10
1293.273
 20
250.022
 10
1293.009
 20
250.179
 10
1292.753
 20
250.331
 10
1292.506
 20
250.478
 10
1292.27
 20
250.614
 10
1292.046
 20
250.732
 10
1291.835
 20
250.832
 10
1291.635
 20
250.914
 10
1291.447
 20
250.978
 10
1291.272
 20
251.023
 10
1291.108
 20
251.05
 10
1290.957
 20
251.059
 10
1290.747
 20
251.042
 10
1290.552
 20
250.991
 10
1290.372
 20
250.906
 10
1290.207
 20
250.787
 10
1290.057
 20
250.634
 10
1289.922
 20
250.447
 10
1289.803
 20
250.225
 10
1289.698
 20
249.97
 10
1289.607
 20
249.687
 10
1289.526
 20
249.384
 10
1289.455
 20
249.061
 10
1289.396
 20
248.717
 10
1289.347
 20
248.353
 10
1289.308
 20
247.968
 10
1289.28
 20
247.563
 10
1289.263
 20
247.138
 10
1289.801
 20
246.927
 10
1290.303
 20
246.729
 10
1290.769
 20
246.545
 10
1291.199
 20
246.375
 10
1291.593
 20
246.219
 10
1291.95
 20
246.076
 10
1292.27
 20
245.946
 10
1292.555
 20
245.831
 10
1292.82
 20
245.722
 10
1293.081
 20
245.616
 10
1293.34
 20
245.511
 10
1293.596
 20
245.407
 10
1293.848
 20
245.305
 10
1294.098
 20
245.204
 10
1294.345
 20
245.105
 10
1294.588
 20
245.008
 10
1294.579
 20
244.83
 10
1294.552
 20
244.684
 10
1294.506
 20
244.57
 10
1294.443
 20
244.487
 10
1294.361
 20
244.436
 10
1294.261
 20
244.417
 10
1294.143
 20
244.43
 10
1294.007
 20
244.475
  0
LWPOLYLINE
  5
CE
330
17
100
AcDbEntity
  8
ENGRAVE_V
100
AcDbPolyline
 90
305
 70
1
 10
1294.007
 20
257.014
 10
1293.786
 20
257.115
 10
1293.534
 20
257.223
 10
1293.25
 20
257.339
 10
1292.936
 20
257.462
 10
1292.591
 20
257.593
 10
1292.214
 20
257.731
 10
1291.807
 20
257.877
 10
1291.369
 20
258.031
 10
1290.908
 20
258.189
 10
1290.435
 20
258.349
 10
1289.949
 20
258.51
 10
1289.45
 20
258.672
 10
1288.938
 20
258.837
 10
1288.414
 20
259.002
 10
1287.876
 20
259.169
 10
1287.326
 20
259.338
 10
1286.773
 20
259.502
 10
1286.228
 20
259.656
 10
1285.69
 20
259.799
 10
1285.16
 20
259.931
 10
1284.637
 20
260.053
 10
1284.122
 20
260.164
 10
1283.614
 20
260.265
 10
1283.114
 20
260.355
 10
1282.927
 20
260.395
 10
1282.752
 20
260.443
 10
1282.591
 20
260.498
 10
1282.442
 20
260.561
 10
1282.306
 20
260.631
 10
1282.184
 20
260.709
 10
1282.073
 20
260.794
 10
1281.976
 20
260.887
 10
1281.891
 20
260.985
 10
1281.817
 20
261.084
 10
1281.755
 20
261.185
 10
1281.704
 20
261.287
 10
1281.664
 20
261.39
 10
1281.636
 20
261.496
 10
1281.619
 20
261.602
 10
1281.613
 20
261.71
 10
1281.623
 20
261.866
 10
1281.651
 20
262.019
 10
1281.698
 20
262.169
 10
1281.764
 20
262.316
 10
1281.85
 20
262.459
 10
1281.954
 20
262.6
 10
1282.077
 20
262.738
 10
1282.218
 20
262.872
 10
1282.378
 20
262.997
 10
1282.553
 20
263.105
 10
1282.744
 20
263.197
 10
1282.951
 20
263.272
 10
1283.173
 20
263.33
 10
1283.412
 20
263.372
 10
1283.667
 20
263.397
 10
1283.937
 20
263.405
 10
1284.27
 20
263.392
 10
1284.591
 20
263.355
 10
1284.899
 20
263.293
 10
1285.196
 20
263.205
 10
1285.48
 20
263.093
 10
1285.753
 20
262.955
 10
1286.013
 20
262.793
 10
1286.261
 20
262.606
 10
1286.501
 20
262.401
 10
1286.739
 20
262.184
 10
1286.974
 20
261.956
 10
1287.205
 20
261.716
 10
1287.433
 20
261.466
 10
1287.659
 20
261.204
 10
1287.881
 20
260.93
 10
1288.101
 20
260.645
 10
1288.112
 20
260.767
 10
1288.123
 20
260.89
 10
1288.134
 20
261.015
 10
1288.143
 20
261.141
 10
1288.152
 20
261.269
 10
1288.16
 20
261.399
 10
1288.167
 20
261.53
 10
1288.173
 20
261.662
 10
1288.179
 20
261.797
 10
1288.184
 20
261.934
 10
1288.188
 20
262.075
 10
1288.191
 20
262.219
 10
1288.194
 20
262.365
 10
1288.196
 20
262.515
 10
1288.197
 20
262.668
 10
1288.197
 20
262.824
 10
1288.193
 20
263.392
 10
1288.179
 20
263.959
 10
1288.157
 20
264.524
 10
1288.125
 20
265.087
 10
1288.084
 20
265.649
 10
1288.034
 20
266.21
 10
1287.975
 20
266.769
 10
1287.907
 20
267.326
 10
1287.977
 20
267.349
 10
1288.043
 20
267.369
 10
1288.104
 20
267.385
 10
1288.161
 20
267.399
 10
1288.213
 20
267.41
 10
1288.261
 20
267.417
 10
1288.304
 20
267.422
 10
1288.343
 20
267.423
 10
1288.505
 20
267.418
 10
1288.679
 20
267.401
 10
1288.862
 20
267.372
 10
1289.057
 20
267.332
 10
1289.262
 20
267.281
 10
1289.477
 20
267.219
 10
1289.704
 20
267.145
 10
1289.94
 20
267.06
 10
1290.179
 20
266.969
 10
1290.412
 20
266.877
 10
1290.639
 20
266.784
 10
1290.86
 20
266.691
 10
1291.075
 20
266.597
 10
1291.284
 20
266.502
 10
1291.487
 20
266.406
 10
1291.683
 20
266.31
 10
1291.803
 20
266.255
 10
1291.945
 20
266.189
 10
1292.109
 20
266.11
 10
1292.295
 20
266.019
 10
1292.502
 20
265.916
 10
1292.732
 20
265.801
 10
1292.983
 20
265.674
 10
1293.257
 20
265.535
 10
1293.546
 20
265.388
 10
1293.844
 20
265.239
 10
1294.151
 20
265.086
 10
1294.467
 20
264.93
 10
1294.792
 20
264.771
 10
1295.127
 20
264.609
 10
1295.47
 20
264.444
 10
1295.823
 20
264.276
 10
1296.179
 20
264.11
 10
1296.534
 20
263.951
 10
1296.887
 20
263.799
 10
1297.239
 20
263.653
 10
1297.589
 20
263.514
 10
1297.938
 20
263.382
 10
1298.285
 20
263.257
 10
1298.631
 20
263.139
 10
1298.969
 20
263.031
 10
1299.295
 20
262.937
 10
1299.608
 20
262.858
 10
1299.908
 20
262.794
 10
1300.195
 20
262.743
 10
1300.469
 20
262.707
 10
1300.73
 20
262.686
 10
1300.979
 20
262.679
 10
1301.274
 20
262.694
 10
1301.53
 20
262.739
 10
1301.746
 20
262.815
 10
1301.923
 20
262.921
 10
1302.061
 20
263.057
 10
1302.159
 20
263.223
 10
1302.218
 20
263.42
 10
1302.238
 20
263.647
 10
1302.204
 20
263.888
 10
1302.103
 20
264.152
 10
1301.935
 20
264.439
 10
1301.699
 20
264.748
 10
1301.396
 20
265.08
 10
1301.026
 20
265.435
 10
1300.588
 20
265.813
 10
1300.083
 20
266.213
 10
1299.519
 20
266.624
 10
1298.905
 20
267.036
 10
1298.239
 20
267.447
 10
1297.523
 20
267.859
 10
1296.757
 20
268.27
 10
1295.939
 20
268.682
 10
1295.071
 20
269.093
 10
1294.152
 20
269.505
 10
1294.159
 20
269.641
 10
1294.18
 20
269.759
 10
1294.214
 20
269.859
 10
1294.261
 20
269.941
 10
1294.323
 20
270.004
 10
1294.398
 20
270.05
 10
1294.486
 20
270.077
 10
1294.588
 20
270.086
 10
1294.919
 20
269.949
 10
1295.257
 20
269.803
 10
1295.603
 20
269.649
 10
1295.956
 20
269.487
 10
1296.317
 20
269.316
 10
1296.685
 20
269.137
 10
1297.061
 20
268.95
 10
1297.445
 20
268.755
 10
1297.829
 20
268.552
 10
1298.209
 20
268.345
 10
1298.583
 20
268.132
 10
1298.951
 20
267.913
 10
1299.315
 20
267.69
 10
1299.673
 20
267.461
 10
1300.026
 20
267.227
 10
1300.374
 20
266.987
 10
1300.711
 20
266.743
 10
1301.033
 20
266.494
 10
1301.34
 20
266.241
 10
1301.632
 20
265.983
 10
1301.909
 20
265.72
 10
1302.171
 20
265.453
 10
1302.418
 20
265.182
 10
1302.649
 20
264.906
 10
1302.859
 20
264.626
 10
1303.041
 20
264.343
 10
1303.195
 20
264.057
 10
1303.321
 20
263.768
 10
1303.419
 20
263.476
 10
1303.489
 20
263.181
 10
1303.531
 20
262.883
 10
1303.545
 20
262.582
 10
1303.533
 20
262.352
 10
1303.498
 20
262.122
 10
1303.439
 20
261.892
 10
1303.357
 20
261.662
 10
1303.252
 20
261.432
 10
1303.123
 20
261.202
 10
1302.97
 20
260.972
 10
1302.794
 20
260.742
 10
1302.592
 20
260.526
 10
1302.36
 20
260.34
 10
1302.099
 20
260.182
 10
1301.808
 20
260.052
 10
1301.488
 20
259.952
 10
1301.138
 20
259.88
 10
1300.758
 20
259.837
 10
1300.349
 20
259.822
 10
1299.975
 20
259.831
 10
1299.604
 20
259.859
 10
1299.234
 20
259.904
 10
1298.867
 20
259.967
 10
1298.502
 20
260.049
 10
1298.139
 20
260.149
 10
1297.779
 20
260.267
 10
1297.42
 20
260.403
 10
1297.066
 20
260.551
 10
1296.717
 20
260.703
 10
1296.373
 20
260.859
 10
1296.035
 20
261.02
 10
1295.701
 20
261.186
 10
1295.373
 20
261.356
 10
1295.051
 20
261.531
 10
1294.733
 20
261.71
 10
1294.423
 20
261.89
 10
1294.122
 20
262.064
 10
1293.83
 20
262.235
 10
1293.547
 20
262.4
 10
1293.273
 20
262.561
 10
1293.009
 20
262.718
 10
1292.753
 20
262.87
 10
1292.506
 20
263.018
 10
1292.27
 20
263.154
 10
1292.046
 20
263.272
 10
1291.835
 20
263.372
 10
1291.635
 20
263.453
 10
1291.447
 20
263.517
 10
1291.272
 20
263.562
 10
1291.108
 20
263.589
 10
1290.957
 20
263.598
 10
1290.747
 20
263.581
 10
1290.552
 20
263.53
 10
1290.372
 20
263.445
 10
1290.207
 20
263.326
 10
1290.057
 20
263.173
 10
1289.922
 20
262.986
 10
1289.803
 20
262.764
 10
1289.698
 20
262.509
 10
1289.607
 20
262.227
 10
1289.526
 20
261.924
 10
1289.455
 20
261.6
 10
1289.396
 20
261.256
 10
1289.347
 20
260.892
 10
1289.308
 20
260.508
 10
1289.28
 20
260.102
 10
1289.263
 20
259.677
 10
1289.801
 20
259.466
 10
1290.303
 20
259.268
 10
1290.769
 20
259.085
 10
1291.199
 20
258.914
 10
1291.593
 20
258.758
 10
1291.95
 20
258.615
 10
1292.27
 20
258.486
 10
1292.555
 20
258.37
 10
1292.82
 20
258.262
 10
1293.081
 20
258.155
 10
1293.34
 20
258.05
 10
1293.596
 20
257.946
 10
1293.848
 20
257.844
 10
1294.098
 20
257.743
 10
1294.345
 20
257.644
 10
1294.588
 20
257.547
 10
1294.579
 20
257.369
 10
1294.552
 20
257.223
 10
1294.506
 20
257.109
 10
1294.443
 20
257.026
 10
1294.361
 20
256.976
 10
1294.261
 20
256.957
 10
1294.143
 20
256.97
 10
1294.007
 20
257.014
  0
LWPOLYLINE
  5
CF
330
17
100
AcDbEntity
  8
ENGRAVE_V
100
AcDbPolyline
 90
203
 70
1
 10
1303.496
 20
270.861
 10
1303.48
 20
270.429
 10
1303.431
 20
270.032
 10
1303.35
 20
269.667
 10
1303.236
 20
269.336
 10
1303.09
 20
269.038
 10
1302.911
 20
268.773
 10
1302.699
 20
268.541
 10
1302.455
 20
268.343
 10
1302.19
 20
268.173
 10
1301.915
 20
268.025
 10
1301.63
 20
267.901
 10
1301.336
 20
267.798
 10
1301.031
 20
267.719
 10
1300.717
 20
267.662
 10
1300.393
 20
267.628
 10
1300.059
 20
267.617
 10
1299.877
 20
267.62
 10
1299.694
 20
267.627
 10
1299.511
 20
267.641
 10
1299.327
 20
267.659
 10
1299.142
 20
267.683
 10
1298.956
 20
267.712
 10
1298.77
 20
267.747
 10
1298.582
 20
267.786
 10
1298.397
 20
267.83
 10
1298.215
 20
267.876
 10
1298.037
 20
267.924
 10
1297.862
 20
267.974
 10
1297.692
 20
268.026
 10
1297.525
 20
268.081
 10
1297.362
 20
268.138
 10
1297.202
 20
268.198
 10
1288.924
 20
271.442
 10
1288.828
 20
271.476
 10
1288.736
 20
271.505
 10
1288.647
 20
271.53
 10
1288.561
 20
271.551
 10
1288.477
 20
271.566
 10
1288.397
 20
271.578
 10
1288.32
 20
271.585
 10
1288.246
 20
271.587
 10
1288.127
 20
271.583
 10
1288.011
 20
271.572
 10
1287.9
 20
271.553
 10
1287.792
 20
271.526
 10
1287.688
 20
271.492
 10
1287.588
 20
271.451
 10
1287.491
 20
271.401
 10
1287.399
 20
271.345
 10
1287.311
 20
271.286
 10
1287.231
 20
271.233
 10
1287.157
 20
271.184
 10
1287.09
 20
271.139
 10
1287.03
 20
271.099
 10
1286.977
 20
271.063
 10
1286.93
 20
271.032
 10
1286.89
 20
271.006
 10
1286.793
 20
273.669
 10
1286.786
 20
273.844
 10
1286.786
 20
274.006
 10
1286.795
 20
274.155
 10
1286.812
 20
274.292
 10
1286.837
 20
274.416
 10
1286.871
 20
274.526
 10
1286.913
 20
274.624
 10
1286.963
 20
274.71
 10
1287.019
 20
274.783
 10
1287.076
 20
274.847
 10
1287.137
 20
274.901
 10
1287.199
 20
274.946
 10
1287.264
 20
274.98
 10
1287.331
 20
275.005
 10
1287.4
 20
275.019
 10
1287.471
 20
275.024
 10
1287.551
 20
275.019
 10
1287.647
 20
275.003
 10
1287.757
 20
274.977
 10
1287.883
 20
274.939
 10
1288.024
 20
274.892
 10
1288.179
 20
274.834
 10
1288.35
 20
274.765
 10
1288.536
 20
274.685
 10
1288.836
 20
274.559
 10
1289.154
 20
274.422
 10
1289.49
 20
274.275
 10
1289.844
 20
274.116
 10
1290.216
 20
273.948
 10
1290.606
 20
273.768
 10
1291.015
 20
273.579
 10
1291.441
 20
273.378
 10
1291.878
 20
273.173
 10
1292.319
 20
272.968
 10
1292.762
 20
272.764
 10
1293.208
 20
272.561
 10
1293.658
 20
272.359
 10
1294.11
 20
272.157
 10
1294.565
 20
271.956
 10
1295.024
 20
271.756
 10
1295.48
 20
271.56
 10
1295.929
 20
271.372
 10
1296.37
 20
271.191
 10
1296.803
 20
271.018
 10
1297.229
 20
270.852
 10
1297.647
 20
270.694
 10
1298.058
 20
270.544
 10
1298.461
 20
270.401
 10
1298.849
 20
270.27
 10
1299.215
 20
270.157
 10
1299.557
 20
270.061
 10
1299.877
 20
269.983
 10
1300.175
 20
269.922
 10
1300.449
 20
269.879
 10
1300.701
 20
269.853
 10
1300.93
 20
269.844
 10
1301.085
 20
269.849
 10
1301.233
 20
269.864
 10
1301.375
 20
269.888
 10
1301.511
 20
269.923
 10
1301.641
 20
269.967
 10
1301.766
 20
270.021
 10
1301.884
 20
270.085
 10
1301.995
 20
270.159
 10
1302.098
 20
270.244
 10
1302.186
 20
270.345
 10
1302.261
 20
270.459
 10
1302.322
 20
270.588
 10
1302.37
 20
270.732
 10
1302.404
 20
270.889
 10
1302.424
 20
271.061
 10
1302.431
 20
271.248
 10
1302.419
 20
271.502
 10
1302.381
 20
271.755
 10
1302.319
 20
272.007
 10
1302.232
 20
272.259
 10
1302.119
 20
272.509
 10
1301.982
 20
272.759
 10
1301.82
 20
273.009
 10
1301.632
 20
273.257
 10
1301.425
 20
273.503
 10
1301.204
 20
273.746
 10
1300.969
 20
273.984
 10
1300.719
 20
274.219
 10
1300.454
 20
274.45
 10
1300.175
 20
274.678
 10
1299.882
 20
274.901
 10
1299.575
 20
275.121
 10
1299.257
 20
275.337
 10
1298.933
 20
275.549
 10
1298.603
 20
275.758
 10
1298.268
 20
275.962
 10
1297.926
 20
276.163
 10
1297.578
 20
276.36
 10
1297.224
 20
276.553
 10
1296.864
 20
276.743
 10
1296.504
 20
276.927
 10
1296.149
 20
277.104
 10
1295.802
 20
277.275
 10
1295.46
 20
277.439
 10
1295.124
 20
277.596
 10
1294.794
 20
277.746
 10
1294.47
 20
277.889
 10
1294.152
 20
278.026
 10
1294.159
 20
278.162
 10
1294.18
 20
278.28
 10
1294.214
 20
278.38
 10
1294.261
 20
278.462
 10
1294.323
 20
278.525
 10
1294.398
 20
278.571
 10
1294.486
 20
278.598
 10
1294.588
 20
278.607
 10
1294.896
 20
278.481
 10
1295.214
 20
278.347
 10
1295.544
 20
278.203
 10
1295.883
 20
278.05
 10
1296.233
 20
277.888
 10
1296.594
 20
277.717
 10
1296.966
 20
277.537
 10
1297.348
 20
277.348
 10
1297.732
 20
277.151
 10
1298.112
 20
276.947
 10
1298.486
 20
276.736
 10
1298.855
 20
276.519
 10
1299.218
 20
276.295
 10
1299.576
 20
276.064
 10
1299.929
 20
275.826
 10
1300.277
 20
275.581
 10
1300.615
 20
275.33
 10
1300.938
 20
275.073
 10
1301.247
 20
274.809
 10
1301.542
 20
274.54
 10
1301.822
 20
274.265
 10
1302.088
 20
273.983
 10
1302.339
 20
273.696
 10
1302.576
 20
273.402
 10
1302.792
 20
273.103
 10
1302.979
 20
272.799
 10
1303.137
 20
272.489
 10
1303.266
 20
272.174
 10
1303.367
 20
271.853
 10
1303.439
 20
271.528
 10
1303.482
 20
271.197
 10
1303.496
 20
270.861
  0
LWPOLYLINE
  5
D0
330
17
100
AcDbEntity
  8
ENGRAVE_V
100
AcDbPolyline
 90
65
 70
1
 10
1283.792
 20
275.169
 10
1283.784
 20
275.015
 10
1283.762
 20
274.865
 10
1283.724
 20
274.721
 10
1283.671
 20
274.582
 10
1283.603
 20
274.449
 10
1283.519
 20
274.321
 10
1283.421
 20
274.198
 10
1283.308
 20
274.08
 10
1283.184
 20
273.972
 10
1283.053
 20
273.879
 10
1282.917
 20
273.8
 10
1282.775
 20
273.735
 10
1282.627
 20
273.685
 10
1282.473
 20
273.649
 10
1282.312
 20
273.627
 10
1282.146
 20
273.62
 10
1281.943
 20
273.631
 10
1281.745
 20
273.663
 10
1281.552
 20
273.716
 10
1281.365
 20
273.79
 10
1281.183
 20
273.885
 10
1281.006
 20
274.001
 10
1280.835
 20
274.139
 10
1280.669
 20
274.298
 10
1280.516
 20
274.47
 10
1280.383
 20
274.646
 10
1280.271
 20
274.827
 10
1280.179
 20
275.012
 10
1280.107
 20
275.202
 10
1280.056
 20
275.396
 10
1280.026
 20
275.595
 10
1280.016
 20
275.799
 10
1280.022
 20
275.965
 10
1280.043
 20
276.126
 10
1280.077
 20
276.28
 10
1280.124
 20
276.428
 10
1280.186
 20
276.57
 10
1280.261
 20
276.707
 10
1280.349
 20
276.837
 10
1280.451
 20
276.961
 10
1280.564
 20
277.074
 10
1280.684
 20
277.173
 10
1280.812
 20
277.256
 10
1280.947
 20
277.324
 10
1281.09
 20
277.377
 10
1281.241
 20
277.415
 10
1281.399
 20
277.437
 10
1281.565
 20
277.445
 10
1281.78
 20
277.434
 10
1281.988
 20
277.403
 10
1282.191
 20
277.35
 10
1282.388
 20
277.275
 10
1282.578
 20
277.18
 10
1282.763
 20
277.064
 10
1282.942
 20
276.926
 10
1283.114
 20
276.767
 10
1283.273
 20
276.594
 10
1283.411
 20
276.413
 10
1283.527
 20
276.225
 10
1283.622
 20
276.029
 10
1283.696
 20
275.825
 10
1283.749
 20
275.614
 10
1283.781
 20
275.396
 10
1283.792
 20
275.169
  0
LWPOLYLINE
  5
D1
330
17
100
AcDbEntity
  8
ENGRAVE_V
100
AcDbPolyline
 90
209
 70
1
 10
1303.69
 20
281.512
 10
1303.672
 20
281.07
 10
1303.617
 20
280.639
 10
1303.527
 20
280.219
 10
1303.399
 20
279.811
 10
1303.236
 20
279.414
 10
1303.036
 20
279.029
 10
1302.8
 20
278.655
 10
1302.528
 20
278.292
 10
1302.219
 20
277.957
 10
1301.871
 20
277.667
 10
1301.486
 20
277.422
 10
1301.064
 20
277.221
 10
1300.603
 20
277.065
 10
1300.104
 20
276.953
 10
1299.568
 20
276.886
 10
1298.994
 20
276.864
 10
1298.494
 20
276.878
 10
1297.986
 20
276.92
 10
1297.471
 20
276.99
 10
1296.948
 20
277.088
 10
1296.418
 20
277.214
 10
1295.88
 20
277.368
 10
1295.335
 20
277.55
 10
1294.782
 20
277.76
 10
1294.229
 20
277.993
 10
1293.685
 20
278.244
 10
1293.149
 20
278.513
 10
1292.621
 20
278.801
 10
1292.102
 20
279.106
 10
1291.591
 20
279.43
 10
1291.088
 20
279.772
 10
1290.594
 20
280.132
 10
1290.115
 20
280.506
 10
1289.659
 20
280.891
 10
1289.226
 20
281.287
 10
1288.815
 20
281.693
 10
1288.427
 20
282.11
 10
1288.061
 20
282.537
 10
1287.719
 20
282.975
 10
1287.399
 20
283.424
 10
1287.109
 20
283.878
 10
1286.859
 20
284.333
 10
1286.646
 20
284.789
 10
1286.473
 20
285.246
 10
1286.338
 20
285.703
 10
1286.241
 20
286.161
 10
1286.183
 20
286.62
 10
1286.164
 20
287.079
 10
1286.172
 20
287.309
 10
1286.197
 20
287.536
 10
1286.239
 20
287.762
 10
1286.297
 20
287.987
 10
1286.372
 20
288.21
 10
1286.464
 20
288.432
 10
1286.572
 20
288.652
 10
1286.697
 20
288.871
 10
1286.842
 20
289.075
 10
1287.011
 20
289.252
 10
1287.205
 20
289.402
 10
1287.423
 20
289.524
 10
1287.665
 20
289.62
 10
1287.931
 20
289.688
 10
1288.222
 20
289.728
 10
1288.536
 20
289.742
 10
1288.843
 20
289.728
 10
1289.157
 20
289.685
 10
1289.478
 20
289.613
 10
1289.807
 20
289.512
 10
1290.144
 20
289.383
 10
1290.488
 20
289.225
 10
1290.84
 20
289.038
 10
1291.199
 20
288.822
 10
1291.559
 20
288.58
 10
1291.913
 20
288.314
 10
1292.261
 20
288.023
 10
1292.603
 20
287.709
 10
1292.939
 20
287.37
 10
1293.269
 20
287.007
 10
1293.593
 20
286.619
 10
1293.91
 20
286.208
 10
1294.043
 20
286.02
 10
1294.174
 20
285.821
 10
1294.303
 20
285.609
 10
1294.431
 20
285.385
 10
1294.557
 20
285.149
 10
1294.682
 20
284.901
 10
1294.805
 20
284.64
 10
1294.927
 20
284.368
 10
1295.045
 20
284.09
 10
1295.159
 20
283.811
 10
1295.266
 20
283.533
 10
1295.369
 20
283.255
 10
1295.466
 20
282.976
 10
1295.558
 20
282.698
 10
1295.645
 20
282.419
 10
1295.726
 20
282.141
 10
1295.8
 20
281.869
 10
1295.864
 20
281.609
 10
1295.918
 20
281.36
 10
1295.962
 20
281.124
 10
1295.996
 20
280.9
 10
1296.021
 20
280.689
 10
1296.036
 20
280.489
 10
1296.041
 20
280.301
 10
1296.192
 20
280.241
 10
1296.355
 20
280.182
 10
1296.531
 20
280.123
 10
1296.718
 20
280.065
 10
1296.918
 20
280.008
 10
1297.13
 20
279.952
 10
1297.354
 20
279.896
 10
1297.59
 20
279.841
 10
1297.833
 20
279.79
 10
1298.077
 20
279.746
 10
1298.323
 20
279.709
 10
1298.57
 20
279.678
 10
1298.819
 20
279.654
 10
1299.069
 20
279.637
 10
1299.321
 20
279.627
 10
1299.575
 20
279.624
 10
1299.874
 20
279.631
 10
1300.165
 20
279.654
 10
1300.449
 20
279.692
 10
1300.725
 20
279.745
 10
1300.993
 20
279.813
 10
1301.254
 20
279.896
 10
1301.508
 20
279.994
 10
1301.753
 20
280.108
 10
1301.98
 20
280.242
 10
1302.177
 20
280.401
 10
1302.343
 20
280.587
 10
1302.48
 20
280.798
 10
1302.586
 20
281.034
 10
1302.661
 20
281.297
 10
1302.707
 20
281.585
 10
1302.722
 20
281.899
 10
1302.707
 20
282.295
 10
1302.664
 20
282.684
 10
1302.592
 20
283.067
 10
1302.492
 20
283.442
 10
1302.362
 20
283.811
 10
1302.204
 20
284.173
 10
1302.017
 20
284.528
 10
1301.802
 20
284.876
 10
1301.564
 20
285.217
 10
1301.312
 20
285.548
 10
1301.044
 20
285.87
 10
1300.761
 20
286.184
 10
1300.463
 20
286.488
 10
1300.15
 20
286.783
 10
1299.821
 20
287.069
 10
1299.478
 20
287.346
 10
1299.126
 20
287.613
 10
1298.773
 20
287.871
 10
1298.418
 20
288.118
 10
1298.062
 20
288.356
 10
1297.704
 20
288.584
 10
1297.345
 20
288.803
 10
1296.984
 20
289.011
 10
1296.622
 20
289.21
 10
1296.265
 20
289.398
 10
1295.923
 20
289.576
 10
1295.593
 20
289.743
 10
1295.278
 20
289.899
 10
1294.976
 20
290.045
 10
1294.688
 20
290.181
 10
1294.413
 20
290.306
 10
1294.152
 20
290.42
 10
1294.159
 20
290.556
 10
1294.18
 20
290.674
 10
1294.214
 20
290.774
 10
1294.261
 20
290.856
 10
1294.323
 20
290.919
 10
1294.398
 20
290.965
 10
1294.486
 20
290.992
 10
1294.588
 20
291.001
 10
1294.931
 20
290.841
 10
1295.281
 20
290.676
 10
1295.639
 20
290.505
 10
1296.004
 20
290.329
 10
1296.377
 20
290.148
 10
1296.758
 20
289.961
 10
1297.146
 20
289.77
 10
1297.541
 20
289.573
 10
1297.937
 20
289.368
 10
1298.327
 20
289.155
 10
1298.709
 20
288.933
 10
1299.085
 20
288.701
 10
1299.453
 20
288.461
 10
1299.815
 20
288.211
 10
1300.171
 20
287.952
 10
1300.519
 20
287.684
 10
1300.856
 20
287.405
 10
1301.178
 20
287.113
 10
1301.486
 20
286.806
 10
1301.778
 20
286.486
 10
1302.054
 20
286.153
 10
1302.316
 20
285.805
 10
1302.563
 20
285.445
 10
1302.794
 20
285.07
 10
1303.004
 20
284.681
 10
1303.186
 20
284.276
 10
1303.34
 20
283.855
 10
1303.466
 20
283.418
 10
1303.564
 20
282.965
 10
1303.634
 20
282.497
 10
1303.676
 20
282.012
 10
1303.69
 20
281.512
  0
LWPOLYLINE
  5
D2
330
17
100
AcDbEntity
  8
ENGRAVE_V
100
AcDbPolyline
 90
73
 70
1
 10
1295.169
 20
280.64
 10
1295.161
 20
280.824
 10
1295.137
 20
281.037
 10
1295.098
 20
281.278
 10
1295.042
 20
281.548
 10
1294.971
 20
281.847
 10
1294.883
 20
282.174
 10
1294.78
 20
282.531
 10
1294.661
 20
282.916
 10
1294.524
 20
283.311
 10
1294.369
 20
283.696
 10
1294.194
 20
284.073
 10
1294.001
 20
284.441
 10
1293.789
 20
284.799
 10
1293.558
 20
285.149
 10
1293.308
 20
285.489
 10
1293.039
 20
285.821
 10
1292.757
 20
286.126
 10
1292.469
 20
286.414
 10
1292.173
 20
286.683
 10
1291.871
 20
286.934
 10
1291.562
 20
287.167
 10
1291.246
 20
287.382
 10
1290.923
 20
287.579
 10
1290.594
 20
287.757
 10
1290.268
 20
287.916
 10
1289.954
 20
288.054
 10
1289.653
 20
288.17
 10
1289.365
 20
288.265
 10
1289.091
 20
288.34
 10
1288.828
 20
288.393
 10
1288.579
 20
288.424
 10
1288.343
 20
288.435
 10
1288.093
 20
288.423
 10
1287.877
 20
288.386
 10
1287.694
 20
288.326
 10
1287.544
 20
288.241
 10
1287.427
 20
288.132
 10
1287.344
 20
287.999
 10
1287.294
 20
287.842
 10
1287.278
 20
287.66
 10
1287.29
 20
287.508
 10
1287.326
 20
287.343
 10
1287.387
 20
287.163
 10
1287.471
 20
286.97
 10
1287.58
 20
286.764
 10
1287.713
 20
286.544
 10
1287.871
 20
286.31
 10
1288.052
 20
286.063
 10
1288.263
 20
285.801
 10
1288.506
 20
285.524
 10
1288.783
 20
285.232
 10
1289.093
 20
284.925
 10
1289.437
 20
284.603
 10
1289.813
 20
284.265
 10
1290.223
 20
283.913
 10
1290.667
 20
283.545
 10
1290.96
 20
283.317
 10
1291.26
 20
283.091
 10
1291.565
 20
282.869
 10
1291.877
 20
282.649
 10
1292.195
 20
282.433
 10
1292.518
 20
282.22
 10
1292.848
 20
282.009
 10
1293.184
 20
281.802
 10
1293.512
 20
281.604
 10
1293.817
 20
281.421
 10
1294.099
 20
281.253
 10
1294.358
 20
281.1
 10
1294.595
 20
280.962
 10
1294.809
 20
280.84
 10
1295.0
 20
280.733
 10
1295.169
 20
280.64
  0
LWPOLYLINE
  5
D3
330
17
100
AcDbEntity
  8
ENGRAVE_V
100
AcDbPolyline
 90
329
 70
1
 10
1303.496
 20
301.507
 10
1303.479
 20
301.109
 10
1303.427
 20
300.738
 10
1303.34
 20
300.395
 10
1303.218
 20
300.078
 10
1303.061
 20
299.789
 10
1302.87
 20
299.528
 10
1302.644
 20
299.293
 10
1302.383
 20
299.086
 10
1302.098
 20
298.904
 10
1301.802
 20
298.747
 10
1301.493
 20
298.614
 10
1301.172
 20
298.505
 10
1300.84
 20
298.42
 10
1300.495
 20
298.36
 10
1300.138
 20
298.323
 10
1299.768
 20
298.311
 10
1299.659
 20
298.312
 10
1299.549
 20
298.314
 10
1299.438
 20
298.318
 10
1299.327
 20
298.323
 10
1299.214
 20
298.33
 10
1299.101
 20
298.339
 10
1298.987
 20
298.348
 10
1298.873
 20
298.36
 10
1298.757
 20
298.373
 10
1298.641
 20
298.39
 10
1298.524
 20
298.41
 10
1298.407
 20
298.432
 10
1298.288
 20
298.458
 10
1298.169
 20
298.487
 10
1298.049
 20
298.519
 10
1297.929
 20
298.553
 10
1298.198
 20
298.381
 10
1298.475
 20
298.201
 10
1298.758
 20
298.014
 10
1299.048
 20
297.821
 10
1299.345
 20
297.621
 10
1299.649
 20
297.414
 10
1299.959
 20
297.2
 10
1300.277
 20
296.98
 10
1300.592
 20
296.752
 10
1300.897
 20
296.517
 10
1301.191
 20
296.274
 10
1301.475
 20
296.024
 10
1301.748
 20
295.766
 10
1302.011
 20
295.5
 10
1302.263
 20
295.227
 10
1302.504
 20
294.947
 10
1302.725
 20
294.658
 10
1302.917
 20
294.361
 10
1303.079
 20
294.056
 10
1303.212
 20
293.742
 10
1303.315
 20
293.42
 10
1303.389
 20
293.09
 10
1303.433
 20
292.752
 10
1303.448
 20
292.405
 10
1303.443
 20
292.245
 10
1303.43
 20
292.08
 10
1303.407
 20
291.909
 10
1303.375
 20
291.733
 10
1303.334
 20
291.552
 10
1303.285
 20
291.365
 10
1303.226
 20
291.174
 10
1303.157
 20
290.977
 10
1303.076
 20
290.78
 10
1302.979
 20
290.589
 10
1302.865
 20
290.405
 10
1302.734
 20
290.226
 10
1302.586
 20
290.054
 10
1302.422
 20
289.887
 10
1302.241
 20
289.727
 10
1302.044
 20
289.573
 10
1301.826
 20
289.431
 10
1301.584
 20
289.308
 10
1301.318
 20
289.204
 10
1301.027
 20
289.119
 10
1300.713
 20
289.053
 10
1300.374
 20
289.005
 10
1300.011
 20
288.977
 10
1299.623
 20
288.967
 10
1299.099
 20
288.982
 10
1298.567
 20
289.025
 10
1298.028
 20
289.097
 10
1297.481
 20
289.197
 10
1296.926
 20
289.327
 10
1296.364
 20
289.485
 10
1295.795
 20
289.672
 10
1295.218
 20
289.887
 10
1294.641
 20
290.128
 10
1294.072
 20
290.39
 10
1293.512
 20
290.673
 10
1292.96
 20
290.977
 10
1292.417
 20
291.302
 10
1291.881
 20
291.648
 10
1291.355
 20
292.016
 10
1290.836
 20
292.405
 10
1290.334
 20
292.811
 10
1289.856
 20
293.231
 10
1289.402
 20
293.664
 10
1288.972
 20
294.111
 10
1288.567
 20
294.572
 10
1288.185
 20
295.046
 10
1287.828
 20
295.534
 10
1287.495
 20
296.036
 10
1287.195
 20
296.547
 10
1286.934
 20
297.062
 10
1286.714
 20
297.581
 10
1286.533
 20
298.106
 10
1286.393
 20
298.634
 10
1286.293
 20
299.168
 10
1286.233
 20
299.706
 10
1286.213
 20
300.248
 10
1286.227
 20
300.681
 10
1286.27
 20
301.107
 10
1286.342
 20
301.528
 10
1286.442
 20
301.942
 10
1286.572
 20
302.351
 10
1286.73
 20
302.753
 10
1286.917
 20
303.15
 10
1287.132
 20
303.54
 10
1286.789
 20
303.723
 10
1286.435
 20
303.909
 10
1286.071
 20
304.098
 10
1285.698
 20
304.29
 10
1285.315
 20
304.486
 10
1284.922
 20
304.684
 10
1284.519
 20
304.885
 10
1284.107
 20
305.089
 10
1283.689
 20
305.295
 10
1283.273
 20
305.501
 10
1282.857
 20
305.707
 10
1282.442
 20
305.912
 10
1282.028
 20
306.118
 10
1281.615
 20
306.324
 10
1281.202
 20
306.53
 10
1280.79
 20
306.735
 10
1280.383
 20
306.938
 10
1279.984
 20
307.135
 10
1279.593
 20
307.325
 10
1279.211
 20
307.51
 10
1278.837
 20
307.689
 10
1278.471
 20
307.861
 10
1278.113
 20
308.027
 10
1277.764
 20
308.188
 10
1277.43
 20
308.341
 10
1277.115
 20
308.484
 10
1276.821
 20
308.619
 10
1276.548
 20
308.745
 10
1276.295
 20
308.861
 10
1276.062
 20
308.968
 10
1275.85
 20
309.067
 10
1275.658
 20
309.156
 10
1275.254
 20
309.337
 10
1274.888
 20
309.515
 10
1274.561
 20
309.691
 10
1274.272
 20
309.864
 10
1274.022
 20
310.035
 10
1273.811
 20
310.205
 10
1273.638
 20
310.371
 10
1273.504
 20
310.536
 10
1273.396
 20
310.703
 10
1273.303
 20
310.879
 10
1273.224
 20
311.064
 10
1273.159
 20
311.256
 10
1273.109
 20
311.457
 10
1273.073
 20
311.666
 10
1273.051
 20
311.884
 10
1273.044
 20
312.109
 10
1273.046
 20
312.244
 10
1273.051
 20
312.383
 10
1273.061
 20
312.526
 10
1273.074
 20
312.672
 10
1273.091
 20
312.822
 10
1273.112
 20
312.976
 10
1273.137
 20
313.134
 10
1273.165
 20
313.295
 10
1273.193
 20
313.459
 10
1273.215
 20
313.621
 10
1273.232
 20
313.782
 10
1273.244
 20
313.943
 10
1273.25
 20
314.103
 10
1273.251
 20
314.262
 10
1273.247
 20
314.421
 10
1273.238
 20
314.578
 10
1273.315
 20
314.508
 10
1273.428
 20
314.418
 10
1273.576
 20
314.308
 10
1273.758
 20
314.179
 10
1273.975
 20
314.03
 10
1274.227
 20
313.861
 10
1274.514
 20
313.673
 10
1274.835
 20
313.465
 10
1275.187
 20
313.241
 10
1275.563
 20
313.005
 10
1275.964
 20
312.757
 10
1276.391
 20
312.497
 10
1276.842
 20
312.224
 10
1277.318
 20
311.94
 10
1277.819
 20
311.643
 10
1278.345
 20
311.335
 10
1278.89
 20
311.017
 10
1279.448
 20
310.695
 10
1280.019
 20
310.367
 10
1280.603
 20
310.034
 10
1281.199
 20
309.695
 10
1281.808
 20
309.351
 10
1282.431
 20
309.002
 10
1283.066
 20
308.648
 10
1283.709
 20
308.291
 10
1284.356
 20
307.937
 10
1285.007
 20
307.583
 10
1285.662
 20
307.232
 10
1286.32
 20
306.881
 10
1286.983
 20
306.533
 10
1287.649
 20
306.185
 10
1288.319
 20
305.84
 10
1288.987
 20
305.498
 10
1289.648
 20
305.163
 10
1290.303
 20
304.836
 10
1290.951
 20
304.514
 10
1291.592
 20
304.2
 10
1292.226
 20
303.893
 10
1292.854
 20
303.592
 10
1293.475
 20
303.298
 10
1294.083
 20
303.015
 10
1294.673
 20
302.747
 10
1295.245
 20
302.495
 10
1295.798
 20
302.257
 10
1296.334
 20
302.035
 10
1296.851
 20
301.827
 10
1297.351
 20
301.635
 10
1297.832
 20
301.458
 10
1298.29
 20
301.299
 10
1298.718
 20
301.162
 10
1299.119
 20
301.045
 10
1299.49
 20
300.95
 10
1299.833
 20
300.876
 10
1300.147
 20
300.823
 10
1300.432
 20
300.791
 10
1300.688
 20
300.78
 10
1300.843
 20
300.785
 10
1300.992
 20
300.799
 10
1301.137
 20
300.821
 10
1301.275
 20
300.853
 10
1301.409
 20
300.894
 10
1301.537
 20
300.944
 10
1301.66
 20
301.003
 10
1301.778
 20
301.071
 10
1301.885
 20
301.15
 10
1301.979
 20
301.24
 10
1302.058
 20
301.343
 10
1302.123
 20
301.458
 10
1302.173
 20
301.585
 10
1302.209
 20
301.725
 10
1302.23
 20
301.876
 10
1302.238
 20
302.039
 10
1302.223
 20
302.27
 10
1302.18
 20
302.502
 10
1302.108
 20
302.736
 10
1302.008
 20
302.971
 10
1301.878
 20
303.208
 10
1301.72
 20
303.446
 10
1301.533
 20
303.686
 10
1301.318
 20
303.927
 10
1301.081
 20
304.168
 10
1300.829
 20
304.407
 10
1300.563
 20
304.643
 10
1300.283
 20
304.878
 10
1299.988
 20
305.109
 10
1299.679
 20
305.339
 10
1299.356
 20
305.566
 10
1299.018
 20
305.791
 10
1298.674
 20
306.012
 10
1298.331
 20
306.227
 10
1297.99
 20
306.436
 10
1297.65
 20
306.639
 10
1297.312
 20
306.835
 10
1296.976
 20
307.026
 10
1296.64
 20
307.21
 10
1296.307
 20
307.389
 10
1295.982
 20
307.559
 10
1295.673
 20
307.717
 10
1295.38
 20
307.864
 10
1295.103
 20
308.0
 10
1294.841
 20
308.125
 10
1294.596
 20
308.238
 10
1294.366
 20
308.339
 10
1294.152
 20
308.43
 10
1294.159
 20
308.566
 10
1294.18
 20
308.684
 10
1294.214
 20
308.784
 10
1294.261
 20
308.866
 10
1294.323
 20
308.929
 10
1294.398
 20
308.975
 10
1294.486
 20
309.002
 10
1294.588
 20
309.011
 10
1294.85
 20
308.897
 10
1295.127
 20
308.775
 10
1295.419
 20
308.643
 10
1295.726
 20
308.503
 10
1296.048
 20
308.353
 10
1296.386
 20
308.194
 10
1296.738
 20
308.026
 10
1297.106
 20
307.849
 10
1297.48
 20
307.664
 10
1297.853
 20
307.471
 10
1298.224
 20
307.27
 10
1298.594
 20
307.062
 10
1298.963
 20
306.847
 10
1299.33
 20
306.623
 10
1299.695
 20
306.393
 10
1300.059
 20
306.154
 10
1300.415
 20
305.909
 10
1300.756
 20
305.657
 10
1301.084
 20
305.398
 10
1301.396
 20
305.132
 10
1301.695
 20
304.859
 10
1301.979
 20
304.579
 10
1302.249
 20
304.293
 10
1302.504
 20
304.0
 10
1302.736
 20
303.702
 10
1302.938
 20
303.399
 10
1303.109
 20
303.093
 10
1303.248
 20
302.784
 10
1303.357
 20
302.47
 10
1303.434
 20
302.153
 10
1303.481
 20
301.832
 10
1303.496
 20
301.507
  0
LWPOLYLINE
  5
D4
330
17
100
AcDbEntity
  8
ENGRAVE_V
100
AcDbPolyline
 90
97
 70
1
 10
1302.044
 20
292.744
 10
1302.032
 20
292.918
 10
1301.997
 20
293.104
 10
1301.938
 20
293.3
 10
1301.856
 20
293.506
 10
1301.751
 20
293.723
 10
1301.622
 20
293.951
 10
1301.469
 20
294.189
 10
1301.293
 20
294.438
 10
1301.092
 20
294.695
 10
1300.862
 20
294.956
 10
1300.605
 20
295.221
 10
1300.319
 20
295.491
 10
1300.006
 20
295.766
 10
1299.664
 20
296.045
 10
1299.295
 20
296.329
 10
1298.897
 20
296.617
 10
1298.398
 20
296.962
 10
1297.868
 20
297.319
 10
1297.308
 20
297.688
 10
1296.718
 20
298.069
 10
1296.098
 20
298.463
 10
1295.447
 20
298.868
 10
1294.767
 20
299.286
 10
1294.056
 20
299.715
 10
1293.324
 20
300.15
 10
1292.582
 20
300.584
 10
1291.829
 20
301.016
 10
1291.066
 20
301.446
 10
1290.292
 20
301.875
 10
1289.508
 20
302.302
 10
1288.713
 20
302.728
 10
1287.907
 20
303.153
 10
1287.837
 20
303.067
 10
1287.771
 20
302.98
 10
1287.71
 20
302.892
 10
1287.653
 20
302.802
 10
1287.601
 20
302.71
 10
1287.553
 20
302.617
 10
1287.51
 20
302.523
 10
1287.471
 20
302.427
 10
1287.437
 20
302.325
 10
1287.408
 20
302.215
 10
1287.383
 20
302.095
 10
1287.362
 20
301.967
 10
1287.346
 20
301.829
 10
1287.335
 20
301.682
 10
1287.328
 20
301.526
 10
1287.326
 20
301.361
 10
1287.341
 20
301.08
 10
1287.385
 20
300.791
 10
1287.459
 20
300.496
 10
1287.562
 20
300.193
 10
1287.695
 20
299.884
 10
1287.857
 20
299.569
 10
1288.049
 20
299.246
 10
1288.27
 20
298.917
 10
1288.515
 20
298.584
 10
1288.777
 20
298.251
 10
1289.056
 20
297.918
 10
1289.353
 20
297.585
 10
1289.668
 20
297.252
 10
1289.999
 20
296.919
 10
1290.349
 20
296.587
 10
1290.715
 20
296.254
 10
1291.094
 20
295.925
 10
1291.481
 20
295.603
 10
1291.875
 20
295.289
 10
1292.276
 20
294.983
 10
1292.686
 20
294.684
 10
1293.102
 20
294.393
 10
1293.527
 20
294.109
 10
1293.959
 20
293.833
 10
1294.393
 20
293.568
 10
1294.823
 20
293.316
 10
1295.249
 20
293.077
 10
1295.671
 20
292.853
 10
1296.09
 20
292.642
 10
1296.505
 20
292.444
 10
1296.916
 20
292.26
 10
1297.324
 20
292.09
 10
1297.722
 20
291.937
 10
1298.106
 20
291.804
 10
1298.475
 20
291.692
 10
1298.83
 20
291.6
 10
1299.171
 20
291.528
 10
1299.498
 20
291.477
 10
1299.81
 20
291.447
 10
1300.107
 20
291.437
 10
1300.561
 20
291.457
 10
1300.955
 20
291.518
 10
1301.287
 20
291.62
 10
1301.56
 20
291.763
 10
1301.772
 20
291.947
 10
1301.923
 20
292.172
 10
1302.014
 20
292.437
 10
1302.044
 20
292.744
  0
TEXT
  5
D5
330
17
100
AcDbEntity
  8
LABELS
100
AcDbText
 10
932.9990499782987
 20
188.0009961800831
 30
0.0
 40
14.0
  1
Front panel — Arch
 72
1
 11
932.9990499782987
 21
188.0009961800831
 31
0.0
100
AcDbText
 73
2
  0
LWPOLYLINE
  5
D6
330
17
100
AcDbEntity
  8
CUT_OUTSIDE
100
AcDbPolyline
 90
4
 70
1
 10
1608.0
 20
738.0
 10
8.0
 20
738.0
 10
8.0
 20
378.0
 10
1608.0
 20
378.0
  0
CIRCLE
  5
D7
330
17
100
AcDbEntity
  8
CUT_INSIDE
100
AcDbCircle
 10
758.0
 20
668.0
 30
0.0
 40
14.0
  0
CIRCLE
  5
D8
330
17
100
AcDbEntity
  8
CUT_INSIDE
100
AcDbCircle
 10
1418.0
 20
668.0
 30
0.0
 40
14.0
  0
LWPOLYLINE
  5
D9
330
17
100
AcDbEntity
  8
CUT_INSIDE
100
AcDbPolyline
 90
50
 70
1
 10
53.0
 20
461.0
 10
52.347
 20
461.043
 10
51.706
 20
461.17
 10
51.087
 20
461.381
 10
50.5
 20
461.67
 10
49.956
 20
462.033
 10
49.464
 20
462.464
 10
49.033
 20
462.956
 10
48.67
 20
463.5
 10
48.381
 20
464.087
 10
48.17
 20
464.706
 10
48.043
 20
465.347
 10
48.0
 20
466.0
 10
48.043
 20
466.653
 10
48.17
 20
467.294
 10
48.381
 20
467.913
 10
48.67
 20
468.5
 10
49.033
 20
469.044
 10
49.464
 20
469.536
 10
49.956
 20
469.967
 10
50.5
 20
470.33
 10
51.087
 20
470.619
 10
51.706
 20
470.83
 10
52.347
 20
470.957
 10
53.0
 20
471.0
 10
123.0
 20
471.0
 10
123.653
 20
470.957
 10
124.294
 20
470.83
 10
124.913
 20
470.619
 10
125.5
 20
470.33
 10
126.044
 20
469.967
 10
126.536
 20
469.536
 10
126.967
 20
469.044
 10
127.33
 20
468.5
 10
127.619
 20
467.913
 10
127.83
 20
467.294
 10
127.957
 20
466.653
 10
128.0
 20
466.0
 10
127.957
 20
465.347
 10
127.83
 20
464.706
 10
127.619
 20
464.087
 10
127.33
 20
463.5
 10
126.967
 20
462.956
 10
126.536
 20
462.464
 10
126.044
 20
462.033
 10
125.5
 20
461.67
 10
124.913
 20
461.381
 10
124.294
 20
461.17
 10
123.653
 20
461.043
 10
123.0
 20
461.0
  0
LWPOLYLINE
  5
DA
330
17
100
AcDbEntity
  8
CUT_INSIDE
100
AcDbPolyline
 90
50
 70
1
 10
1453.0
 20
461.0
 10
1452.347
 20
461.043
 10
1451.706
 20
461.17
 10
1451.087
 20
461.381
 10
1450.5
 20
461.67
 10
1449.956
 20
462.033
 10
1449.464
 20
462.464
 10
1449.033
 20
462.956
 10
1448.67
 20
463.5
 10
1448.381
 20
464.087
 10
1448.17
 20
464.706
 10
1448.043
 20
465.347
 10
1448.0
 20
466.0
 10
1448.043
 20
466.653
 10
1448.17
 20
467.294
 10
1448.381
 20
467.913
 10
1448.67
 20
468.5
 10
1449.033
 20
469.044
 10
1449.464
 20
469.536
 10
1449.956
 20
469.967
 10
1450.5
 20
470.33
 10
1451.087
 20
470.619
 10
1451.706
 20
470.83
 10
1452.347
 20
470.957
 10
1453.0
 20
471.0
 10
1513.0
 20
471.0
 10
1513.653
 20
470.957
 10
1514.294
 20
470.83
 10
1514.913
 20
470.619
 10
1515.5
 20
470.33
 10
1516.044
 20
469.967
 10
1516.536
 20
469.536
 10
1516.967
 20
469.044
 10
1517.33
 20
468.5
 10
1517.619
 20
467.913
 10
1517.83
 20
467.294
 10
1517.957
 20
466.653
 10
1518.0
 20
466.0
 10
1517.957
 20
465.347
 10
1517.83
 20
464.706
 10
1517.619
 20
464.087
 10
1517.33
 20
463.5
 10
1516.967
 20
462.956
 10
1516.536
 20
462.464
 10
1516.044
 20
462.033
 10
1515.5
 20
461.67
 10
1514.913
 20
461.381
 10
1514.294
 20
461.17
 10
1513.653
 20
461.043
 10
1513.0
 20
461.0
  0
LWPOLYLINE
  5
DB
330
17
100
AcDbEntity
  8
CUT_INSIDE
100
AcDbPolyline
 90
50
 70
1
 10
53.0
 20
506.0
 10
52.347
 20
506.043
 10
51.706
 20
506.17
 10
51.087
 20
506.381
 10
50.5
 20
506.67
 10
49.956
 20
507.033
 10
49.464
 20
507.464
 10
49.033
 20
507.956
 10
48.67
 20
508.5
 10
48.381
 20
509.087
 10
48.17
 20
509.706
 10
48.043
 20
510.347
 10
48.0
 20
511.0
 10
48.043
 20
511.653
 10
48.17
 20
512.294
 10
48.381
 20
512.913
 10
48.67
 20
513.5
 10
49.033
 20
514.044
 10
49.464
 20
514.536
 10
49.956
 20
514.967
 10
50.5
 20
515.33
 10
51.087
 20
515.619
 10
51.706
 20
515.83
 10
52.347
 20
515.957
 10
53.0
 20
516.0
 10
123.0
 20
516.0
 10
123.653
 20
515.957
 10
124.294
 20
515.83
 10
124.913
 20
515.619
 10
125.5
 20
515.33
 10
126.044
 20
514.967
 10
126.536
 20
514.536
 10
126.967
 20
514.044
 10
127.33
 20
513.5
 10
127.619
 20
512.913
 10
127.83
 20
512.294
 10
127.957
 20
511.653
 10
128.0
 20
511.0
 10
127.957
 20
510.347
 10
127.83
 20
509.706
 10
127.619
 20
509.087
 10
127.33
 20
508.5
 10
126.967
 20
507.956
 10
126.536
 20
507.464
 10
126.044
 20
507.033
 10
125.5
 20
506.67
 10
124.913
 20
506.381
 10
124.294
 20
506.17
 10
123.653
 20
506.043
 10
123.0
 20
506.0
  0
LWPOLYLINE
  5
DC
330
17
100
AcDbEntity
  8
CUT_INSIDE
100
AcDbPolyline
 90
50
 70
1
 10
1453.0
 20
506.0
 10
1452.347
 20
506.043
 10
1451.706
 20
506.17
 10
1451.087
 20
506.381
 10
1450.5
 20
506.67
 10
1449.956
 20
507.033
 10
1449.464
 20
507.464
 10
1449.033
 20
507.956
 10
1448.67
 20
508.5
 10
1448.381
 20
509.087
 10
1448.17
 20
509.706
 10
1448.043
 20
510.347
 10
1448.0
 20
511.0
 10
1448.043
 20
511.653
 10
1448.17
 20
512.294
 10
1448.381
 20
512.913
 10
1448.67
 20
513.5
 10
1449.033
 20
514.044
 10
1449.464
 20
514.536
 10
1449.956
 20
514.967
 10
1450.5
 20
515.33
 10
1451.087
 20
515.619
 10
1451.706
 20
515.83
 10
1452.347
 20
515.957
 10
1453.0
 20
516.0
 10
1513.0
 20
516.0
 10
1513.653
 20
515.957
 10
1514.294
 20
515.83
 10
1514.913
 20
515.619
 10
1515.5
 20
515.33
 10
1516.044
 20
514.967
 10
1516.536
 20
514.536
 10
1516.967
 20
514.044
 10
1517.33
 20
513.5
 10
1517.619
 20
512.913
 10
1517.83
 20
512.294
 10
1517.957
 20
511.653
 10
1518.0
 20
511.0
 10
1517.957
 20
510.347
 10
1517.83
 20
509.706
 10
1517.619
 20
509.087
 10
1517.33
 20
508.5
 10
1516.967
 20
507.956
 10
1516.536
 20
507.464
 10
1516.044
 20
507.033
 10
1515.5
 20
506.67
 10
1514.913
 20
506.381
 10
1514.294
 20
506.17
 10
1513.653
 20
506.043
 10
1513.0
 20
506.0
  0
LWPOLYLINE
  5
DD
330
17
100
AcDbEntity
  8
CUT_INSIDE
100
AcDbPolyline
 90
50
 70
1
 10
53.0
 20
551.0
 10
52.347
 20
551.043
 10
51.706
 20
551.17
 10
51.087
 20
551.381
 10
50.5
 20
551.67
 10
49.956
 20
552.033
 10
49.464
 20
552.464
 10
49.033
 20
552.956
 10
48.67
 20
553.5
 10
48.381
 20
554.087
 10
48.17
 20
554.706
 10
48.043
 20
555.347
 10
48.0
 20
556.0
 10
48.043
 20
556.653
 10
48.17
 20
557.294
 10
48.381
 20
557.913
 10
48.67
 20
558.5
 10
49.033
 20
559.044
 10
49.464
 20
559.536
 10
49.956
 20
559.967
 10
50.5
 20
560.33
 10
51.087
 20
560.619
 10
51.706
 20
560.83
 10
52.347
 20
560.957
 10
53.0
 20
561.0
 10
123.0
 20
561.0
 10
123.653
 20
560.957
 10
124.294
 20
560.83
 10
124.913
 20
560.619
 10
125.5
 20
560.33
 10
126.044
 20
559.967
 10
126.536
 20
559.536
 10
126.967
 20
559.044
 10
127.33
 20
558.5
 10
127.619
 20
557.913
 10
127.83
 20
557.294
 10
127.957
 20
556.653
 10
128.0
 20
556.0
 10
127.957
 20
555.347
 10
127.83
 20
554.706
 10
127.619
 20
554.087
 10
127.33
 20
553.5
 10
126.967
 20
552.956
 10
126.536
 20
552.464
 10
126.044
 20
552.033
 10
125.5
 20
551.67
 10
124.913
 20
551.381
 10
124.294
 20
551.17
 10
123.653
 20
551.043
 10
123.0
 20
551.0
  0
LWPOLYLINE
  5
DE
330
17
100
AcDbEntity
  8
CUT_INSIDE
100
AcDbPolyline
 90
50
 70
1
 10
1453.0
 20
551.0
 10
1452.347
 20
551.043
 10
1451.706
 20
551.17
 10
1451.087
 20
551.381
 10
1450.5
 20
551.67
 10
1449.956
 20
552.033
 10
1449.464
 20
552.464
 10
1449.033
 20
552.956
 10
1448.67
 20
553.5
 10
1448.381
 20
554.087
 10
1448.17
 20
554.706
 10
1448.043
 20
555.347
 10
1448.0
 20
556.0
 10
1448.043
 20
556.653
 10
1448.17
 20
557.294
 10
1448.381
 20
557.913
 10
1448.67
 20
558.5
 10
1449.033
 20
559.044
 10
1449.464
 20
559.536
 10
1449.956
 20
559.967
 10
1450.5
 20
560.33
 10
1451.087
 20
560.619
 10
1451.706
 20
560.83
 10
1452.347
 20
560.957
 10
1453.0
 20
561.0
 10
1513.0
 20
561.0
 10
1513.653
 20
560.957
 10
1514.294
 20
560.83
 10
1514.913
 20
560.619
 10
1515.5
 20
560.33
 10
1516.044
 20
559.967
 10
1516.536
 20
559.536
 10
1516.967
 20
559.044
 10
1517.33
 20
558.5
 10
1517.619
 20
557.913
 10
1517.83
 20
557.294
 10
1517.957
 20
556.653
 10
1518.0
 20
556.0
 10
1517.957
 20
555.347
 10
1517.83
 20
554.706
 10
1517.619
 20
554.087
 10
1517.33
 20
553.5
 10
1516.967
 20
552.956
 10
1516.536
 20
552.464
 10
1516.044
 20
552.033
 10
1515.5
 20
551.67
 10
1514.913
 20
551.381
 10
1514.294
 20
551.17
 10
1513.653
 20
551.043
 10
1513.0
 20
551.0
  0
LWPOLYLINE
  5
DF
330
17
100
AcDbEntity
  8
CUT_INSIDE
100
AcDbPolyline
 90
50
 70
1
 10
53.0
 20
596.0
 10
52.347
 20
596.043
 10
51.706
 20
596.17
 10
51.087
 20
596.381
 10
50.5
 20
596.67
 10
49.956
 20
597.033
 10
49.464
 20
597.464
 10
49.033
 20
597.956
 10
48.67
 20
598.5
 10
48.381
 20
599.087
 10
48.17
 20
599.706
 10
48.043
 20
600.347
 10
48.0
 20
601.0
 10
48.043
 20
601.653
 10
48.17
 20
602.294
 10
48.381
 20
602.913
 10
48.67
 20
603.5
 10
49.033
 20
604.044
 10
49.464
 20
604.536
 10
49.956
 20
604.967
 10
50.5
 20
605.33
 10
51.087
 20
605.619
 10
51.706
 20
605.83
 10
52.347
 20
605.957
 10
53.0
 20
606.0
 10
123.0
 20
606.0
 10
123.653
 20
605.957
 10
124.294
 20
605.83
 10
124.913
 20
605.619
 10
125.5
 20
605.33
 10
126.044
 20
604.967
 10
126.536
 20
604.536
 10
126.967
 20
604.044
 10
127.33
 20
603.5
 10
127.619
 20
602.913
 10
127.83
 20
602.294
 10
127.957
 20
601.653
 10
128.0
 20
601.0
 10
127.957
 20
600.347
 10
127.83
 20
599.706
 10
127.619
 20
599.087
 10
127.33
 20
598.5
 10
126.967
 20
597.956
 10
126.536
 20
597.464
 10
126.044
 20
597.033
 10
125.5
 20
596.67
 10
124.913
 20
596.381
 10
124.294
 20
596.17
 10
123.653
 20
596.043
 10
123.0
 20
596.0
  0
LWPOLYLINE
  5
E0
330
17
100
AcDbEntity
  8
CUT_INSIDE
100
AcDbPolyline
 90
50
 70
1
 10
1453.0
 20
596.0
 10
1452.347
 20
596.043
 10
1451.706
 20
596.17
 10
1451.087
 20
596.381
 10
1450.5
 20
596.67
 10
1449.956
 20
597.033
 10
1449.464
 20
597.464
 10
1449.033
 20
597.956
 10
1448.67
 20
598.5
 10
1448.381
 20
599.087
 10
1448.17
 20
599.706
 10
1448.043
 20
600.347
 10
1448.0
 20
601.0
 10
1448.043
 20
601.653
 10
1448.17
 20
602.294
 10
1448.381
 20
602.913
 10
1448.67
 20
603.5
 10
1449.033
 20
604.044
 10
1449.464
 20
604.536
 10
1449.956
 20
604.967
 10
1450.5
 20
605.33
 10
1451.087
 20
605.619
 10
1451.706
 20
605.83
 10
1452.347
 20
605.957
 10
1453.0
 20
606.0
 10
1513.0
 20
606.0
 10
1513.653
 20
605.957
 10
1514.294
 20
605.83
 10
1514.913
 20
605.619
 10
1515.5
 20
605.33
 10
1516.044
 20
604.967
 10
1516.536
 20
604.536
 10
1516.967
 20
604.044
 10
1517.33
 20
603.5
 10
1517.619
 20
602.913
 10
1517.83
 20
602.294
 10
1517.957
 20
601.653
 10
1518.0
 20
601.0
 10
1517.957
 20
600.347
 10
1517.83
 20
599.706
 10
1517.619
 20
599.087
 10
1517.33
 20
598.5
 10
1516.967
 20
597.956
 10
1516.536
 20
597.464
 10
1516.044
 20
597.033
 10
1515.5
 20
596.67
 10
1514.913
 20
596.381
 10
1514.294
 20
596.17
 10
1513.653
 20
596.043
 10
1513.0
 20
596.0
  0
LWPOLYLINE
  5
E1
330
17
100
AcDbEntity
  8
CUT_INSIDE
100
AcDbPolyline
 90
50
 70
1
 10
53.0
 20
641.0
 10
52.347
 20
641.043
 10
51.706
 20
641.17
 10
51.087
 20
641.381
 10
50.5
 20
641.67
 10
49.956
 20
642.033
 10
49.464
 20
642.464
 10
49.033
 20
642.956
 10
48.67
 20
643.5
 10
48.381
 20
644.087
 10
48.17
 20
644.706
 10
48.043
 20
645.347
 10
48.0
 20
646.0
 10
48.043
 20
646.653
 10
48.17
 20
647.294
 10
48.381
 20
647.913
 10
48.67
 20
648.5
 10
49.033
 20
649.044
 10
49.464
 20
649.536
 10
49.956
 20
649.967
 10
50.5
 20
650.33
 10
51.087
 20
650.619
 10
51.706
 20
650.83
 10
52.347
 20
650.957
 10
53.0
 20
651.0
 10
123.0
 20
651.0
 10
123.653
 20
650.957
 10
124.294
 20
650.83
 10
124.913
 20
650.619
 10
125.5
 20
650.33
 10
126.044
 20
649.967
 10
126.536
 20
649.536
 10
126.967
 20
649.044
 10
127.33
 20
648.5
 10
127.619
 20
647.913
 10
127.83
 20
647.294
 10
127.957
 20
646.653
 10
128.0
 20
646.0
 10
127.957
 20
645.347
 10
127.83
 20
644.706
 10
127.619
 20
644.087
 10
127.33
 20
643.5
 10
126.967
 20
642.956
 10
126.536
 20
642.464
 10
126.044
 20
642.033
 10
125.5
 20
641.67
 10
124.913
 20
641.381
 10
124.294
 20
641.17
 10
123.653
 20
641.043
 10
123.0
 20
641.0
  0
LWPOLYLINE
  5
E2
330
17
100
AcDbEntity
  8
CUT_INSIDE
100
AcDbPolyline
 90
50
 70
1
 10
1453.0
 20
641.0
 10
1452.347
 20
641.043
 10
1451.706
 20
641.17
 10
1451.087
 20
641.381
 10
1450.5
 20
641.67
 10
1449.956
 20
642.033
 10
1449.464
 20
642.464
 10
1449.033
 20
642.956
 10
1448.67
 20
643.5
 10
1448.381
 20
644.087
 10
1448.17
 20
644.706
 10
1448.043
 20
645.347
 10
1448.0
 20
646.0
 10
1448.043
 20
646.653
 10
1448.17
 20
647.294
 10
1448.381
 20
647.913
 10
1448.67
 20
648.5
 10
1449.033
 20
649.044
 10
1449.464
 20
649.536
 10
1449.956
 20
649.967
 10
1450.5
 20
650.33
 10
1451.087
 20
650.619
 10
1451.706
 20
650.83
 10
1452.347
 20
650.957
 10
1453.0
 20
651.0
 10
1513.0
 20
651.0
 10
1513.653
 20
650.957
 10
1514.294
 20
650.83
 10
1514.913
 20
650.619
 10
1515.5
 20
650.33
 10
1516.044
 20
649.967
 10
1516.536
 20
649.536
 10
1516.967
 20
649.044
 10
1517.33
 20
648.5
 10
1517.619
 20
647.913
 10
1517.83
 20
647.294
 10
1517.957
 20
646.653
 10
1518.0
 20
646.0
 10
1517.957
 20
645.347
 10
1517.83
 20
644.706
 10
1517.619
 20
644.087
 10
1517.33
 20
643.5
 10
1516.967
 20
642.956
 10
1516.536
 20
642.464
 10
1516.044
 20
642.033
 10
1515.5
 20
641.67
 10
1514.913
 20
641.381
 10
1514.294
 20
641.17
 10
1513.653
 20
641.043
 10
1513.0
 20
641.0
  0
LWPOLYLINE
  5
E3
330
17
100
AcDbEntity
  8
CUT_DOOR
100
AcDbPolyline
 90
4
 70
1
 10
1213.0
 20
698.0
 10
296.0
 20
698.0
 10
296.0
 20
418.0
 10
1213.0
 20
418.0
  0
LWPOLYLINE
  5
E4
330
17
100
AcDbEntity
  8
CUT_DOOR
100
AcDbPolyline
 90
4
 70
1
 10
1568.0
 20
698.0
 10
1268.0
 20
698.0
 10
1268.0
 20
418.0
 10
1568.0
 20
418.0
  0
CIRCLE
  5
E5
330
17
100
AcDbEntity
  8
DRILL_7
100
AcDbCircle
 10
1548.0
 20
387.0
 30
0.0
 40
3.5
  0
CIRCLE
  5
E6
330
17
100
AcDbEntity
  8
DRILL_7
100
AcDbCircle
 10
1548.0
 20
729.0
 30
0.0
 40
3.5
  0
CIRCLE
  5
E7
330
17
100
AcDbEntity
  8
DRILL_7
100
AcDbCircle
 10
1358.0
 20
387.0
 30
0.0
 40
3.5
  0
CIRCLE
  5
E8
330
17
100
AcDbEntity
  8
DRILL_7
100
AcDbCircle
 10
1358.0
 20
729.0
 30
0.0
 40
3.5
  0
CIRCLE
  5
E9
330
17
100
AcDbEntity
  8
DRILL_7
100
AcDbCircle
 10
1128.0
 20
387.0
 30
0.0
 40
3.5
  0
CIRCLE
  5
EA
330
17
100
AcDbEntity
  8
DRILL_7
100
AcDbCircle
 10
1128.0
 20
729.0
 30
0.0
 40
3.5
  0
CIRCLE
  5
EB
330
17
100
AcDbEntity
  8
DRILL_7
100
AcDbCircle
 10
888.0
 20
387.0
 30
0.0
 40
3.5
  0
CIRCLE
  5
EC
330
17
100
AcDbEntity
  8
DRILL_7
100
AcDbCircle
 10
888.0
 20
729.0
 30
0.0
 40
3.5
  0
CIRCLE
  5
ED
330
17
100
AcDbEntity
  8
DRILL_7
100
AcDbCircle
 10
648.0
 20
387.0
 30
0.0
 40
3.5
  0
CIRCLE
  5
EE
330
17
100
AcDbEntity
  8
DRILL_7
100
AcDbCircle
 10
648.0
 20
729.0
 30
0.0
 40
3.5
  0
CIRCLE
  5
EF
330
17
100
AcDbEntity
  8
DRILL_7
100
AcDbCircle
 10
408.0
 20
387.0
 30
0.0
 40
3.5
  0
CIRCLE
  5
F0
330
17
100
AcDbEntity
  8
DRILL_7
100
AcDbCircle
 10
408.0
 20
729.0
 30
0.0
 40
3.5
  0
CIRCLE
  5
F1
330
17
100
AcDbEntity
  8
DRILL_7
100
AcDbCircle
 10
188.0
 20
387.0
 30
0.0
 40
3.5
  0
CIRCLE
  5
F2
330
17
100
AcDbEntity
  8
DRILL_7
100
AcDbCircle
 10
188.0
 20
729.0
 30
0.0
 40
3.5
  0
CIRCLE
  5
F3
330
17
100
AcDbEntity
  8
DRILL_7
100
AcDbCircle
 10
68.0
 20
387.0
 30
0.0
 40
3.5
  0
CIRCLE
  5
F4
330
17
100
AcDbEntity
  8
DRILL_7
100
AcDbCircle
 10
68.0
 20
729.0
 30
0.0
 40
3.5
  0
CIRCLE
  5
F5
330
17
100
AcDbEntity
  8
DRILL_7
100
AcDbCircle
 10
1599.0
 20
448.0
 30
0.0
 40
3.5
  0
CIRCLE
  5
F6
330
17
100
AcDbEntity
  8
DRILL_7
100
AcDbCircle
 10
1599.0
 20
668.0
 30
0.0
 40
3.5
  0
CIRCLE
  5
F7
330
17
100
AcDbEntity
  8
DRILL_7
100
AcDbCircle
 10
1237.0
 20
448.0
 30
0.0
 40
3.5
  0
CIRCLE
  5
F8
330
17
100
AcDbEntity
  8
DRILL_7
100
AcDbCircle
 10
1237.0
 20
668.0
 30
0.0
 40
3.5
  0
CIRCLE
  5
F9
330
17
100
AcDbEntity
  8
DRILL_7
100
AcDbCircle
 10
272.0
 20
448.0
 30
0.0
 40
3.5
  0
CIRCLE
  5
FA
330
17
100
AcDbEntity
  8
DRILL_7
100
AcDbCircle
 10
272.0
 20
668.0
 30
0.0
 40
3.5
  0
CIRCLE
  5
FB
330
17
100
AcDbEntity
  8
DRILL_7
100
AcDbCircle
 10
17.0
 20
448.0
 30
0.0
 40
3.5
  0
CIRCLE
  5
FC
330
17
100
AcDbEntity
  8
DRILL_7
100
AcDbCircle
 10
17.0
 20
668.0
 30
0.0
 40
3.5
  0
CIRCLE
  5
FD
330
17
100
AcDbEntity
  8
DRILL_7
100
AcDbCircle
 10
1237.0
 20
558.0
 30
0.0
 40
3.5
  0
CIRCLE
  5
FE
330
17
100
AcDbEntity
  8
DRILL_7
100
AcDbCircle
 10
272.0
 20
558.0
 30
0.0
 40
3.5
  0
CIRCLE
  5
FF
330
17
100
AcDbEntity
  8
DRILL_7
100
AcDbCircle
 10
17.0
 20
558.0
 30
0.0
 40
3.5
  0
TEXT
  5
100
330
17
100
AcDbEntity
  8
LABELS
100
AcDbText
 10
808.0
 20
558.0
 30
0.0
 40
14.0
  1
Back panel (with 2 doors)
 72
1
 11
808.0
 21
558.0
 31
0.0
100
AcDbText
 73
2
  0
LWPOLYLINE
  5
101
330
17
100
AcDbEntity
  8
CUT_OUTSIDE
100
AcDbPolyline
 90
4
 70
1
 10
1608.0
 20
972.0
 10
8.0
 20
972.0
 10
8.0
 20
748.0
 10
1608.0
 20
748.0
  0
LWPOLYLINE
  5
102
330
17
100
AcDbEntity
  8
CUT_INSIDE
100
AcDbPolyline
 90
50
 70
1
 10
494.0
 20
903.0
 10
494.145
 20
905.219
 10
494.579
 20
907.4
 10
495.294
 20
909.506
 10
496.278
 20
911.5
 10
497.513
 20
913.349
 10
498.979
 20
915.021
 10
500.651
 20
916.487
 10
502.5
 20
917.722
 10
504.494
 20
918.706
 10
506.6
 20
919.421
 10
508.781
 20
919.855
 10
511.0
 20
920.0
 10
513.219
 20
919.855
 10
515.4
 20
919.421
 10
517.506
 20
918.706
 10
519.5
 20
917.722
 10
521.349
 20
916.487
 10
523.021
 20
915.021
 10
524.487
 20
913.349
 10
525.722
 20
911.5
 10
526.706
 20
909.506
 10
527.421
 20
907.4
 10
527.855
 20
905.219
 10
528.0
 20
903.0
 10
528.0
 20
817.0
 10
527.855
 20
814.781
 10
527.421
 20
812.6
 10
526.706
 20
810.494
 10
525.722
 20
808.5
 10
524.487
 20
806.651
 10
523.021
 20
804.979
 10
521.349
 20
803.513
 10
519.5
 20
802.278
 10
517.506
 20
801.294
 10
515.4
 20
800.579
 10
513.219
 20
800.145
 10
511.0
 20
800.0
 10
508.781
 20
800.145
 10
506.6
 20
800.579
 10
504.494
 20
801.294
 10
502.5
 20
802.278
 10
500.651
 20
803.513
 10
498.979
 20
804.979
 10
497.513
 20
806.651
 10
496.278
 20
808.5
 10
495.294
 20
810.494
 10
494.579
 20
812.6
 10
494.145
 20
814.781
 10
494.0
 20
817.0
  0
CIRCLE
  5
103
330
17
100
AcDbEntity
  8
CUT_INSIDE
100
AcDbCircle
 10
1538.0
 20
860.0
 30
0.0
 40
22.0
  0
CIRCLE
  5
104
330
17
100
AcDbEntity
  8
DRILL_7
100
AcDbCircle
 10
1599.0
 20
793.0
 30
0.0
 40
3.5
  0
CIRCLE
  5
105
330
17
100
AcDbEntity
  8
DRILL_7
100
AcDbCircle
 10
1599.0
 20
860.0
 30
0.0
 40
3.5
  0
CIRCLE
  5
106
330
17
100
AcDbEntity
  8
DRILL_7
100
AcDbCircle
 10
1599.0
 20
927.0
 30
0.0
 40
3.5
  0
CIRCLE
  5
107
330
17
100
AcDbEntity
  8
DRILL_7
100
AcDbCircle
 10
1237.0
 20
793.0
 30
0.0
 40
3.5
  0
CIRCLE
  5
108
330
17
100
AcDbEntity
  8
DRILL_7
100
AcDbCircle
 10
1237.0
 20
860.0
 30
0.0
 40
3.5
  0
CIRCLE
  5
109
330
17
100
AcDbEntity
  8
DRILL_7
100
AcDbCircle
 10
1237.0
 20
927.0
 30
0.0
 40
3.5
  0
CIRCLE
  5
10A
330
17
100
AcDbEntity
  8
DRILL_7
100
AcDbCircle
 10
272.0
 20
793.0
 30
0.0
 40
3.5
  0
CIRCLE
  5
10B
330
17
100
AcDbEntity
  8
DRILL_7
100
AcDbCircle
 10
272.0
 20
860.0
 30
0.0
 40
3.5
  0
CIRCLE
  5
10C
330
17
100
AcDbEntity
  8
DRILL_7
100
AcDbCircle
 10
272.0
 20
927.0
 30
0.0
 40
3.5
  0
CIRCLE
  5
10D
330
17
100
AcDbEntity
  8
DRILL_7
100
AcDbCircle
 10
17.0
 20
793.0
 30
0.0
 40
3.5
  0
CIRCLE
  5
10E
330
17
100
AcDbEntity
  8
DRILL_7
100
AcDbCircle
 10
17.0
 20
860.0
 30
0.0
 40
3.5
  0
CIRCLE
  5
10F
330
17
100
AcDbEntity
  8
DRILL_7
100
AcDbCircle
 10
17.0
 20
927.0
 30
0.0
 40
3.5
  0
TEXT
  5
110
330
17
100
AcDbEntity
  8
LABELS
100
AcDbText
 10
808.0
 20
860.0
 30
0.0
 40
14.0
  1
Side panel 1
 72
1
 11
808.0
 21
860.0
 31
0.0
100
AcDbText
 73
2
  0
LWPOLYLINE
  5
111
330
17
100
AcDbEntity
  8
CUT_OUTSIDE
100
AcDbPolyline
 90
4
 70
1
 10
1608.0
 20
1206.0
 10
8.0
 20
1206.0
 10
8.0
 20
982.0
 10
1608.0
 20
982.0
  0
LWPOLYLINE
  5
112
330
17
100
AcDbEntity
  8
CUT_INSIDE
100
AcDbPolyline
 90
50
 70
1
 10
494.0
 20
1137.0
 10
494.145
 20
1139.219
 10
494.579
 20
1141.4
 10
495.294
 20
1143.506
 10
496.278
 20
1145.5
 10
497.513
 20
1147.349
 10
498.979
 20
1149.021
 10
500.651
 20
1150.487
 10
502.5
 20
1151.722
 10
504.494
 20
1152.706
 10
506.6
 20
1153.421
 10
508.781
 20
1153.855
 10
511.0
 20
1154.0
 10
513.219
 20
1153.855
 10
515.4
 20
1153.421
 10
517.506
 20
1152.706
 10
519.5
 20
1151.722
 10
521.349
 20
1150.487
 10
523.021
 20
1149.021
 10
524.487
 20
1147.349
 10
525.722
 20
1145.5
 10
526.706
 20
1143.506
 10
527.421
 20
1141.4
 10
527.855
 20
1139.219
 10
528.0
 20
1137.0
 10
528.0
 20
1051.0
 10
527.855
 20
1048.781
 10
527.421
 20
1046.6
 10
526.706
 20
1044.494
 10
525.722
 20
1042.5
 10
524.487
 20
1040.651
 10
523.021
 20
1038.979
 10
521.349
 20
1037.513
 10
519.5
 20
1036.278
 10
517.506
 20
1035.294
 10
515.4
 20
1034.579
 10
513.219
 20
1034.145
 10
511.0
 20
1034.0
 10
508.781
 20
1034.145
 10
506.6
 20
1034.579
 10
504.494
 20
1035.294
 10
502.5
 20
1036.278
 10
500.651
 20
1037.513
 10
498.979
 20
1038.979
 10
497.513
 20
1040.651
 10
496.278
 20
1042.5
 10
495.294
 20
1044.494
 10
494.579
 20
1046.6
 10
494.145
 20
1048.781
 10
494.0
 20
1051.0
  0
CIRCLE
  5
113
330
17
100
AcDbEntity
  8
DRILL_7
100
AcDbCircle
 10
1599.0
 20
1027.0
 30
0.0
 40
3.5
  0
CIRCLE
  5
114
330
17
100
AcDbEntity
  8
DRILL_7
100
AcDbCircle
 10
1599.0
 20
1094.0
 30
0.0
 40
3.5
  0
CIRCLE
  5
115
330
17
100
AcDbEntity
  8
DRILL_7
100
AcDbCircle
 10
1599.0
 20
1161.0
 30
0.0
 40
3.5
  0
CIRCLE
  5
116
330
17
100
AcDbEntity
  8
DRILL_7
100
AcDbCircle
 10
1237.0
 20
1027.0
 30
0.0
 40
3.5
  0
CIRCLE
  5
117
330
17
100
AcDbEntity
  8
DRILL_7
100
AcDbCircle
 10
1237.0
 20
1094.0
 30
0.0
 40
3.5
  0
CIRCLE
  5
118
330
17
100
AcDbEntity
  8
DRILL_7
100
AcDbCircle
 10
1237.0
 20
1161.0
 30
0.0
 40
3.5
  0
CIRCLE
  5
119
330
17
100
AcDbEntity
  8
DRILL_7
100
AcDbCircle
 10
272.0
 20
1027.0
 30
0.0
 40
3.5
  0
CIRCLE
  5
11A
330
17
100
AcDbEntity
  8
DRILL_7
100
AcDbCircle
 10
272.0
 20
1094.0
 30
0.0
 40
3.5
  0
CIRCLE
  5
11B
330
17
100
AcDbEntity
  8
DRILL_7
100
AcDbCircle
 10
272.0
 20
1161.0
 30
0.0
 40
3.5
  0
CIRCLE
  5
11C
330
17
100
AcDbEntity
  8
DRILL_7
100
AcDbCircle
 10
17.0
 20
1027.0
 30
0.0
 40
3.5
  0
CIRCLE
  5
11D
330
17
100
AcDbEntity
  8
DRILL_7
100
AcDbCircle
 10
17.0
 20
1094.0
 30
0.0
 40
3.5
  0
CIRCLE
  5
11E
330
17
100
AcDbEntity
  8
DRILL_7
100
AcDbCircle
 10
17.0
 20
1161.0
 30
0.0
 40
3.5
  0
TEXT
  5
11F
330
17
100
AcDbEntity
  8
LABELS
100
AcDbText
 10
808.0
 20
1094.0
 30
0.0
 40
14.0
  1
Side panel 2
 72
1
 11
808.0
 21
1094.0
 31
0.0
100
AcDbText
 73
2
  0
LWPOLYLINE
  5
120
330
17
100
AcDbEntity
  8
CUT_OUTSIDE
100
AcDbPolyline
 90
4
 70
1
 10
2432.0
 20
378.0
 10
2432.0
 20
602.0
 10
2108.0
 20
602.0
 10
2108.0
 20
378.0
  0
CIRCLE
  5
121
330
17
100
AcDbEntity
  8
DRILL_10
100
AcDbCircle
 10
2148.0
 20
418.0
 30
0.0
 40
5.0
  0
CIRCLE
  5
122
330
17
100
AcDbEntity
  8
DRILL_10
100
AcDbCircle
 10
2392.0
 20
418.0
 30
0.0
 40
5.0
  0
CIRCLE
  5
123
330
17
100
AcDbEntity
  8
DRILL_10
100
AcDbCircle
 10
2148.0
 20
562.0
 30
0.0
 40
5.0
  0
CIRCLE
  5
124
330
17
100
AcDbEntity
  8
DRILL_10
100
AcDbCircle
 10
2392.0
 20
562.0
 30
0.0
 40
5.0
  0
TEXT
  5
125
330
17
100
AcDbEntity
  8
LABELS
100
AcDbText
 10
2270.0
 20
490.0
 30
0.0
 40
14.0
  1
Floor plate
 72
1
 11
2270.0
 21
490.0
 31
0.0
100
AcDbText
 73
2
  0
LWPOLYLINE
  5
126
330
17
100
AcDbEntity
  8
CUT_OUTSIDE
100
AcDbPolyline
 90
88
 70
1
 10
2157.997
 20
796.003
 10
2158.0
 20
796.074
 10
2158.0
 20
833.0
 10
2158.014
 20
833.294
 10
2158.058
 20
833.585
 10
2158.129
 20
833.871
 10
2158.228
 20
834.148
 10
2158.354
 20
834.414
 10
2158.506
 20
834.667
 10
2158.681
 20
834.903
 10
2158.879
 20
835.121
 10
2159.097
 20
835.319
 10
2159.333
 20
835.494
 10
2159.586
 20
835.646
 10
2159.852
 20
835.772
 10
2160.129
 20
835.871
 10
2160.415
 20
835.942
 10
2160.706
 20
835.986
 10
2161.0
 20
836.0
 10
2429.0
 20
836.0
 10
2429.294
 20
835.986
 10
2429.585
 20
835.942
 10
2429.871
 20
835.871
 10
2430.148
 20
835.772
 10
2430.414
 20
835.646
 10
2430.667
 20
835.494
 10
2430.903
 20
835.319
 10
2431.121
 20
835.121
 10
2431.319
 20
834.903
 10
2431.494
 20
834.667
 10
2431.646
 20
834.414
 10
2431.772
 20
834.148
 10
2431.871
 20
833.871
 10
2431.942
 20
833.585
 10
2431.986
 20
833.294
 10
2432.0
 20
833.0
 10
2432.0
 20
615.0
 10
2431.986
 20
614.706
 10
2431.942
 20
614.415
 10
2431.871
 20
614.129
 10
2431.772
 20
613.852
 10
2431.646
 20
613.586
 10
2431.494
 20
613.333
 10
2431.319
 20
613.097
 10
2431.121
 20
612.879
 10
2430.903
 20
612.681
 10
2430.667
 20
612.506
 10
2430.414
 20
612.354
 10
2430.148
 20
612.228
 10
2429.871
 20
612.129
 10
2429.585
 20
612.058
 10
2429.294
 20
612.014
 10
2429.0
 20
612.0
 10
2111.0
 20
612.0
 10
2110.706
 20
612.014
 10
2110.415
 20
612.058
 10
2110.129
 20
612.129
 10
2109.852
 20
612.228
 10
2109.586
 20
612.354
 10
2109.333
 20
612.506
 10
2109.097
 20
612.681
 10
2108.879
 20
612.879
 10
2108.681
 20
613.097
 10
2108.506
 20
613.333
 10
2108.354
 20
613.586
 10
2108.228
 20
613.852
 10
2108.129
 20
614.129
 10
2108.058
 20
614.415
 10
2108.014
 20
614.706
 10
2108.0
 20
615.0
 10
2108.0
 20
793.0
 10
2108.014
 20
793.294
 10
2108.058
 20
793.585
 10
2108.129
 20
793.871
 10
2108.228
 20
794.148
 10
2108.354
 20
794.414
 10
2108.506
 20
794.667
 10
2108.681
 20
794.903
 10
2108.879
 20
795.121
 10
2109.097
 20
795.319
 10
2109.333
 20
795.494
 10
2109.586
 20
795.646
 10
2109.852
 20
795.772
 10
2110.129
 20
795.871
 10
2110.415
 20
795.942
 10
2110.706
 20
795.986
 10
2111.0
 20
796.0
 10
2157.926
 20
796.0
  0
TEXT
  5
127
330
17
100
AcDbEntity
  8
LABELS
100
AcDbText
 10
2270.0
 20
704.0
 30
0.0
 40
14.0
  1
Printer shelf
 72
1
 11
2270.0
 21
704.0
 31
0.0
100
AcDbText
 73
2
  0
LWPOLYLINE
  5
128
330
17
100
AcDbEntity
  8
CUT_OUTSIDE
100
AcDbPolyline
 90
88
 70
1
 10
2157.997
 20
1030.003
 10
2158.0
 20
1030.074
 10
2158.0
 20
1067.0
 10
2158.014
 20
1067.294
 10
2158.058
 20
1067.585
 10
2158.129
 20
1067.871
 10
2158.228
 20
1068.148
 10
2158.354
 20
1068.414
 10
2158.506
 20
1068.667
 10
2158.681
 20
1068.903
 10
2158.879
 20
1069.121
 10
2159.097
 20
1069.319
 10
2159.333
 20
1069.494
 10
2159.586
 20
1069.646
 10
2159.852
 20
1069.772
 10
2160.129
 20
1069.871
 10
2160.415
 20
1069.942
 10
2160.706
 20
1069.986
 10
2161.0
 20
1070.0
 10
2429.0
 20
1070.0
 10
2429.294
 20
1069.986
 10
2429.585
 20
1069.942
 10
2429.871
 20
1069.871
 10
2430.148
 20
1069.772
 10
2430.414
 20
1069.646
 10
2430.667
 20
1069.494
 10
2430.903
 20
1069.319
 10
2431.121
 20
1069.121
 10
2431.319
 20
1068.903
 10
2431.494
 20
1068.667
 10
2431.646
 20
1068.414
 10
2431.772
 20
1068.148
 10
2431.871
 20
1067.871
 10
2431.942
 20
1067.585
 10
2431.986
 20
1067.294
 10
2432.0
 20
1067.0
 10
2432.0
 20
849.0
 10
2431.986
 20
848.706
 10
2431.942
 20
848.415
 10
2431.871
 20
848.129
 10
2431.772
 20
847.852
 10
2431.646
 20
847.586
 10
2431.494
 20
847.333
 10
2431.319
 20
847.097
 10
2431.121
 20
846.879
 10
2430.903
 20
846.681
 10
2430.667
 20
846.506
 10
2430.414
 20
846.354
 10
2430.148
 20
846.228
 10
2429.871
 20
846.129
 10
2429.585
 20
846.058
 10
2429.294
 20
846.014
 10
2429.0
 20
846.0
 10
2111.0
 20
846.0
 10
2110.706
 20
846.014
 10
2110.415
 20
846.058
 10
2110.129
 20
846.129
 10
2109.852
 20
846.228
 10
2109.586
 20
846.354
 10
2109.333
 20
846.506
 10
2109.097
 20
846.681
 10
2108.879
 20
846.879
 10
2108.681
 20
847.097
 10
2108.506
 20
847.333
 10
2108.354
 20
847.586
 10
2108.228
 20
847.852
 10
2108.129
 20
848.129
 10
2108.058
 20
848.415
 10
2108.014
 20
848.706
 10
2108.0
 20
849.0
 10
2108.0
 20
1027.0
 10
2108.014
 20
1027.294
 10
2108.058
 20
1027.585
 10
2108.129
 20
1027.871
 10
2108.228
 20
1028.148
 10
2108.354
 20
1028.414
 10
2108.506
 20
1028.667
 10
2108.681
 20
1028.903
 10
2108.879
 20
1029.121
 10
2109.097
 20
1029.319
 10
2109.333
 20
1029.494
 10
2109.586
 20
1029.646
 10
2109.852
 20
1029.772
 10
2110.129
 20
1029.871
 10
2110.415
 20
1029.942
 10
2110.706
 20
1029.986
 10
2111.0
 20
1030.0
 10
2157.926
 20
1030.0
  0
LWPOLYLINE
  5
129
330
17
100
AcDbEntity
  8
CUT_INSIDE
100
AcDbPolyline
 90
50
 70
1
 10
2266.5
 20
997.5
 10
2266.53
 20
997.957
 10
2266.619
 20
998.406
 10
2266.766
 20
998.839
 10
2266.969
 20
999.25
 10
2267.223
 20
999.631
 10
2267.525
 20
999.975
 10
2267.869
 20
1000.277
 10
2268.25
 20
1000.531
 10
2268.661
 20
1000.734
 10
2269.094
 20
1000.881
 10
2269.543
 20
1000.97
 10
2270.0
 20
1001.0
 10
2270.457
 20
1000.97
 10
2270.906
 20
1000.881
 10
2271.339
 20
1000.734
 10
2271.75
 20
1000.531
 10
2272.131
 20
1000.277
 10
2272.475
 20
999.975
 10
2272.777
 20
999.631
 10
2273.031
 20
999.25
 10
2273.234
 20
998.839
 10
2273.381
 20
998.406
 10
2273.47
 20
997.957
 10
2273.5
 20
997.5
 10
2273.5
 20
894.5
 10
2273.47
 20
894.043
 10
2273.381
 20
893.594
 10
2273.234
 20
893.161
 10
2273.031
 20
892.75
 10
2272.777
 20
892.369
 10
2272.475
 20
892.025
 10
2272.131
 20
891.723
 10
2271.75
 20
891.469
 10
2271.339
 20
891.266
 10
2270.906
 20
891.119
 10
2270.457
 20
891.03
 10
2270.0
 20
891.0
 10
2269.543
 20
891.03
 10
2269.094
 20
891.119
 10
2268.661
 20
891.266
 10
2268.25
 20
891.469
 10
2267.869
 20
891.723
 10
2267.525
 20
892.025
 10
2267.223
 20
892.369
 10
2266.969
 20
892.75
 10
2266.766
 20
893.161
 10
2266.619
 20
893.594
 10
2266.53
 20
894.043
 10
2266.5
 20
894.5
  0
TEXT
  5
12A
330
17
100
AcDbEntity
  8
LABELS
100
AcDbText
 10
2270.0
 20
938.0
 30
0.0
 40
14.0
  1
Camera shelf
 72
1
 11
2270.0
 21
938.0
 31
0.0
100
AcDbText
 73
2
  0
LWPOLYLINE
  5
12B
330
17
100
AcDbEntity
  8
CUT_OUTSIDE
100
AcDbPolyline
 90
4
 70
1
 10
2091.99
 20
332.0
 10
1867.99
 20
332.0
 10
1867.99
 20
8.0
 10
2091.99
 20
8.0
  0
CIRCLE
  5
12C
330
17
100
AcDbEntity
  8
CUT_INSIDE
100
AcDbCircle
 10
1979.9904775713414
 20
89.0
 30
0.0
 40
14.0
  0
CIRCLE
  5
12D
330
17
100
AcDbEntity
  8
CUT_INSIDE
100
AcDbCircle
 10
1979.9904775713414
 20
170.0
 30
0.0
 40
14.0
  0
CIRCLE
  5
12E
330
17
100
AcDbEntity
  8
CUT_INSIDE
100
AcDbCircle
 10
1979.9904775713414
 20
251.0
 30
0.0
 40
14.0
  0
TEXT
  5
12F
330
17
100
AcDbEntity
  8
LABELS
100
AcDbText
 10
1979.9904775713412
 20
170.0
 30
0.0
 40
14.0
  1
Top plate
 72
1
 11
1979.9904775713412
 21
170.0
 31
0.0
100
AcDbText
 73
2
  0
LWPOLYLINE
  5
130
330
17
100
AcDbEntity
  8
CUT_OUTSIDE
100
AcDbPolyline
 90
544
 70
1
 10
2092.944
 20
664.667
 10
2095.716
 20
659.481
 10
2097.424
 20
653.853
 10
2098.0
 20
648.0
 10
2097.424
 20
642.147
 10
2095.716
 20
636.519
 10
2092.944
 20
631.333
 10
2089.213
 20
626.787
 10
2084.667
 20
623.056
 10
2079.481
 20
620.284
 10
2073.853
 20
618.576
 10
2068.0
 20
618.0
 10
2073.853
 20
617.424
 10
2079.481
 20
615.716
 10
2084.667
 20
612.944
 10
2089.213
 20
609.213
 10
2092.944
 20
604.667
 10
2095.716
 20
599.481
 10
2097.424
 20
593.853
 10
2098.0
 20
588.0
 10
2097.424
 20
582.147
 10
2095.716
 20
576.519
 10
2092.944
 20
571.333
 10
2089.213
 20
566.787
 10
2084.667
 20
563.056
 10
2079.481
 20
560.284
 10
2073.853
 20
558.576
 10
2068.0
 20
558.0
 10
2073.853
 20
557.424
 10
2079.481
 20
555.716
 10
2084.667
 20
552.944
 10
2089.213
 20
549.213
 10
2092.944
 20
544.667
 10
2095.716
 20
539.481
 10
2097.424
 20
533.853
 10
2098.0
 20
528.0
 10
2097.424
 20
522.147
 10
2095.716
 20
516.519
 10
2092.944
 20
511.333
 10
2089.213
 20
506.787
 10
2084.667
 20
503.056
 10
2079.481
 20
500.284
 10
2073.853
 20
498.576
 10
2068.0
 20
498.0
 10
2073.853
 20
497.424
 10
2079.481
 20
495.716
 10
2084.667
 20
492.944
 10
2089.213
 20
489.213
 10
2092.944
 20
484.667
 10
2095.716
 20
479.481
 10
2097.424
 20
473.853
 10
2098.0
 20
468.0
 10
2097.424
 20
462.147
 10
2095.716
 20
456.519
 10
2092.944
 20
451.333
 10
2089.213
 20
446.787
 10
2084.667
 20
443.056
 10
2079.481
 20
440.284
 10
2073.853
 20
438.576
 10
2068.0
 20
438.0
 10
2073.853
 20
437.424
 10
2079.481
 20
435.716
 10
2084.667
 20
432.944
 10
2089.213
 20
429.213
 10
2092.944
 20
424.667
 10
2095.716
 20
419.481
 10
2097.424
 20
413.853
 10
2098.0
 20
408.0
 10
2097.424
 20
402.147
 10
2095.716
 20
396.519
 10
2092.944
 20
391.333
 10
2089.213
 20
386.787
 10
2084.667
 20
383.056
 10
2079.481
 20
380.284
 10
2073.853
 20
378.576
 10
2068.0
 20
378.0
 10
2062.147
 20
378.576
 10
2056.519
 20
380.284
 10
2051.333
 20
383.056
 10
2046.787
 20
386.787
 10
2043.056
 20
391.333
 10
2040.284
 20
396.519
 10
2038.576
 20
402.147
 10
2038.0
 20
408.0
 10
2037.424
 20
402.147
 10
2035.716
 20
396.519
 10
2032.944
 20
391.333
 10
2029.213
 20
386.787
 10
2024.667
 20
383.056
 10
2019.481
 20
380.284
 10
2013.853
 20
378.576
 10
2008.0
 20
378.0
 10
2002.147
 20
378.576
 10
1996.519
 20
380.284
 10
1991.333
 20
383.056
 10
1986.787
 20
386.787
 10
1983.056
 20
391.333
 10
1980.284
 20
396.519
 10
1978.576
 20
402.147
 10
1978.0
 20
408.0
 10
1977.424
 20
402.147
 10
1975.716
 20
396.519
 10
1972.944
 20
391.333
 10
1969.213
 20
386.787
 10
1964.667
 20
383.056
 10
1959.481
 20
380.284
 10
1953.853
 20
378.576
 10
1948.0
 20
378.0
 10
1942.147
 20
378.576
 10
1936.519
 20
380.284
 10
1931.333
 20
383.056
 10
1926.787
 20
386.787
 10
1923.056
 20
391.333
 10
1920.284
 20
396.519
 10
1918.576
 20
402.147
 10
1918.0
 20
408.0
 10
1917.424
 20
402.147
 10
1915.716
 20
396.519
 10
1912.944
 20
391.333
 10
1909.213
 20
386.787
 10
1904.667
 20
383.056
 10
1899.481
 20
380.284
 10
1893.853
 20
378.576
 10
1888.0
 20
378.0
 10
1882.147
 20
378.576
 10
1876.519
 20
380.284
 10
1871.333
 20
383.056
 10
1866.787
 20
386.787
 10
1863.056
 20
391.333
 10
1860.284
 20
396.519
 10
1858.576
 20
402.147
 10
1858.0
 20
408.0
 10
1857.424
 20
402.147
 10
1855.716
 20
396.519
 10
1852.944
 20
391.333
 10
1849.213
 20
386.787
 10
1844.667
 20
383.056
 10
1839.481
 20
380.284
 10
1833.853
 20
378.576
 10
1828.0
 20
378.0
 10
1822.147
 20
378.576
 10
1816.519
 20
380.284
 10
1811.333
 20
383.056
 10
1806.787
 20
386.787
 10
1803.056
 20
391.333
 10
1800.284
 20
396.519
 10
1798.576
 20
402.147
 10
1798.0
 20
408.0
 10
1797.424
 20
402.147
 10
1795.716
 20
396.519
 10
1792.944
 20
391.333
 10
1789.213
 20
386.787
 10
1784.667
 20
383.056
 10
1779.481
 20
380.284
 10
1773.853
 20
378.576
 10
1768.0
 20
378.0
 10
1762.147
 20
378.576
 10
1756.519
 20
380.284
 10
1751.333
 20
383.056
 10
1746.787
 20
386.787
 10
1743.056
 20
391.333
 10
1740.284
 20
396.519
 10
1738.576
 20
402.147
 10
1738.0
 20
408.0
 10
1737.424
 20
402.147
 10
1735.716
 20
396.519
 10
1732.944
 20
391.333
 10
1729.213
 20
386.787
 10
1724.667
 20
383.056
 10
1719.481
 20
380.284
 10
1713.853
 20
378.576
 10
1708.0
 20
378.0
 10
1702.147
 20
378.576
 10
1696.519
 20
380.284
 10
1691.333
 20
383.056
 10
1686.787
 20
386.787
 10
1683.056
 20
391.333
 10
1680.284
 20
396.519
 10
1678.576
 20
402.147
 10
1678.0
 20
408.0
 10
1677.424
 20
402.147
 10
1675.716
 20
396.519
 10
1672.944
 20
391.333
 10
1669.213
 20
386.787
 10
1664.667
 20
383.056
 10
1659.481
 20
380.284
 10
1653.853
 20
378.576
 10
1648.0
 20
378.0
 10
1642.147
 20
378.576
 10
1636.519
 20
380.284
 10
1631.333
 20
383.056
 10
1626.787
 20
386.787
 10
1623.056
 20
391.333
 10
1620.284
 20
396.519
 10
1618.576
 20
402.147
 10
1618.0
 20
408.0
 10
1618.576
 20
413.853
 10
1620.284
 20
419.481
 10
1623.056
 20
424.667
 10
1626.787
 20
429.213
 10
1631.333
 20
432.944
 10
1636.519
 20
435.716
 10
1642.147
 20
437.424
 10
1648.0
 20
438.0
 10
1642.147
 20
438.576
 10
1636.519
 20
440.284
 10
1631.333
 20
443.056
 10
1626.787
 20
446.787
 10
1623.056
 20
451.333
 10
1620.284
 20
456.519
 10
1618.576
 20
462.147
 10
1618.0
 20
468.0
 10
1618.576
 20
473.853
 10
1620.284
 20
479.481
 10
1623.056
 20
484.667
 10
1626.787
 20
489.213
 10
1631.333
 20
492.944
 10
1636.519
 20
495.716
 10
1642.147
 20
497.424
 10
1648.0
 20
498.0
 10
1642.147
 20
498.576
 10
1636.519
 20
500.284
 10
1631.333
 20
503.056
 10
1626.787
 20
506.787
 10
1623.056
 20
511.333
 10
1620.284
 20
516.519
 10
1618.576
 20
522.147
 10
1618.0
 20
528.0
 10
1618.576
 20
533.853
 10
1620.284
 20
539.481
 10
1623.056
 20
544.667
 10
1626.787
 20
549.213
 10
1631.333
 20
552.944
 10
1636.519
 20
555.716
 10
1642.147
 20
557.424
 10
1648.0
 20
558.0
 10
1642.147
 20
558.576
 10
1636.519
 20
560.284
 10
1631.333
 20
563.056
 10
1626.787
 20
566.787
 10
1623.056
 20
571.333
 10
1620.284
 20
576.519
 10
1618.576
 20
582.147
 10
1618.0
 20
588.0
 10
1618.576
 20
593.853
 10
1620.284
 20
599.481
 10
1623.056
 20
604.667
 10
1626.787
 20
609.213
 10
1631.333
 20
612.944
 10
1636.519
 20
615.716
 10
1642.147
 20
617.424
 10
1648.0
 20
618.0
 10
1642.147
 20
618.576
 10
1636.519
 20
620.284
 10
1631.333
 20
623.056
 10
1626.787
 20
626.787
 10
1623.056
 20
631.333
 10
1620.284
 20
636.519
 10
1618.576
 20
642.147
 10
1618.0
 20
648.0
 10
1618.576
 20
653.853
 10
1620.284
 20
659.481
 10
1623.056
 20
664.667
 10
1626.787
 20
669.213
 10
1631.333
 20
672.944
 10
1636.519
 20
675.716
 10
1642.147
 20
677.424
 10
1648.0
 20
678.0
 10
1642.147
 20
678.576
 10
1636.519
 20
680.284
 10
1631.333
 20
683.056
 10
1626.787
 20
686.787
 10
1623.056
 20
691.333
 10
1620.284
 20
696.519
 10
1618.576
 20
702.147
 10
1618.0
 20
708.0
 10
1618.576
 20
713.853
 10
1620.284
 20
719.481
 10
1623.056
 20
724.667
 10
1626.787
 20
729.213
 10
1631.333
 20
732.944
 10
1636.519
 20
735.716
 10
1642.147
 20
737.424
 10
1648.0
 20
738.0
 10
1642.147
 20
738.576
 10
1636.519
 20
740.284
 10
1631.333
 20
743.056
 10
1626.787
 20
746.787
 10
1623.056
 20
751.333
 10
1620.284
 20
756.519
 10
1618.576
 20
762.147
 10
1618.0
 20
768.0
 10
1618.576
 20
773.853
 10
1620.284
 20
779.481
 10
1623.056
 20
784.667
 10
1626.787
 20
789.213
 10
1631.333
 20
792.944
 10
1636.519
 20
795.716
 10
1642.147
 20
797.424
 10
1648.0
 20
798.0
 10
1642.147
 20
798.576
 10
1636.519
 20
800.284
 10
1631.333
 20
803.056
 10
1626.787
 20
806.787
 10
1623.056
 20
811.333
 10
1620.284
 20
816.519
 10
1618.576
 20
822.147
 10
1618.0
 20
828.0
 10
1618.576
 20
833.853
 10
1620.284
 20
839.481
 10
1623.056
 20
844.667
 10
1626.787
 20
849.213
 10
1631.333
 20
852.944
 10
1636.519
 20
855.716
 10
1642.147
 20
857.424
 10
1648.0
 20
858.0
 10
1642.147
 20
858.576
 10
1636.519
 20
860.284
 10
1631.333
 20
863.056
 10
1626.787
 20
866.787
 10
1623.056
 20
871.333
 10
1620.284
 20
876.519
 10
1618.576
 20
882.147
 10
1618.0
 20
888.0
 10
1618.576
 20
893.853
 10
1620.284
 20
899.481
 10
1623.056
 20
904.667
 10
1626.787
 20
909.213
 10
1631.333
 20
912.944
 10
1636.519
 20
915.716
 10
1642.147
 20
917.424
 10
1648.0
 20
918.0
 10
1642.147
 20
918.576
 10
1636.519
 20
920.284
 10
1631.333
 20
923.056
 10
1626.787
 20
926.787
 10
1623.056
 20
931.333
 10
1620.284
 20
936.519
 10
1618.576
 20
942.147
 10
1618.0
 20
948.0
 10
1618.576
 20
953.853
 10
1620.284
 20
959.481
 10
1623.056
 20
964.667
 10
1626.787
 20
969.213
 10
1631.333
 20
972.944
 10
1636.519
 20
975.716
 10
1642.147
 20
977.424
 10
1648.0
 20
978.0
 10
1653.853
 20
977.424
 10
1659.481
 20
975.716
 10
1664.667
 20
972.944
 10
1669.213
 20
969.213
 10
1672.944
 20
964.667
 10
1675.716
 20
959.481
 10
1677.424
 20
953.853
 10
1678.0
 20
948.0
 10
1678.576
 20
953.853
 10
1680.284
 20
959.481
 10
1683.056
 20
964.667
 10
1686.787
 20
969.213
 10
1691.333
 20
972.944
 10
1696.519
 20
975.716
 10
1702.147
 20
977.424
 10
1708.0
 20
978.0
 10
1713.853
 20
977.424
 10
1719.481
 20
975.716
 10
1724.667
 20
972.944
 10
1729.213
 20
969.213
 10
1732.944
 20
964.667
 10
1735.716
 20
959.481
 10
1737.424
 20
953.853
 10
1738.0
 20
948.0
 10
1738.576
 20
953.853
 10
1740.284
 20
959.481
 10
1743.056
 20
964.667
 10
1746.787
 20
969.213
 10
1751.333
 20
972.944
 10
1756.519
 20
975.716
 10
1762.147
 20
977.424
 10
1768.0
 20
978.0
 10
1773.853
 20
977.424
 10
1779.481
 20
975.716
 10
1784.667
 20
972.944
 10
1789.213
 20
969.213
 10
1792.944
 20
964.667
 10
1795.716
 20
959.481
 10
1797.424
 20
953.853
 10
1798.0
 20
948.0
 10
1798.576
 20
953.853
 10
1800.284
 20
959.481
 10
1803.056
 20
964.667
 10
1806.787
 20
969.213
 10
1811.333
 20
972.944
 10
1816.519
 20
975.716
 10
1822.147
 20
977.424
 10
1828.0
 20
978.0
 10
1833.853
 20
977.424
 10
1839.481
 20
975.716
 10
1844.667
 20
972.944
 10
1849.213
 20
969.213
 10
1852.944
 20
964.667
 10
1855.716
 20
959.481
 10
1857.424
 20
953.853
 10
1858.0
 20
948.0
 10
1858.576
 20
953.853
 10
1860.284
 20
959.481
 10
1863.056
 20
964.667
 10
1866.787
 20
969.213
 10
1871.333
 20
972.944
 10
1876.519
 20
975.716
 10
1882.147
 20
977.424
 10
1888.0
 20
978.0
 10
1893.853
 20
977.424
 10
1899.481
 20
975.716
 10
1904.667
 20
972.944
 10
1909.213
 20
969.213
 10
1912.944
 20
964.667
 10
1915.716
 20
959.481
 10
1917.424
 20
953.853
 10
1918.0
 20
948.0
 10
1918.576
 20
953.853
 10
1920.284
 20
959.481
 10
1923.056
 20
964.667
 10
1926.787
 20
969.213
 10
1931.333
 20
972.944
 10
1936.519
 20
975.716
 10
1942.147
 20
977.424
 10
1948.0
 20
978.0
 10
1953.853
 20
977.424
 10
1959.481
 20
975.716
 10
1964.667
 20
972.944
 10
1969.213
 20
969.213
 10
1972.944
 20
964.667
 10
1975.716
 20
959.481
 10
1977.424
 20
953.853
 10
1978.0
 20
948.0
 10
1978.576
 20
953.853
 10
1980.284
 20
959.481
 10
1983.056
 20
964.667
 10
1986.787
 20
969.213
 10
1991.333
 20
972.944
 10
1996.519
 20
975.716
 10
2002.147
 20
977.424
 10
2008.0
 20
978.0
 10
2013.853
 20
977.424
 10
2019.481
 20
975.716
 10
2024.667
 20
972.944
 10
2029.213
 20
969.213
 10
2032.944
 20
964.667
 10
2035.716
 20
959.481
 10
2037.424
 20
953.853
 10
2038.0
 20
948.0
 10
2038.576
 20
953.853
 10
2040.284
 20
959.481
 10
2043.056
 20
964.667
 10
2046.787
 20
969.213
 10
2051.333
 20
972.944
 10
2056.519
 20
975.716
 10
2062.147
 20
977.424
 10
2068.0
 20
978.0
 10
2073.853
 20
977.424
 10
2079.481
 20
975.716
 10
2084.667
 20
972.944
 10
2089.213
 20
969.213
 10
2092.944
 20
964.667
 10
2095.716
 20
959.481
 10
2097.424
 20
953.853
 10
2098.0
 20
948.0
 10
2097.424
 20
942.147
 10
2095.716
 20
936.519
 10
2092.944
 20
931.333
 10
2089.213
 20
926.787
 10
2084.667
 20
923.056
 10
2079.481
 20
920.284
 10
2073.853
 20
918.576
 10
2068.0
 20
918.0
 10
2073.853
 20
917.424
 10
2079.481
 20
915.716
 10
2084.667
 20
912.944
 10
2089.213
 20
909.213
 10
2092.944
 20
904.667
 10
2095.716
 20
899.481
 10
2097.424
 20
893.853
 10
2098.0
 20
888.0
 10
2097.424
 20
882.147
 10
2095.716
 20
876.519
 10
2092.944
 20
871.333
 10
2089.213
 20
866.787
 10
2084.667
 20
863.056
 10
2079.481
 20
860.284
 10
2073.853
 20
858.576
 10
2068.0
 20
858.0
 10
2073.853
 20
857.424
 10
2079.481
 20
855.716
 10
2084.667
 20
852.944
 10
2089.213
 20
849.213
 10
2092.944
 20
844.667
 10
2095.716
 20
839.481
 10
2097.424
 20
833.853
 10
2098.0
 20
828.0
 10
2097.424
 20
822.147
 10
2095.716
 20
816.519
 10
2092.944
 20
811.333
 10
2089.213
 20
806.787
 10
2084.667
 20
803.056
 10
2079.481
 20
800.284
 10
2073.853
 20
798.576
 10
2068.0
 20
798.0
 10
2073.853
 20
797.424
 10
2079.481
 20
795.716
 10
2084.667
 20
792.944
 10
2089.213
 20
789.213
 10
2092.944
 20
784.667
 10
2095.716
 20
779.481
 10
2097.424
 20
773.853
 10
2098.0
 20
768.0
 10
2097.424
 20
762.147
 10
2095.716
 20
756.519
 10
2092.944
 20
751.333
 10
2089.213
 20
746.787
 10
2084.667
 20
743.056
 10
2079.481
 20
740.284
 10
2073.853
 20
738.576
 10
2068.0
 20
738.0
 10
2073.853
 20
737.424
 10
2079.481
 20
735.716
 10
2084.667
 20
732.944
 10
2089.213
 20
729.213
 10
2092.944
 20
724.667
 10
2095.716
 20
719.481
 10
2097.424
 20
713.853
 10
2098.0
 20
708.0
 10
2097.424
 20
702.147
 10
2095.716
 20
696.519
 10
2092.944
 20
691.333
 10
2089.213
 20
686.787
 10
2084.667
 20
683.056
 10
2079.481
 20
680.284
 10
2073.853
 20
678.576
 10
2068.0
 20
678.0
 10
2073.853
 20
677.424
 10
2079.481
 20
675.716
 10
2084.667
 20
672.944
 10
2089.213
 20
669.213
  0
CIRCLE
  5
131
330
17
100
AcDbEntity
  8
DRILL_10
100
AcDbCircle
 10
1930.0
 20
556.0
 30
0.0
 40
5.0
  0
CIRCLE
  5
132
330
17
100
AcDbEntity
  8
DRILL_10
100
AcDbCircle
 10
1930.0
 20
800.0
 30
0.0
 40
5.0
  0
CIRCLE
  5
133
330
17
100
AcDbEntity
  8
DRILL_10
100
AcDbCircle
 10
1786.0
 20
556.0
 30
0.0
 40
5.0
  0
CIRCLE
  5
134
330
17
100
AcDbEntity
  8
DRILL_10
100
AcDbCircle
 10
1786.0
 20
800.0
 30
0.0
 40
5.0
  0
CIRCLE
  5
135
330
17
100
AcDbEntity
  8
DRILL_10
100
AcDbCircle
 10
2043.0
 20
433.0
 30
0.0
 40
5.0
  0
CIRCLE
  5
136
330
17
100
AcDbEntity
  8
DRILL_10
100
AcDbCircle
 10
2043.0
 20
923.0
 30
0.0
 40
5.0
  0
CIRCLE
  5
137
330
17
100
AcDbEntity
  8
DRILL_10
100
AcDbCircle
 10
1673.0
 20
433.0
 30
0.0
 40
5.0
  0
CIRCLE
  5
138
330
17
100
AcDbEntity
  8
DRILL_10
100
AcDbCircle
 10
1673.0
 20
923.0
 30
0.0
 40
5.0
  0
LWPOLYLINE
  5
139
330
17
100
AcDbEntity
  8
ENGRAVE_V
100
AcDbPolyline
 90
1153
 70
1
 10
2079.576
 20
655.735
 10
2080.863
 20
653.328
 10
2081.655
 20
650.716
 10
2081.923
 20
648.0
 10
2081.655
 20
645.284
 10
2080.863
 20
642.672
 10
2079.576
 20
640.265
 10
2077.845
 20
638.155
 10
2075.735
 20
636.424
 10
2073.328
 20
635.137
 10
2070.716
 20
634.345
 10
2066.432
 20
633.923
 10
2063.992
 20
633.49
 10
2061.649
 20
632.685
 10
2059.458
 20
631.529
 10
2057.471
 20
630.048
 10
2055.737
 20
628.278
 10
2054.298
 20
626.261
 10
2053.186
 20
624.046
 10
2052.431
 20
621.687
 10
2052.048
 20
619.239
 10
2052.048
 20
616.761
 10
2052.431
 20
614.313
 10
2053.186
 20
611.954
 10
2054.298
 20
609.739
 10
2055.737
 20
607.722
 10
2057.471
 20
605.952
 10
2059.458
 20
604.471
 10
2061.649
 20
603.315
 10
2063.992
 20
602.51
 10
2066.432
 20
602.077
 10
2070.716
 20
601.655
 10
2073.328
 20
600.863
 10
2075.735
 20
599.576
 10
2077.845
 20
597.845
 10
2079.576
 20
595.735
 10
2080.863
 20
593.328
 10
2081.655
 20
590.716
 10
2081.923
 20
588.0
 10
2081.655
 20
585.284
 10
2080.863
 20
582.672
 10
2079.576
 20
580.265
 10
2077.845
 20
578.155
 10
2075.735
 20
576.424
 10
2073.328
 20
575.137
 10
2070.716
 20
574.345
 10
2066.432
 20
573.923
 10
2063.992
 20
573.49
 10
2061.649
 20
572.685
 10
2059.458
 20
571.529
 10
2057.471
 20
570.048
 10
2055.737
 20
568.278
 10
2054.298
 20
566.261
 10
2053.186
 20
564.046
 10
2052.431
 20
561.687
 10
2052.048
 20
559.239
 10
2052.048
 20
556.761
 10
2052.431
 20
554.313
 10
2053.186
 20
551.954
 10
2054.298
 20
549.739
 10
2055.737
 20
547.722
 10
2057.471
 20
545.952
 10
2059.458
 20
544.471
 10
2061.649
 20
543.315
 10
2063.992
 20
542.51
 10
2066.432
 20
542.077
 10
2070.716
 20
541.655
 10
2073.328
 20
540.863
 10
2075.735
 20
539.576
 10
2077.845
 20
537.845
 10
2079.576
 20
535.735
 10
2080.863
 20
533.328
 10
2081.655
 20
530.716
 10
2081.923
 20
528.0
 10
2081.655
 20
525.284
 10
2080.863
 20
522.672
 10
2079.576
 20
520.265
 10
2077.845
 20
518.155
 10
2075.735
 20
516.424
 10
2073.328
 20
515.137
 10
2070.716
 20
514.345
 10
2066.432
 20
513.923
 10
2063.992
 20
513.49
 10
2061.649
 20
512.685
 10
2059.458
 20
511.529
 10
2057.471
 20
510.048
 10
2055.737
 20
508.278
 10
2054.298
 20
506.261
 10
2053.186
 20
504.046
 10
2052.431
 20
501.687
 10
2052.048
 20
499.239
 10
2052.048
 20
496.761
 10
2052.431
 20
494.313
 10
2053.186
 20
491.954
 10
2054.298
 20
489.739
 10
2055.737
 20
487.722
 10
2057.471
 20
485.952
 10
2059.458
 20
484.471
 10
2061.649
 20
483.315
 10
2063.992
 20
482.51
 10
2066.432
 20
482.077
 10
2070.716
 20
481.655
 10
2073.328
 20
480.863
 10
2075.735
 20
479.576
 10
2077.845
 20
477.845
 10
2079.576
 20
475.735
 10
2080.863
 20
473.328
 10
2081.655
 20
470.716
 10
2081.923
 20
468.0
 10
2081.655
 20
465.284
 10
2080.863
 20
462.672
 10
2079.576
 20
460.265
 10
2077.845
 20
458.155
 10
2075.735
 20
456.424
 10
2073.328
 20
455.137
 10
2070.716
 20
454.345
 10
2066.432
 20
453.923
 10
2063.992
 20
453.49
 10
2061.649
 20
452.685
 10
2059.458
 20
451.529
 10
2057.471
 20
450.048
 10
2055.737
 20
448.278
 10
2054.298
 20
446.261
 10
2053.186
 20
444.046
 10
2052.431
 20
441.687
 10
2052.048
 20
439.239
 10
2052.048
 20
436.761
 10
2052.431
 20
434.313
 10
2053.186
 20
431.954
 10
2054.298
 20
429.739
 10
2055.737
 20
427.722
 10
2057.471
 20
425.952
 10
2059.458
 20
424.471
 10
2061.649
 20
423.315
 10
2063.992
 20
422.51
 10
2066.432
 20
422.077
 10
2070.716
 20
421.655
 10
2073.328
 20
420.863
 10
2075.735
 20
419.576
 10
2077.845
 20
417.845
 10
2079.576
 20
415.735
 10
2080.863
 20
413.328
 10
2081.655
 20
410.716
 10
2081.923
 20
408.0
 10
2081.655
 20
405.284
 10
2080.863
 20
402.672
 10
2079.576
 20
400.265
 10
2077.845
 20
398.155
 10
2075.735
 20
396.424
 10
2073.328
 20
395.137
 10
2070.716
 20
394.345
 10
2068.0
 20
394.077
 10
2065.284
 20
394.345
 10
2062.672
 20
395.137
 10
2060.265
 20
396.424
 10
2058.155
 20
398.155
 10
2056.424
 20
400.265
 10
2055.137
 20
402.672
 10
2054.345
 20
405.284
 10
2053.923
 20
409.568
 10
2053.49
 20
412.008
 10
2052.685
 20
414.351
 10
2051.529
 20
416.542
 10
2050.048
 20
418.529
 10
2048.278
 20
420.263
 10
2046.261
 20
421.702
 10
2044.046
 20
422.814
 10
2041.687
 20
423.569
 10
2039.239
 20
423.952
 10
2036.761
 20
423.952
 10
2034.313
 20
423.569
 10
2031.954
 20
422.814
 10
2029.739
 20
421.702
 10
2027.722
 20
420.263
 10
2025.952
 20
418.529
 10
2024.471
 20
416.542
 10
2023.315
 20
414.351
 10
2022.51
 20
412.008
 10
2022.077
 20
409.568
 10
2021.655
 20
405.284
 10
2020.863
 20
402.672
 10
2019.576
 20
400.265
 10
2017.845
 20
398.155
 10
2015.735
 20
396.424
 10
2013.328
 20
395.137
 10
2010.716
 20
394.345
 10
2008.0
 20
394.077
 10
2005.284
 20
394.345
 10
2002.672
 20
395.137
 10
2000.265
 20
396.424
 10
1998.155
 20
398.155
 10
1996.424
 20
400.265
 10
1995.137
 20
402.672
 10
1994.345
 20
405.284
 10
1993.923
 20
409.568
 10
1993.49
 20
412.008
 10
1992.685
 20
414.351
 10
1991.529
 20
416.542
 10
1990.048
 20
418.529
 10
1988.278
 20
420.263
 10
1986.261
 20
421.702
 10
1984.046
 20
422.814
 10
1981.687
 20
423.569
 10
1979.239
 20
423.952
 10
1976.761
 20
423.952
 10
1974.313
 20
423.569
 10
1971.954
 20
422.814
 10
1969.739
 20
421.702
 10
1967.722
 20
420.263
 10
1965.952
 20
418.529
 10
1964.471
 20
416.542
 10
1963.315
 20
414.351
 10
1962.51
 20
412.008
 10
1962.077
 20
409.568
 10
1961.655
 20
405.284
 10
1960.863
 20
402.672
 10
1959.576
 20
400.265
 10
1957.845
 20
398.155
 10
1955.735
 20
396.424
 10
1953.328
 20
395.137
 10
1950.716
 20
394.345
 10
1948.0
 20
394.077
 10
1945.284
 20
394.345
 10
1942.672
 20
395.137
 10
1940.265
 20
396.424
 10
1938.155
 20
398.155
 10
1936.424
 20
400.265
 10
1935.137
 20
402.672
 10
1934.345
 20
405.284
 10
1933.923
 20
409.568
 10
1933.49
 20
412.008
 10
1932.685
 20
414.351
 10
1931.529
 20
416.542
 10
1930.048
 20
418.529
 10
1928.278
 20
420.263
 10
1926.261
 20
421.702
 10
1924.046
 20
422.814
 10
1921.687
 20
423.569
 10
1919.239
 20
423.952
 10
1916.761
 20
423.952
 10
1914.313
 20
423.569
 10
1911.954
 20
422.814
 10
1909.739
 20
421.702
 10
1907.722
 20
420.263
 10
1905.952
 20
418.529
 10
1904.471
 20
416.542
 10
1903.315
 20
414.351
 10
1902.51
 20
412.008
 10
1902.077
 20
409.568
 10
1901.655
 20
405.284
 10
1900.863
 20
402.672
 10
1899.576
 20
400.265
 10
1897.845
 20
398.155
 10
1895.735
 20
396.424
 10
1893.328
 20
395.137
 10
1890.716
 20
394.345
 10
1888.0
 20
394.077
 10
1885.284
 20
394.345
 10
1882.672
 20
395.137
 10
1880.265
 20
396.424
 10
1878.155
 20
398.155
 10
1876.424
 20
400.265
 10
1875.137
 20
402.672
 10
1874.345
 20
405.284
 10
1873.923
 20
409.568
 10
1873.49
 20
412.008
 10
1872.685
 20
414.351
 10
1871.529
 20
416.542
 10
1870.048
 20
418.529
 10
1868.278
 20
420.263
 10
1866.261
 20
421.702
 10
1864.046
 20
422.814
 10
1861.687
 20
423.569
 10
1859.239
 20
423.952
 10
1856.761
 20
423.952
 10
1854.313
 20
423.569
 10
1851.954
 20
422.814
 10
1849.739
 20
421.702
 10
1847.722
 20
420.263
 10
1845.952
 20
418.529
 10
1844.471
 20
416.542
 10
1843.315
 20
414.351
 10
1842.51
 20
412.008
 10
1842.077
 20
409.568
 10
1841.655
 20
405.284
 10
1840.863
 20
402.672
 10
1839.576
 20
400.265
 10
1837.845
 20
398.155
 10
1835.735
 20
396.424
 10
1833.328
 20
395.137
 10
1830.716
 20
394.345
 10
1828.0
 20
394.077
 10
1825.284
 20
394.345
 10
1822.672
 20
395.137
 10
1820.265
 20
396.424
 10
1818.155
 20
398.155
 10
1816.424
 20
400.265
 10
1815.137
 20
402.672
 10
1814.345
 20
405.284
 10
1813.923
 20
409.568
 10
1813.49
 20
412.008
 10
1812.685
 20
414.351
 10
1811.529
 20
416.542
 10
1810.048
 20
418.529
 10
1808.278
 20
420.263
 10
1806.261
 20
421.702
 10
1804.046
 20
422.814
 10
1801.687
 20
423.569
 10
1799.239
 20
423.952
 10
1796.761
 20
423.952
 10
1794.313
 20
423.569
 10
1791.954
 20
422.814
 10
1789.739
 20
421.702
 10
1787.722
 20
420.263
 10
1785.952
 20
418.529
 10
1784.471
 20
416.542
 10
1783.315
 20
414.351
 10
1782.51
 20
412.008
 10
1782.077
 20
409.568
 10
1781.655
 20
405.284
 10
1780.863
 20
402.672
 10
1779.576
 20
400.265
 10
1777.845
 20
398.155
 10
1775.735
 20
396.424
 10
1773.328
 20
395.137
 10
1770.716
 20
394.345
 10
1768.0
 20
394.077
 10
1765.284
 20
394.345
 10
1762.672
 20
395.137
 10
1760.265
 20
396.424
 10
1758.155
 20
398.155
 10
1756.424
 20
400.265
 10
1755.137
 20
402.672
 10
1754.345
 20
405.284
 10
1753.923
 20
409.568
 10
1753.49
 20
412.008
 10
1752.685
 20
414.351
 10
1751.529
 20
416.542
 10
1750.048
 20
418.529
 10
1748.278
 20
420.263
 10
1746.261
 20
421.702
 10
1744.046
 20
422.814
 10
1741.687
 20
423.569
 10
1739.239
 20
423.952
 10
1736.761
 20
423.952
 10
1734.313
 20
423.569
 10
1731.954
 20
422.814
 10
1729.739
 20
421.702
 10
1727.722
 20
420.263
 10
1725.952
 20
418.529
 10
1724.471
 20
416.542
 10
1723.315
 20
414.351
 10
1722.51
 20
412.008
 10
1722.077
 20
409.568
 10
1721.655
 20
405.284
 10
1720.863
 20
402.672
 10
1719.576
 20
400.265
 10
1717.845
 20
398.155
 10
1715.735
 20
396.424
 10
1713.328
 20
395.137
 10
1710.716
 20
394.345
 10
1708.0
 20
394.077
 10
1705.284
 20
394.345
 10
1702.672
 20
395.137
 10
1700.265
 20
396.424
 10
1698.155
 20
398.155
 10
1696.424
 20
400.265
 10
1695.137
 20
402.672
 10
1694.345
 20
405.284
 10
1693.923
 20
409.568
 10
1693.49
 20
412.008
 10
1692.685
 20
414.351
 10
1691.529
 20
416.542
 10
1690.048
 20
418.529
 10
1688.278
 20
420.263
 10
1686.261
 20
421.702
 10
1684.046
 20
422.814
 10
1681.687
 20
423.569
 10
1679.239
 20
423.952
 10
1676.761
 20
423.952
 10
1674.313
 20
423.569
 10
1671.954
 20
422.814
 10
1669.739
 20
421.702
 10
1667.722
 20
420.263
 10
1665.952
 20
418.529
 10
1664.471
 20
416.542
 10
1663.315
 20
414.351
 10
1662.51
 20
412.008
 10
1662.077
 20
409.568
 10
1661.655
 20
405.284
 10
1660.863
 20
402.672
 10
1659.576
 20
400.265
 10
1657.845
 20
398.155
 10
1655.735
 20
396.424
 10
1653.328
 20
395.137
 10
1650.716
 20
394.345
 10
1648.0
 20
394.077
 10
1645.284
 20
394.345
 10
1642.672
 20
395.137
 10
1640.265
 20
396.424
 10
1638.155
 20
398.155
 10
1636.424
 20
400.265
 10
1635.137
 20
402.672
 10
1634.345
 20
405.284
 10
1634.077
 20
408.0
 10
1634.345
 20
410.716
 10
1635.137
 20
413.328
 10
1636.424
 20
415.735
 10
1638.155
 20
417.845
 10
1640.265
 20
419.576
 10
1642.672
 20
420.863
 10
1645.284
 20
421.655
 10
1649.568
 20
422.077
 10
1652.008
 20
422.51
 10
1654.351
 20
423.315
 10
1656.542
 20
424.471
 10
1658.529
 20
425.952
 10
1660.263
 20
427.722
 10
1661.702
 20
429.739
 10
1662.814
 20
431.954
 10
1663.569
 20
434.313
 10
1663.952
 20
436.761
 10
1663.952
 20
439.239
 10
1663.569
 20
441.687
 10
1662.814
 20
444.046
 10
1661.702
 20
446.261
 10
1660.263
 20
448.278
 10
1658.529
 20
450.048
 10
1656.542
 20
451.529
 10
1654.351
 20
452.685
 10
1652.008
 20
453.49
 10
1649.568
 20
453.923
 10
1645.284
 20
454.345
 10
1642.672
 20
455.137
 10
1640.265
 20
456.424
 10
1638.155
 20
458.155
 10
1636.424
 20
460.265
 10
1635.137
 20
462.672
 10
1634.345
 20
465.284
 10
1634.077
 20
468.0
 10
1634.345
 20
470.716
 10
1635.137
 20
473.328
 10
1636.424
 20
475.735
 10
1638.155
 20
477.845
 10
1640.265
 20
479.576
 10
1642.672
 20
480.863
 10
1645.284
 20
481.655
 10
1649.568
 20
482.077
 10
1652.008
 20
482.51
 10
1654.351
 20
483.315
 10
1656.542
 20
484.471
 10
1658.529
 20
485.952
 10
1660.263
 20
487.722
 10
1661.702
 20
489.739
 10
1662.814
 20
491.954
 10
1663.569
 20
494.313
 10
1663.952
 20
496.761
 10
1663.952
 20
499.239
 10
1663.569
 20
501.687
 10
1662.814
 20
504.046
 10
1661.702
 20
506.261
 10
1660.263
 20
508.278
 10
1658.529
 20
510.048
 10
1656.542
 20
511.529
 10
1654.351
 20
512.685
 10
1652.008
 20
513.49
 10
1649.568
 20
513.923
 10
1645.284
 20
514.345
 10
1642.672
 20
515.137
 10
1640.265
 20
516.424
 10
1638.155
 20
518.155
 10
1636.424
 20
520.265
 10
1635.137
 20
522.672
 10
1634.345
 20
525.284
 10
1634.077
 20
528.0
 10
1634.345
 20
530.716
 10
1635.137
 20
533.328
 10
1636.424
 20
535.735
 10
1638.155
 20
537.845
 10
1640.265
 20
539.576
 10
1642.672
 20
540.863
 10
1645.284
 20
541.655
 10
1649.568
 20
542.077
 10
1652.008
 20
542.51
 10
1654.351
 20
543.315
 10
1656.542
 20
544.471
 10
1658.529
 20
545.952
 10
1660.263
 20
547.722
 10
1661.702
 20
549.739
 10
1662.814
 20
551.954
 10
1663.569
 20
554.313
 10
1663.952
 20
556.761
 10
1663.952
 20
559.239
 10
1663.569
 20
561.687
 10
1662.814
 20
564.046
 10
1661.702
 20
566.261
 10
1660.263
 20
568.278
 10
1658.529
 20
570.048
 10
1656.542
 20
571.529
 10
1654.351
 20
572.685
 10
1652.008
 20
573.49
 10
1649.568
 20
573.923
 10
1645.284
 20
574.345
 10
1642.672
 20
575.137
 10
1640.265
 20
576.424
 10
1638.155
 20
578.155
 10
1636.424
 20
580.265
 10
1635.137
 20
582.672
 10
1634.345
 20
585.284
 10
1634.077
 20
588.0
 10
1634.345
 20
590.716
 10
1635.137
 20
593.328
 10
1636.424
 20
595.735
 10
1638.155
 20
597.845
 10
1640.265
 20
599.576
 10
1642.672
 20
600.863
 10
1645.284
 20
601.655
 10
1649.568
 20
602.077
 10
1652.008
 20
602.51
 10
1654.351
 20
603.315
 10
1656.542
 20
604.471
 10
1658.529
 20
605.952
 10
1660.263
 20
607.722
 10
1661.702
 20
609.739
 10
1662.814
 20
611.954
 10
1663.569
 20
614.313
 10
1663.952
 20
616.761
 10
1663.952
 20
619.239
 10
1663.569
 20
621.687
 10
1662.814
 20
624.046
 10
1661.702
 20
626.261
 10
1660.263
 20
628.278
 10
1658.529
 20
630.048
 10
1656.542
 20
631.529
 10
1654.351
 20
632.685
 10
1652.008
 20
633.49
 10
1649.568
 20
633.923
 10
1645.284
 20
634.345
 10
1642.672
 20
635.137
 10
1640.265
 20
636.424
 10
1638.155
 20
638.155
 10
1636.424
 20
640.265
 10
1635.137
 20
642.672
 10
1634.345
 20
645.284
 10
1634.077
 20
648.0
 10
1634.345
 20
650.716
 10
1635.137
 20
653.328
 10
1636.424
 20
655.735
 10
1638.155
 20
657.845
 10
1640.265
 20
659.576
 10
1642.672
 20
660.863
 10
1645.284
 20
661.655
 10
1649.568
 20
662.077
 10
1652.008
 20
662.51
 10
1654.351
 20
663.315
 10
1656.542
 20
664.471
 10
1658.529
 20
665.952
 10
1660.263
 20
667.722
 10
1661.702
 20
669.739
 10
1662.814
 20
671.954
 10
1663.569
 20
674.313
 10
1663.952
 20
676.761
 10
1663.952
 20
679.239
 10
1663.569
 20
681.687
 10
1662.814
 20
684.046
 10
1661.702
 20
686.261
 10
1660.263
 20
688.278
 10
1658.529
 20
690.048
 10
1656.542
 20
691.529
 10
1654.351
 20
692.685
 10
1652.008
 20
693.49
 10
1649.568
 20
693.923
 10
1645.284
 20
694.345
 10
1642.672
 20
695.137
 10
1640.265
 20
696.424
 10
1638.155
 20
698.155
 10
1636.424
 20
700.265
 10
1635.137
 20
702.672
 10
1634.345
 20
705.284
 10
1634.077
 20
708.0
 10
1634.345
 20
710.716
 10
1635.137
 20
713.328
 10
1636.424
 20
715.735
 10
1638.155
 20
717.845
 10
1640.265
 20
719.576
 10
1642.672
 20
720.863
 10
1645.284
 20
721.655
 10
1649.568
 20
722.077
 10
1652.008
 20
722.51
 10
1654.351
 20
723.315
 10
1656.542
 20
724.471
 10
1658.529
 20
725.952
 10
1660.263
 20
727.722
 10
1661.702
 20
729.739
 10
1662.814
 20
731.954
 10
1663.569
 20
734.313
 10
1663.952
 20
736.761
 10
1663.952
 20
739.239
 10
1663.569
 20
741.687
 10
1662.814
 20
744.046
 10
1661.702
 20
746.261
 10
1660.263
 20
748.278
 10
1658.529
 20
750.048
 10
1656.542
 20
751.529
 10
1654.351
 20
752.685
 10
1652.008
 20
753.49
 10
1649.568
 20
753.923
 10
1645.284
 20
754.345
 10
1642.672
 20
755.137
 10
1640.265
 20
756.424
 10
1638.155
 20
758.155
 10
1636.424
 20
760.265
 10
1635.137
 20
762.672
 10
1634.345
 20
765.284
 10
1634.077
 20
768.0
 10
1634.345
 20
770.716
 10
1635.137
 20
773.328
 10
1636.424
 20
775.735
 10
1638.155
 20
777.845
 10
1640.265
 20
779.576
 10
1642.672
 20
780.863
 10
1645.284
 20
781.655
 10
1649.568
 20
782.077
 10
1652.008
 20
782.51
 10
1654.351
 20
783.315
 10
1656.542
 20
784.471
 10
1658.529
 20
785.952
 10
1660.263
 20
787.722
 10
1661.702
 20
789.739
 10
1662.814
 20
791.954
 10
1663.569
 20
794.313
 10
1663.952
 20
796.761
 10
1663.952
 20
799.239
 10
1663.569
 20
801.687
 10
1662.814
 20
804.046
 10
1661.702
 20
806.261
 10
1660.263
 20
808.278
 10
1658.529
 20
810.048
 10
1656.542
 20
811.529
 10
1654.351
 20
812.685
 10
1652.008
 20
813.49
 10
1649.568
 20
813.923
 10
1645.284
 20
814.345
 10
1642.672
 20
815.137
 10
1640.265
 20
816.424
 10
1638.155
 20
818.155
 10
1636.424
 20
820.265
 10
1635.137
 20
822.672
 10
1634.345
 20
825.284
 10
1634.077
 20
828.0
 10
1634.345
 20
830.716
 10
1635.137
 20
833.328
 10
1636.424
 20
835.735
 10
1638.155
 20
837.845
 10
1640.265
 20
839.576
 10
1642.672
 20
840.863
 10
1645.284
 20
841.655
 10
1649.568
 20
842.077
 10
1652.008
 20
842.51
 10
1654.351
 20
843.315
 10
1656.542
 20
844.471
 10
1658.529
 20
845.952
 10
1660.263
 20
847.722
 10
1661.702
 20
849.739
 10
1662.814
 20
851.954
 10
1663.569
 20
854.313
 10
1663.952
 20
856.761
 10
1663.952
 20
859.239
 10
1663.569
 20
861.687
 10
1662.814
 20
864.046
 10
1661.702
 20
866.261
 10
1660.263
 20
868.278
 10
1658.529
 20
870.048
 10
1656.542
 20
871.529
 10
1654.351
 20
872.685
 10
1652.008
 20
873.49
 10
1649.568
 20
873.923
 10
1645.284
 20
874.345
 10
1642.672
 20
875.137
 10
1640.265
 20
876.424
 10
1638.155
 20
878.155
 10
1636.424
 20
880.265
 10
1635.137
 20
882.672
 10
1634.345
 20
885.284
 10
1634.077
 20
888.0
 10
1634.345
 20
890.716
 10
1635.137
 20
893.328
 10
1636.424
 20
895.735
 10
1638.155
 20
897.845
 10
1640.265
 20
899.576
 10
1642.672
 20
900.863
 10
1645.284
 20
901.655
 10
1649.568
 20
902.077
 10
1652.008
 20
902.51
 10
1654.351
 20
903.315
 10
1656.542
 20
904.471
 10
1658.529
 20
905.952
 10
1660.263
 20
907.722
 10
1661.702
 20
909.739
 10
1662.814
 20
911.954
 10
1663.569
 20
914.313
 10
1663.952
 20
916.761
 10
1663.952
 20
919.239
 10
1663.569
 20
921.687
 10
1662.814
 20
924.046
 10
1661.702
 20
926.261
 10
1660.263
 20
928.278
 10
1658.529
 20
930.048
 10
1656.542
 20
931.529
 10
1654.351
 20
932.685
 10
1652.008
 20
933.49
 10
1649.568
 20
933.923
 10
1645.284
 20
934.345
 10
1642.672
 20
935.137
 10
1640.265
 20
936.424
 10
1638.155
 20
938.155
 10
1636.424
 20
940.265
 10
1635.137
 20
942.672
 10
1634.345
 20
945.284
 10
1634.077
 20
948.0
 10
1634.345
 20
950.716
 10
1635.137
 20
953.328
 10
1636.424
 20
955.735
 10
1638.155
 20
957.845
 10
1640.265
 20
959.576
 10
1642.672
 20
960.863
 10
1645.284
 20
961.655
 10
1648.0
 20
961.923
 10
1650.716
 20
961.655
 10
1653.328
 20
960.863
 10
1655.735
 20
959.576
 10
1657.845
 20
957.845
 10
1659.576
 20
955.735
 10
1660.863
 20
953.328
 10
1661.655
 20
950.716
 10
1662.077
 20
946.432
 10
1662.51
 20
943.992
 10
1663.315
 20
941.649
 10
1664.471
 20
939.458
 10
1665.952
 20
937.471
 10
1667.722
 20
935.737
 10
1669.739
 20
934.298
 10
1671.954
 20
933.186
 10
1674.313
 20
932.431
 10
1676.761
 20
932.048
 10
1679.239
 20
932.048
 10
1681.687
 20
932.431
 10
1684.046
 20
933.186
 10
1686.261
 20
934.298
 10
1688.278
 20
935.737
 10
1690.048
 20
937.471
 10
1691.529
 20
939.458
 10
1692.685
 20
941.649
 10
1693.49
 20
943.992
 10
1693.923
 20
946.432
 10
1694.345
 20
950.716
 10
1695.137
 20
953.328
 10
1696.424
 20
955.735
 10
1698.155
 20
957.845
 10
1700.265
 20
959.576
 10
1702.672
 20
960.863
 10
1705.284
 20
961.655
 10
1708.0
 20
961.923
 10
1710.716
 20
961.655
 10
1713.328
 20
960.863
 10
1715.735
 20
959.576
 10
1717.845
 20
957.845
 10
1719.576
 20
955.735
 10
1720.863
 20
953.328
 10
1721.655
 20
950.716
 10
1722.077
 20
946.432
 10
1722.51
 20
943.992
 10
1723.315
 20
941.649
 10
1724.471
 20
939.458
 10
1725.952
 20
937.471
 10
1727.722
 20
935.737
 10
1729.739
 20
934.298
 10
1731.954
 20
933.186
 10
1734.313
 20
932.431
 10
1736.761
 20
932.048
 10
1739.239
 20
932.048
 10
1741.687
 20
932.431
 10
1744.046
 20
933.186
 10
1746.261
 20
934.298
 10
1748.278
 20
935.737
 10
1750.048
 20
937.471
 10
1751.529
 20
939.458
 10
1752.685
 20
941.649
 10
1753.49
 20
943.992
 10
1753.923
 20
946.432
 10
1754.345
 20
950.716
 10
1755.137
 20
953.328
 10
1756.424
 20
955.735
 10
1758.155
 20
957.845
 10
1760.265
 20
959.576
 10
1762.672
 20
960.863
 10
1765.284
 20
961.655
 10
1768.0
 20
961.923
 10
1770.716
 20
961.655
 10
1773.328
 20
960.863
 10
1775.735
 20
959.576
 10
1777.845
 20
957.845
 10
1779.576
 20
955.735
 10
1780.863
 20
953.328
 10
1781.655
 20
950.716
 10
1782.077
 20
946.432
 10
1782.51
 20
943.992
 10
1783.315
 20
941.649
 10
1784.471
 20
939.458
 10
1785.952
 20
937.471
 10
1787.722
 20
935.737
 10
1789.739
 20
934.298
 10
1791.954
 20
933.186
 10
1794.313
 20
932.431
 10
1796.761
 20
932.048
 10
1799.239
 20
932.048
 10
1801.687
 20
932.431
 10
1804.046
 20
933.186
 10
1806.261
 20
934.298
 10
1808.278
 20
935.737
 10
1810.048
 20
937.471
 10
1811.529
 20
939.458
 10
1812.685
 20
941.649
 10
1813.49
 20
943.992
 10
1813.923
 20
946.432
 10
1814.345
 20
950.716
 10
1815.137
 20
953.328
 10
1816.424
 20
955.735
 10
1818.155
 20
957.845
 10
1820.265
 20
959.576
 10
1822.672
 20
960.863
 10
1825.284
 20
961.655
 10
1828.0
 20
961.923
 10
1830.716
 20
961.655
 10
1833.328
 20
960.863
 10
1835.735
 20
959.576
 10
1837.845
 20
957.845
 10
1839.576
 20
955.735
 10
1840.863
 20
953.328
 10
1841.655
 20
950.716
 10
1842.077
 20
946.432
 10
1842.51
 20
943.992
 10
1843.315
 20
941.649
 10
1844.471
 20
939.458
 10
1845.952
 20
937.471
 10
1847.722
 20
935.737
 10
1849.739
 20
934.298
 10
1851.954
 20
933.186
 10
1854.313
 20
932.431
 10
1856.761
 20
932.048
 10
1859.239
 20
932.048
 10
1861.687
 20
932.431
 10
1864.046
 20
933.186
 10
1866.261
 20
934.298
 10
1868.278
 20
935.737
 10
1870.048
 20
937.471
 10
1871.529
 20
939.458
 10
1872.685
 20
941.649
 10
1873.49
 20
943.992
 10
1873.923
 20
946.432
 10
1874.345
 20
950.716
 10
1875.137
 20
953.328
 10
1876.424
 20
955.735
 10
1878.155
 20
957.845
 10
1880.265
 20
959.576
 10
1882.672
 20
960.863
 10
1885.284
 20
961.655
 10
1888.0
 20
961.923
 10
1890.716
 20
961.655
 10
1893.328
 20
960.863
 10
1895.735
 20
959.576
 10
1897.845
 20
957.845
 10
1899.576
 20
955.735
 10
1900.863
 20
953.328
 10
1901.655
 20
950.716
 10
1902.077
 20
946.432
 10
1902.51
 20
943.992
 10
1903.315
 20
941.649
 10
1904.471
 20
939.458
 10
1905.952
 20
937.471
 10
1907.722
 20
935.737
 10
1909.739
 20
934.298
 10
1911.954
 20
933.186
 10
1914.313
 20
932.431
 10
1916.761
 20
932.048
 10
1919.239
 20
932.048
 10
1921.687
 20
932.431
 10
1924.046
 20
933.186
 10
1926.261
 20
934.298
 10
1928.278
 20
935.737
 10
1930.048
 20
937.471
 10
1931.529
 20
939.458
 10
1932.685
 20
941.649
 10
1933.49
 20
943.992
 10
1933.923
 20
946.432
 10
1934.345
 20
950.716
 10
1935.137
 20
953.328
 10
1936.424
 20
955.735
 10
1938.155
 20
957.845
 10
1940.265
 20
959.576
 10
1942.672
 20
960.863
 10
1945.284
 20
961.655
 10
1948.0
 20
961.923
 10
1950.716
 20
961.655
 10
1953.328
 20
960.863
 10
1955.735
 20
959.576
 10
1957.845
 20
957.845
 10
1959.576
 20
955.735
 10
1960.863
 20
953.328
 10
1961.655
 20
950.716
 10
1962.077
 20
946.432
 10
1962.51
 20
943.992
 10
1963.315
 20
941.649
 10
1964.471
 20
939.458
 10
1965.952
 20
937.471
 10
1967.722
 20
935.737
 10
1969.739
 20
934.298
 10
1971.954
 20
933.186
 10
1974.313
 20
932.431
 10
1976.761
 20
932.048
 10
1979.239
 20
932.048
 10
1981.687
 20
932.431
 10
1984.046
 20
933.186
 10
1986.261
 20
934.298
 10
1988.278
 20
935.737
 10
1990.048
 20
937.471
 10
1991.529
 20
939.458
 10
1992.685
 20
941.649
 10
1993.49
 20
943.992
 10
1993.923
 20
946.432
 10
1994.345
 20
950.716
 10
1995.137
 20
953.328
 10
1996.424
 20
955.735
 10
1998.155
 20
957.845
 10
2000.265
 20
959.576
 10
2002.672
 20
960.863
 10
2005.284
 20
961.655
 10
2008.0
 20
961.923
 10
2010.716
 20
961.655
 10
2013.328
 20
960.863
 10
2015.735
 20
959.576
 10
2017.845
 20
957.845
 10
2019.576
 20
955.735
 10
2020.863
 20
953.328
 10
2021.655
 20
950.716
 10
2022.077
 20
946.432
 10
2022.51
 20
943.992
 10
2023.315
 20
941.649
 10
2024.471
 20
939.458
 10
2025.952
 20
937.471
 10
2027.722
 20
935.737
 10
2029.739
 20
934.298
 10
2031.954
 20
933.186
 10
2034.313
 20
932.431
 10
2036.761
 20
932.048
 10
2039.239
 20
932.048
 10
2041.687
 20
932.431
 10
2044.046
 20
933.186
 10
2046.261
 20
934.298
 10
2048.278
 20
935.737
 10
2050.048
 20
937.471
 10
2051.529
 20
939.458
 10
2052.685
 20
941.649
 10
2053.49
 20
943.992
 10
2053.923
 20
946.432
 10
2054.345
 20
950.716
 10
2055.137
 20
953.328
 10
2056.424
 20
955.735
 10
2058.155
 20
957.845
 10
2060.265
 20
959.576
 10
2062.672
 20
960.863
 10
2065.284
 20
961.655
 10
2068.0
 20
961.923
 10
2070.716
 20
961.655
 10
2073.328
 20
960.863
 10
2075.735
 20
959.576
 10
2077.845
 20
957.845
 10
2079.576
 20
955.735
 10
2080.863
 20
953.328
 10
2081.655
 20
950.716
 10
2081.923
 20
948.0
 10
2081.655
 20
945.284
 10
2080.863
 20
942.672
 10
2079.576
 20
940.265
 10
2077.845
 20
938.155
 10
2075.735
 20
936.424
 10
2073.328
 20
935.137
 10
2070.716
 20
934.345
 10
2066.432
 20
933.923
 10
2063.992
 20
933.49
 10
2061.649
 20
932.685
 10
2059.458
 20
931.529
 10
2057.471
 20
930.048
 10
2055.737
 20
928.278
 10
2054.298
 20
926.261
 10
2053.186
 20
924.046
 10
2052.431
 20
921.687
 10
2052.048
 20
919.239
 10
2052.048
 20
916.761
 10
2052.431
 20
914.313
 10
2053.186
 20
911.954
 10
2054.298
 20
909.739
 10
2055.737
 20
907.722
 10
2057.471
 20
905.952
 10
2059.458
 20
904.471
 10
2061.649
 20
903.315
 10
2063.992
 20
902.51
 10
2066.432
 20
902.077
 10
2070.716
 20
901.655
 10
2073.328
 20
900.863
 10
2075.735
 20
899.576
 10
2077.845
 20
897.845
 10
2079.576
 20
895.735
 10
2080.863
 20
893.328
 10
2081.655
 20
890.716
 10
2081.923
 20
888.0
 10
2081.655
 20
885.284
 10
2080.863
 20
882.672
 10
2079.576
 20
880.265
 10
2077.845
 20
878.155
 10
2075.735
 20
876.424
 10
2073.328
 20
875.137
 10
2070.716
 20
874.345
 10
2066.432
 20
873.923
 10
2063.992
 20
873.49
 10
2061.649
 20
872.685
 10
2059.458
 20
871.529
 10
2057.471
 20
870.048
 10
2055.737
 20
868.278
 10
2054.298
 20
866.261
 10
2053.186
 20
864.046
 10
2052.431
 20
861.687
 10
2052.048
 20
859.239
 10
2052.048
 20
856.761
 10
2052.431
 20
854.313
 10
2053.186
 20
851.954
 10
2054.298
 20
849.739
 10
2055.737
 20
847.722
 10
2057.471
 20
845.952
 10
2059.458
 20
844.471
 10
2061.649
 20
843.315
 10
2063.992
 20
842.51
 10
2066.432
 20
842.077
 10
2070.716
 20
841.655
 10
2073.328
 20
840.863
 10
2075.735
 20
839.576
 10
2077.845
 20
837.845
 10
2079.576
 20
835.735
 10
2080.863
 20
833.328
 10
2081.655
 20
830.716
 10
2081.923
 20
828.0
 10
2081.655
 20
825.284
 10
2080.863
 20
822.672
 10
2079.576
 20
820.265
 10
2077.845
 20
818.155
 10
2075.735
 20
816.424
 10
2073.328
 20
815.137
 10
2070.716
 20
814.345
 10
2066.432
 20
813.923
 10
2063.992
 20
813.49
 10
2061.649
 20
812.685
 10
2059.458
 20
811.529
 10
2057.471
 20
810.048
 10
2055.737
 20
808.278
 10
2054.298
 20
806.261
 10
2053.186
 20
804.046
 10
2052.431
 20
801.687
 10
2052.048
 20
799.239
 10
2052.048
 20
796.761
 10
2052.431
 20
794.313
 10
2053.186
 20
791.954
 10
2054.298
 20
789.739
 10
2055.737
 20
787.722
 10
2057.471
 20
785.952
 10
2059.458
 20
784.471
 10
2061.649
 20
783.315
 10
2063.992
 20
782.51
 10
2066.432
 20
782.077
 10
2070.716
 20
781.655
 10
2073.328
 20
780.863
 10
2075.735
 20
779.576
 10
2077.845
 20
777.845
 10
2079.576
 20
775.735
 10
2080.863
 20
773.328
 10
2081.655
 20
770.716
 10
2081.923
 20
768.0
 10
2081.655
 20
765.284
 10
2080.863
 20
762.672
 10
2079.576
 20
760.265
 10
2077.845
 20
758.155
 10
2075.735
 20
756.424
 10
2073.328
 20
755.137
 10
2070.716
 20
754.345
 10
2066.432
 20
753.923
 10
2063.992
 20
753.49
 10
2061.649
 20
752.685
 10
2059.458
 20
751.529
 10
2057.471
 20
750.048
 10
2055.737
 20
748.278
 10
2054.298
 20
746.261
 10
2053.186
 20
744.046
 10
2052.431
 20
741.687
 10
2052.048
 20
739.239
 10
2052.048
 20
736.761
 10
2052.431
 20
734.313
 10
2053.186
 20
731.954
 10
2054.298
 20
729.739
 10
2055.737
 20
727.722
 10
2057.471
 20
725.952
 10
2059.458
 20
724.471
 10
2061.649
 20
723.315
 10
2063.992
 20
722.51
 10
2066.432
 20
722.077
 10
2070.716
 20
721.655
 10
2073.328
 20
720.863
 10
2075.735
 20
719.576
 10
2077.845
 20
717.845
 10
2079.576
 20
715.735
 10
2080.863
 20
713.328
 10
2081.655
 20
710.716
 10
2081.923
 20
708.0
 10
2081.655
 20
705.284
 10
2080.863
 20
702.672
 10
2079.576
 20
700.265
 10
2077.845
 20
698.155
 10
2075.735
 20
696.424
 10
2073.328
 20
695.137
 10
2070.716
 20
694.345
 10
2066.432
 20
693.923
 10
2063.992
 20
693.49
 10
2061.649
 20
692.685
 10
2059.458
 20
691.529
 10
2057.471
 20
690.048
 10
2055.737
 20
688.278
 10
2054.298
 20
686.261
 10
2053.186
 20
684.046
 10
2052.431
 20
681.687
 10
2052.048
 20
679.239
 10
2052.048
 20
676.761
 10
2052.431
 20
674.313
 10
2053.186
 20
671.954
 10
2054.298
 20
669.739
 10
2055.737
 20
667.722
 10
2057.471
 20
665.952
 10
2059.458
 20
664.471
 10
2061.649
 20
663.315
 10
2063.992
 20
662.51
 10
2066.432
 20
662.077
 10
2070.716
 20
661.655
 10
2073.328
 20
660.863
 10
2075.735
 20
659.576
 10
2077.845
 20
657.845
 10
2079.576
 20
655.735
  0
TEXT
  5
13A
330
17
100
AcDbEntity
  8
LABELS
100
AcDbText
 10
1858.0
 20
678.2882207939515
 30
0.0
 40
14.0
  1
Base plate — scalloped
 72
1
 11
1858.0
 21
678.2882207939515
 31
0.0
100
AcDbText
 73
2
  0
LWPOLYLINE
  5
13B
330
17
100
AcDbEntity
  8
CUT_OUTSIDE
100
AcDbPolyline
 90
312
 70
1
 10
2262.49
 20
9.742
 10
2259.355
 20
8.443
 10
2255.99
 20
8.0
 10
2252.626
 20
8.443
 10
2249.49
 20
9.742
 10
2246.798
 20
11.808
 10
2244.732
 20
14.5
 10
2243.433
 20
17.635
 10
2243.175
 20
19.6
 10
2241.974
 20
19.689
 10
2235.008
 20
20.548
 10
2228.093
 20
21.748
 10
2224.185
 20
22.625
 10
2223.677
 20
21.401
 10
2221.611
 20
18.709
 10
2218.919
 20
16.643
 10
2215.784
 20
15.344
 10
2212.419
 20
14.901
 10
2209.054
 20
15.344
 10
2205.919
 20
16.643
 10
2203.227
 20
18.709
 10
2201.161
 20
21.401
 10
2199.862
 20
24.536
 10
2199.419
 20
27.901
 10
2199.768
 20
30.55
 10
2194.85
 20
32.73
 10
2188.581
 20
35.885
 10
2182.682
 20
39.227
 10
2182.305
 20
38.736
 10
2179.613
 20
36.67
 10
2176.477
 20
35.372
 10
2173.113
 20
34.929
 10
2169.748
 20
35.372
 10
2166.613
 20
36.67
 10
2163.92
 20
38.736
 10
2161.854
 20
41.429
 10
2160.556
 20
44.564
 10
2160.113
 20
47.929
 10
2160.556
 20
51.293
 10
2161.848
 20
54.413
 10
2159.958
 20
56.044
 10
2154.874
 20
60.884
 10
2150.034
 20
65.967
 10
2148.404
 20
67.858
 10
2145.284
 20
66.565
 10
2141.919
 20
66.122
 10
2138.554
 20
66.565
 10
2135.419
 20
67.864
 10
2132.727
 20
69.93
 10
2130.661
 20
72.622
 10
2129.362
 20
75.758
 10
2128.919
 20
79.122
 10
2129.362
 20
82.487
 10
2130.661
 20
85.622
 10
2132.727
 20
88.315
 10
2133.217
 20
88.691
 10
2129.876
 20
94.59
 10
2126.72
 20
100.86
 10
2124.54
 20
105.777
 10
2121.892
 20
105.429
 10
2118.527
 20
105.872
 10
2115.392
 20
107.17
 10
2112.699
 20
109.236
 10
2110.633
 20
111.929
 10
2109.334
 20
115.064
 10
2108.892
 20
118.429
 10
2109.334
 20
121.793
 10
2110.633
 20
124.929
 10
2112.699
 20
127.621
 10
2115.392
 20
129.687
 10
2116.616
 20
130.194
 10
2115.738
 20
134.102
 10
2114.538
 20
141.018
 10
2113.679
 20
147.984
 10
2113.59
 20
149.184
 10
2111.626
 20
149.443
 10
2108.49
 20
150.742
 10
2105.798
 20
152.808
 10
2103.732
 20
155.5
 10
2102.433
 20
158.635
 10
2101.99
 20
162.0
 10
2102.433
 20
165.365
 10
2103.732
 20
168.5
 10
2105.798
 20
171.192
 10
2108.49
 20
173.258
 10
2111.626
 20
174.557
 10
2113.59
 20
174.816
 10
2113.679
 20
176.016
 10
2114.538
 20
182.982
 10
2115.738
 20
189.898
 10
2116.616
 20
193.806
 10
2115.392
 20
194.313
 10
2112.699
 20
196.379
 10
2110.633
 20
199.071
 10
2109.334
 20
202.207
 10
2108.892
 20
205.571
 10
2109.334
 20
208.936
 10
2110.633
 20
212.071
 10
2112.699
 20
214.764
 10
2115.392
 20
216.83
 10
2118.527
 20
218.128
 10
2121.892
 20
218.571
 10
2124.54
 20
218.223
 10
2126.72
 20
223.14
 10
2129.876
 20
229.41
 10
2133.217
 20
235.309
 10
2132.727
 20
235.685
 10
2130.661
 20
238.378
 10
2129.362
 20
241.513
 10
2128.919
 20
244.878
 10
2129.362
 20
248.242
 10
2130.661
 20
251.378
 10
2132.727
 20
254.07
 10
2135.419
 20
256.136
 10
2138.554
 20
257.435
 10
2141.919
 20
257.878
 10
2145.284
 20
257.435
 10
2148.404
 20
256.142
 10
2150.034
 20
258.033
 10
2154.874
 20
263.116
 10
2159.958
 20
267.956
 10
2161.848
 20
269.587
 10
2160.556
 20
272.707
 10
2160.113
 20
276.071
 10
2160.556
 20
279.436
 10
2161.854
 20
282.571
 10
2163.92
 20
285.264
 10
2166.613
 20
287.33
 10
2169.748
 20
288.628
 10
2173.113
 20
289.071
 10
2176.477
 20
288.628
 10
2179.613
 20
287.33
 10
2182.305
 20
285.264
 10
2182.682
 20
284.773
 10
2188.581
 20
288.115
 10
2194.85
 20
291.27
 10
2199.768
 20
293.45
 10
2199.419
 20
296.099
 10
2199.862
 20
299.464
 10
2201.161
 20
302.599
 10
2203.227
 20
305.291
 10
2205.919
 20
307.357
 10
2209.054
 20
308.656
 10
2212.419
 20
309.099
 10
2215.784
 20
308.656
 10
2218.919
 20
307.357
 10
2221.611
 20
305.291
 10
2223.677
 20
302.599
 10
2224.185
 20
301.375
 10
2228.093
 20
302.252
 10
2235.008
 20
303.452
 10
2241.974
 20
304.311
 10
2243.175
 20
304.4
 10
2243.433
 20
306.365
 10
2244.732
 20
309.5
 10
2246.798
 20
312.192
 10
2249.49
 20
314.258
 10
2252.626
 20
315.557
 10
2255.99
 20
316.0
 10
2259.355
 20
315.557
 10
2262.49
 20
314.258
 10
2265.183
 20
312.192
 10
2267.249
 20
309.5
 10
2268.548
 20
306.365
 10
2268.806
 20
304.4
 10
2270.007
 20
304.311
 10
2276.973
 20
303.452
 10
2283.888
 20
302.252
 10
2287.796
 20
301.375
 10
2288.304
 20
302.599
 10
2290.369
 20
305.291
 10
2293.062
 20
307.357
 10
2296.197
 20
308.656
 10
2299.562
 20
309.099
 10
2302.927
 20
308.656
 10
2306.062
 20
307.357
 10
2308.754
 20
305.291
 10
2310.82
 20
302.599
 10
2312.119
 20
299.464
 10
2312.562
 20
296.099
 10
2312.213
 20
293.45
 10
2317.131
 20
291.27
 10
2323.4
 20
288.115
 10
2329.299
 20
284.773
 10
2329.676
 20
285.264
 10
2332.368
 20
287.33
 10
2335.504
 20
288.628
 10
2338.868
 20
289.071
 10
2342.233
 20
288.628
 10
2345.368
 20
287.33
 10
2348.061
 20
285.264
 10
2350.127
 20
282.571
 10
2351.425
 20
279.436
 10
2351.868
 20
276.071
 10
2351.425
 20
272.707
 10
2350.133
 20
269.587
 10
2352.023
 20
267.956
 10
2357.107
 20
263.116
 10
2361.946
 20
258.033
 10
2363.577
 20
256.142
 10
2366.697
 20
257.435
 10
2370.062
 20
257.878
 10
2373.427
 20
257.435
 10
2376.562
 20
256.136
 10
2379.254
 20
254.07
 10
2381.32
 20
251.378
 10
2382.619
 20
248.242
 10
2383.062
 20
244.878
 10
2382.619
 20
241.513
 10
2381.32
 20
238.378
 10
2379.254
 20
235.685
 10
2378.763
 20
235.309
 10
2382.105
 20
229.41
 10
2385.261
 20
223.14
 10
2387.441
 20
218.223
 10
2390.089
 20
218.571
 10
2393.454
 20
218.128
 10
2396.589
 20
216.83
 10
2399.282
 20
214.764
 10
2401.348
 20
212.071
 10
2402.646
 20
208.936
 10
2403.089
 20
205.571
 10
2402.646
 20
202.207
 10
2401.348
 20
199.071
 10
2399.282
 20
196.379
 10
2396.589
 20
194.313
 10
2395.365
 20
193.806
 10
2396.243
 20
189.898
 10
2397.443
 20
182.982
 10
2398.302
 20
176.016
 10
2398.39
 20
174.816
 10
2400.355
 20
174.557
 10
2403.49
 20
173.258
 10
2406.183
 20
171.192
 10
2408.249
 20
168.5
 10
2409.548
 20
165.365
 10
2409.99
 20
162.0
 10
2409.548
 20
158.635
 10
2408.249
 20
155.5
 10
2406.183
 20
152.808
 10
2403.49
 20
150.742
 10
2400.355
 20
149.443
 10
2398.39
 20
149.184
 10
2398.302
 20
147.984
 10
2397.443
 20
141.018
 10
2396.243
 20
134.102
 10
2395.365
 20
130.194
 10
2396.589
 20
129.687
 10
2399.282
 20
127.621
 10
2401.348
 20
124.929
 10
2402.646
 20
121.793
 10
2403.089
 20
118.429
 10
2402.646
 20
115.064
 10
2401.348
 20
111.929
 10
2399.282
 20
109.236
 10
2396.589
 20
107.17
 10
2393.454
 20
105.872
 10
2390.089
 20
105.429
 10
2387.441
 20
105.777
 10
2385.261
 20
100.86
 10
2382.105
 20
94.59
 10
2378.763
 20
88.691
 10
2379.254
 20
88.315
 10
2381.32
 20
85.622
 10
2382.619
 20
82.487
 10
2383.062
 20
79.122
 10
2382.619
 20
75.758
 10
2381.32
 20
72.622
 10
2379.254
 20
69.93
 10
2376.562
 20
67.864
 10
2373.427
 20
66.565
 10
2370.062
 20
66.122
 10
2366.697
 20
66.565
 10
2363.577
 20
67.858
 10
2361.946
 20
65.967
 10
2357.107
 20
60.884
 10
2352.023
 20
56.044
 10
2350.133
 20
54.413
 10
2351.425
 20
51.293
 10
2351.868
 20
47.929
 10
2351.425
 20
44.564
 10
2350.127
 20
41.429
 10
2348.061
 20
38.736
 10
2345.368
 20
36.67
 10
2342.233
 20
35.372
 10
2338.868
 20
34.929
 10
2335.504
 20
35.372
 10
2332.368
 20
36.67
 10
2329.676
 20
38.736
 10
2329.299
 20
39.227
 10
2323.4
 20
35.885
 10
2317.131
 20
32.73
 10
2312.213
 20
30.55
 10
2312.562
 20
27.901
 10
2312.119
 20
24.536
 10
2310.82
 20
21.401
 10
2308.754
 20
18.709
 10
2306.062
 20
16.643
 10
2302.927
 20
15.344
 10
2299.562
 20
14.901
 10
2296.197
 20
15.344
 10
2293.062
 20
16.643
 10
2290.369
 20
18.709
 10
2288.304
 20
21.401
 10
2287.796
 20
22.625
 10
2283.888
 20
21.748
 10
2276.973
 20
20.548
 10
2270.007
 20
19.689
 10
2268.806
 20
19.6
 10
2268.548
 20
17.635
 10
2267.249
 20
14.5
 10
2265.183
 20
11.808
  0
CIRCLE
  5
13C
330
17
100
AcDbEntity
  8
CUT_INSIDE
100
AcDbCircle
 10
2255.990477571341
 20
162.0
 30
0.0
 40
131.0
  0
TEXT
  5
13D
330
17
100
AcDbEntity
  8
LABELS
100
AcDbText
 10
2255.990477571341
 20
163.68232379316635
 30
0.0
 40
14.0
  1
Camera rosette (glue on front)
 72
1
 11
2255.990477571341
 21
163.68232379316635
 31
0.0
100
AcDbText
 73
2
  0
LWPOLYLINE
  5
13E
330
17
100
AcDbEntity
  8
CUT_OUTSIDE
100
AcDbPolyline
 90
4
 70
1
 10
1998.0
 20
988.0
 10
1998.0
 20
1028.0
 10
1618.0
 20
1028.0
 10
1618.0
 20
988.0
  0
TEXT
  5
13F
330
17
100
AcDbEntity
  8
LABELS
100
AcDbText
 10
1808.0
 20
1008.0
 30
0.0
 40
14.0
  1
Monitor rail 1
 72
1
 11
1808.0
 21
1008.0
 31
0.0
100
AcDbText
 73
2
  0
LWPOLYLINE
  5
140
330
17
100
AcDbEntity
  8
CUT_OUTSIDE
100
AcDbPolyline
 90
4
 70
1
 10
1998.0
 20
1038.0
 10
1998.0
 20
1078.0
 10
1618.0
 20
1078.0
 10
1618.0
 20
1038.0
  0
TEXT
  5
141
330
17
100
AcDbEntity
  8
LABELS
100
AcDbText
 10
1808.0
 20
1058.0
 30
0.0
 40
14.0
  1
Monitor rail 2
 72
1
 11
1808.0
 21
1058.0
 31
0.0
100
AcDbText
 73
2
  0
LWPOLYLINE
  5
142
330
17
100
AcDbEntity
  8
CUT_OUTSIDE
100
AcDbPolyline
 90
52
 70
1
 10
2408.0
 20
1088.0
 10
2407.932
 20
1086.956
 10
2407.727
 20
1085.929
 10
2407.391
 20
1084.939
 10
2406.928
 20
1084.0
 10
2406.347
 20
1083.13
 10
2405.657
 20
1082.343
 10
2404.87
 20
1081.653
 10
2404.0
 20
1081.072
 10
2403.061
 20
1080.609
 10
2402.071
 20
1080.273
 10
2401.044
 20
1080.068
 10
2400.0
 20
1080.0
 10
2116.0
 20
1080.0
 10
2114.956
 20
1080.068
 10
2113.929
 20
1080.273
 10
2112.939
 20
1080.609
 10
2112.0
 20
1081.072
 10
2111.13
 20
1081.653
 10
2110.343
 20
1082.343
 10
2109.653
 20
1083.13
 10
2109.072
 20
1084.0
 10
2108.609
 20
1084.939
 10
2108.273
 20
1085.929
 10
2108.068
 20
1086.956
 10
2108.0
 20
1088.0
 10
2108.0
 20
1127.0
 10
2108.068
 20
1128.044
 10
2108.273
 20
1129.071
 10
2108.609
 20
1130.061
 10
2109.072
 20
1131.0
 10
2109.653
 20
1131.87
 10
2110.343
 20
1132.657
 10
2111.13
 20
1133.347
 10
2112.0
 20
1133.928
 10
2112.939
 20
1134.391
 10
2113.929
 20
1134.727
 10
2114.956
 20
1134.932
 10
2116.0
 20
1135.0
 10
2400.0
 20
1135.0
 10
2401.044
 20
1134.932
 10
2402.071
 20
1134.727
 10
2403.061
 20
1134.391
 10
2404.0
 20
1133.928
 10
2404.87
 20
1133.347
 10
2405.657
 20
1132.657
 10
2406.347
 20
1131.87
 10
2406.928
 20
1131.0
 10
2407.391
 20
1130.061
 10
2407.727
 20
1129.071
 10
2407.932
 20
1128.044
 10
2408.0
 20
1127.0
  0
LWPOLYLINE
  5
143
330
17
100
AcDbEntity
  8
CUT_INSIDE
100
AcDbPolyline
 90
50
 70
1
 10
2138.5
 20
1115.0
 10
2139.479
 20
1114.936
 10
2140.441
 20
1114.744
 10
2141.37
 20
1114.429
 10
2142.25
 20
1113.995
 10
2143.066
 20
1113.45
 10
2143.803
 20
1112.803
 10
2144.45
 20
1112.066
 10
2144.995
 20
1111.25
 10
2145.429
 20
1110.37
 10
2145.744
 20
1109.441
 10
2145.936
 20
1108.479
 10
2146.0
 20
1107.5
 10
2145.936
 20
1106.521
 10
2145.744
 20
1105.559
 10
2145.429
 20
1104.63
 10
2144.995
 20
1103.75
 10
2144.45
 20
1102.934
 10
2143.803
 20
1102.197
 10
2143.066
 20
1101.55
 10
2142.25
 20
1101.005
 10
2141.37
 20
1100.571
 10
2140.441
 20
1100.256
 10
2139.479
 20
1100.064
 10
2138.5
 20
1100.0
 10
2123.5
 20
1100.0
 10
2122.521
 20
1100.064
 10
2121.559
 20
1100.256
 10
2120.63
 20
1100.571
 10
2119.75
 20
1101.005
 10
2118.934
 20
1101.55
 10
2118.197
 20
1102.197
 10
2117.55
 20
1102.934
 10
2117.005
 20
1103.75
 10
2116.571
 20
1104.63
 10
2116.256
 20
1105.559
 10
2116.064
 20
1106.521
 10
2116.0
 20
1107.5
 10
2116.064
 20
1108.479
 10
2116.256
 20
1109.441
 10
2116.571
 20
1110.37
 10
2117.005
 20
1111.25
 10
2117.55
 20
1112.066
 10
2118.197
 20
1112.803
 10
2118.934
 20
1113.45
 10
2119.75
 20
1113.995
 10
2120.63
 20
1114.429
 10
2121.559
 20
1114.744
 10
2122.521
 20
1114.936
 10
2123.5
 20
1115.0
  0
LWPOLYLINE
  5
144
330
17
100
AcDbEntity
  8
CUT_INSIDE
100
AcDbPolyline
 90
50
 70
1
 10
2392.5
 20
1115.0
 10
2393.479
 20
1114.936
 10
2394.441
 20
1114.744
 10
2395.37
 20
1114.429
 10
2396.25
 20
1113.995
 10
2397.066
 20
1113.45
 10
2397.803
 20
1112.803
 10
2398.45
 20
1112.066
 10
2398.995
 20
1111.25
 10
2399.429
 20
1110.37
 10
2399.744
 20
1109.441
 10
2399.936
 20
1108.479
 10
2400.0
 20
1107.5
 10
2399.936
 20
1106.521
 10
2399.744
 20
1105.559
 10
2399.429
 20
1104.63
 10
2398.995
 20
1103.75
 10
2398.45
 20
1102.934
 10
2397.803
 20
1102.197
 10
2397.066
 20
1101.55
 10
2396.25
 20
1101.005
 10
2395.37
 20
1100.571
 10
2394.441
 20
1100.256
 10
2393.479
 20
1100.064
 10
2392.5
 20
1100.0
 10
2377.5
 20
1100.0
 10
2376.521
 20
1100.064
 10
2375.559
 20
1100.256
 10
2374.63
 20
1100.571
 10
2373.75
 20
1101.005
 10
2372.934
 20
1101.55
 10
2372.197
 20
1102.197
 10
2371.55
 20
1102.934
 10
2371.005
 20
1103.75
 10
2370.571
 20
1104.63
 10
2370.256
 20
1105.559
 10
2370.064
 20
1106.521
 10
2370.0
 20
1107.5
 10
2370.064
 20
1108.479
 10
2370.256
 20
1109.441
 10
2370.571
 20
1110.37
 10
2371.005
 20
1111.25
 10
2371.55
 20
1112.066
 10
2372.197
 20
1112.803
 10
2372.934
 20
1113.45
 10
2373.75
 20
1113.995
 10
2374.63
 20
1114.429
 10
2375.559
 20
1114.744
 10
2376.521
 20
1114.936
 10
2377.5
 20
1115.0
  0
TEXT
  5
145
330
17
100
AcDbEntity
  8
LABELS
100
AcDbText
 10
2258.0
 20
1107.5
 30
0.0
 40
14.0
  1
Monitor clamp bar 1
 72
1
 11
2258.0
 21
1107.5
 31
0.0
100
AcDbText
 73
2
  0
LWPOLYLINE
  5
146
330
17
100
AcDbEntity
  8
CUT_OUTSIDE
100
AcDbPolyline
 90
52
 70
1
 10
2408.0
 20
1153.0
 10
2407.932
 20
1151.956
 10
2407.727
 20
1150.929
 10
2407.391
 20
1149.939
 10
2406.928
 20
1149.0
 10
2406.347
 20
1148.13
 10
2405.657
 20
1147.343
 10
2404.87
 20
1146.653
 10
2404.0
 20
1146.072
 10
2403.061
 20
1145.609
 10
2402.071
 20
1145.273
 10
2401.044
 20
1145.068
 10
2400.0
 20
1145.0
 10
2116.0
 20
1145.0
 10
2114.956
 20
1145.068
 10
2113.929
 20
1145.273
 10
2112.939
 20
1145.609
 10
2112.0
 20
1146.072
 10
2111.13
 20
1146.653
 10
2110.343
 20
1147.343
 10
2109.653
 20
1148.13
 10
2109.072
 20
1149.0
 10
2108.609
 20
1149.939
 10
2108.273
 20
1150.929
 10
2108.068
 20
1151.956
 10
2108.0
 20
1153.0
 10
2108.0
 20
1192.0
 10
2108.068
 20
1193.044
 10
2108.273
 20
1194.071
 10
2108.609
 20
1195.061
 10
2109.072
 20
1196.0
 10
2109.653
 20
1196.87
 10
2110.343
 20
1197.657
 10
2111.13
 20
1198.347
 10
2112.0
 20
1198.928
 10
2112.939
 20
1199.391
 10
2113.929
 20
1199.727
 10
2114.956
 20
1199.932
 10
2116.0
 20
1200.0
 10
2400.0
 20
1200.0
 10
2401.044
 20
1199.932
 10
2402.071
 20
1199.727
 10
2403.061
 20
1199.391
 10
2404.0
 20
1198.928
 10
2404.87
 20
1198.347
 10
2405.657
 20
1197.657
 10
2406.347
 20
1196.87
 10
2406.928
 20
1196.0
 10
2407.391
 20
1195.061
 10
2407.727
 20
1194.071
 10
2407.932
 20
1193.044
 10
2408.0
 20
1192.0
  0
LWPOLYLINE
  5
147
330
17
100
AcDbEntity
  8
CUT_INSIDE
100
AcDbPolyline
 90
50
 70
1
 10
2138.5
 20
1180.0
 10
2139.479
 20
1179.936
 10
2140.441
 20
1179.744
 10
2141.37
 20
1179.429
 10
2142.25
 20
1178.995
 10
2143.066
 20
1178.45
 10
2143.803
 20
1177.803
 10
2144.45
 20
1177.066
 10
2144.995
 20
1176.25
 10
2145.429
 20
1175.37
 10
2145.744
 20
1174.441
 10
2145.936
 20
1173.479
 10
2146.0
 20
1172.5
 10
2145.936
 20
1171.521
 10
2145.744
 20
1170.559
 10
2145.429
 20
1169.63
 10
2144.995
 20
1168.75
 10
2144.45
 20
1167.934
 10
2143.803
 20
1167.197
 10
2143.066
 20
1166.55
 10
2142.25
 20
1166.005
 10
2141.37
 20
1165.571
 10
2140.441
 20
1165.256
 10
2139.479
 20
1165.064
 10
2138.5
 20
1165.0
 10
2123.5
 20
1165.0
 10
2122.521
 20
1165.064
 10
2121.559
 20
1165.256
 10
2120.63
 20
1165.571
 10
2119.75
 20
1166.005
 10
2118.934
 20
1166.55
 10
2118.197
 20
1167.197
 10
2117.55
 20
1167.934
 10
2117.005
 20
1168.75
 10
2116.571
 20
1169.63
 10
2116.256
 20
1170.559
 10
2116.064
 20
1171.521
 10
2116.0
 20
1172.5
 10
2116.064
 20
1173.479
 10
2116.256
 20
1174.441
 10
2116.571
 20
1175.37
 10
2117.005
 20
1176.25
 10
2117.55
 20
1177.066
 10
2118.197
 20
1177.803
 10
2118.934
 20
1178.45
 10
2119.75
 20
1178.995
 10
2120.63
 20
1179.429
 10
2121.559
 20
1179.744
 10
2122.521
 20
1179.936
 10
2123.5
 20
1180.0
  0
LWPOLYLINE
  5
148
330
17
100
AcDbEntity
  8
CUT_INSIDE
100
AcDbPolyline
 90
50
 70
1
 10
2392.5
 20
1180.0
 10
2393.479
 20
1179.936
 10
2394.441
 20
1179.744
 10
2395.37
 20
1179.429
 10
2396.25
 20
1178.995
 10
2397.066
 20
1178.45
 10
2397.803
 20
1177.803
 10
2398.45
 20
1177.066
 10
2398.995
 20
1176.25
 10
2399.429
 20
1175.37
 10
2399.744
 20
1174.441
 10
2399.936
 20
1173.479
 10
2400.0
 20
1172.5
 10
2399.936
 20
1171.521
 10
2399.744
 20
1170.559
 10
2399.429
 20
1169.63
 10
2398.995
 20
1168.75
 10
2398.45
 20
1167.934
 10
2397.803
 20
1167.197
 10
2397.066
 20
1166.55
 10
2396.25
 20
1166.005
 10
2395.37
 20
1165.571
 10
2394.441
 20
1165.256
 10
2393.479
 20
1165.064
 10
2392.5
 20
1165.0
 10
2377.5
 20
1165.0
 10
2376.521
 20
1165.064
 10
2375.559
 20
1165.256
 10
2374.63
 20
1165.571
 10
2373.75
 20
1166.005
 10
2372.934
 20
1166.55
 10
2372.197
 20
1167.197
 10
2371.55
 20
1167.934
 10
2371.005
 20
1168.75
 10
2370.571
 20
1169.63
 10
2370.256
 20
1170.559
 10
2370.064
 20
1171.521
 10
2370.0
 20
1172.5
 10
2370.064
 20
1173.479
 10
2370.256
 20
1174.441
 10
2370.571
 20
1175.37
 10
2371.005
 20
1176.25
 10
2371.55
 20
1177.066
 10
2372.197
 20
1177.803
 10
2372.934
 20
1178.45
 10
2373.75
 20
1178.995
 10
2374.63
 20
1179.429
 10
2375.559
 20
1179.744
 10
2376.521
 20
1179.936
 10
2377.5
 20
1180.0
  0
TEXT
  5
149
330
17
100
AcDbEntity
  8
LABELS
100
AcDbText
 10
2258.0
 20
1172.5
 30
0.0
 40
14.0
  1
Monitor clamp bar 2
 72
1
 11
2258.0
 21
1172.5
 31
0.0
100
AcDbText
 73
2
  0
TEXT
  5
14A
330
17
100
AcDbEntity
  8
LABELS
100
AcDbText
 10
20.0
 20
1240.0
 30
0.0
 40
16.0
  1
PHOTOBOOTH WEDDING - sheet 1 - MDF 18 mm 1220x2440 - tool 6 mm
 11
20.0
 21
1240.0
 31
0.0
100
AcDbText
  0
ENDSEC
  0
SECTION
  2
OBJECTS
  0
DICTIONARY
  5
A
330
0
100
AcDbDictionary
281
1
  3
ACAD_COLOR
350
B
  3
ACAD_GROUP
350
C
  3
ACAD_LAYOUT
350
D
  3
ACAD_MATERIAL
350
E
  3
ACAD_MLEADERSTYLE
350
F
  3
ACAD_MLINESTYLE
350
10
  3
ACAD_PLOTSETTINGS
350
11
  3
ACAD_PLOTSTYLENAME
350
12
  3
ACAD_SCALELIST
350
14
  3
ACAD_TABLESTYLE
350
15
  3
ACAD_VISUALSTYLE
350
16
  3
EZDXF_META
350
2D
  0
DICTIONARY
  5
B
330
A
100
AcDbDictionary
281
1
  0
DICTIONARY
  5
C
330
A
100
AcDbDictionary
281
1
  0
DICTIONARY
  5
D
330
A
100
AcDbDictionary
281
1
  3
Model
350
1A
  3
Layout1
350
1E
  0
DICTIONARY
  5
E
330
A
100
AcDbDictionary
281
1
  3
ByBlock
350
1F
  3
ByLayer
350
20
  3
Global
350
21
  0
DICTIONARY
  5
F
330
A
100
AcDbDictionary
281
1
  3
Standard
350
2C
  0
DICTIONARY
  5
10
330
A
100
AcDbDictionary
281
1
  3
Standard
350
22
  0
DICTIONARY
  5
11
330
A
100
AcDbDictionary
281
1
  0
ACDBDICTIONARYWDFLT
  5
12
330
A
100
AcDbDictionary
281
1
  3
Normal
350
13
100
AcDbDictionaryWithDefault
340
13
  0
ACDBPLACEHOLDER
  5
13
330
12
  0
DICTIONARY
  5
14
330
A
100
AcDbDictionary
281
1
  0
DICTIONARY
  5
15
330
A
100
AcDbDictionary
281
1
  0
DICTIONARY
  5
16
330
A
100
AcDbDictionary
281
1
  3
2dWireframe
350
5A
  3
Basic
350
5B
  3
Brighten
350
5C
  3
ColorChange
350
5D
  3
Conceptual
350
5E
  3
Dim
350
5F
  3
EdgeColorOff
350
60
  3
Facepattern
350
61
  3
Flat
350
62
  3
FlatWithEdges
350
63
  3
Gouraud
350
64
  3
GouraudWithEdges
350
65
  3
Hidden
350
66
  3
JitterOff
350
67
  3
Linepattern
350
68
  3
Modeling
350
69
  3
OverhangOff
350
6A
  3
Realistic
350
6B
  3
Shaded
350
6C
  3
Shaded with edges
350
6D
  3
Shades of Gray
350
6E
  3
Sketchy
350
6F
  3
Thicken
350
70
  3
Wireframe
350
71
  3
X-Ray
350
72
  0
LAYOUT
  5
1A
330
D
100
AcDbPlotSettings
  1

  4
A3
  6

 40
7.5
 41
20.0
 42
7.5
 43
20.0
 44
420.0
 45
297.0
 46
0.0
 47
0.0
 48
0.0
 49
0.0
140
0.0
141
0.0
142
1.0
143
1.0
 70
1024
 72
1
 73
0
 74
5
  7

 75
16
 76
0
 77
2
 78
300
147
1.0
148
0.0
149
0.0
100
AcDbLayout
  1
Model
 70
1
 71
0
 10
0.0
 20
0.0
 11
420.0
 21
297.0
 12
0.0
 22
0.0
 32
0.0
 14
1e+20
 24
1e+20
 34
1e+20
 15
-1e+20
 25
-1e+20
 35
-1e+20
146
0.0
 13
0.0
 23
0.0
 33
0.0
 16
1.0
 26
0.0
 36
0.0
 17
0.0
 27
1.0
 37
0.0
 76
1
330
17
  0
LAYOUT
  5
1E
330
D
100
AcDbPlotSettings
  1

  4
A3
  6

 40
7.5
 41
20.0
 42
7.5
 43
20.0
 44
420.0
 45
297.0
 46
0.0
 47
0.0
 48
0.0
 49
0.0
140
0.0
141
0.0
142
1.0
143
1.0
 70
0
 72
1
 73
0
 74
5
  7

 75
16
 76
0
 77
2
 78
300
147
1.0
148
0.0
149
0.0
100
AcDbLayout
  1
Layout1
 70
1
 71
1
 10
0.0
 20
0.0
 11
420.0
 21
297.0
 12
0.0
 22
0.0
 32
0.0
 14
1e+20
 24
1e+20
 34
1e+20
 15
-1e+20
 25
-1e+20
 35
-1e+20
146
0.0
 13
0.0
 23
0.0
 33
0.0
 16
1.0
 26
0.0
 36
0.0
 17
0.0
 27
1.0
 37
0.0
 76
1
330
1B
  0
MATERIAL
  5
1F
102
{ACAD_REACTORS
330
E
102
}
330
E
100
AcDbMaterial
  1
ByBlock
  2

 70
0
 40
1.0
 71
1
 41
1.0
 91
-1023410177
 42
1.0
 72
1
  3

 73
1
 74
1
 75
1
 44
0.5
 73
0
 45
1.0
 46
1.0
 77
1
  4

 78
1
 79
1
170
1
 48
1.0
171
1
  6

172
1
173
1
174
1
140
1.0
141
1.0
175
1
  7

176
1
177
1
178
1
143
1.0
179
1
  8

270
1
271
1
272
1
145
1.0
146
1.0
273
1
  9

274
1
275
1
276
1
 42
1.0
 72
1
  3

 73
1
 74
1
 75
1
 94
63
  0
MATERIAL
  5
20
102
{ACAD_REACTORS
330
E
102
}
330
E
100
AcDbMaterial
  1
ByLayer
  2

 70
0
 40
1.0
 71
1
 41
1.0
 91
-1023410177
 42
1.0
 72
1
  3

 73
1
 74
1
 75
1
 44
0.5
 73
0
 45
1.0
 46
1.0
 77
1
  4

 78
1
 79
1
170
1
 48
1.0
171
1
  6

172
1
173
1
174
1
140
1.0
141
1.0
175
1
  7

176
1
177
1
178
1
143
1.0
179
1
  8

270
1
271
1
272
1
145
1.0
146
1.0
273
1
  9

274
1
275
1
276
1
 42
1.0
 72
1
  3

 73
1
 74
1
 75
1
 94
63
  0
MATERIAL
  5
21
102
{ACAD_REACTORS
330
E
102
}
330
E
100
AcDbMaterial
  1
Global
  2

 70
0
 40
1.0
 71
1
 41
1.0
 91
-1023410177
 42
1.0
 72
1
  3

 73
1
 74
1
 75
1
 44
0.5
 73
0
 45
1.0
 46
1.0
 77
1
  4

 78
1
 79
1
170
1
 48
1.0
171
1
  6

172
1
173
1
174
1
140
1.0
141
1.0
175
1
  7

176
1
177
1
178
1
143
1.0
179
1
  8

270
1
271
1
272
1
145
1.0
146
1.0
273
1
  9

274
1
275
1
276
1
 42
1.0
 72
1
  3

 73
1
 74
1
 75
1
 94
63
  0
MLINESTYLE
  5
22
102
{ACAD_REACTORS
330
10
102
}
330
10
100
AcDbMlineStyle
  2
Standard
 70
0
  3

 62
256
 51
90.0
 52
90.0
 71
2
 49
0.5
 62
256
  6
BYLAYER
 49
-0.5
 62
256
  6
BYLAYER
  0
MLEADERSTYLE
  5
2C
102
{ACAD_REACTORS
330
F
102
}
330
F
100
AcDbMLeaderStyle
179
2
170
2
171
1
172
0
 90
2
 40
0.0
 41
0.0
173
1
 91
-1056964608
 92
-2
290
1
 42
2.0
291
1
 43
8.0
  3
Standard
 44
4.0
300

342
29
174
1
175
1
176
0
178
1
 93
-1056964608
 45
4.0
292
0
297
0
 46
4.0
 94
-1056964608
 47
1.0
 49
1.0
140
1.0
294
1
141
0.0
177
0
142
1.0
295
0
296
0
143
3.75
271
0
272
9
273
9
  0
DICTIONARY
  5
2D
330
A
100
AcDbDictionary
280
1
281
1
  3
CREATED_BY_EZDXF
350
2E
  3
WRITTEN_BY_EZDXF
350
14D
  0
DICTIONARYVAR
  5
2E
330
2D
100
DictionaryVariables
280
0
  1
1.4.4 @ 2026-10-01T06:48:46.519064+00:00
  0
VISUALSTYLE
  5
5A
102
{ACAD_REACTORS
330
16
102
}
330
16
100
AcDbVisualStyle
  2
2dWireframe
 70
4
 90
0
 40
0.6
 62
7
290
0
291
0
  0
VISUALSTYLE
  5
5B
102
{ACAD_REACTORS
330
16
102
}
330
16
100
AcDbVisualStyle
  2
Basic
 70
7
 90
1
 40
0.6
 62
7
290
0
291
1
  0
VISUALSTYLE
  5
5C
102
{ACAD_REACTORS
330
16
102
}
330
16
100
AcDbVisualStyle
  2
Brighten
 70
12
 90
2
 40
0.6
 62
7
290
0
291
1
  0
VISUALSTYLE
  5
5D
102
{ACAD_REACTORS
330
16
102
}
330
16
100
AcDbVisualStyle
  2
ColorChange
 70
16
 90
2
 40
0.6
 62
8
290
0
291
1
  0
VISUALSTYLE
  5
5E
102
{ACAD_REACTORS
330
16
102
}
330
16
100
AcDbVisualStyle
  2
Conceptual
 70
9
 90
3
 40
0.6
 62
7
290
0
291
0
  0
VISUALSTYLE
  5
5F
102
{ACAD_REACTORS
330
16
102
}
330
16
100
AcDbVisualStyle
  2
Dim
 70
11
 90
2
 40
0.6
 62
7
290
0
291
1
  0
VISUALSTYLE
  5
60
102
{ACAD_REACTORS
330
16
102
}
330
16
100
AcDbVisualStyle
  2
EdgeColorOff
 70
22
 90
2
 40
0.6
 62
7
290
0
291
1
  0
VISUALSTYLE
  5
61
102
{ACAD_REACTORS
330
16
102
}
330
16
100
AcDbVisualStyle
  2
Facepattern
 70
15
 90
2
 40
0.6
 62
7
290
0
291
1
  0
VISUALSTYLE
  5
62
102
{ACAD_REACTORS
330
16
102
}
330
16
100
AcDbVisualStyle
  2
Flat
 70
0
 90
2
 40
0.6
 62
7
290
0
291
1
  0
VISUALSTYLE
  5
63
102
{ACAD_REACTORS
330
16
102
}
330
16
100
AcDbVisualStyle
  2
FlatWithEdges
 70
1
 90
2
 40
0.6
 62
7
290
0
291
1
  0
VISUALSTYLE
  5
64
102
{ACAD_REACTORS
330
16
102
}
330
16
100
AcDbVisualStyle
  2
Gouraud
 70
2
 90
2
 40
0.6
 62
7
290
0
291
1
  0
VISUALSTYLE
  5
65
102
{ACAD_REACTORS
330
16
102
}
330
16
100
AcDbVisualStyle
  2
GouraudWithEdges
 70
3
 90
2
 40
0.6
 62
7
290
0
291
1
  0
VISUALSTYLE
  5
66
102
{ACAD_REACTORS
330
16
102
}
330
16
100
AcDbVisualStyle
  2
Hidden
 70
6
 90
1
 40
0.6
 62
7
290
0
291
0
  0
VISUALSTYLE
  5
67
102
{ACAD_REACTORS
330
16
102
}
330
16
100
AcDbVisualStyle
  2
JitterOff
 70
20
 90
2
 40
0.6
 62
7
290
0
291
1
  0
VISUALSTYLE
  5
68
102
{ACAD_REACTORS
330
16
102
}
330
16
100
AcDbVisualStyle
  2
Linepattern
 70
14
 90
2
 40
0.6
 62
7
290
0
291
1
  0
VISUALSTYLE
  5
69
102
{ACAD_REACTORS
330
16
102
}
330
16
100
AcDbVisualStyle
  2
Modeling
 70
10
 90
2
 40
0.6
 62
7
290
0
291
0
  0
VISUALSTYLE
  5
6A
102
{ACAD_REACTORS
330
16
102
}
330
16
100
AcDbVisualStyle
  2
OverhangOff
 70
21
 90
2
 40
0.6
 62
7
290
0
291
1
  0
VISUALSTYLE
  5
6B
102
{ACAD_REACTORS
330
16
102
}
330
16
100
AcDbVisualStyle
  2
Realistic
 70
8
 90
2
 40
0.6
 62
7
290
0
291
0
  0
VISUALSTYLE
  5
6C
102
{ACAD_REACTORS
330
16
102
}
330
16
100
AcDbVisualStyle
  2
Shaded
 70
27
 90
2
 40
0.6
 62
7
290
0
291
0
  0
VISUALSTYLE
  5
6D
102
{ACAD_REACTORS
330
16
102
}
330
16
100
AcDbVisualStyle
  2
Shaded with edges
 70
26
 90
2
 40
0.6
 62
7
290
0
291
0
  0
VISUALSTYLE
  5
6E
102
{ACAD_REACTORS
330
16
102
}
330
16
100
AcDbVisualStyle
  2
Shades of Gray
 70
23
 90
2
 40
0.6
 62
7
290
0
291
0
  0
VISUALSTYLE
  5
6F
102
{ACAD_REACTORS
330
16
102
}
330
16
100
AcDbVisualStyle
  2
Sketchy
 70
24
 90
1
 40
0.6
 62
7
290
0
291
0
  0
VISUALSTYLE
  5
70
102
{ACAD_REACTORS
330
16
102
}
330
16
100
AcDbVisualStyle
  2
Thicken
 70
13
 90
2
 40
0.6
 62
7
290
0
291
1
  0
VISUALSTYLE
  5
71
102
{ACAD_REACTORS
330
16
102
}
330
16
100
AcDbVisualStyle
  2
Wireframe
 70
5
 90
0
 40
0.6
 62
7
290
0
291
0
  0
VISUALSTYLE
  5
72
102
{ACAD_REACTORS
330
16
102
}
330
16
100
AcDbVisualStyle
  2
X-Ray
 70
25
 90
2
 40
0.5
 62
7
290
0
291
0
  0
DICTIONARYVAR
  5
14D
330
2D
100
DictionaryVariables
280
0
  1
1.4.4 @ 2026-10-01T06:48:46.600471+00:00
  0
ENDSEC
  0
EOF
