  0
SECTION
  2
HEADER
  9
$ACADVER
  1
AC1024
  9
$ACADMAINTVER
 70
6
  9
$DWGCODEPAGE
  3
ANSI_1252
  9
$LASTSAVEDBY
  1
ezdxf
  9
$INSBASE
 10
0.0
 20
0.0
 30
0.0
  9
$EXTMIN
 10
1e+20
 20
1e+20
 30
1e+20
  9
$EXTMAX
 10
-1e+20
 20
-1e+20
 30
-1e+20
  9
$LIMMIN
 10
0.0
 20
0.0
  9
$LIMMAX
 10
420.0
 20
297.0
  9
$ORTHOMODE
 70
0
  9
$REGENMODE
 70
1
  9
$FILLMODE
 70
1
  9
$QTEXTMODE
 70
0
  9
$MIRRTEXT
 70
1
  9
$LTSCALE
 40
1.0
  9
$ATTMODE
 70
1
  9
$TEXTSIZE
 40
2.5
  9
$TRACEWID
 40
1.0
  9
$TEXTSTYLE
  7
OpenSans
  9
$CLAYER
  8
0
  9
$CELTYPE
  6
ByLayer
  9
$CECOLOR
 62
256
  9
$CELTSCALE
 40
1.0
  9
$DISPSILH
 70
0
  9
$DIMSCALE
 40
1.0
  9
$DIMASZ
 40
0.175
  9
$DIMEXO
 40
0.125
  9
$DIMDLI
 40
3.75
  9
$DIMRND
 40
0.0
  9
$DIMDLE
 40
0.0
  9
$DIMEXE
 40
0.375
  9
$DIMTP
 40
0.0
  9
$DIMTM
 40
0.0
  9
$DIMTXT
 40
0.25
  9
$DIMCEN
 40
2.5
  9
$DIMTSZ
 40
0.0
  9
$DIMTOL
 70
0
  9
$DIMLIM
 70
0
  9
$DIMTIH
 70
0
  9
$DIMTOH
 70
0
  9
$DIMSE1
 70
0
  9
$DIMSE2
 70
0
  9
$DIMTAD
 70
1
  9
$DIMZIN
 70
12
  9
$DIMBLK
  1
ARCHTICK
  9
$DIMASO
 70
1
  9
$DIMSHO
 70
1
  9
$DIMPOST
  1

  9
$DIMAPOST
  1

  9
$DIMALT
 70
0
  9
$DIMALTD
 70
3
  9
$DIMALTF
 40
0.03937007874
  9
$DIMLFAC
 40
100.0
  9
$DIMTOFL
 70
1
  9
$DIMTVP
 40
0.0
  9
$DIMTIX
 70
0
  9
$DIMSOXD
 70
0
  9
$DIMSAH
 70
0
  9
$DIMBLK1
  1

  9
$DIMBLK2
  1

  9
$DIMSTYLE
  2
EZDXF
  9
$DIMCLRD
 70
0
  9
$DIMCLRE
 70
0
  9
$DIMCLRT
 70
0
  9
$DIMTFAC
 40
0.5
  9
$DIMGAP
 40
0.1
  9
$DIMJUST
 70
0
  9
$DIMSD1
 70
0
  9
$DIMSD2
 70
0
  9
$DIMTOLJ
 70
0
  9
$DIMTZIN
 70
8
  9
$DIMALTZ
 70
0
  9
$DIMALTTZ
 70
0
  9
$DIMUPT
 70
1
  9
$DIMDEC
 70
2
  9
$DIMTDEC
 70
2
  9
$DIMALTU
 70
2
  9
$DIMALTTD
 70
3
  9
$DIMTXSTY
  7
OpenSansCondensed-Light
  9
$DIMAUNIT
 70
0
  9
$DIMADEC
 70
2
  9
$DIMALTRND
 40
0.0
  9
$DIMAZIN
 70
3
  9
$DIMDSEP
 70
46
  9
$DIMATFIT
 70
3
  9
$DIMFRAC
 70
0
  9
$DIMLDRBLK
  1

  9
$DIMLUNIT
 70
2
  9
$DIMLWD
 70
-2
  9
$DIMLWE
 70
-2
  9
$DIMTMOVE
 70
2
  9
$DIMFXL
 40
1.0
  9
$DIMFXLON
 70
0
  9
$DIMJOGANG
 40
0.785398163397
  9
$DIMTFILL
 70
0
  9
$DIMTFILLCLR
 70
0
  9
$DIMARCSYM
 70
0
  9
$DIMLTYPE
  6

  9
$DIMLTEX1
  6

  9
$DIMLTEX2
  6

  9
$DIMTXTDIRECTION
 70
0
  9
$LUNITS
 70
2
  9
$LUPREC
 70
4
  9
$SKETCHINC
 40
1.0
  9
$FILLETRAD
 40
10.0
  9
$AUNITS
 70
0
  9
$AUPREC
 70
2
  9
$MENU
  1
.
  9
$ELEVATION
 40
0.0
  9
$PELEVATION
 40
0.0
  9
$THICKNESS
 40
0.0
  9
$LIMCHECK
 70
0
  9
$CHAMFERA
 40
0.0
  9
$CHAMFERB
 40
0.0
  9
$CHAMFERC
 40
0.0
  9
$CHAMFERD
 40
0.0
  9
$SKPOLY
 70
0
  9
$TDCREATE
 40
2461315.283935185
  9
$TDUCREATE
 40
2458532.153996898
  9
$TDUPDATE
 40
2461315.283935185
  9
$TDUUPDATE
 40
2458532.1544311
  9
$TDINDWG
 40
0.0
  9
$TDUSRTIMER
 40
0.0
  9
$USRTIMER
 70
1
  9
$ANGBASE
 50
0.0
  9
$ANGDIR
 70
0
  9
$PDMODE
 70
0
  9
$PDSIZE
 40
0.0
  9
$PLINEWID
 40
0.0
  9
$SPLFRAME
 70
0
  9
$SPLINETYPE
 70
6
  9
$SPLINESEGS
 70
8
  9
$HANDSEED
  5
185
  9
$SURFTAB1
 70
6
  9
$SURFTAB2
 70
6
  9
$SURFTYPE
 70
6
  9
$SURFU
 70
6
  9
$SURFV
 70
6
  9
$UCSBASE
  2

  9
$UCSNAME
  2

  9
$UCSORG
 10
0.0
 20
0.0
 30
0.0
  9
$UCSXDIR
 10
1.0
 20
0.0
 30
0.0
  9
$UCSYDIR
 10
0.0
 20
1.0
 30
0.0
  9
$UCSORTHOREF
  2

  9
$UCSORTHOVIEW
 70
0
  9
$UCSORGTOP
 10
0.0
 20
0.0
 30
0.0
  9
$UCSORGBOTTOM
 10
0.0
 20
0.0
 30
0.0
  9
$UCSORGLEFT
 10
0.0
 20
0.0
 30
0.0
  9
$UCSORGRIGHT
 10
0.0
 20
0.0
 30
0.0
  9
$UCSORGFRONT
 10
0.0
 20
0.0
 30
0.0
  9
$UCSORGBACK
 10
0.0
 20
0.0
 30
0.0
  9
$PUCSBASE
  2

  9
$PUCSNAME
  2

  9
$PUCSORG
 10
0.0
 20
0.0
 30
0.0
  9
$PUCSXDIR
 10
1.0
 20
0.0
 30
0.0
  9
$PUCSYDIR
 10
0.0
 20
1.0
 30
0.0
  9
$PUCSORTHOREF
  2

  9
$PUCSORTHOVIEW
 70
0
  9
$PUCSORGTOP
 10
0.0
 20
0.0
 30
0.0
  9
$PUCSORGBOTTOM
 10
0.0
 20
0.0
 30
0.0
  9
$PUCSORGLEFT
 10
0.0
 20
0.0
 30
0.0
  9
$PUCSORGRIGHT
 10
0.0
 20
0.0
 30
0.0
  9
$PUCSORGFRONT
 10
0.0
 20
0.0
 30
0.0
  9
$PUCSORGBACK
 10
0.0
 20
0.0
 30
0.0
  9
$USERI1
 70
0
  9
$USERI2
 70
0
  9
$USERI3
 70
0
  9
$USERI4
 70
0
  9
$USERI5
 70
0
  9
$USERR1
 40
0.0
  9
$USERR2
 40
0.0
  9
$USERR3
 40
0.0
  9
$USERR4
 40
0.0
  9
$USERR5
 40
0.0
  9
$WORLDVIEW
 70
1
  9
$SHADEDGE
 70
3
  9
$SHADEDIF
 70
70
  9
$TILEMODE
 70
1
  9
$MAXACTVP
 70
64
  9
$PINSBASE
 10
0.0
 20
0.0
 30
0.0
  9
$PLIMCHECK
 70
0
  9
$PEXTMIN
 10
1e+20
 20
1e+20
 30
1e+20
  9
$PEXTMAX
 10
-1e+20
 20
-1e+20
 30
-1e+20
  9
$PLIMMIN
 10
0.0
 20
0.0
  9
$PLIMMAX
 10
420.0
 20
297.0
  9
$UNITMODE
 70
0
  9
$VISRETAIN
 70
1
  9
$PLINEGEN
 70
0
  9
$PSLTSCALE
 70
1
  9
$TREEDEPTH
 70
3020
  9
$CMLSTYLE
  2
Standard
  9
$CMLJUST
 70
0
  9
$CMLSCALE
 40
20.0
  9
$PROXYGRAPHICS
 70
1
  9
$MEASUREMENT
 70
1
  9
$CELWEIGHT
370
-1
  9
$ENDCAPS
280
0
  9
$JOINSTYLE
280
0
  9
$LWDISPLAY
290
0
  9
$INSUNITS
 70
4
  9
$HYPERLINKBASE
  1

  9
$STYLESHEET
  1

  9
$XEDIT
290
1
  9
$CEPSNTYPE
380
0
  9
$PSTYLEMODE
290
1
  9
$FINGERPRINTGUID
  2
{E6FE7E29-E9D1-4856-944D-746357AE9394}
  9
$VERSIONGUID
  2
{035D986D-0ACE-4697-A6F8-D3C07A73F375}
  9
$EXTNAMES
290
1
  9
$PSVPSCALE
 40
0.0
  9
$OLESTARTUP
290
0
  9
$SORTENTS
280
127
  9
$INDEXCTL
280
0
  9
$HIDETEXT
280
1
  9
$XCLIPFRAME
280
1
  9
$HALOGAP
280
0
  9
$OBSCOLOR
 70
257
  9
$OBSLTYPE
280
0
  9
$INTERSECTIONDISPLAY
280
0
  9
$INTERSECTIONCOLOR
 70
257
  9
$DIMASSOC
280
2
  9
$PROJECTNAME
  1

  9
$CAMERADISPLAY
290
0
  9
$LENSLENGTH
 40
50.0
  9
$CAMERAHEIGHT
 40
0.0
  9
$STEPSPERSEC
 40
24.0
  9
$STEPSIZE
 40
100.0
  9
$3DDWFPREC
 40
2.0
  9
$PSOLWIDTH
 40
0.005
  9
$PSOLHEIGHT
 40
0.08
  9
$LOFTANG1
 40
1.570796326795
  9
$LOFTANG2
 40
1.570796326795
  9
$LOFTMAG1
 40
0.0
  9
$LOFTMAG2
 40
0.0
  9
$LOFTPARAM
 70
7
  9
$LOFTNORMALS
280
1
  9
$LATITUDE
 40
37.795
  9
$LONGITUDE
 40
-122.394
  9
$NORTHDIRECTION
 40
0.0
  9
$TIMEZONE
 70
-8000
  9
$LIGHTGLYPHDISPLAY
280
1
  9
$TILEMODELIGHTSYNCH
280
1
  9
$CMATERIAL
347
20
  9
$SOLIDHIST
280
0
  9
$SHOWHIST
280
1
  9
$DWFFRAME
280
2
  9
$DGNFRAME
280
2
  9
$REALWORLDSCALE
290
1
  9
$INTERFERECOLOR
 62
256
  9
$CSHADOW
280
0
  9
$SHADOWPLANELOCATION
 40
0.0
  0
ENDSEC
  0
SECTION
  2
CLASSES
  0
CLASS
  1
ACDBDICTIONARYWDFLT
  2
AcDbDictionaryWithDefault
  3
ObjectDBX Classes
 90
0
 91
0
280
0
281
0
  0
CLASS
  1
SUN
  2
AcDbSun
  3
SCENEOE
 90
1153
 91
0
280
0
281
0
  0
CLASS
  1
VISUALSTYLE
  2
AcDbVisualStyle
  3
ObjectDBX Classes
 90
4095
 91
0
280
0
281
0
  0
CLASS
  1
MATERIAL
  2
AcDbMaterial
  3
ObjectDBX Classes
 90
1153
 91
0
280
0
281
0
  0
CLASS
  1
SCALE
  2
AcDbScale
  3
ObjectDBX Classes
 90
1153
 91
0
280
0
281
0
  0
CLASS
  1
TABLESTYLE
  2
AcDbTableStyle
  3
ObjectDBX Classes
 90
4095
 91
0
280
0
281
0
  0
CLASS
  1
MLEADERSTYLE
  2
AcDbMLeaderStyle
  3
ACDB_MLEADERSTYLE_CLASS
 90
4095
 91
0
280
0
281
0
  0
CLASS
  1
DICTIONARYVAR
  2
AcDbDictionaryVar
  3
ObjectDBX Classes
 90
0
 91
0
280
0
281
0
  0
CLASS
  1
CELLSTYLEMAP
  2
AcDbCellStyleMap
  3
ObjectDBX Classes
 90
1152
 91
0
280
0
281
0
  0
CLASS
  1
MENTALRAYRENDERSETTINGS
  2
AcDbMentalRayRenderSettings
  3
SCENEOE
 90
1024
 91
0
280
0
281
0
  0
CLASS
  1
ACDBDETAILVIEWSTYLE
  2
AcDbDetailViewStyle
  3
ObjectDBX Classes
 90
1025
 91
0
280
0
281
0
  0
CLASS
  1
ACDBSECTIONVIEWSTYLE
  2
AcDbSectionViewStyle
  3
ObjectDBX Classes
 90
1025
 91
0
280
0
281
0
  0
CLASS
  1
RASTERVARIABLES
  2
AcDbRasterVariables
  3
ISM
 90
0
 91
0
280
0
281
0
  0
CLASS
  1
ACDBPLACEHOLDER
  2
AcDbPlaceHolder
  3
ObjectDBX Classes
 90
0
 91
0
280
0
281
0
  0
CLASS
  1
LAYOUT
  2
AcDbLayout
  3
ObjectDBX Classes
 90
0
 91
0
280
0
281
0
  0
ENDSEC
  0
SECTION
  2
TABLES
  0
TABLE
  2
VPORT
  5
8
330
0
100
AcDbSymbolTable
 70
1
  0
VPORT
  5
23
330
8
100
AcDbSymbolTableRecord
100
AcDbViewportTableRecord
  2
*Active
 70
0
 10
0.0
 20
0.0
 11
1.0
 21
1.0
 12
0.0
 22
0.0
 13
0.0
 23
0.0
 14
0.5
 24
0.5
 15
0.5
 25
0.5
 16
0.0
 26
0.0
 36
1.0
 17
0.0
 27
0.0
 37
0.0
 40
1000.0
 41
1.34
 42
50.0
 43
0.0
 44
0.0
 50
0.0
 51
0.0
 71
0
 72
1000
 73
1
 74
3
 75
0
 76
0
 77
0
 78
0
281
0
 65
0
146
0.0
  0
ENDTAB
  0
TABLE
  2
LTYPE
  5
2
330
0
100
AcDbSymbolTable
 70
21
  0
LTYPE
  5
24
330
2
100
AcDbSymbolTableRecord
100
AcDbLinetypeTableRecord
  2
ByBlock
 70
0
  3

 72
65
 73
0
 40
0.0
  0
LTYPE
  5
25
330
2
100
AcDbSymbolTableRecord
100
AcDbLinetypeTableRecord
  2
ByLayer
 70
0
  3

 72
65
 73
0
 40
0.0
  0
LTYPE
  5
26
330
2
100
AcDbSymbolTableRecord
100
AcDbLinetypeTableRecord
  2
Continuous
 70
0
  3

 72
65
 73
0
 40
0.0
  0
LTYPE
  5
2F
330
2
100
AcDbSymbolTableRecord
100
AcDbLinetypeTableRecord
  2
CENTER
 70
0
  3
Center ____ _ ____ _ ____ _ ____ _ ____ _ ____
 72
65
 73
4
 40
5.08
 49
3.175
 74
0
 49
-0.635
 74
0
 49
0.635
 74
0
 49
-0.635
 74
0
  0
LTYPE
  5
30
330
2
100
AcDbSymbolTableRecord
100
AcDbLinetypeTableRecord
  2
CENTERX2
 70
0
  3
Center (2x) ________  __  ________  __  ________
 72
65
 73
4
 40
8.89
 49
6.35
 74
0
 49
-0.635
 74
0
 49
1.27
 74
0
 49
-0.635
 74
0
  0
LTYPE
  5
31
330
2
100
AcDbSymbolTableRecord
100
AcDbLinetypeTableRecord
  2
CENTER2
 70
0
  3
Center (.5x) ____ _ ____ _ ____ _ ____ _ ____
 72
65
 73
4
 40
2.54
 49
1.587
 74
0
 49
-0.318
 74
0
 49
0.318
 74
0
 49
-0.318
 74
0
  0
LTYPE
  5
32
330
2
100
AcDbSymbolTableRecord
100
AcDbLinetypeTableRecord
  2
DASHED
 70
0
  3
Dashed __ __ __ __ __ __ __ __ __ __ __ __ __ _
 72
65
 73
2
 40
1.524
 49
1.27
 74
0
 49
-0.254
 74
0
  0
LTYPE
  5
33
330
2
100
AcDbSymbolTableRecord
100
AcDbLinetypeTableRecord
  2
DASHEDX2
 70
0
  3
Dashed (2x) ____  ____  ____  ____  ____  ____
 72
65
 73
2
 40
3.048
 49
2.54
 74
0
 49
-0.508
 74
0
  0
LTYPE
  5
34
330
2
100
AcDbSymbolTableRecord
100
AcDbLinetypeTableRecord
  2
DASHED2
 70
0
  3
Dashed (.5x) _ _ _ _ _ _ _ _ _ _ _ _ _ _
 72
65
 73
2
 40
0.762
 49
0.635
 74
0
 49
-0.127
 74
0
  0
LTYPE
  5
35
330
2
100
AcDbSymbolTableRecord
100
AcDbLinetypeTableRecord
  2
PHANTOM
 70
0
  3
Phantom ______  __  __  ______  __  __  ______
 72
65
 73
6
 40
6.35
 49
3.175
 74
0
 49
-0.635
 74
0
 49
0.635
 74
0
 49
-0.635
 74
0
 49
0.635
 74
0
 49
-0.635
 74
0
  0
LTYPE
  5
36
330
2
100
AcDbSymbolTableRecord
100
AcDbLinetypeTableRecord
  2
PHANTOMX2
 70
0
  3
Phantom (2x)____________    ____    ____    ____________
 72
65
 73
6
 40
10.795
 49
6.35
 74
0
 49
-0.635
 74
0
 49
1.27
 74
0
 49
-0.635
 74
0
 49
1.27
 74
0
 49
-0.635
 74
0
  0
LTYPE
  5
37
330
2
100
AcDbSymbolTableRecord
100
AcDbLinetypeTableRecord
  2
PHANTOM2
 70
0
  3
Phantom (.5x) ___ _ _ ___ _ _ ___ _ _ ___ _ _ ___
 72
65
 73
6
 40
3.175
 49
1.587
 74
0
 49
-0.318
 74
0
 49
0.318
 74
0
 49
-0.318
 74
0
 49
0.318
 74
0
 49
-0.318
 74
0
  0
LTYPE
  5
38
330
2
100
AcDbSymbolTableRecord
100
AcDbLinetypeTableRecord
  2
DASHDOT
 70
0
  3
Dash dot __ . __ . __ . __ . __ . __ . __ . __
 72
65
 73
4
 40
3.556
 49
2.54
 74
0
 49
-0.508
 74
0
 49
0.0
 74
0
 49
-0.508
 74
0
  0
LTYPE
  5
39
330
2
100
AcDbSymbolTableRecord
100
AcDbLinetypeTableRecord
  2
DASHDOTX2
 70
0
  3
Dash dot (2x) ____  .  ____  .  ____  .  ____
 72
65
 73
4
 40
6.096
 49
5.08
 74
0
 49
-0.508
 74
0
 49
0.0
 74
0
 49
-0.508
 74
0
  0
LTYPE
  5
3A
330
2
100
AcDbSymbolTableRecord
100
AcDbLinetypeTableRecord
  2
DASHDOT2
 70
0
  3
Dash dot (.5x) _ . _ . _ . _ . _ . _ . _ . _
 72
65
 73
4
 40
1.778
 49
1.27
 74
0
 49
-0.254
 74
0
 49
0.0
 74
0
 49
-0.254
 74
0
  0
LTYPE
  5
3B
330
2
100
AcDbSymbolTableRecord
100
AcDbLinetypeTableRecord
  2
DOT
 70
0
  3
Dot .  .  .  .  .  .  .  .  .  .  .  .  .  .  .  .
 72
65
 73
2
 40
0.508
 49
0.0
 74
0
 49
-0.508
 74
0
  0
LTYPE
  5
3C
330
2
100
AcDbSymbolTableRecord
100
AcDbLinetypeTableRecord
  2
DOTX2
 70
0
  3
Dot (2x) .    .    .    .    .    .    .    . 
 72
65
 73
2
 40
1.016
 49
0.0
 74
0
 49
-1.016
 74
0
  0
LTYPE
  5
3D
330
2
100
AcDbSymbolTableRecord
100
AcDbLinetypeTableRecord
  2
DOT2
 70
0
  3
Dot (.5) . . . . . . . . . . . . . . . . . . . 
 72
65
 73
2
 40
0.254
 49
0.0
 74
0
 49
-0.254
 74
0
  0
LTYPE
  5
3E
330
2
100
AcDbSymbolTableRecord
100
AcDbLinetypeTableRecord
  2
DIVIDE
 70
0
  3
Divide __ . . __ . . __ . . __ . . __ . . __
 72
65
 73
6
 40
4.064
 49
2.54
 74
0
 49
-0.508
 74
0
 49
0.0
 74
0
 49
-0.508
 74
0
 49
0.0
 74
0
 49
-0.508
 74
0
  0
LTYPE
  5
3F
330
2
100
AcDbSymbolTableRecord
100
AcDbLinetypeTableRecord
  2
DIVIDEX2
 70
0
  3
Divide (2x) ____  . .  ____  . .  ____  . .  ____
 72
65
 73
6
 40
6.604
 49
5.08
 74
0
 49
-0.508
 74
0
 49
0.0
 74
0
 49
-0.508
 74
0
 49
0.0
 74
0
 49
-0.508
 74
0
  0
LTYPE
  5
40
330
2
100
AcDbSymbolTableRecord
100
AcDbLinetypeTableRecord
  2
DIVIDE2
 70
0
  3
Divide(.5x) _ . _ . _ . _ . _ . _ . _ . _
 72
65
 73
6
 40
2.032
 49
1.27
 74
0
 49
-0.254
 74
0
 49
0.0
 74
0
 49
-0.254
 74
0
 49
0.0
 74
0
 49
-0.254
 74
0
  0
ENDTAB
  0
TABLE
  2
LAYER
  5
1
330
0
100
AcDbSymbolTable
 70
12
  0
LAYER
  5
27
330
1
100
AcDbSymbolTableRecord
100
AcDbLayerTableRecord
  2
0
 70
0
 62
7
  6
Continuous
370
-3
390
13
347
21
  0
LAYER
  5
28
330
1
100
AcDbSymbolTableRecord
100
AcDbLayerTableRecord
  2
Defpoints
 70
0
 62
7
  6
Continuous
290
0
370
-3
390
13
347
21
  0
LAYER
  5
8A
330
1
100
AcDbSymbolTableRecord
100
AcDbLayerTableRecord
  2
CUT_OUTSIDE
 70
0
 62
1
  6
Continuous
370
-3
390
13
347
21
1001
AcAecLayerStandard
1000

1000
Profile cut, OUTSIDE the line, through 18 mm (add tabs)
  0
LAYER
  5
8C
330
1
100
AcDbSymbolTableRecord
100
AcDbLayerTableRecord
  2
CUT_NESTED
 70
0
 62
140
  6
Continuous
370
-3
390
13
347
21
1001
AcAecLayerStandard
1000

1000
Small parts nested inside a window: cut OUTSIDE the line, BEFORE CUT_INSIDE (add tabs)
  0
LAYER
  5
8D
330
1
100
AcDbSymbolTableRecord
100
AcDbLayerTableRecord
  2
CUT_INSIDE
 70
0
 62
5
  6
Continuous
370
-3
390
13
347
21
1001
AcAecLayerStandard
1000

1000
Profile cut, INSIDE the line, through 18 mm (windows, holes, slots, letters)
  0
LAYER
  5
8E
330
1
100
AcDbSymbolTableRecord
100
AcDbLayerTableRecord
  2
CUT_DOOR
 70
0
 62
6
  6
Continuous
370
-3
390
13
347
21
1001
AcAecLayerStandard
1000

1000
Door openings: cut ON the line, through — the loose piece becomes the door
  0
LAYER
  5
8F
330
1
100
AcDbSymbolTableRecord
100
AcDbLayerTableRecord
  2
DRILL_7
 70
0
 62
3
  6
Continuous
370
-3
390
13
347
21
1001
AcAecLayerStandard
1000

1000
Drill 7 mm through (confirmat screw shank holes)
  0
LAYER
  5
90
330
1
100
AcDbSymbolTableRecord
100
AcDbLayerTableRecord
  2
DRILL_10
 70
0
 62
4
  6
Continuous
370
-3
390
13
347
21
1001
AcAecLayerStandard
1000

1000
Drill 10 mm through (M8 T-nuts / bolts / levelling feet)
  0
LAYER
  5
91
330
1
100
AcDbSymbolTableRecord
100
AcDbLayerTableRecord
  2
POCKET_8
 70
0
 62
30
  6
Continuous
370
-3
390
13
347
21
1001
AcAecLayerStandard
1000

1000
Pocket 8 mm deep (LED strip channels)
  0
LAYER
  5
92
330
1
100
AcDbSymbolTableRecord
100
AcDbLayerTableRecord
  2
ENGRAVE_V
 70
0
 62
2
  6
Continuous
370
-3
390
13
347
21
1001
AcAecLayerStandard
1000

1000
V-bit engrave 3 mm deep, 60/90 deg (decoration, text)
  0
LAYER
  5
93
330
1
100
AcDbSymbolTableRecord
100
AcDbLayerTableRecord
  2
SHEET
 70
0
 62
8
  6
Continuous
370
-3
390
13
347
21
1001
AcAecLayerStandard
1000

1000
Sheet outline 1220 x 2440 — do not cut
  0
LAYER
  5
94
330
1
100
AcDbSymbolTableRecord
100
AcDbLayerTableRecord
  2
LABELS
 70
0
 62
7
  6
Continuous
370
-3
390
13
347
21
1001
AcAecLayerStandard
1000

1000
Part names — do not cut
  0
ENDTAB
  0
TABLE
  2
STYLE
  5
5
330
0
100
AcDbSymbolTable
 70
26
  0
STYLE
  5
29
330
5
100
AcDbSymbolTableRecord
100
AcDbTextStyleTableRecord
  2
Standard
 70
0
 40
0.0
 41
1.0
 50
0.0
 71
0
 42
2.5
  3
txt
  4

  0
STYLE
  5
41
330
5
100
AcDbSymbolTableRecord
100
AcDbTextStyleTableRecord
  2
OpenSans-Light
 70
0
 40
0.0
 41
1.0
 50
0.0
 71
0
 42
2.5
  3
OpenSans-Light.ttf
  4

  0
STYLE
  5
42
330
5
100
AcDbSymbolTableRecord
100
AcDbTextStyleTableRecord
  2
OpenSans-Light-Italic
 70
0
 40
0.0
 41
1.0
 50
0.0
 71
0
 42
2.5
  3
OpenSans-LightItalic.ttf
  4

  0
STYLE
  5
43
330
5
100
AcDbSymbolTableRecord
100
AcDbTextStyleTableRecord
  2
OpenSans
 70
0
 40
0.0
 41
1.0
 50
0.0
 71
0
 42
2.5
  3
OpenSans-Regular.ttf
  4

  0
STYLE
  5
44
330
5
100
AcDbSymbolTableRecord
100
AcDbTextStyleTableRecord
  2
OpenSans-Italic
 70
0
 40
0.0
 41
1.0
 50
0.0
 71
0
 42
2.5
  3
OpenSans-Italic.ttf
  4

  0
STYLE
  5
45
330
5
100
AcDbSymbolTableRecord
100
AcDbTextStyleTableRecord
  2
OpenSans-SemiBold
 70
0
 40
0.0
 41
1.0
 50
0.0
 71
0
 42
2.5
  3
OpenSans-SemiBold.ttf
  4

  0
STYLE
  5
46
330
5
100
AcDbSymbolTableRecord
100
AcDbTextStyleTableRecord
  2
OpenSans-SemiBoldItalic
 70
0
 40
0.0
 41
1.0
 50
0.0
 71
0
 42
2.5
  3
OpenSans-SemiBoldItalic.ttf
  4

  0
STYLE
  5
47
330
5
100
AcDbSymbolTableRecord
100
AcDbTextStyleTableRecord
  2
OpenSans-Bold
 70
0
 40
0.0
 41
1.0
 50
0.0
 71
0
 42
2.5
  3
OpenSans-Bold.ttf
  4

  0
STYLE
  5
48
330
5
100
AcDbSymbolTableRecord
100
AcDbTextStyleTableRecord
  2
OpenSans-BoldItalic
 70
0
 40
0.0
 41
1.0
 50
0.0
 71
0
 42
2.5
  3
OpenSans-BoldItalic.ttf
  4

  0
STYLE
  5
49
330
5
100
AcDbSymbolTableRecord
100
AcDbTextStyleTableRecord
  2
OpenSans-ExtraBold
 70
0
 40
0.0
 41
1.0
 50
0.0
 71
0
 42
2.5
  3
OpenSans-ExtraBold.ttf
  4

  0
STYLE
  5
4A
330
5
100
AcDbSymbolTableRecord
100
AcDbTextStyleTableRecord
  2
OpenSans-ExtraBoldItalic
 70
0
 40
0.0
 41
1.0
 50
0.0
 71
0
 42
2.5
  3
OpenSans-ExtraBoldItalic.ttf
  4

  0
STYLE
  5
4B
330
5
100
AcDbSymbolTableRecord
100
AcDbTextStyleTableRecord
  2
OpenSansCondensed-Bold
 70
0
 40
0.0
 41
1.0
 50
0.0
 71
0
 42
2.5
  3
OpenSansCondensed-Bold.ttf
  4

  0
STYLE
  5
4C
330
5
100
AcDbSymbolTableRecord
100
AcDbTextStyleTableRecord
  2
OpenSansCondensed-Light
 70
0
 40
0.0
 41
1.0
 50
0.0
 71
0
 42
2.5
  3
OpenSansCondensed-Light.ttf
  4

  0
STYLE
  5
4D
330
5
100
AcDbSymbolTableRecord
100
AcDbTextStyleTableRecord
  2
OpenSansCondensed-Italic
 70
0
 40
0.0
 41
1.0
 50
0.0
 71
0
 42
2.5
  3
OpenSansCondensed-LightItalic.ttf
  4

  0
STYLE
  5
4E
330
5
100
AcDbSymbolTableRecord
100
AcDbTextStyleTableRecord
  2
LiberationSans
 70
0
 40
0.0
 41
1.0
 50
0.0
 71
0
 42
2.5
  3
LiberationSans-Regular.ttf
  4

  0
STYLE
  5
4F
330
5
100
AcDbSymbolTableRecord
100
AcDbTextStyleTableRecord
  2
LiberationSans-Bold
 70
0
 40
0.0
 41
1.0
 50
0.0
 71
0
 42
2.5
  3
LiberationSans-Bold.ttf
  4

  0
STYLE
  5
50
330
5
100
AcDbSymbolTableRecord
100
AcDbTextStyleTableRecord
  2
LiberationSans-BoldItalic
 70
0
 40
0.0
 41
1.0
 50
0.0
 71
0
 42
2.5
  3
LiberationSans-BoldItalic.ttf
  4

  0
STYLE
  5
51
330
5
100
AcDbSymbolTableRecord
100
AcDbTextStyleTableRecord
  2
LiberationSans-Italic
 70
0
 40
0.0
 41
1.0
 50
0.0
 71
0
 42
2.5
  3
LiberationSans-Italic.ttf
  4

  0
STYLE
  5
52
330
5
100
AcDbSymbolTableRecord
100
AcDbTextStyleTableRecord
  2
LiberationSerif
 70
0
 40
0.0
 41
1.0
 50
0.0
 71
0
 42
2.5
  3
LiberationSerif-Regular.ttf
  4

  0
STYLE
  5
53
330
5
100
AcDbSymbolTableRecord
100
AcDbTextStyleTableRecord
  2
LiberationSerif-Bold
 70
0
 40
0.0
 41
1.0
 50
0.0
 71
0
 42
2.5
  3
LiberationSerif-Bold.ttf
  4

  0
STYLE
  5
54
330
5
100
AcDbSymbolTableRecord
100
AcDbTextStyleTableRecord
  2
LiberationSerif-BoldItalic
 70
0
 40
0.0
 41
1.0
 50
0.0
 71
0
 42
2.5
  3
LiberationSerif-BoldItalic.ttf
  4

  0
STYLE
  5
55
330
5
100
AcDbSymbolTableRecord
100
AcDbTextStyleTableRecord
  2
LiberationSerif-Italic
 70
0
 40
0.0
 41
1.0
 50
0.0
 71
0
 42
2.5
  3
LiberationSerif-Italic.ttf
  4

  0
STYLE
  5
56
330
5
100
AcDbSymbolTableRecord
100
AcDbTextStyleTableRecord
  2
LiberationMono
 70
0
 40
0.0
 41
1.0
 50
0.0
 71
0
 42
2.5
  3
LiberationMono-Regular.ttf
  4

  0
STYLE
  5
57
330
5
100
AcDbSymbolTableRecord
100
AcDbTextStyleTableRecord
  2
LiberationMono-Bold
 70
0
 40
0.0
 41
1.0
 50
0.0
 71
0
 42
2.5
  3
LiberationMono-Bold.ttf
  4

  0
STYLE
  5
58
330
5
100
AcDbSymbolTableRecord
100
AcDbTextStyleTableRecord
  2
LiberationMono-BoldItalic
 70
0
 40
0.0
 41
1.0
 50
0.0
 71
0
 42
2.5
  3
LiberationMono-BoldItalic.ttf
  4

  0
STYLE
  5
59
330
5
100
AcDbSymbolTableRecord
100
AcDbTextStyleTableRecord
  2
LiberationMono-Italic
 70
0
 40
0.0
 41
1.0
 50
0.0
 71
0
 42
2.5
  3
LiberationMono-Italic.ttf
  4

  0
ENDTAB
  0
TABLE
  2
VIEW
  5
7
330
0
100
AcDbSymbolTable
 70
0
  0
ENDTAB
  0
TABLE
  2
UCS
  5
6
330
0
100
AcDbSymbolTable
 70
0
  0
ENDTAB
  0
TABLE
  2
APPID
  5
3
330
0
100
AcDbSymbolTable
 70
4
  0
APPID
  5
2A
330
3
100
AcDbSymbolTableRecord
100
AcDbRegAppTableRecord
  2
ACAD
 70
0
  0
APPID
  5
8B
330
3
100
AcDbSymbolTableRecord
100
AcDbRegAppTableRecord
  2
AcAecLayerStandard
 70
0
  0
APPID
  5
182
330
3
100
AcDbSymbolTableRecord
100
AcDbRegAppTableRecord
  2
HATCHBACKGROUNDCOLOR
 70
0
  0
APPID
  5
183
330
3
100
AcDbSymbolTableRecord
100
AcDbRegAppTableRecord
  2
EZDXF
 70
0
  0
ENDTAB
  0
TABLE
  2
DIMSTYLE
  5
4
330
0
100
AcDbSymbolTable
 70
12
100
AcDbDimStyleTable
  0
DIMSTYLE
105
2B
330
4
100
AcDbSymbolTableRecord
100
AcDbDimStyleTableRecord
  2
Standard
 70
0
 40
1.0
 41
2.5
 42
0.625
 43
3.75
 44
1.25
 45
0.0
 46
0.0
 47
0.0
 48
0.0
 49
2.5
140
2.5
141
2.5
142
0.0
143
0.03937007874
144
1.0
145
0.0
146
1.0
147
0.625
148
0.0
 69
0
 70
0
 71
0
 72
0
 73
0
 74
0
 75
0
 76
0
 77
1
 78
8
 79
3
170
0
171
3
172
1
173
0
174
0
175
0
176
0
177
0
178
0
179
2
271
2
272
2
273
2
274
3
275
0
276
0
277
2
278
44
279
0
280
0
281
0
282
0
283
0
284
8
285
0
286
0
288
0
289
3
290
0
371
-2
372
-2
  0
DIMSTYLE
105
73
330
4
100
AcDbSymbolTableRecord
100
AcDbDimStyleTableRecord
  2
EZDXF
 70
0
 40
1.0
 41
0.175
 42
0.125
 43
3.75
 44
0.375
 45
0.0
 46
0.0
 47
0.0
 48
0.0
 49
2.5
140
0.25
141
2.5
142
0.0
143
0.03937007874
144
100.0
145
0.0
146
0.5
147
0.1
148
0.0
 69
0
 70
0
 71
0
 72
0
 73
0
 74
0
 75
0
 76
0
 77
1
 78
12
 79
3
170
0
171
3
172
1
173
0
174
0
175
0
176
0
177
0
178
0
179
2
271
2
272
2
273
2
274
3
275
0
276
0
277
2
278
46
279
2
280
0
281
0
282
0
283
0
284
8
285
0
286
0
288
1
289
3
290
0
340
4C
342
74
371
-2
372
-2
  0
DIMSTYLE
105
7C
330
4
100
AcDbSymbolTableRecord
100
AcDbDimStyleTableRecord
  2
EZ_M_100_H25_CM
 70
0
 40
1.0
 41
0.25
 42
0.125
 43
3.75
 44
0.375
 45
0.0
 46
0.0
 47
0.0
 48
0.0
 49
2.5
140
0.25
141
2.5
142
0.125
143
0.03937007874
144
100.0
145
0.0
146
0.5
147
0.1
148
0.0
 69
0
 70
0
 71
0
 72
0
 73
0
 74
0
 75
0
 76
0
 77
1
 78
12
 79
3
170
0
171
3
172
1
173
0
174
0
175
0
176
0
177
0
178
0
179
2
271
2
272
2
273
2
274
3
275
0
276
0
277
2
278
46
279
2
280
0
281
0
282
0
283
0
284
8
285
0
286
0
288
1
289
3
290
0
340
4C
371
-2
372
-2
  0
DIMSTYLE
105
7D
330
4
100
AcDbSymbolTableRecord
100
AcDbDimStyleTableRecord
  2
EZ_M_50_H25_CM
 70
0
 40
1.0
 41
0.125
 42
0.0625
 43
3.75
 44
0.1875
 45
0.0
 46
0.0
 47
0.0
 48
0.0
 49
2.5
140
0.125
141
2.5
142
0.0625
143
0.03937007874
144
100.0
145
0.0
146
0.5
147
0.05
148
0.0
 69
0
 70
0
 71
0
 72
0
 73
0
 74
0
 75
0
 76
0
 77
1
 78
12
 79
3
170
0
171
3
172
1
173
0
174
0
175
0
176
0
177
0
178
0
179
2
271
2
272
2
273
2
274
3
275
0
276
0
277
2
278
46
279
2
280
0
281
0
282
0
283
0
284
8
285
0
286
0
288
1
289
3
290
0
340
4C
371
-2
372
-2
  0
DIMSTYLE
105
7E
330
4
100
AcDbSymbolTableRecord
100
AcDbDimStyleTableRecord
  2
EZ_M_25_H25_CM
 70
0
 40
1.0
 41
0.0625
 42
0.03125
 43
3.75
 44
0.09375
 45
0.0
 46
0.0
 47
0.0
 48
0.0
 49
2.5
140
0.0625
141
2.5
142
0.03125
143
0.03937007874
144
100.0
145
0.0
146
0.5
147
0.025
148
0.0
 69
0
 70
0
 71
0
 72
0
 73
0
 74
0
 75
0
 76
0
 77
1
 78
12
 79
3
170
0
171
3
172
1
173
0
174
0
175
0
176
0
177
0
178
0
179
2
271
2
272
2
273
2
274
3
275
0
276
0
277
2
278
46
279
2
280
0
281
0
282
0
283
0
284
8
285
0
286
0
288
1
289
3
290
0
340
4C
371
-2
372
-2
  0
DIMSTYLE
105
7F
330
4
100
AcDbSymbolTableRecord
100
AcDbDimStyleTableRecord
  2
EZ_M_20_H25_CM
 70
0
 40
1.0
 41
0.05
 42
0.025
 43
3.75
 44
0.07500000000000001
 45
0.0
 46
0.0
 47
0.0
 48
0.0
 49
2.5
140
0.05
141
2.5
142
0.025
143
0.03937007874
144
100.0
145
0.0
146
0.5
147
0.020000000000000004
148
0.0
 69
0
 70
0
 71
0
 72
0
 73
0
 74
0
 75
0
 76
0
 77
1
 78
12
 79
3
170
0
171
3
172
1
173
0
174
0
175
0
176
0
177
0
178
0
179
2
271
2
272
2
273
2
274
3
275
0
276
0
277
2
278
46
279
2
280
0
281
0
282
0
283
0
284
8
285
0
286
0
288
1
289
3
290
0
340
4C
371
-2
372
-2
  0
DIMSTYLE
105
80
330
4
100
AcDbSymbolTableRecord
100
AcDbDimStyleTableRecord
  2
EZ_M_10_H25_CM
 70
0
 40
1.0
 41
0.025
 42
0.0125
 43
3.75
 44
0.037500000000000006
 45
0.0
 46
0.0
 47
0.0
 48
0.0
 49
2.5
140
0.025
141
2.5
142
0.0125
143
0.03937007874
144
100.0
145
0.0
146
0.5
147
0.010000000000000002
148
0.0
 69
0
 70
0
 71
0
 72
0
 73
0
 74
0
 75
0
 76
0
 77
1
 78
12
 79
3
170
0
171
3
172
1
173
0
174
0
175
0
176
0
177
0
178
0
179
2
271
2
272
2
273
2
274
3
275
0
276
0
277
2
278
46
279
2
280
0
281
0
282
0
283
0
284
8
285
0
286
0
288
1
289
3
290
0
340
4C
371
-2
372
-2
  0
DIMSTYLE
105
81
330
4
100
AcDbSymbolTableRecord
100
AcDbDimStyleTableRecord
  2
EZ_M_5_H25_CM
 70
0
 40
1.0
 41
0.0125
 42
0.00625
 43
3.75
 44
0.018750000000000003
 45
0.0
 46
0.0
 47
0.0
 48
0.0
 49
2.5
140
0.0125
141
2.5
142
0.00625
143
0.03937007874
144
100.0
145
0.0
146
0.5
147
0.005000000000000001
148
0.0
 69
0
 70
0
 71
0
 72
0
 73
0
 74
0
 75
0
 76
0
 77
1
 78
12
 79
3
170
0
171
3
172
1
173
0
174
0
175
0
176
0
177
0
178
0
179
2
271
2
272
2
273
2
274
3
275
0
276
0
277
2
278
46
279
2
280
0
281
0
282
0
283
0
284
8
285
0
286
0
288
1
289
3
290
0
340
4C
371
-2
372
-2
  0
DIMSTYLE
105
82
330
4
100
AcDbSymbolTableRecord
100
AcDbDimStyleTableRecord
  2
EZ_M_1_H25_CM
 70
0
 40
1.0
 41
0.0025
 42
0.00125
 43
3.75
 44
0.00375
 45
0.0
 46
0.0
 47
0.0
 48
0.0
 49
2.5
140
0.0025
141
2.5
142
0.00125
143
0.03937007874
144
100.0
145
0.0
146
0.5
147
0.001
148
0.0
 69
0
 70
0
 71
0
 72
0
 73
0
 74
0
 75
0
 76
0
 77
1
 78
12
 79
3
170
0
171
3
172
1
173
0
174
0
175
0
176
0
177
0
178
0
179
2
271
2
272
2
273
2
274
3
275
0
276
0
277
2
278
46
279
2
280
0
281
0
282
0
283
0
284
8
285
0
286
0
288
1
289
3
290
0
340
4C
371
-2
372
-2
  0
DIMSTYLE
105
83
330
4
100
AcDbSymbolTableRecord
100
AcDbDimStyleTableRecord
  2
EZ_RADIUS
 70
0
 40
1.0
 41
0.25
 42
0.125
 43
3.75
 44
0.375
 45
0.0
 46
0.0
 47
0.0
 48
0.0
 49
2.5
140
0.25
141
0.0
142
0.0
143
0.03937007874
144
100.0
145
0.0
146
0.5
147
0.1
148
0.0
 69
0
 70
0
 71
0
 72
0
 73
0
 74
0
 75
0
 76
0
 77
1
 78
12
 79
3
170
0
171
3
172
0
173
0
174
0
175
0
176
0
177
0
178
0
179
2
271
2
272
2
273
2
274
3
275
0
276
0
277
2
278
46
279
1
280
0
281
0
282
0
283
0
284
8
285
0
286
0
288
1
289
3
290
0
340
4C
342
84
371
-2
372
-2
  0
DIMSTYLE
105
88
330
4
100
AcDbSymbolTableRecord
100
AcDbDimStyleTableRecord
  2
EZ_RADIUS_INSIDE
 70
0
 40
1.0
 41
0.25
 42
0.125
 43
3.75
 44
0.375
 45
0.0
 46
0.0
 47
0.0
 48
0.0
 49
2.5
140
0.25
141
0.0
142
0.0
143
0.03937007874
144
100.0
145
0.0
146
0.5
147
0.1
148
0.0
 69
0
 70
0
 71
0
 72
0
 73
0
 74
0
 75
0
 76
0
 77
0
 78
12
 79
3
170
0
171
3
172
0
173
0
174
1
175
0
176
0
177
0
178
0
179
2
271
2
272
2
273
2
274
3
275
0
276
0
277
2
278
46
279
0
280
0
281
0
282
0
283
0
284
8
285
0
286
0
288
1
289
0
290
0
340
4C
342
84
371
-2
372
-2
  0
DIMSTYLE
105
89
330
4
100
AcDbSymbolTableRecord
100
AcDbDimStyleTableRecord
  2
EZ_CURVED
 70
0
 40
1.0
 41
0.25
 42
0.125
 43
3.75
 44
0.375
 45
0.0
 46
0.0
 47
0.0
 48
0.0
 49
2.5
140
0.25
141
2.5
142
0.0
143
0.03937007874
144
100.0
145
0.0
146
0.5
147
0.1
148
0.0
 69
0
 70
0
 71
0
 72
0
 73
0
 74
0
 75
0
 76
0
 77
1
 78
12
 79
2
 90
2
170
0
171
3
172
1
173
0
174
0
175
0
176
0
177
0
178
0
179
2
271
2
272
2
273
2
274
3
275
0
276
0
277
2
278
46
279
2
280
0
281
0
282
0
283
0
284
8
285
0
286
0
288
1
289
3
290
0
340
4C
371
-2
372
-2
  0
ENDTAB
  0
TABLE
  2
BLOCK_RECORD
  5
9
330
0
100
AcDbSymbolTable
 70
5
  0
BLOCK_RECORD
  5
17
330
9
100
AcDbSymbolTableRecord
100
AcDbBlockTableRecord
  2
*Model_Space
340
1A
 70
0
280
1
281
0
  0
BLOCK_RECORD
  5
1B
330
9
100
AcDbSymbolTableRecord
100
AcDbBlockTableRecord
  2
*Paper_Space
340
1E
 70
0
280
1
281
0
  0
BLOCK_RECORD
  5
74
330
9
100
AcDbSymbolTableRecord
100
AcDbBlockTableRecord
  2
_ARCHTICK
340
0
 70
0
280
1
281
0
  0
BLOCK_RECORD
  5
78
330
9
100
AcDbSymbolTableRecord
100
AcDbBlockTableRecord
  2
_CLOSEDFILLED
340
0
 70
0
280
1
281
0
  0
BLOCK_RECORD
  5
84
330
9
100
AcDbSymbolTableRecord
100
AcDbBlockTableRecord
  2
_CLOSEDBLANK
340
0
 70
0
280
1
281
0
  0
ENDTAB
  0
ENDSEC
  0
SECTION
  2
BLOCKS
  0
BLOCK
  5
18
330
17
100
AcDbEntity
  8
0
100
AcDbBlockBegin
  2
*Model_Space
 70
0
 10
0.0
 20
0.0
 30
0.0
  3
*Model_Space
  1

  0
ENDBLK
  5
19
330
17
100
AcDbEntity
  8
0
100
AcDbBlockEnd
  0
BLOCK
  5
1C
330
1B
100
AcDbEntity
  8
0
100
AcDbBlockBegin
  2
*Paper_Space
 70
0
 10
0.0
 20
0.0
 30
0.0
  3
*Paper_Space
  1

  0
ENDBLK
  5
1D
330
1B
100
AcDbEntity
  8
0
100
AcDbBlockEnd
  0
BLOCK
  5
75
330
74
100
AcDbEntity
  8
0
100
AcDbBlockBegin
  2
_ARCHTICK
 70
0
 10
0.0
 20
0.0
 30
0.0
  3
_ARCHTICK
  1

  0
LWPOLYLINE
  5
77
330
74
100
AcDbEntity
  8
0
  6
BYBLOCK
 62
0
100
AcDbPolyline
 90
2
 70
0
 43
0.15
 10
-0.5
 20
-0.5
 10
0.5
 20
0.5
  0
ENDBLK
  5
76
330
74
100
AcDbEntity
  8
0
100
AcDbBlockEnd
  0
BLOCK
  5
79
330
78
100
AcDbEntity
  8
0
100
AcDbBlockBegin
  2
_CLOSEDFILLED
 70
0
 10
0.0
 20
0.0
 30
0.0
  3
_CLOSEDFILLED
  1

  0
SOLID
  5
7B
330
78
100
AcDbEntity
  8
0
  6
BYBLOCK
 62
0
100
AcDbTrace
 10
-1.0
 20
0.16439898372402537
 30
0.0
 11
0.0
 21
0.0
 31
0.0
 12
-1.0
 22
-0.16439898372402537
 32
0.0
 13
-1.0
 23
-0.16439898372402537
 33
0.0
  0
ENDBLK
  5
7A
330
78
100
AcDbEntity
  8
0
100
AcDbBlockEnd
  0
BLOCK
  5
85
330
84
100
AcDbEntity
  8
0
100
AcDbBlockBegin
  2
_CLOSEDBLANK
 70
0
 10
0.0
 20
0.0
 30
0.0
  3
_CLOSEDBLANK
  1

  0
LWPOLYLINE
  5
87
330
84
100
AcDbEntity
  8
0
  6
BYBLOCK
 62
0
100
AcDbPolyline
 90
3
 70
1
 10
-1.0
 20
0.16439898372402537
 10
0.0
 20
0.0
 10
-1.0
 20
-0.16439898372402537
  0
ENDBLK
  5
86
330
84
100
AcDbEntity
  8
0
100
AcDbBlockEnd
  0
ENDSEC
  0
SECTION
  2
ENTITIES
  0
LWPOLYLINE
  5
95
330
17
100
AcDbEntity
  8
SHEET
100
AcDbPolyline
 90
4
 70
1
 10
0.0
 20
0.0
 10
2440.0
 20
0.0
 10
2440.0
 20
1220.0
 10
0.0
 20
1220.0
  0
LWPOLYLINE
  5
96
330
17
100
AcDbEntity
  8
CUT_OUTSIDE
100
AcDbPolyline
 90
32
 70
1
 10
1458.0
 20
1206.0
 10
1458.0
 20
846.0
 10
198.0
 20
846.0
 10
128.0
 20
846.0
 10
78.0
 20
846.0
 10
68.863
 20
846.599
 10
59.883
 20
848.385
 10
51.212
 20
851.328
 10
43.0
 20
855.378
 10
35.387
 20
860.465
 10
28.503
 20
866.503
 10
22.465
 20
873.387
 10
17.378
 20
881.0
 10
13.328
 20
889.212
 10
10.385
 20
897.883
 10
8.599
 20
906.863
 10
8.0
 20
916.0
 10
8.0
 20
1136.0
 10
8.599
 20
1145.137
 10
10.385
 20
1154.117
 10
13.328
 20
1162.788
 10
17.378
 20
1171.0
 10
22.465
 20
1178.613
 10
28.503
 20
1185.497
 10
35.387
 20
1191.535
 10
43.0
 20
1196.622
 10
51.212
 20
1200.672
 10
59.883
 20
1203.615
 10
68.863
 20
1205.401
 10
78.0
 20
1206.0
 10
128.0
 20
1206.0
 10
198.0
 20
1206.0
  0
CIRCLE
  5
97
330
17
100
AcDbEntity
  8
CUT_INSIDE
100
AcDbCircle
 10
408.0
 20
1026.0
 30
0.0
 40
131.0
  0
LWPOLYLINE
  5
98
330
17
100
AcDbEntity
  8
CUT_INSIDE
100
AcDbPolyline
 90
52
 70
1
 10
940.0
 20
1124.0
 10
940.392
 20
1123.974
 10
940.776
 20
1123.898
 10
941.148
 20
1123.772
 10
941.5
 20
1123.598
 10
941.826
 20
1123.38
 10
942.121
 20
1123.121
 10
942.38
 20
1122.826
 10
942.598
 20
1122.5
 10
942.772
 20
1122.148
 10
942.898
 20
1121.776
 10
942.974
 20
1121.392
 10
943.0
 20
1121.0
 10
943.0
 20
931.0
 10
942.974
 20
930.608
 10
942.898
 20
930.224
 10
942.772
 20
929.852
 10
942.598
 20
929.5
 10
942.38
 20
929.174
 10
942.121
 20
928.879
 10
941.826
 20
928.62
 10
941.5
 20
928.402
 10
941.148
 20
928.228
 10
940.776
 20
928.102
 10
940.392
 20
928.026
 10
940.0
 20
928.0
 10
600.0
 20
928.0
 10
599.608
 20
928.026
 10
599.224
 20
928.102
 10
598.852
 20
928.228
 10
598.5
 20
928.402
 10
598.174
 20
928.62
 10
597.879
 20
928.879
 10
597.62
 20
929.174
 10
597.402
 20
929.5
 10
597.228
 20
929.852
 10
597.102
 20
930.224
 10
597.026
 20
930.608
 10
597.0
 20
931.0
 10
597.0
 20
1121.0
 10
597.026
 20
1121.392
 10
597.102
 20
1121.776
 10
597.228
 20
1122.148
 10
597.402
 20
1122.5
 10
597.62
 20
1122.826
 10
597.879
 20
1123.121
 10
598.174
 20
1123.38
 10
598.5
 20
1123.598
 10
598.852
 20
1123.772
 10
599.224
 20
1123.898
 10
599.608
 20
1123.974
 10
600.0
 20
1124.0
  0
LWPOLYLINE
  5
99
330
17
100
AcDbEntity
  8
CUT_INSIDE
100
AcDbPolyline
 90
13
 70
1
 10
83.335
 20
946.248
 10
83.335
 20
967.661
 10
118.251
 20
982.519
 10
83.335
 20
997.464
 10
83.335
 20
1018.833
 10
148.578
 20
1018.833
 10
148.578
 20
1002.927
 10
100.858
 20
1002.927
 10
136.036
 20
987.894
 10
136.036
 20
977.231
 10
100.858
 20
962.199
 10
148.578
 20
962.199
 10
148.578
 20
946.248
  0
LWPOLYLINE
  5
9A
330
17
100
AcDbEntity
  8
CUT_INSIDE
100
AcDbPolyline
 90
12
 70
1
 10
83.335
 20
1125.635
 10
83.335
 20
1171.039
 10
96.051
 20
1171.039
 10
96.051
 20
1142.459
 10
108.2
 20
1142.459
 10
108.2
 20
1169.334
 10
120.916
 20
1169.334
 10
120.916
 20
1142.459
 10
135.861
 20
1142.459
 10
135.861
 20
1172.0
 10
148.578
 20
1172.0
 10
148.578
 20
1125.635
  0
LWPOLYLINE
  5
9B
330
17
100
AcDbEntity
  8
CUT_INSIDE
100
AcDbPolyline
 90
196
 70
1
 10
85.389
 20
927.195
 10
99.198
 20
927.195
 10
98.615
 20
925.856
 10
98.07
 20
924.524
 10
97.561
 20
923.201
 10
97.089
 20
921.886
 10
96.654
 20
920.579
 10
96.256
 20
919.28
 10
95.895
 20
917.99
 10
95.57
 20
916.708
 10
95.284
 20
915.438
 10
95.035
 20
914.187
 10
94.825
 20
912.953
 10
94.653
 20
911.737
 10
94.519
 20
910.538
 10
94.423
 20
909.358
 10
94.366
 20
908.195
 10
94.347
 20
907.05
 10
94.373
 20
905.592
 10
94.451
 20
904.231
 10
94.58
 20
902.97
 10
94.762
 20
901.806
 10
94.996
 20
900.741
 10
95.281
 20
899.774
 10
95.618
 20
898.905
 10
96.007
 20
898.135
 10
96.451
 20
897.459
 10
96.952
 20
896.873
 10
97.511
 20
896.378
 10
98.127
 20
895.972
 10
98.8
 20
895.657
 10
99.531
 20
895.431
 10
100.319
 20
895.296
 10
101.164
 20
895.251
 10
101.801
 20
895.282
 10
102.403
 20
895.373
 10
102.968
 20
895.525
 10
103.496
 20
895.737
 10
103.989
 20
896.011
 10
104.446
 20
896.345
 10
104.866
 20
896.74
 10
105.25
 20
897.196
 10
105.609
 20
897.731
 10
105.956
 20
898.366
 10
106.289
 20
899.1
 10
106.61
 20
899.932
 10
106.918
 20
900.864
 10
107.212
 20
901.895
 10
107.494
 20
903.025
 10
107.763
 20
904.253
 10
109.205
 20
911.42
 10
109.786
 20
914.042
 10
110.439
 20
916.467
 10
111.163
 20
918.696
 10
111.958
 20
920.728
 10
112.824
 20
922.563
 10
113.76
 20
924.202
 10
114.768
 20
925.644
 10
115.847
 20
926.89
 10
117.02
 20
927.965
 10
118.311
 20
928.897
 10
119.719
 20
929.686
 10
121.244
 20
930.331
 10
122.887
 20
930.833
 10
124.647
 20
931.191
 10
126.525
 20
931.406
 10
128.52
 20
931.478
 10
131.132
 20
931.378
 10
133.571
 20
931.078
 10
135.838
 20
930.578
 10
137.932
 20
929.878
 10
139.853
 20
928.977
 10
141.601
 20
927.877
 10
143.177
 20
926.576
 10
144.579
 20
925.076
 10
145.814
 20
923.37
 10
146.883
 20
921.453
 10
147.788
 20
919.325
 10
148.529
 20
916.986
 10
149.105
 20
914.436
 10
149.516
 20
911.675
 10
149.763
 20
908.703
 10
149.845
 20
905.521
 10
149.827
 20
903.968
 10
149.772
 20
902.415
 10
149.679
 20
900.86
 10
149.55
 20
899.304
 10
149.384
 20
897.747
 10
149.182
 20
896.188
 10
148.942
 20
894.628
 10
148.665
 20
893.066
 10
148.353
 20
891.504
 10
148.004
 20
889.942
 10
147.621
 20
888.379
 10
147.201
 20
886.817
 10
146.747
 20
885.255
 10
146.256
 20
883.693
 10
145.731
 20
882.13
 10
145.169
 20
880.568
 10
130.967
 20
880.568
 10
131.772
 20
882.124
 10
132.525
 20
883.667
 10
133.228
 20
885.196
 10
133.879
 20
886.713
 10
134.478
 20
888.217
 10
135.027
 20
889.708
 10
135.524
 20
891.186
 10
135.971
 20
892.651
 10
136.365
 20
894.103
 10
136.707
 20
895.542
 10
136.996
 20
896.968
 10
137.232
 20
898.381
 10
137.417
 20
899.781
 10
137.548
 20
901.168
 10
137.627
 20
902.542
 10
137.653
 20
903.904
 10
137.624
 20
905.24
 10
137.538
 20
906.496
 10
137.395
 20
907.671
 10
137.194
 20
908.765
 10
136.936
 20
909.779
 10
136.621
 20
910.713
 10
136.248
 20
911.565
 10
135.818
 20
912.338
 10
135.334
 20
913.024
 10
134.802
 20
913.619
 10
134.22
 20
914.122
 10
133.589
 20
914.534
 10
132.909
 20
914.854
 10
132.18
 20
915.082
 10
131.401
 20
915.22
 10
130.574
 20
915.265
 10
129.831
 20
915.234
 10
129.132
 20
915.141
 10
128.476
 20
914.986
 10
127.864
 20
914.768
 10
127.296
 20
914.489
 10
126.772
 20
914.147
 10
126.291
 20
913.743
 10
125.854
 20
913.277
 10
125.445
 20
912.718
 10
125.046
 20
912.036
 10
124.658
 20
911.23
 10
124.281
 20
910.3
 10
123.915
 20
909.247
 10
123.56
 20
908.07
 10
123.216
 20
906.77
 10
122.883
 20
905.346
 10
121.441
 20
898.834
 10
120.877
 20
896.47
 10
120.236
 20
894.269
 10
119.517
 20
892.233
 10
118.72
 20
890.362
 10
117.846
 20
888.656
 10
116.893
 20
887.113
 10
115.863
 20
885.736
 10
114.755
 20
884.523
 10
113.558
 20
883.463
 10
112.261
 20
882.544
 10
110.865
 20
881.767
 10
109.369
 20
881.131
 10
107.773
 20
880.636
 10
106.077
 20
880.283
 10
104.282
 20
880.071
 10
102.388
 20
880.0
 10
100.022
 20
880.098
 10
97.796
 20
880.393
 10
95.712
 20
880.885
 10
93.768
 20
881.573
 10
91.965
 20
882.458
 10
90.302
 20
883.54
 10
88.78
 20
884.818
 10
87.399
 20
886.293
 10
86.17
 20
887.952
 10
85.104
 20
889.783
 10
84.203
 20
891.787
 10
83.466
 20
893.962
 10
82.892
 20
896.309
 10
82.482
 20
898.829
 10
82.237
 20
901.521
 10
82.155
 20
904.384
 10
82.167
 20
905.733
 10
82.205
 20
907.091
 10
82.268
 20
908.459
 10
82.357
 20
909.836
 10
82.471
 20
911.223
 10
82.609
 20
912.619
 10
82.774
 20
914.025
 10
82.963
 20
915.44
 10
83.178
 20
916.867
 10
83.418
 20
918.305
 10
83.683
 20
919.756
 10
83.974
 20
921.22
 10
84.29
 20
922.695
 10
84.631
 20
924.183
 10
84.997
 20
925.683
  0
LWPOLYLINE
  5
9C
330
17
100
AcDbEntity
  8
CUT_INSIDE
100
AcDbPolyline
 90
6
 70
1
 10
83.335
 20
1068.607
 10
83.335
 20
1085.431
 10
135.861
 20
1085.431
 10
135.861
 20
1114.972
 10
148.578
 20
1114.972
 10
148.578
 20
1068.607
  0
LWPOLYLINE
  5
9D
330
17
100
AcDbEntity
  8
CUT_INSIDE
100
AcDbPolyline
 90
4
 70
1
 10
83.335
 20
1035.308
 10
83.335
 20
1052.132
 10
148.578
 20
1052.132
 10
148.578
 20
1035.308
  0
LWPOLYLINE
  5
9E
330
17
100
AcDbEntity
  8
CUT_INSIDE
100
AcDbPolyline
 90
6
 70
1
 10
1068.6
 20
1006.562
 10
1065.1
 20
1000.5
 10
1068.6
 20
994.438
 10
1075.6
 20
994.438
 10
1079.1
 20
1000.5
 10
1075.6
 20
1006.562
  0
LWPOLYLINE
  5
9F
330
17
100
AcDbEntity
  8
CUT_INSIDE
100
AcDbPolyline
 90
6
 70
1
 10
1068.6
 20
1023.562
 10
1065.1
 20
1017.5
 10
1068.6
 20
1011.438
 10
1075.6
 20
1011.438
 10
1079.1
 20
1017.5
 10
1075.6
 20
1023.562
  0
LWPOLYLINE
  5
A0
330
17
100
AcDbEntity
  8
CUT_INSIDE
100
AcDbPolyline
 90
6
 70
1
 10
1068.6
 20
1040.562
 10
1065.1
 20
1034.5
 10
1068.6
 20
1028.438
 10
1075.6
 20
1028.438
 10
1079.1
 20
1034.5
 10
1075.6
 20
1040.562
  0
LWPOLYLINE
  5
A1
330
17
100
AcDbEntity
  8
CUT_INSIDE
100
AcDbPolyline
 90
6
 70
1
 10
1068.6
 20
1057.562
 10
1065.1
 20
1051.5
 10
1068.6
 20
1045.438
 10
1075.6
 20
1045.438
 10
1079.1
 20
1051.5
 10
1075.6
 20
1057.562
  0
LWPOLYLINE
  5
A2
330
17
100
AcDbEntity
  8
CUT_INSIDE
100
AcDbPolyline
 90
6
 70
1
 10
1053.9
 20
998.062
 10
1050.4
 20
992.0
 10
1053.9
 20
985.938
 10
1060.9
 20
985.938
 10
1064.4
 20
992.0
 10
1060.9
 20
998.062
  0
LWPOLYLINE
  5
A3
330
17
100
AcDbEntity
  8
CUT_INSIDE
100
AcDbPolyline
 90
6
 70
1
 10
1053.9
 20
1015.062
 10
1050.4
 20
1009.0
 10
1053.9
 20
1002.938
 10
1060.9
 20
1002.938
 10
1064.4
 20
1009.0
 10
1060.9
 20
1015.062
  0
LWPOLYLINE
  5
A4
330
17
100
AcDbEntity
  8
CUT_INSIDE
100
AcDbPolyline
 90
6
 70
1
 10
1053.9
 20
1032.062
 10
1050.4
 20
1026.0
 10
1053.9
 20
1019.938
 10
1060.9
 20
1019.938
 10
1064.4
 20
1026.0
 10
1060.9
 20
1032.062
  0
LWPOLYLINE
  5
A5
330
17
100
AcDbEntity
  8
CUT_INSIDE
100
AcDbPolyline
 90
6
 70
1
 10
1053.9
 20
1049.062
 10
1050.4
 20
1043.0
 10
1053.9
 20
1036.938
 10
1060.9
 20
1036.938
 10
1064.4
 20
1043.0
 10
1060.9
 20
1049.062
  0
LWPOLYLINE
  5
A6
330
17
100
AcDbEntity
  8
CUT_INSIDE
100
AcDbPolyline
 90
6
 70
1
 10
1053.9
 20
1066.062
 10
1050.4
 20
1060.0
 10
1053.9
 20
1053.938
 10
1060.9
 20
1053.938
 10
1064.4
 20
1060.0
 10
1060.9
 20
1066.062
  0
LWPOLYLINE
  5
A7
330
17
100
AcDbEntity
  8
CUT_INSIDE
100
AcDbPolyline
 90
6
 70
1
 10
1039.2
 20
989.562
 10
1035.7
 20
983.5
 10
1039.2
 20
977.438
 10
1046.2
 20
977.438
 10
1049.7
 20
983.5
 10
1046.2
 20
989.562
  0
LWPOLYLINE
  5
A8
330
17
100
AcDbEntity
  8
CUT_INSIDE
100
AcDbPolyline
 90
6
 70
1
 10
1039.2
 20
1006.562
 10
1035.7
 20
1000.5
 10
1039.2
 20
994.438
 10
1046.2
 20
994.438
 10
1049.7
 20
1000.5
 10
1046.2
 20
1006.562
  0
LWPOLYLINE
  5
A9
330
17
100
AcDbEntity
  8
CUT_INSIDE
100
AcDbPolyline
 90
6
 70
1
 10
1039.2
 20
1023.562
 10
1035.7
 20
1017.5
 10
1039.2
 20
1011.438
 10
1046.2
 20
1011.438
 10
1049.7
 20
1017.5
 10
1046.2
 20
1023.562
  0
LWPOLYLINE
  5
AA
330
17
100
AcDbEntity
  8
CUT_INSIDE
100
AcDbPolyline
 90
6
 70
1
 10
1039.2
 20
1040.562
 10
1035.7
 20
1034.5
 10
1039.2
 20
1028.438
 10
1046.2
 20
1028.438
 10
1049.7
 20
1034.5
 10
1046.2
 20
1040.562
  0
LWPOLYLINE
  5
AB
330
17
100
AcDbEntity
  8
CUT_INSIDE
100
AcDbPolyline
 90
6
 70
1
 10
1039.2
 20
1057.562
 10
1035.7
 20
1051.5
 10
1039.2
 20
1045.438
 10
1046.2
 20
1045.438
 10
1049.7
 20
1051.5
 10
1046.2
 20
1057.562
  0
LWPOLYLINE
  5
AC
330
17
100
AcDbEntity
  8
CUT_INSIDE
100
AcDbPolyline
 90
6
 70
1
 10
1039.2
 20
1074.562
 10
1035.7
 20
1068.5
 10
1039.2
 20
1062.438
 10
1046.2
 20
1062.438
 10
1049.7
 20
1068.5
 10
1046.2
 20
1074.562
  0
LWPOLYLINE
  5
AD
330
17
100
AcDbEntity
  8
CUT_INSIDE
100
AcDbPolyline
 90
6
 70
1
 10
1024.5
 20
981.062
 10
1021.0
 20
975.0
 10
1024.5
 20
968.938
 10
1031.5
 20
968.938
 10
1035.0
 20
975.0
 10
1031.5
 20
981.062
  0
LWPOLYLINE
  5
AE
330
17
100
AcDbEntity
  8
CUT_INSIDE
100
AcDbPolyline
 90
6
 70
1
 10
1024.5
 20
998.062
 10
1021.0
 20
992.0
 10
1024.5
 20
985.938
 10
1031.5
 20
985.938
 10
1035.0
 20
992.0
 10
1031.5
 20
998.062
  0
LWPOLYLINE
  5
AF
330
17
100
AcDbEntity
  8
CUT_INSIDE
100
AcDbPolyline
 90
6
 70
1
 10
1024.5
 20
1015.062
 10
1021.0
 20
1009.0
 10
1024.5
 20
1002.938
 10
1031.5
 20
1002.938
 10
1035.0
 20
1009.0
 10
1031.5
 20
1015.062
  0
LWPOLYLINE
  5
B0
330
17
100
AcDbEntity
  8
CUT_INSIDE
100
AcDbPolyline
 90
6
 70
1
 10
1024.5
 20
1032.062
 10
1021.0
 20
1026.0
 10
1024.5
 20
1019.938
 10
1031.5
 20
1019.938
 10
1035.0
 20
1026.0
 10
1031.5
 20
1032.062
  0
LWPOLYLINE
  5
B1
330
17
100
AcDbEntity
  8
CUT_INSIDE
100
AcDbPolyline
 90
6
 70
1
 10
1024.5
 20
1049.062
 10
1021.0
 20
1043.0
 10
1024.5
 20
1036.938
 10
1031.5
 20
1036.938
 10
1035.0
 20
1043.0
 10
1031.5
 20
1049.062
  0
LWPOLYLINE
  5
B2
330
17
100
AcDbEntity
  8
CUT_INSIDE
100
AcDbPolyline
 90
6
 70
1
 10
1024.5
 20
1066.062
 10
1021.0
 20
1060.0
 10
1024.5
 20
1053.938
 10
1031.5
 20
1053.938
 10
1035.0
 20
1060.0
 10
1031.5
 20
1066.062
  0
LWPOLYLINE
  5
B3
330
17
100
AcDbEntity
  8
CUT_INSIDE
100
AcDbPolyline
 90
6
 70
1
 10
1024.5
 20
1083.062
 10
1021.0
 20
1077.0
 10
1024.5
 20
1070.938
 10
1031.5
 20
1070.938
 10
1035.0
 20
1077.0
 10
1031.5
 20
1083.062
  0
LWPOLYLINE
  5
B4
330
17
100
AcDbEntity
  8
CUT_INSIDE
100
AcDbPolyline
 90
6
 70
1
 10
1009.8
 20
989.562
 10
1006.3
 20
983.5
 10
1009.8
 20
977.438
 10
1016.8
 20
977.438
 10
1020.3
 20
983.5
 10
1016.8
 20
989.562
  0
LWPOLYLINE
  5
B5
330
17
100
AcDbEntity
  8
CUT_INSIDE
100
AcDbPolyline
 90
6
 70
1
 10
1009.8
 20
1006.562
 10
1006.3
 20
1000.5
 10
1009.8
 20
994.438
 10
1016.8
 20
994.438
 10
1020.3
 20
1000.5
 10
1016.8
 20
1006.562
  0
LWPOLYLINE
  5
B6
330
17
100
AcDbEntity
  8
CUT_INSIDE
100
AcDbPolyline
 90
6
 70
1
 10
1009.8
 20
1023.562
 10
1006.3
 20
1017.5
 10
1009.8
 20
1011.438
 10
1016.8
 20
1011.438
 10
1020.3
 20
1017.5
 10
1016.8
 20
1023.562
  0
LWPOLYLINE
  5
B7
330
17
100
AcDbEntity
  8
CUT_INSIDE
100
AcDbPolyline
 90
6
 70
1
 10
1009.8
 20
1040.562
 10
1006.3
 20
1034.5
 10
1009.8
 20
1028.438
 10
1016.8
 20
1028.438
 10
1020.3
 20
1034.5
 10
1016.8
 20
1040.562
  0
LWPOLYLINE
  5
B8
330
17
100
AcDbEntity
  8
CUT_INSIDE
100
AcDbPolyline
 90
6
 70
1
 10
1009.8
 20
1057.562
 10
1006.3
 20
1051.5
 10
1009.8
 20
1045.438
 10
1016.8
 20
1045.438
 10
1020.3
 20
1051.5
 10
1016.8
 20
1057.562
  0
LWPOLYLINE
  5
B9
330
17
100
AcDbEntity
  8
CUT_INSIDE
100
AcDbPolyline
 90
6
 70
1
 10
1009.8
 20
1074.562
 10
1006.3
 20
1068.5
 10
1009.8
 20
1062.438
 10
1016.8
 20
1062.438
 10
1020.3
 20
1068.5
 10
1016.8
 20
1074.562
  0
LWPOLYLINE
  5
BA
330
17
100
AcDbEntity
  8
CUT_INSIDE
100
AcDbPolyline
 90
6
 70
1
 10
995.1
 20
998.062
 10
991.6
 20
992.0
 10
995.1
 20
985.938
 10
1002.1
 20
985.938
 10
1005.6
 20
992.0
 10
1002.1
 20
998.062
  0
LWPOLYLINE
  5
BB
330
17
100
AcDbEntity
  8
CUT_INSIDE
100
AcDbPolyline
 90
6
 70
1
 10
995.1
 20
1015.062
 10
991.6
 20
1009.0
 10
995.1
 20
1002.938
 10
1002.1
 20
1002.938
 10
1005.6
 20
1009.0
 10
1002.1
 20
1015.062
  0
LWPOLYLINE
  5
BC
330
17
100
AcDbEntity
  8
CUT_INSIDE
100
AcDbPolyline
 90
6
 70
1
 10
995.1
 20
1032.062
 10
991.6
 20
1026.0
 10
995.1
 20
1019.938
 10
1002.1
 20
1019.938
 10
1005.6
 20
1026.0
 10
1002.1
 20
1032.062
  0
LWPOLYLINE
  5
BD
330
17
100
AcDbEntity
  8
CUT_INSIDE
100
AcDbPolyline
 90
6
 70
1
 10
995.1
 20
1049.062
 10
991.6
 20
1043.0
 10
995.1
 20
1036.938
 10
1002.1
 20
1036.938
 10
1005.6
 20
1043.0
 10
1002.1
 20
1049.062
  0
LWPOLYLINE
  5
BE
330
17
100
AcDbEntity
  8
CUT_INSIDE
100
AcDbPolyline
 90
6
 70
1
 10
995.1
 20
1066.062
 10
991.6
 20
1060.0
 10
995.1
 20
1053.938
 10
1002.1
 20
1053.938
 10
1005.6
 20
1060.0
 10
1002.1
 20
1066.062
  0
LWPOLYLINE
  5
BF
330
17
100
AcDbEntity
  8
CUT_INSIDE
100
AcDbPolyline
 90
6
 70
1
 10
980.4
 20
1006.562
 10
976.9
 20
1000.5
 10
980.4
 20
994.438
 10
987.4
 20
994.438
 10
990.9
 20
1000.5
 10
987.4
 20
1006.562
  0
LWPOLYLINE
  5
C0
330
17
100
AcDbEntity
  8
CUT_INSIDE
100
AcDbPolyline
 90
6
 70
1
 10
980.4
 20
1023.562
 10
976.9
 20
1017.5
 10
980.4
 20
1011.438
 10
987.4
 20
1011.438
 10
990.9
 20
1017.5
 10
987.4
 20
1023.562
  0
LWPOLYLINE
  5
C1
330
17
100
AcDbEntity
  8
CUT_INSIDE
100
AcDbPolyline
 90
6
 70
1
 10
980.4
 20
1040.562
 10
976.9
 20
1034.5
 10
980.4
 20
1028.438
 10
987.4
 20
1028.438
 10
990.9
 20
1034.5
 10
987.4
 20
1040.562
  0
LWPOLYLINE
  5
C2
330
17
100
AcDbEntity
  8
CUT_INSIDE
100
AcDbPolyline
 90
6
 70
1
 10
980.4
 20
1057.562
 10
976.9
 20
1051.5
 10
980.4
 20
1045.438
 10
987.4
 20
1045.438
 10
990.9
 20
1051.5
 10
987.4
 20
1057.562
  0
LWPOLYLINE
  5
C3
330
17
100
AcDbEntity
  8
POCKET_8
100
AcDbPolyline
 90
112
 70
1
 10
78.0
 20
859.5
 10
77.444
 20
859.518
 10
71.179
 20
859.929
 10
70.076
 20
860.074
 10
63.918
 20
861.299
 10
62.844
 20
861.587
 10
56.899
 20
863.605
 10
55.872
 20
864.03
 10
50.241
 20
866.807
 10
49.278
 20
867.363
 10
44.057
 20
870.852
 10
43.175
 20
871.528
 10
38.454
 20
875.668
 10
37.668
 20
876.454
 10
33.528
 20
881.175
 10
32.852
 20
882.057
 10
29.363
 20
887.278
 10
28.807
 20
888.241
 10
26.03
 20
893.872
 10
25.605
 20
894.899
 10
23.587
 20
900.844
 10
23.299
 20
901.918
 10
22.074
 20
908.076
 10
21.929
 20
909.179
 10
21.518
 20
915.444
 10
21.5
 20
916.0
 10
21.5
 20
1136.0
 10
21.518
 20
1136.556
 10
21.929
 20
1142.821
 10
22.074
 20
1143.924
 10
23.299
 20
1150.082
 10
23.587
 20
1151.156
 10
25.605
 20
1157.101
 10
26.03
 20
1158.128
 10
28.807
 20
1163.759
 10
29.363
 20
1164.722
 10
32.852
 20
1169.943
 10
33.528
 20
1170.825
 10
37.668
 20
1175.546
 10
38.454
 20
1176.332
 10
43.175
 20
1180.472
 10
44.057
 20
1181.148
 10
49.278
 20
1184.637
 10
50.241
 20
1185.193
 10
55.872
 20
1187.97
 10
56.899
 20
1188.395
 10
62.844
 20
1190.413
 10
63.918
 20
1190.701
 10
70.076
 20
1191.926
 10
71.179
 20
1192.071
 10
77.444
 20
1192.482
 10
78.0
 20
1192.5
 10
1368.0
 20
1192.5
 10
1369.658
 20
1192.337
 10
1371.253
 20
1191.853
 10
1372.722
 20
1191.067
 10
1374.01
 20
1190.01
 10
1375.067
 20
1188.722
 10
1375.853
 20
1187.253
 10
1376.337
 20
1185.658
 10
1376.5
 20
1184.0
 10
1376.337
 20
1182.342
 10
1375.853
 20
1180.747
 10
1375.067
 20
1179.278
 10
1374.01
 20
1177.99
 10
1372.722
 20
1176.933
 10
1371.253
 20
1176.147
 10
1369.658
 20
1175.663
 10
1368.0
 20
1175.5
 10
78.278
 20
1175.5
 10
72.847
 20
1175.144
 10
67.781
 20
1174.136
 10
62.891
 20
1172.476
 10
58.259
 20
1170.192
 10
53.965
 20
1167.323
 10
50.082
 20
1163.918
 10
46.677
 20
1160.035
 10
43.808
 20
1155.741
 10
41.524
 20
1151.109
 10
39.864
 20
1146.219
 10
38.856
 20
1141.153
 10
38.5
 20
1135.722
 10
38.5
 20
916.278
 10
38.856
 20
910.847
 10
39.864
 20
905.781
 10
41.524
 20
900.891
 10
43.808
 20
896.259
 10
46.677
 20
891.965
 10
50.082
 20
888.082
 10
53.965
 20
884.677
 10
58.259
 20
881.808
 10
62.891
 20
879.524
 10
67.781
 20
877.864
 10
72.847
 20
876.856
 10
78.278
 20
876.5
 10
1368.0
 20
876.5
 10
1369.658
 20
876.337
 10
1371.253
 20
875.853
 10
1372.722
 20
875.067
 10
1374.01
 20
874.01
 10
1375.067
 20
872.722
 10
1375.853
 20
871.253
 10
1376.337
 20
869.658
 10
1376.5
 20
868.0
 10
1376.337
 20
866.342
 10
1375.853
 20
864.747
 10
1375.067
 20
863.278
 10
1374.01
 20
861.99
 10
1372.722
 20
860.933
 10
1371.253
 20
860.147
 10
1369.658
 20
859.663
 10
1368.0
 20
859.5
  0
LWPOLYLINE
  5
C4
330
17
100
AcDbEntity
  8
ENGRAVE_V
100
AcDbPolyline
 90
129
 70
1
 10
408.0
 20
1169.0
 10
415.017
 20
1168.828
 10
422.016
 20
1168.311
 10
428.982
 20
1167.452
 10
435.898
 20
1166.252
 10
442.746
 20
1164.714
 10
449.511
 20
1162.842
 10
456.175
 20
1160.641
 10
462.724
 20
1158.115
 10
469.14
 20
1155.27
 10
475.41
 20
1152.115
 10
481.517
 20
1148.655
 10
487.447
 20
1144.9
 10
493.185
 20
1140.859
 10
498.718
 20
1136.54
 10
504.033
 20
1131.956
 10
509.116
 20
1127.116
 10
513.956
 20
1122.033
 10
518.54
 20
1116.718
 10
522.859
 20
1111.185
 10
526.9
 20
1105.447
 10
530.655
 20
1099.517
 10
534.115
 20
1093.41
 10
537.27
 20
1087.14
 10
540.115
 20
1080.724
 10
542.641
 20
1074.175
 10
544.842
 20
1067.511
 10
546.714
 20
1060.746
 10
548.252
 20
1053.898
 10
549.452
 20
1046.982
 10
550.311
 20
1040.016
 10
550.828
 20
1033.017
 10
551.0
 20
1026.0
 10
550.828
 20
1018.983
 10
550.311
 20
1011.984
 10
549.452
 20
1005.018
 10
548.252
 20
998.102
 10
546.714
 20
991.254
 10
544.842
 20
984.489
 10
542.641
 20
977.825
 10
540.115
 20
971.276
 10
537.27
 20
964.86
 10
534.115
 20
958.59
 10
530.655
 20
952.483
 10
526.9
 20
946.553
 10
522.859
 20
940.815
 10
518.54
 20
935.282
 10
513.956
 20
929.967
 10
509.116
 20
924.884
 10
504.033
 20
920.044
 10
498.718
 20
915.46
 10
493.185
 20
911.141
 10
487.447
 20
907.1
 10
481.517
 20
903.345
 10
475.41
 20
899.885
 10
469.14
 20
896.73
 10
462.724
 20
893.885
 10
456.175
 20
891.359
 10
449.511
 20
889.158
 10
442.746
 20
887.286
 10
435.898
 20
885.748
 10
428.982
 20
884.548
 10
422.016
 20
883.689
 10
415.017
 20
883.172
 10
408.0
 20
883.0
 10
400.983
 20
883.172
 10
393.984
 20
883.689
 10
387.018
 20
884.548
 10
380.102
 20
885.748
 10
373.254
 20
887.286
 10
366.489
 20
889.158
 10
359.825
 20
891.359
 10
353.276
 20
893.885
 10
346.86
 20
896.73
 10
340.59
 20
899.885
 10
334.483
 20
903.345
 10
328.553
 20
907.1
 10
322.815
 20
911.141
 10
317.282
 20
915.46
 10
311.967
 20
920.044
 10
306.884
 20
924.884
 10
302.044
 20
929.967
 10
297.46
 20
935.282
 10
293.141
 20
940.815
 10
289.1
 20
946.553
 10
285.345
 20
952.483
 10
281.885
 20
958.59
 10
278.73
 20
964.86
 10
275.885
 20
971.276
 10
273.359
 20
977.825
 10
271.158
 20
984.489
 10
269.286
 20
991.254
 10
267.748
 20
998.102
 10
266.548
 20
1005.018
 10
265.689
 20
1011.984
 10
265.172
 20
1018.983
 10
265.0
 20
1026.0
 10
265.172
 20
1033.017
 10
265.689
 20
1040.016
 10
266.548
 20
1046.982
 10
267.748
 20
1053.898
 10
269.286
 20
1060.746
 10
271.158
 20
1067.511
 10
273.359
 20
1074.175
 10
275.885
 20
1080.724
 10
278.73
 20
1087.14
 10
281.885
 20
1093.41
 10
285.345
 20
1099.517
 10
289.1
 20
1105.447
 10
293.141
 20
1111.185
 10
297.46
 20
1116.718
 10
302.044
 20
1122.033
 10
306.884
 20
1127.116
 10
311.967
 20
1131.956
 10
317.282
 20
1136.54
 10
322.815
 20
1140.859
 10
328.553
 20
1144.9
 10
334.483
 20
1148.655
 10
340.59
 20
1152.115
 10
346.86
 20
1155.27
 10
353.276
 20
1158.115
 10
359.825
 20
1160.641
 10
366.489
 20
1162.842
 10
373.254
 20
1164.714
 10
380.102
 20
1166.252
 10
387.018
 20
1167.452
 10
393.984
 20
1168.311
 10
400.983
 20
1168.828
 10
408.0
 20
1169.0
  0
LWPOLYLINE
  5
C5
330
17
100
AcDbEntity
  8
ENGRAVE_V
100
AcDbPolyline
 90
129
 70
1
 10
408.0
 20
1177.0
 10
415.409
 20
1176.818
 10
422.801
 20
1176.273
 10
430.156
 20
1175.366
 10
437.459
 20
1174.099
 10
444.69
 20
1172.475
 10
451.833
 20
1170.498
 10
458.87
 20
1168.173
 10
465.785
 20
1165.506
 10
472.561
 20
1162.502
 10
479.181
 20
1159.17
 10
485.63
 20
1155.517
 10
491.891
 20
1151.552
 10
497.951
 20
1147.284
 10
503.793
 20
1142.725
 10
509.405
 20
1137.884
 10
514.773
 20
1132.773
 10
519.884
 20
1127.405
 10
524.725
 20
1121.793
 10
529.284
 20
1115.951
 10
533.552
 20
1109.891
 10
537.517
 20
1103.63
 10
541.17
 20
1097.181
 10
544.502
 20
1090.561
 10
547.506
 20
1083.785
 10
550.173
 20
1076.87
 10
552.498
 20
1069.833
 10
554.475
 20
1062.69
 10
556.099
 20
1055.459
 10
557.366
 20
1048.156
 10
558.273
 20
1040.801
 10
558.818
 20
1033.409
 10
559.0
 20
1026.0
 10
558.818
 20
1018.591
 10
558.273
 20
1011.199
 10
557.366
 20
1003.844
 10
556.099
 20
996.541
 10
554.475
 20
989.31
 10
552.498
 20
982.167
 10
550.173
 20
975.13
 10
547.506
 20
968.215
 10
544.502
 20
961.439
 10
541.17
 20
954.819
 10
537.517
 20
948.37
 10
533.552
 20
942.109
 10
529.284
 20
936.049
 10
524.725
 20
930.207
 10
519.884
 20
924.595
 10
514.773
 20
919.227
 10
509.405
 20
914.116
 10
503.793
 20
909.275
 10
497.951
 20
904.716
 10
491.891
 20
900.448
 10
485.63
 20
896.483
 10
479.181
 20
892.83
 10
472.561
 20
889.498
 10
465.785
 20
886.494
 10
458.87
 20
883.827
 10
451.833
 20
881.502
 10
444.69
 20
879.525
 10
437.459
 20
877.901
 10
430.156
 20
876.634
 10
422.801
 20
875.727
 10
415.409
 20
875.182
 10
408.0
 20
875.0
 10
400.591
 20
875.182
 10
393.199
 20
875.727
 10
385.844
 20
876.634
 10
378.541
 20
877.901
 10
371.31
 20
879.525
 10
364.167
 20
881.502
 10
357.13
 20
883.827
 10
350.215
 20
886.494
 10
343.439
 20
889.498
 10
336.819
 20
892.83
 10
330.37
 20
896.483
 10
324.109
 20
900.448
 10
318.049
 20
904.716
 10
312.207
 20
909.275
 10
306.595
 20
914.116
 10
301.227
 20
919.227
 10
296.116
 20
924.595
 10
291.275
 20
930.207
 10
286.716
 20
936.049
 10
282.448
 20
942.109
 10
278.483
 20
948.37
 10
274.83
 20
954.819
 10
271.498
 20
961.439
 10
268.494
 20
968.215
 10
265.827
 20
975.13
 10
263.502
 20
982.167
 10
261.525
 20
989.31
 10
259.901
 20
996.541
 10
258.634
 20
1003.844
 10
257.727
 20
1011.199
 10
257.182
 20
1018.591
 10
257.0
 20
1026.0
 10
257.182
 20
1033.409
 10
257.727
 20
1040.801
 10
258.634
 20
1048.156
 10
259.901
 20
1055.459
 10
261.525
 20
1062.69
 10
263.502
 20
1069.833
 10
265.827
 20
1076.87
 10
268.494
 20
1083.785
 10
271.498
 20
1090.561
 10
274.83
 20
1097.181
 10
278.483
 20
1103.63
 10
282.448
 20
1109.891
 10
286.716
 20
1115.951
 10
291.275
 20
1121.793
 10
296.116
 20
1127.405
 10
301.227
 20
1132.773
 10
306.595
 20
1137.884
 10
312.207
 20
1142.725
 10
318.049
 20
1147.284
 10
324.109
 20
1151.552
 10
330.37
 20
1155.517
 10
336.819
 20
1159.17
 10
343.439
 20
1162.502
 10
350.215
 20
1165.506
 10
357.13
 20
1168.173
 10
364.167
 20
1170.498
 10
371.31
 20
1172.475
 10
378.541
 20
1174.099
 10
385.844
 20
1175.366
 10
393.199
 20
1176.273
 10
400.591
 20
1176.818
 10
408.0
 20
1177.0
  0
LWPOLYLINE
  5
C6
330
17
100
AcDbEntity
  8
ENGRAVE_V
100
AcDbPolyline
 90
53
 70
1
 10
935.0
 20
1136.0
 10
937.611
 20
1135.829
 10
940.176
 20
1135.319
 10
942.654
 20
1134.478
 10
945.0
 20
1133.321
 10
947.175
 20
1131.867
 10
949.142
 20
1130.142
 10
950.867
 20
1128.175
 10
952.321
 20
1126.0
 10
953.478
 20
1123.654
 10
954.319
 20
1121.176
 10
954.829
 20
1118.611
 10
955.0
 20
1116.0
 10
955.0
 20
936.0
 10
954.829
 20
933.389
 10
954.319
 20
930.824
 10
953.478
 20
928.346
 10
952.321
 20
926.0
 10
950.867
 20
923.825
 10
949.142
 20
921.858
 10
947.175
 20
920.133
 10
945.0
 20
918.679
 10
942.654
 20
917.522
 10
940.176
 20
916.681
 10
937.611
 20
916.171
 10
935.0
 20
916.0
 10
605.0
 20
916.0
 10
602.389
 20
916.171
 10
599.824
 20
916.681
 10
597.346
 20
917.522
 10
595.0
 20
918.679
 10
592.825
 20
920.133
 10
590.858
 20
921.858
 10
589.133
 20
923.825
 10
587.679
 20
926.0
 10
586.522
 20
928.346
 10
585.681
 20
930.824
 10
585.171
 20
933.389
 10
585.0
 20
936.0
 10
585.0
 20
1116.0
 10
585.171
 20
1118.611
 10
585.681
 20
1121.176
 10
586.522
 20
1123.654
 10
587.679
 20
1126.0
 10
589.133
 20
1128.175
 10
590.858
 20
1130.142
 10
592.825
 20
1131.867
 10
595.0
 20
1133.321
 10
597.346
 20
1134.478
 10
599.824
 20
1135.319
 10
602.389
 20
1135.829
 10
605.0
 20
1136.0
 10
935.0
 20
1136.0
  0
LWPOLYLINE
  5
C7
330
17
100
AcDbEntity
  8
ENGRAVE_V
100
AcDbPolyline
 90
38
 70
1
 10
1230.831
 20
891.0
 10
1230.831
 20
901.403
 10
1230.863
 20
902.529
 10
1230.96
 20
903.588
 10
1231.12
 20
904.579
 10
1231.346
 20
905.503
 10
1231.635
 20
906.36
 10
1231.989
 20
907.149
 10
1232.408
 20
907.871
 10
1232.89
 20
908.525
 10
1233.432
 20
909.107
 10
1234.029
 20
909.611
 10
1234.681
 20
910.038
 10
1235.387
 20
910.387
 10
1236.148
 20
910.659
 10
1236.964
 20
910.853
 10
1237.834
 20
910.969
 10
1238.759
 20
911.008
 10
1239.688
 20
910.969
 10
1240.562
 20
910.853
 10
1241.38
 20
910.659
 10
1242.143
 20
910.387
 10
1242.851
 20
910.038
 10
1243.504
 20
909.611
 10
1244.102
 20
909.107
 10
1244.644
 20
908.525
 10
1245.127
 20
907.871
 10
1245.545
 20
907.149
 10
1245.899
 20
906.36
 10
1246.189
 20
905.503
 10
1246.414
 20
904.579
 10
1246.575
 20
903.588
 10
1246.671
 20
902.529
 10
1246.704
 20
901.403
 10
1246.704
 20
897.268
 10
1255.137
 20
897.268
 10
1255.137
 20
891.0
 10
1230.831
 20
891.0
  0
LWPOLYLINE
  5
C8
330
17
100
AcDbEntity
  8
ENGRAVE_V
100
AcDbPolyline
 90
36
 70
1
 10
1235.373
 20
897.268
 10
1242.162
 20
897.268
 10
1242.162
 20
900.735
 10
1242.148
 20
901.178
 10
1242.106
 20
901.595
 10
1242.037
 20
901.986
 10
1241.94
 20
902.351
 10
1241.815
 20
902.69
 10
1241.663
 20
903.003
 10
1241.482
 20
903.29
 10
1241.274
 20
903.552
 10
1241.041
 20
903.784
 10
1240.784
 20
903.986
 10
1240.505
 20
904.157
 10
1240.202
 20
904.297
 10
1239.876
 20
904.405
 10
1239.527
 20
904.483
 10
1239.155
 20
904.529
 10
1238.759
 20
904.545
 10
1238.364
 20
904.529
 10
1237.992
 20
904.483
 10
1237.643
 20
904.405
 10
1237.318
 20
904.297
 10
1237.017
 20
904.157
 10
1236.738
 20
903.986
 10
1236.484
 20
903.784
 10
1236.252
 20
903.552
 10
1236.046
 20
903.29
 10
1235.867
 20
903.003
 10
1235.716
 20
902.69
 10
1235.593
 20
902.351
 10
1235.497
 20
901.986
 10
1235.428
 20
901.595
 10
1235.387
 20
901.178
 10
1235.373
 20
900.735
 10
1235.373
 20
897.268
  0
LWPOLYLINE
  5
C9
330
17
100
AcDbEntity
  8
ENGRAVE_V
100
AcDbPolyline
 90
13
 70
1
 10
1230.831
 20
915.436
 10
1230.831
 20
921.704
 10
1240.094
 20
921.704
 10
1240.094
 20
930.951
 10
1230.831
 20
930.951
 10
1230.831
 20
937.218
 10
1255.137
 20
937.218
 10
1255.137
 20
930.951
 10
1244.831
 20
930.951
 10
1244.831
 20
921.704
 10
1255.137
 20
921.704
 10
1255.137
 20
915.436
 10
1230.831
 20
915.436
  0
LWPOLYLINE
  5
CA
330
17
100
AcDbEntity
  8
ENGRAVE_V
100
AcDbPolyline
 90
65
 70
1
 10
1234.933
 20
954.442
 10
1234.966
 20
953.746
 10
1235.066
 20
953.09
 10
1235.231
 20
952.474
 10
1235.462
 20
951.899
 10
1235.76
 20
951.363
 10
1236.124
 20
950.868
 10
1236.554
 20
950.413
 10
1237.05
 20
949.998
 10
1237.606
 20
949.628
 10
1238.216
 20
949.307
 10
1238.88
 20
949.036
 10
1239.598
 20
948.814
 10
1240.369
 20
948.641
 10
1241.195
 20
948.517
 10
1242.075
 20
948.443
 10
1243.008
 20
948.419
 10
1243.938
 20
948.443
 10
1244.814
 20
948.517
 10
1245.637
 20
948.641
 10
1246.407
 20
948.814
 10
1247.123
 20
949.036
 10
1247.785
 20
949.307
 10
1248.394
 20
949.628
 10
1248.95
 20
949.998
 10
1249.446
 20
950.413
 10
1249.876
 20
950.868
 10
1250.24
 20
951.363
 10
1250.538
 20
951.899
 10
1250.769
 20
952.474
 10
1250.934
 20
953.09
 10
1251.034
 20
953.746
 10
1251.067
 20
954.442
 10
1251.034
 20
955.142
 10
1250.934
 20
955.802
 10
1250.769
 20
956.42
 10
1250.538
 20
956.998
 10
1250.24
 20
957.535
 10
1249.876
 20
958.032
 10
1249.446
 20
958.488
 10
1248.95
 20
958.903
 10
1248.394
 20
959.273
 10
1247.785
 20
959.594
 10
1247.123
 20
959.865
 10
1246.407
 20
960.087
 10
1245.637
 20
960.26
 10
1244.814
 20
960.383
 10
1243.938
 20
960.457
 10
1243.008
 20
960.482
 10
1242.075
 20
960.457
 10
1241.195
 20
960.383
 10
1240.369
 20
960.26
 10
1239.598
 20
960.087
 10
1238.88
 20
959.865
 10
1238.216
 20
959.594
 10
1237.606
 20
959.273
 10
1237.05
 20
958.903
 10
1236.554
 20
958.488
 10
1236.124
 20
958.032
 10
1235.76
 20
957.535
 10
1235.462
 20
956.998
 10
1235.231
 20
956.42
 10
1235.066
 20
955.802
 10
1234.966
 20
955.142
 10
1234.933
 20
954.442
  0
LWPOLYLINE
  5
CB
330
17
100
AcDbEntity
  8
ENGRAVE_V
100
AcDbPolyline
 90
65
 70
1
 10
1230.391
 20
954.442
 10
1230.444
 20
955.868
 10
1230.601
 20
957.214
 10
1230.863
 20
958.481
 10
1231.23
 20
959.668
 10
1231.701
 20
960.776
 10
1232.278
 20
961.805
 10
1232.959
 20
962.754
 10
1233.745
 20
963.624
 10
1234.623
 20
964.402
 10
1235.582
 20
965.077
 10
1236.62
 20
965.648
 10
1237.738
 20
966.115
 10
1238.935
 20
966.478
 10
1240.213
 20
966.738
 10
1241.571
 20
966.893
 10
1243.008
 20
966.945
 10
1244.442
 20
966.893
 10
1245.796
 20
966.738
 10
1247.071
 20
966.478
 10
1248.267
 20
966.115
 10
1249.383
 20
965.648
 10
1250.42
 20
965.077
 10
1251.377
 20
964.402
 10
1252.255
 20
963.624
 10
1253.041
 20
962.754
 10
1253.722
 20
961.805
 10
1254.299
 20
960.776
 10
1254.77
 20
959.668
 10
1255.137
 20
958.481
 10
1255.399
 20
957.214
 10
1255.556
 20
955.868
 10
1255.609
 20
954.442
 10
1255.556
 20
953.02
 10
1255.399
 20
951.677
 10
1255.137
 20
950.413
 10
1254.77
 20
949.227
 10
1254.299
 20
948.119
 10
1253.722
 20
947.09
 10
1253.041
 20
946.14
 10
1252.255
 20
945.269
 10
1251.377
 20
944.488
 10
1250.42
 20
943.812
 10
1249.383
 20
943.24
 10
1248.267
 20
942.772
 10
1247.071
 20
942.408
 10
1245.796
 20
942.147
 10
1244.442
 20
941.991
 10
1243.008
 20
941.939
 10
1241.571
 20
941.991
 10
1240.213
 20
942.147
 10
1238.935
 20
942.408
 10
1237.738
 20
942.772
 10
1236.62
 20
943.24
 10
1235.582
 20
943.812
 10
1234.623
 20
944.488
 10
1233.745
 20
945.269
 10
1232.959
 20
946.14
 10
1232.278
 20
947.09
 10
1231.701
 20
948.119
 10
1231.23
 20
949.227
 10
1230.863
 20
950.413
 10
1230.601
 20
951.677
 10
1230.444
 20
953.02
 10
1230.391
 20
954.442
  0
LWPOLYLINE
  5
CC
330
17
100
AcDbEntity
  8
ENGRAVE_V
100
AcDbPolyline
 90
9
 70
1
 10
1230.831
 20
968.785
 10
1230.831
 20
991.186
 10
1235.568
 20
991.186
 10
1235.568
 20
983.127
 10
1255.137
 20
983.127
 10
1255.137
 20
976.86
 10
1235.568
 20
976.86
 10
1235.568
 20
968.785
 10
1230.831
 20
968.785
  0
LWPOLYLINE
  5
CD
330
17
100
AcDbEntity
  8
ENGRAVE_V
100
AcDbPolyline
 90
65
 70
1
 10
1234.933
 20
1005.528
 10
1234.966
 20
1004.832
 10
1235.066
 20
1004.176
 10
1235.231
 20
1003.56
 10
1235.462
 20
1002.984
 10
1235.76
 20
1002.449
 10
1236.124
 20
1001.954
 10
1236.554
 20
1001.499
 10
1237.05
 20
1001.084
 10
1237.606
 20
1000.714
 10
1238.216
 20
1000.393
 10
1238.88
 20
1000.122
 10
1239.598
 20
999.899
 10
1240.369
 20
999.727
 10
1241.195
 20
999.603
 10
1242.075
 20
999.529
 10
1243.008
 20
999.505
 10
1243.938
 20
999.529
 10
1244.814
 20
999.603
 10
1245.637
 20
999.727
 10
1246.407
 20
999.899
 10
1247.123
 20
1000.122
 10
1247.785
 20
1000.393
 10
1248.394
 20
1000.714
 10
1248.95
 20
1001.084
 10
1249.446
 20
1001.499
 10
1249.876
 20
1001.954
 10
1250.24
 20
1002.449
 10
1250.538
 20
1002.984
 10
1250.769
 20
1003.56
 10
1250.934
 20
1004.176
 10
1251.034
 20
1004.832
 10
1251.067
 20
1005.528
 10
1251.034
 20
1006.228
 10
1250.934
 20
1006.888
 10
1250.769
 20
1007.506
 10
1250.538
 20
1008.084
 10
1250.24
 20
1008.621
 10
1249.876
 20
1009.118
 10
1249.446
 20
1009.574
 10
1248.95
 20
1009.989
 10
1248.394
 20
1010.359
 10
1247.785
 20
1010.68
 10
1247.123
 20
1010.951
 10
1246.407
 20
1011.173
 10
1245.637
 20
1011.346
 10
1244.814
 20
1011.469
 10
1243.938
 20
1011.543
 10
1243.008
 20
1011.568
 10
1242.075
 20
1011.543
 10
1241.195
 20
1011.469
 10
1240.369
 20
1011.346
 10
1239.598
 20
1011.173
 10
1238.88
 20
1010.951
 10
1238.216
 20
1010.68
 10
1237.606
 20
1010.359
 10
1237.05
 20
1009.989
 10
1236.554
 20
1009.574
 10
1236.124
 20
1009.118
 10
1235.76
 20
1008.621
 10
1235.462
 20
1008.084
 10
1235.231
 20
1007.506
 10
1235.066
 20
1006.888
 10
1234.966
 20
1006.228
 10
1234.933
 20
1005.528
  0
LWPOLYLINE
  5
CE
330
17
100
AcDbEntity
  8
ENGRAVE_V
100
AcDbPolyline
 90
65
 70
1
 10
1230.391
 20
1005.528
 10
1230.444
 20
1006.954
 10
1230.601
 20
1008.3
 10
1230.863
 20
1009.567
 10
1231.23
 20
1010.754
 10
1231.701
 20
1011.862
 10
1232.278
 20
1012.891
 10
1232.959
 20
1013.84
 10
1233.745
 20
1014.71
 10
1234.623
 20
1015.488
 10
1235.582
 20
1016.163
 10
1236.62
 20
1016.734
 10
1237.738
 20
1017.201
 10
1238.935
 20
1017.564
 10
1240.213
 20
1017.823
 10
1241.571
 20
1017.979
 10
1243.008
 20
1018.031
 10
1244.442
 20
1017.979
 10
1245.796
 20
1017.823
 10
1247.071
 20
1017.564
 10
1248.267
 20
1017.201
 10
1249.383
 20
1016.734
 10
1250.42
 20
1016.163
 10
1251.377
 20
1015.488
 10
1252.255
 20
1014.71
 10
1253.041
 20
1013.84
 10
1253.722
 20
1012.891
 10
1254.299
 20
1011.862
 10
1254.77
 20
1010.754
 10
1255.137
 20
1009.567
 10
1255.399
 20
1008.3
 10
1255.556
 20
1006.954
 10
1255.609
 20
1005.528
 10
1255.556
 20
1004.106
 10
1255.399
 20
1002.763
 10
1255.137
 20
1001.499
 10
1254.77
 20
1000.313
 10
1254.299
 20
999.205
 10
1253.722
 20
998.176
 10
1253.041
 20
997.226
 10
1252.255
 20
996.355
 10
1251.377
 20
995.574
 10
1250.42
 20
994.898
 10
1249.383
 20
994.326
 10
1248.267
 20
993.858
 10
1247.071
 20
993.493
 10
1245.796
 20
993.233
 10
1244.442
 20
993.077
 10
1243.008
 20
993.025
 10
1241.571
 20
993.077
 10
1240.213
 20
993.233
 10
1238.935
 20
993.493
 10
1237.738
 20
993.858
 10
1236.62
 20
994.326
 10
1235.582
 20
994.898
 10
1234.623
 20
995.574
 10
1233.745
 20
996.355
 10
1232.959
 20
997.226
 10
1232.278
 20
998.176
 10
1231.701
 20
999.205
 10
1231.23
 20
1000.313
 10
1230.863
 20
1001.499
 10
1230.601
 20
1002.763
 10
1230.444
 20
1004.106
 10
1230.391
 20
1005.528
  0
LWPOLYLINE
  5
CF
330
17
100
AcDbEntity
  8
ENGRAVE_V
100
AcDbPolyline
 90
36
 70
1
 10
1240.241
 20
1044.111
 10
1240.23
 20
1044.47
 10
1240.2
 20
1044.807
 10
1240.149
 20
1045.122
 10
1240.078
 20
1045.414
 10
1239.986
 20
1045.683
 10
1239.874
 20
1045.931
 10
1239.742
 20
1046.155
 10
1239.589
 20
1046.358
 10
1239.417
 20
1046.537
 10
1239.225
 20
1046.693
 10
1239.014
 20
1046.824
 10
1238.784
 20
1046.932
 10
1238.534
 20
1047.015
 10
1238.265
 20
1047.075
 10
1237.976
 20
1047.111
 10
1237.668
 20
1047.123
 10
1237.364
 20
1047.111
 10
1237.079
 20
1047.075
 10
1236.812
 20
1047.015
 10
1236.563
 20
1046.932
 10
1236.334
 20
1046.824
 10
1236.122
 20
1046.693
 10
1235.93
 20
1046.537
 10
1235.756
 20
1046.358
 10
1235.601
 20
1046.155
 10
1235.467
 20
1045.931
 10
1235.354
 20
1045.683
 10
1235.261
 20
1045.414
 10
1235.189
 20
1045.122
 10
1235.137
 20
1044.807
 10
1235.106
 20
1044.47
 10
1235.096
 20
1044.111
 10
1235.096
 20
1040.644
 10
1240.241
 20
1040.644
 10
1240.241
 20
1044.111
  0
LWPOLYLINE
  5
D0
330
17
100
AcDbEntity
  8
ENGRAVE_V
100
AcDbPolyline
 90
36
 70
1
 10
1250.871
 20
1044.323
 10
1250.859
 20
1044.78
 10
1250.821
 20
1045.209
 10
1250.759
 20
1045.608
 10
1250.672
 20
1045.977
 10
1250.56
 20
1046.318
 10
1250.423
 20
1046.629
 10
1250.261
 20
1046.911
 10
1250.074
 20
1047.164
 10
1249.861
 20
1047.387
 10
1249.624
 20
1047.58
 10
1249.361
 20
1047.744
 10
1249.072
 20
1047.878
 10
1248.758
 20
1047.982
 10
1248.419
 20
1048.057
 10
1248.054
 20
1048.101
 10
1247.664
 20
1048.116
 10
1247.282
 20
1048.101
 10
1246.924
 20
1048.057
 10
1246.591
 20
1047.983
 10
1246.282
 20
1047.88
 10
1245.999
 20
1047.747
 10
1245.74
 20
1047.585
 10
1245.505
 20
1047.393
 10
1245.295
 20
1047.172
 10
1245.11
 20
1046.921
 10
1244.95
 20
1046.64
 10
1244.814
 20
1046.329
 10
1244.703
 20
1045.987
 10
1244.617
 20
1045.616
 10
1244.555
 20
1045.215
 10
1244.518
 20
1044.784
 10
1244.506
 20
1044.323
 10
1244.506
 20
1040.644
 10
1250.871
 20
1040.644
 10
1250.871
 20
1044.323
  0
LWPOLYLINE
  5
D1
330
17
100
AcDbEntity
  8
ENGRAVE_V
100
AcDbPolyline
 90
68
 70
1
 10
1242.129
 20
1050.151
 10
1242.291
 20
1050.641
 10
1242.484
 20
1051.103
 10
1242.708
 20
1051.537
 10
1242.963
 20
1051.942
 10
1243.25
 20
1052.318
 10
1243.567
 20
1052.666
 10
1243.915
 20
1052.986
 10
1244.294
 20
1053.277
 10
1244.7
 20
1053.536
 10
1245.129
 20
1053.761
 10
1245.579
 20
1053.951
 10
1246.052
 20
1054.107
 10
1246.548
 20
1054.228
 10
1247.066
 20
1054.315
 10
1247.606
 20
1054.366
 10
1248.169
 20
1054.384
 10
1249.02
 20
1054.347
 10
1249.815
 20
1054.235
 10
1250.554
 20
1054.05
 10
1251.238
 20
1053.79
 10
1251.865
 20
1053.455
 10
1252.436
 20
1053.047
 10
1252.952
 20
1052.564
 10
1253.411
 20
1052.007
 10
1253.815
 20
1051.374
 10
1254.166
 20
1050.664
 10
1254.462
 20
1049.876
 10
1254.705
 20
1049.011
 10
1254.894
 20
1048.069
 10
1255.029
 20
1047.05
 10
1255.11
 20
1045.953
 10
1255.137
 20
1044.779
 10
1255.137
 20
1034.376
 10
1230.831
 20
1034.376
 10
1230.831
 20
1043.786
 10
1230.855
 20
1045.008
 10
1230.927
 20
1046.143
 10
1231.046
 20
1047.19
 10
1231.213
 20
1048.151
 10
1231.429
 20
1049.024
 10
1231.692
 20
1049.81
 10
1232.003
 20
1050.508
 10
1232.361
 20
1051.12
 10
1232.772
 20
1051.652
 10
1233.241
 20
1052.113
 10
1233.768
 20
1052.504
 10
1234.351
 20
1052.823
 10
1234.993
 20
1053.071
 10
1235.691
 20
1053.249
 10
1236.448
 20
1053.355
 10
1237.261
 20
1053.391
 10
1237.697
 20
1053.378
 10
1238.116
 20
1053.339
 10
1238.518
 20
1053.274
 10
1238.904
 20
1053.183
 10
1239.273
 20
1053.066
 10
1239.626
 20
1052.924
 10
1239.962
 20
1052.755
 10
1240.281
 20
1052.56
 10
1240.583
 20
1052.341
 10
1240.864
 20
1052.099
 10
1241.125
 20
1051.832
 10
1241.366
 20
1051.543
 10
1241.587
 20
1051.23
 10
1241.788
 20
1050.894
 10
1241.968
 20
1050.534
 10
1242.129
 20
1050.151
  0
LWPOLYLINE
  5
D2
330
17
100
AcDbEntity
  8
ENGRAVE_V
100
AcDbPolyline
 90
65
 70
1
 10
1234.933
 20
1070.891
 10
1234.966
 20
1070.195
 10
1235.066
 20
1069.539
 10
1235.231
 20
1068.923
 10
1235.462
 20
1068.348
 10
1235.76
 20
1067.812
 10
1236.124
 20
1067.317
 10
1236.554
 20
1066.862
 10
1237.05
 20
1066.447
 10
1237.606
 20
1066.077
 10
1238.216
 20
1065.756
 10
1238.88
 20
1065.485
 10
1239.598
 20
1065.263
 10
1240.369
 20
1065.09
 10
1241.195
 20
1064.967
 10
1242.075
 20
1064.893
 10
1243.008
 20
1064.868
 10
1243.938
 20
1064.893
 10
1244.814
 20
1064.967
 10
1245.637
 20
1065.09
 10
1246.407
 20
1065.263
 10
1247.123
 20
1065.485
 10
1247.785
 20
1065.756
 10
1248.394
 20
1066.077
 10
1248.95
 20
1066.447
 10
1249.446
 20
1066.862
 10
1249.876
 20
1067.317
 10
1250.24
 20
1067.812
 10
1250.538
 20
1068.348
 10
1250.769
 20
1068.923
 10
1250.934
 20
1069.539
 10
1251.034
 20
1070.195
 10
1251.067
 20
1070.891
 10
1251.034
 20
1071.591
 10
1250.934
 20
1072.251
 10
1250.769
 20
1072.869
 10
1250.538
 20
1073.447
 10
1250.24
 20
1073.985
 10
1249.876
 20
1074.481
 10
1249.446
 20
1074.937
 10
1248.95
 20
1075.352
 10
1248.394
 20
1075.722
 10
1247.785
 20
1076.043
 10
1247.123
 20
1076.314
 10
1246.407
 20
1076.536
 10
1245.637
 20
1076.709
 10
1244.814
 20
1076.833
 10
1243.938
 20
1076.907
 10
1243.008
 20
1076.931
 10
1242.075
 20
1076.907
 10
1241.195
 20
1076.833
 10
1240.369
 20
1076.709
 10
1239.598
 20
1076.536
 10
1238.88
 20
1076.314
 10
1238.216
 20
1076.043
 10
1237.606
 20
1075.722
 10
1237.05
 20
1075.352
 10
1236.554
 20
1074.937
 10
1236.124
 20
1074.481
 10
1235.76
 20
1073.985
 10
1235.462
 20
1073.447
 10
1235.231
 20
1072.869
 10
1235.066
 20
1072.251
 10
1234.966
 20
1071.591
 10
1234.933
 20
1070.891
  0
LWPOLYLINE
  5
D3
330
17
100
AcDbEntity
  8
ENGRAVE_V
100
AcDbPolyline
 90
65
 70
1
 10
1230.391
 20
1070.891
 10
1230.444
 20
1072.317
 10
1230.601
 20
1073.663
 10
1230.863
 20
1074.93
 10
1231.23
 20
1076.117
 10
1231.701
 20
1077.225
 10
1232.278
 20
1078.254
 10
1232.959
 20
1079.203
 10
1233.745
 20
1080.073
 10
1234.623
 20
1080.852
 10
1235.582
 20
1081.526
 10
1236.62
 20
1082.097
 10
1237.738
 20
1082.564
 10
1238.935
 20
1082.927
 10
1240.213
 20
1083.187
 10
1241.571
 20
1083.342
 10
1243.008
 20
1083.394
 10
1244.442
 20
1083.342
 10
1245.796
 20
1083.187
 10
1247.071
 20
1082.927
 10
1248.267
 20
1082.564
 10
1249.383
 20
1082.097
 10
1250.42
 20
1081.526
 10
1251.377
 20
1080.852
 10
1252.255
 20
1080.073
 10
1253.041
 20
1079.203
 10
1253.722
 20
1078.254
 10
1254.299
 20
1077.225
 10
1254.77
 20
1076.117
 10
1255.137
 20
1074.93
 10
1255.399
 20
1073.663
 10
1255.556
 20
1072.317
 10
1255.609
 20
1070.891
 10
1255.556
 20
1069.47
 10
1255.399
 20
1068.126
 10
1255.137
 20
1066.862
 10
1254.77
 20
1065.676
 10
1254.299
 20
1064.568
 10
1253.722
 20
1063.54
 10
1253.041
 20
1062.589
 10
1252.255
 20
1061.718
 10
1251.377
 20
1060.938
 10
1250.42
 20
1060.261
 10
1249.383
 20
1059.689
 10
1248.267
 20
1059.221
 10
1247.071
 20
1058.857
 10
1245.796
 20
1058.597
 10
1244.442
 20
1058.441
 10
1243.008
 20
1058.389
 10
1241.571
 20
1058.441
 10
1240.213
 20
1058.597
 10
1238.935
 20
1058.857
 10
1237.738
 20
1059.221
 10
1236.62
 20
1059.689
 10
1235.582
 20
1060.261
 10
1234.623
 20
1060.938
 10
1233.745
 20
1061.718
 10
1232.959
 20
1062.589
 10
1232.278
 20
1063.54
 10
1231.701
 20
1064.568
 10
1231.23
 20
1065.676
 10
1230.863
 20
1066.862
 10
1230.601
 20
1068.126
 10
1230.444
 20
1069.47
 10
1230.391
 20
1070.891
  0
LWPOLYLINE
  5
D4
330
17
100
AcDbEntity
  8
ENGRAVE_V
100
AcDbPolyline
 90
65
 70
1
 10
1234.933
 20
1099.235
 10
1234.966
 20
1098.538
 10
1235.066
 20
1097.882
 10
1235.231
 20
1097.266
 10
1235.462
 20
1096.691
 10
1235.76
 20
1096.155
 10
1236.124
 20
1095.66
 10
1236.554
 20
1095.205
 10
1237.05
 20
1094.79
 10
1237.606
 20
1094.42
 10
1238.216
 20
1094.099
 10
1238.88
 20
1093.828
 10
1239.598
 20
1093.606
 10
1240.369
 20
1093.433
 10
1241.195
 20
1093.31
 10
1242.075
 20
1093.236
 10
1243.008
 20
1093.211
 10
1243.938
 20
1093.236
 10
1244.814
 20
1093.31
 10
1245.637
 20
1093.433
 10
1246.407
 20
1093.606
 10
1247.123
 20
1093.828
 10
1247.785
 20
1094.099
 10
1248.394
 20
1094.42
 10
1248.95
 20
1094.79
 10
1249.446
 20
1095.205
 10
1249.876
 20
1095.66
 10
1250.24
 20
1096.155
 10
1250.538
 20
1096.691
 10
1250.769
 20
1097.266
 10
1250.934
 20
1097.882
 10
1251.034
 20
1098.538
 10
1251.067
 20
1099.235
 10
1251.034
 20
1099.935
 10
1250.934
 20
1100.594
 10
1250.769
 20
1101.213
 10
1250.538
 20
1101.79
 10
1250.24
 20
1102.328
 10
1249.876
 20
1102.824
 10
1249.446
 20
1103.28
 10
1248.95
 20
1103.695
 10
1248.394
 20
1104.065
 10
1247.785
 20
1104.386
 10
1247.123
 20
1104.657
 10
1246.407
 20
1104.88
 10
1245.637
 20
1105.052
 10
1244.814
 20
1105.176
 10
1243.938
 20
1105.25
 10
1243.008
 20
1105.274
 10
1242.075
 20
1105.25
 10
1241.195
 20
1105.176
 10
1240.369
 20
1105.052
 10
1239.598
 20
1104.88
 10
1238.88
 20
1104.657
 10
1238.216
 20
1104.386
 10
1237.606
 20
1104.065
 10
1237.05
 20
1103.695
 10
1236.554
 20
1103.28
 10
1236.124
 20
1102.824
 10
1235.76
 20
1102.328
 10
1235.462
 20
1101.79
 10
1235.231
 20
1101.213
 10
1235.066
 20
1100.594
 10
1234.966
 20
1099.935
 10
1234.933
 20
1099.235
  0
LWPOLYLINE
  5
D5
330
17
100
AcDbEntity
  8
ENGRAVE_V
100
AcDbPolyline
 90
65
 70
1
 10
1230.391
 20
1099.235
 10
1230.444
 20
1100.66
 10
1230.601
 20
1102.006
 10
1230.863
 20
1103.273
 10
1231.23
 20
1104.46
 10
1231.701
 20
1105.568
 10
1232.278
 20
1106.597
 10
1232.959
 20
1107.546
 10
1233.745
 20
1108.416
 10
1234.623
 20
1109.195
 10
1235.582
 20
1109.869
 10
1236.62
 20
1110.44
 10
1237.738
 20
1110.907
 10
1238.935
 20
1111.27
 10
1240.213
 20
1111.53
 10
1241.571
 20
1111.686
 10
1243.008
 20
1111.737
 10
1244.442
 20
1111.686
 10
1245.796
 20
1111.53
 10
1247.071
 20
1111.27
 10
1248.267
 20
1110.907
 10
1249.383
 20
1110.44
 10
1250.42
 20
1109.869
 10
1251.377
 20
1109.195
 10
1252.255
 20
1108.416
 10
1253.041
 20
1107.546
 10
1253.722
 20
1106.597
 10
1254.299
 20
1105.568
 10
1254.77
 20
1104.46
 10
1255.137
 20
1103.273
 10
1255.399
 20
1102.006
 10
1255.556
 20
1100.66
 10
1255.609
 20
1099.235
 10
1255.556
 20
1097.813
 10
1255.399
 20
1096.47
 10
1255.137
 20
1095.205
 10
1254.77
 20
1094.019
 10
1254.299
 20
1092.912
 10
1253.722
 20
1091.883
 10
1253.041
 20
1090.933
 10
1252.255
 20
1090.061
 10
1251.377
 20
1089.281
 10
1250.42
 20
1088.604
 10
1249.383
 20
1088.032
 10
1248.267
 20
1087.564
 10
1247.071
 20
1087.2
 10
1245.796
 20
1086.94
 10
1244.442
 20
1086.784
 10
1243.008
 20
1086.732
 10
1241.571
 20
1086.784
 10
1240.213
 20
1086.94
 10
1238.935
 20
1087.2
 10
1237.738
 20
1087.564
 10
1236.62
 20
1088.032
 10
1235.582
 20
1088.604
 10
1234.623
 20
1089.281
 10
1233.745
 20
1090.061
 10
1232.959
 20
1090.933
 10
1232.278
 20
1091.883
 10
1231.701
 20
1092.912
 10
1231.23
 20
1094.019
 10
1230.863
 20
1095.205
 10
1230.601
 20
1096.47
 10
1230.444
 20
1097.813
 10
1230.391
 20
1099.235
  0
LWPOLYLINE
  5
D6
330
17
100
AcDbEntity
  8
ENGRAVE_V
100
AcDbPolyline
 90
9
 70
1
 10
1230.831
 20
1113.577
 10
1230.831
 20
1135.978
 10
1235.568
 20
1135.978
 10
1235.568
 20
1127.92
 10
1255.137
 20
1127.92
 10
1255.137
 20
1121.652
 10
1235.568
 20
1121.652
 10
1235.568
 20
1113.577
 10
1230.831
 20
1113.577
  0
LWPOLYLINE
  5
D7
330
17
100
AcDbEntity
  8
ENGRAVE_V
100
AcDbPolyline
 90
13
 70
1
 10
1230.831
 20
1139.218
 10
1230.831
 20
1145.485
 10
1240.094
 20
1145.485
 10
1240.094
 20
1154.732
 10
1230.831
 20
1154.732
 10
1230.831
 20
1161.0
 10
1255.137
 20
1161.0
 10
1255.137
 20
1154.732
 10
1244.831
 20
1154.732
 10
1244.831
 20
1145.485
 10
1255.137
 20
1145.485
 10
1255.137
 20
1139.218
 10
1230.831
 20
1139.218
  0
LWPOLYLINE
  5
D8
330
17
100
AcDbEntity
  8
ENGRAVE_V
100
AcDbPolyline
 90
268
 70
1
 10
1183.0
 20
970.956
 10
1182.095
 20
970.706
 10
1181.201
 20
970.467
 10
1180.32
 20
970.239
 10
1179.45
 20
970.022
 10
1178.592
 20
969.817
 10
1177.746
 20
969.622
 10
1176.911
 20
969.439
 10
1176.089
 20
969.267
 10
1175.282
 20
969.106
 10
1174.494
 20
968.956
 10
1173.726
 20
968.817
 10
1172.978
 20
968.689
 10
1172.249
 20
968.572
 10
1171.539
 20
968.467
 10
1170.849
 20
968.372
 10
1170.178
 20
968.289
 10
1169.53
 20
968.216
 10
1168.91
 20
968.153
 10
1168.316
 20
968.099
 10
1167.75
 20
968.056
 10
1167.211
 20
968.022
 10
1166.699
 20
967.997
 10
1166.214
 20
967.983
 10
1165.756
 20
967.978
 10
1164.78
 20
967.998
 10
1163.832
 20
968.057
 10
1162.911
 20
968.156
 10
1162.017
 20
968.294
 10
1161.15
 20
968.473
 10
1160.31
 20
968.69
 10
1159.497
 20
968.948
 10
1158.711
 20
969.244
 10
1157.952
 20
969.573
 10
1157.219
 20
969.925
 10
1156.513
 20
970.301
 10
1155.833
 20
970.7
 10
1155.18
 20
971.123
 10
1154.553
 20
971.569
 10
1153.952
 20
972.04
 10
1153.378
 20
972.533
 10
1152.829
 20
973.044
 10
1152.304
 20
973.564
 10
1151.804
 20
974.094
 10
1151.328
 20
974.633
 10
1150.876
 20
975.183
 10
1150.449
 20
975.742
 10
1150.045
 20
976.31
 10
1149.667
 20
976.889
 10
1149.312
 20
977.47
 10
1148.981
 20
978.047
 10
1148.673
 20
978.62
 10
1148.389
 20
979.189
 10
1148.128
 20
979.753
 10
1147.892
 20
980.314
 10
1147.678
 20
980.87
 10
1147.489
 20
981.422
 10
1147.322
 20
981.962
 10
1147.178
 20
982.482
 10
1147.056
 20
982.982
 10
1146.956
 20
983.461
 10
1146.878
 20
983.92
 10
1146.822
 20
984.36
 10
1146.789
 20
984.779
 10
1146.778
 20
985.178
 10
1146.791
 20
985.569
 10
1146.831
 20
985.943
 10
1146.897
 20
986.3
 10
1146.989
 20
986.639
 10
1147.108
 20
986.961
 10
1147.253
 20
987.265
 10
1147.424
 20
987.552
 10
1147.622
 20
987.822
 10
1147.845
 20
988.08
 10
1148.09
 20
988.331
 10
1148.359
 20
988.574
 10
1148.65
 20
988.811
 10
1148.964
 20
989.041
 10
1149.301
 20
989.264
 10
1149.661
 20
989.48
 10
1150.044
 20
989.689
 10
1150.449
 20
989.896
 10
1150.874
 20
990.107
 10
1151.318
 20
990.321
 10
1151.783
 20
990.539
 10
1152.268
 20
990.76
 10
1152.774
 20
990.985
 10
1153.299
 20
991.213
 10
1153.844
 20
991.444
 10
1154.426
 20
991.707
 10
1154.971
 20
991.962
 10
1155.479
 20
992.21
 10
1155.95
 20
992.45
 10
1156.384
 20
992.682
 10
1156.782
 20
992.907
 10
1157.143
 20
993.124
 10
1157.467
 20
993.333
 10
1157.76
 20
993.54
 10
1158.028
 20
993.749
 10
1158.271
 20
993.959
 10
1158.489
 20
994.172
 10
1158.682
 20
994.387
 10
1158.85
 20
994.604
 10
1158.993
 20
994.823
 10
1159.111
 20
995.044
 10
1159.21
 20
995.27
 10
1159.296
 20
995.503
 10
1159.368
 20
995.742
 10
1159.428
 20
995.989
 10
1159.474
 20
996.242
 10
1159.507
 20
996.503
 10
1159.527
 20
996.77
 10
1159.533
 20
997.044
 10
1159.547
 20
997.452
 10
1159.588
 20
997.831
 10
1159.655
 20
998.18
 10
1159.75
 20
998.5
 10
1159.872
 20
998.791
 10
1160.021
 20
999.053
 10
1160.197
 20
999.285
 10
1160.4
 20
999.489
 10
1160.623
 20
999.666
 10
1160.86
 20
999.819
 10
1161.109
 20
999.949
 10
1161.372
 20
1000.056
 10
1161.648
 20
1000.138
 10
1161.938
 20
1000.197
 10
1162.24
 20
1000.233
 10
1162.556
 20
1000.244
 10
1162.893
 20
1000.23
 10
1163.215
 20
1000.186
 10
1163.523
 20
1000.113
 10
1163.817
 20
1000.011
 10
1164.095
 20
999.88
 10
1164.36
 20
999.719
 10
1164.609
 20
999.53
 10
1164.844
 20
999.311
 10
1165.058
 20
999.065
 10
1165.243
 20
998.792
 10
1165.4
 20
998.492
 10
1165.528
 20
998.167
 10
1165.627
 20
997.815
 10
1165.699
 20
997.436
 10
1165.741
 20
997.031
 10
1165.756
 20
996.6
 10
1165.744
 20
996.065
 10
1165.71
 20
995.547
 10
1165.652
 20
995.048
 10
1165.572
 20
994.567
 10
1165.469
 20
994.103
 10
1165.343
 20
993.658
 10
1165.194
 20
993.231
 10
1165.022
 20
992.822
 10
1164.829
 20
992.427
 10
1164.615
 20
992.042
 10
1164.382
 20
991.666
 10
1164.128
 20
991.3
 10
1163.854
 20
990.944
 10
1163.56
 20
990.597
 10
1163.245
 20
990.26
 10
1162.911
 20
989.933
 10
1161.533
 20
991.178
 10
1161.873
 20
991.073
 10
1162.204
 20
990.96
 10
1162.526
 20
990.837
 10
1162.839
 20
990.706
 10
1163.143
 20
990.565
 10
1163.438
 20
990.415
 10
1163.723
 20
990.257
 10
1164.0
 20
990.089
 10
1164.265
 20
989.91
 10
1164.515
 20
989.717
 10
1164.751
 20
989.51
 10
1164.972
 20
989.289
 10
1165.179
 20
989.054
 10
1165.371
 20
988.806
 10
1165.548
 20
988.543
 10
1165.711
 20
988.267
 10
1165.857
 20
987.975
 10
1165.983
 20
987.665
 10
1166.09
 20
987.339
 10
1166.178
 20
986.994
 10
1166.246
 20
986.633
 10
1166.294
 20
986.254
 10
1166.324
 20
985.858
 10
1166.333
 20
985.444
 10
1166.326
 20
985.067
 10
1166.306
 20
984.69
 10
1166.271
 20
984.314
 10
1166.222
 20
983.939
 10
1166.16
 20
983.564
 10
1166.083
 20
983.19
 10
1165.993
 20
982.817
 10
1165.889
 20
982.444
 10
1165.771
 20
982.074
 10
1165.639
 20
981.706
 10
1165.493
 20
981.34
 10
1165.333
 20
980.978
 10
1165.16
 20
980.618
 10
1164.972
 20
980.261
 10
1164.771
 20
979.907
 10
1164.556
 20
979.556
 10
1164.327
 20
979.207
 10
1164.085
 20
978.862
 10
1163.83
 20
978.521
 10
1163.561
 20
978.183
 10
1163.28
 20
977.849
 10
1162.985
 20
977.518
 10
1162.677
 20
977.191
 10
1162.356
 20
976.867
 10
1162.021
 20
976.547
 10
1161.674
 20
976.231
 10
1161.313
 20
975.919
 10
1160.939
 20
975.611
 10
1160.552
 20
975.308
 10
1160.151
 20
975.008
 10
1159.738
 20
974.713
 10
1159.311
 20
974.422
 10
1159.0
 20
976.067
 10
1159.383
 20
975.831
 10
1159.778
 20
975.611
 10
1160.183
 20
975.408
 10
1160.6
 20
975.222
 10
1161.028
 20
975.053
 10
1161.467
 20
974.9
 10
1161.917
 20
974.764
 10
1162.378
 20
974.644
 10
1162.844
 20
974.54
 10
1163.308
 20
974.45
 10
1163.772
 20
974.374
 10
1164.233
 20
974.311
 10
1164.694
 20
974.263
 10
1165.153
 20
974.228
 10
1165.61
 20
974.207
 10
1166.067
 20
974.2
 10
1166.43
 20
974.204
 10
1166.807
 20
974.215
 10
1167.199
 20
974.234
 10
1167.606
 20
974.261
 10
1168.027
 20
974.295
 10
1168.463
 20
974.337
 10
1168.913
 20
974.387
 10
1169.378
 20
974.444
 10
1169.853
 20
974.508
 10
1170.336
 20
974.576
 10
1170.826
 20
974.65
 10
1171.322
 20
974.728
 10
1171.826
 20
974.811
 10
1172.336
 20
974.899
 10
1172.853
 20
974.991
 10
1173.378
 20
975.089
 10
1173.905
 20
975.191
 10
1174.431
 20
975.296
 10
1174.955
 20
975.405
 10
1175.478
 20
975.517
 10
1175.999
 20
975.632
 10
1176.519
 20
975.751
 10
1177.038
 20
975.874
 10
1177.556
 20
976.0
 10
1178.067
 20
976.127
 10
1178.568
 20
976.254
 10
1179.059
 20
976.38
 10
1179.539
 20
976.506
 10
1180.009
 20
976.63
 10
1180.468
 20
976.754
 10
1180.917
 20
976.877
 10
1181.356
 20
977.0
 10
1183.0
 20
970.956
  0
LWPOLYLINE
  5
D9
330
17
100
AcDbEntity
  8
ENGRAVE_V
100
AcDbPolyline
 90
114
 70
1
 10
1160.067
 20
985.356
 10
1160.063
 20
985.561
 10
1160.051
 20
985.757
 10
1160.032
 20
985.942
 10
1160.006
 20
986.117
 10
1159.971
 20
986.281
 10
1159.929
 20
986.435
 10
1159.88
 20
986.578
 10
1159.822
 20
986.711
 10
1159.757
 20
986.833
 10
1159.685
 20
986.944
 10
1159.605
 20
987.044
 10
1159.517
 20
987.133
 10
1159.421
 20
987.211
 10
1159.318
 20
987.278
 10
1159.207
 20
987.333
 10
1159.089
 20
987.378
 10
1158.964
 20
987.41
 10
1158.833
 20
987.429
 10
1158.697
 20
987.435
 10
1158.556
 20
987.428
 10
1158.408
 20
987.407
 10
1158.256
 20
987.374
 10
1158.097
 20
987.327
 10
1157.933
 20
987.267
 10
1157.638
 20
987.156
 10
1157.353
 20
987.046
 10
1157.077
 20
986.936
 10
1156.811
 20
986.828
 10
1156.555
 20
986.72
 10
1156.308
 20
986.612
 10
1156.072
 20
986.506
 10
1155.844
 20
986.4
 10
1155.626
 20
986.295
 10
1155.417
 20
986.192
 10
1155.215
 20
986.09
 10
1155.022
 20
985.989
 10
1154.838
 20
985.89
 10
1154.661
 20
985.792
 10
1154.493
 20
985.695
 10
1154.333
 20
985.6
 10
1154.183
 20
985.506
 10
1154.042
 20
985.411
 10
1153.91
 20
985.317
 10
1153.789
 20
985.222
 10
1153.677
 20
985.128
 10
1153.575
 20
985.033
 10
1153.483
 20
984.939
 10
1153.4
 20
984.844
 10
1153.327
 20
984.75
 10
1153.264
 20
984.654
 10
1153.21
 20
984.558
 10
1153.167
 20
984.461
 10
1153.133
 20
984.364
 10
1153.108
 20
984.265
 10
1153.094
 20
984.166
 10
1153.089
 20
984.067
 10
1153.095
 20
983.918
 10
1153.112
 20
983.761
 10
1153.142
 20
983.596
 10
1153.183
 20
983.422
 10
1153.236
 20
983.24
 10
1153.301
 20
983.05
 10
1153.378
 20
982.851
 10
1153.467
 20
982.644
 10
1153.564
 20
982.433
 10
1153.665
 20
982.222
 10
1153.772
 20
982.011
 10
1153.883
 20
981.8
 10
1154.0
 20
981.589
 10
1154.121
 20
981.378
 10
1154.247
 20
981.167
 10
1154.378
 20
980.956
 10
1154.511
 20
980.749
 10
1154.643
 20
980.55
 10
1154.775
 20
980.36
 10
1154.906
 20
980.178
 10
1155.036
 20
980.004
 10
1155.165
 20
979.839
 10
1155.294
 20
979.682
 10
1155.422
 20
979.533
 10
1155.546
 20
979.397
 10
1155.662
 20
979.275
 10
1155.771
 20
979.169
 10
1155.872
 20
979.078
 10
1155.966
 20
979.002
 10
1156.051
 20
978.942
 10
1156.13
 20
978.897
 10
1156.2
 20
978.867
 10
1154.733
 20
978.333
 10
1155.117
 20
978.539
 10
1155.49
 20
978.754
 10
1155.853
 20
978.98
 10
1156.206
 20
979.217
 10
1156.548
 20
979.464
 10
1156.879
 20
979.721
 10
1157.2
 20
979.989
 10
1157.511
 20
980.267
 10
1157.808
 20
980.553
 10
1158.088
 20
980.846
 10
1158.35
 20
981.145
 10
1158.594
 20
981.45
 10
1158.822
 20
981.761
 10
1159.032
 20
982.079
 10
1159.225
 20
982.403
 10
1159.4
 20
982.733
 10
1159.556
 20
983.066
 10
1159.692
 20
983.397
 10
1159.806
 20
983.727
 10
1159.9
 20
984.056
 10
1159.973
 20
984.383
 10
1160.025
 20
984.708
 10
1160.056
 20
985.033
 10
1160.067
 20
985.356
  0
LWPOLYLINE
  5
DA
330
17
100
AcDbEntity
  8
ENGRAVE_V
100
AcDbPolyline
 90
416
 70
1
 10
1165.756
 20
996.689
 10
1159.533
 20
997.133
 10
1159.53
 20
997.492
 10
1159.518
 20
997.833
 10
1159.499
 20
998.158
 10
1159.472
 20
998.467
 10
1159.438
 20
998.758
 10
1159.396
 20
999.033
 10
1159.346
 20
999.292
 10
1159.289
 20
999.533
 10
1159.218
 20
999.761
 10
1159.128
 20
999.979
 10
1159.018
 20
1000.186
 10
1158.889
 20
1000.383
 10
1158.74
 20
1000.57
 10
1158.572
 20
1000.746
 10
1158.385
 20
1000.911
 10
1158.178
 20
1001.067
 10
1157.947
 20
1001.215
 10
1157.689
 20
1001.358
 10
1157.403
 20
1001.498
 10
1157.089
 20
1001.633
 10
1156.747
 20
1001.765
 10
1156.378
 20
1001.892
 10
1155.981
 20
1002.015
 10
1155.556
 20
1002.133
 10
1155.097
 20
1002.252
 10
1154.599
 20
1002.374
 10
1154.061
 20
1002.499
 10
1153.483
 20
1002.628
 10
1152.866
 20
1002.76
 10
1152.21
 20
1002.896
 10
1151.514
 20
1003.035
 10
1150.778
 20
1003.178
 10
1151.844
 20
1008.956
 10
1152.097
 20
1008.909
 10
1152.364
 20
1008.86
 10
1152.647
 20
1008.807
 10
1152.944
 20
1008.75
 10
1153.258
 20
1008.69
 10
1153.586
 20
1008.626
 10
1153.93
 20
1008.559
 10
1154.289
 20
1008.489
 10
1154.649
 20
1008.421
 10
1154.997
 20
1008.362
 10
1155.333
 20
1008.313
 10
1155.656
 20
1008.272
 10
1155.966
 20
1008.241
 10
1156.264
 20
1008.218
 10
1156.549
 20
1008.205
 10
1156.822
 20
1008.2
 10
1157.03
 20
1008.205
 10
1157.229
 20
1008.221
 10
1157.421
 20
1008.247
 10
1157.606
 20
1008.283
 10
1157.782
 20
1008.33
 10
1157.951
 20
1008.388
 10
1158.113
 20
1008.455
 10
1158.267
 20
1008.533
 10
1158.412
 20
1008.624
 10
1158.55
 20
1008.731
 10
1158.679
 20
1008.852
 10
1158.8
 20
1008.989
 10
1158.912
 20
1009.141
 10
1159.017
 20
1009.308
 10
1159.112
 20
1009.491
 10
1159.2
 20
1009.689
 10
1159.278
 20
1009.905
 10
1159.346
 20
1010.14
 10
1159.403
 20
1010.396
 10
1159.45
 20
1010.672
 10
1159.486
 20
1010.968
 10
1159.513
 20
1011.285
 10
1159.528
 20
1011.621
 10
1159.533
 20
1011.978
 10
1159.53
 20
1012.261
 10
1159.518
 20
1012.535
 10
1159.499
 20
1012.798
 10
1159.472
 20
1013.05
 10
1159.438
 20
1013.292
 10
1159.396
 20
1013.524
 10
1159.346
 20
1013.745
 10
1159.289
 20
1013.956
 10
1159.218
 20
1014.158
 10
1159.128
 20
1014.353
 10
1159.018
 20
1014.541
 10
1158.889
 20
1014.722
 10
1158.74
 20
1014.897
 10
1158.572
 20
1015.064
 10
1158.385
 20
1015.224
 10
1158.178
 20
1015.378
 10
1157.946
 20
1015.526
 10
1157.683
 20
1015.669
 10
1157.39
 20
1015.809
 10
1157.067
 20
1015.944
 10
1156.713
 20
1016.076
 10
1156.328
 20
1016.203
 10
1155.912
 20
1016.326
 10
1155.467
 20
1016.444
 10
1154.985
 20
1016.561
 10
1154.463
 20
1016.676
 10
1153.899
 20
1016.791
 10
1153.294
 20
1016.906
 10
1152.649
 20
1017.019
 10
1151.963
 20
1017.132
 10
1151.235
 20
1017.244
 10
1150.467
 20
1017.356
 10
1151.4
 20
1023.222
 10
1151.658
 20
1023.178
 10
1151.919
 20
1023.133
 10
1152.185
 20
1023.089
 10
1152.456
 20
1023.044
 10
1152.73
 20
1023.0
 10
1153.008
 20
1022.956
 10
1153.291
 20
1022.911
 10
1153.578
 20
1022.867
 10
1153.864
 20
1022.823
 10
1154.144
 20
1022.781
 10
1154.419
 20
1022.74
 10
1154.689
 20
1022.7
 10
1154.953
 20
1022.662
 10
1155.211
 20
1022.625
 10
1155.464
 20
1022.59
 10
1155.711
 20
1022.556
 10
1155.95
 20
1022.524
 10
1156.178
 20
1022.497
 10
1156.394
 20
1022.474
 10
1156.6
 20
1022.456
 10
1156.794
 20
1022.441
 10
1156.978
 20
1022.431
 10
1157.15
 20
1022.424
 10
1157.311
 20
1022.422
 10
1157.455
 20
1022.427
 10
1157.596
 20
1022.443
 10
1157.735
 20
1022.469
 10
1157.872
 20
1022.506
 10
1158.007
 20
1022.552
 10
1158.14
 20
1022.61
 10
1158.271
 20
1022.677
 10
1158.4
 20
1022.756
 10
1158.525
 20
1022.848
 10
1158.643
 20
1022.958
 10
1158.755
 20
1023.087
 10
1158.861
 20
1023.233
 10
1158.961
 20
1023.398
 10
1159.054
 20
1023.581
 10
1159.141
 20
1023.781
 10
1159.222
 20
1024.0
 10
1159.295
 20
1024.239
 10
1159.358
 20
1024.501
 10
1159.412
 20
1024.786
 10
1159.456
 20
1025.094
 10
1159.49
 20
1025.425
 10
1159.514
 20
1025.779
 10
1159.528
 20
1026.156
 10
1159.533
 20
1026.556
 10
1159.52
 20
1027.039
 10
1159.479
 20
1027.49
 10
1159.411
 20
1027.909
 10
1159.317
 20
1028.294
 10
1159.195
 20
1028.648
 10
1159.046
 20
1028.968
 10
1158.87
 20
1029.256
 10
1158.667
 20
1029.511
 10
1158.436
 20
1029.735
 10
1158.176
 20
1029.929
 10
1157.889
 20
1030.093
 10
1157.572
 20
1030.228
 10
1157.227
 20
1030.332
 10
1156.854
 20
1030.407
 10
1156.452
 20
1030.452
 10
1156.022
 20
1030.467
 10
1155.764
 20
1030.466
 10
1155.501
 20
1030.464
 10
1155.234
 20
1030.46
 10
1154.961
 20
1030.456
 10
1154.684
 20
1030.449
 10
1154.401
 20
1030.442
 10
1154.114
 20
1030.433
 10
1153.822
 20
1030.422
 10
1153.523
 20
1030.41
 10
1153.214
 20
1030.396
 10
1152.895
 20
1030.38
 10
1152.567
 20
1030.361
 10
1152.228
 20
1030.341
 10
1151.881
 20
1030.318
 10
1151.523
 20
1030.293
 10
1151.156
 20
1030.267
 10
1150.777
 20
1030.236
 10
1150.385
 20
1030.201
 10
1149.98
 20
1030.161
 10
1149.561
 20
1030.117
 10
1149.13
 20
1030.067
 10
1148.685
 20
1030.013
 10
1148.227
 20
1029.953
 10
1147.756
 20
1029.889
 10
1147.311
 20
1035.622
 10
1148.244
 20
1035.701
 10
1149.133
 20
1035.783
 10
1149.978
 20
1035.868
 10
1150.778
 20
1035.956
 10
1151.533
 20
1036.046
 10
1152.244
 20
1036.139
 10
1152.911
 20
1036.235
 10
1153.533
 20
1036.333
 10
1154.116
 20
1036.438
 10
1154.665
 20
1036.551
 10
1155.18
 20
1036.674
 10
1155.661
 20
1036.806
 10
1156.108
 20
1036.946
 10
1156.521
 20
1037.096
 10
1156.9
 20
1037.255
 10
1157.244
 20
1037.422
 10
1157.559
 20
1037.602
 10
1157.849
 20
1037.797
 10
1158.112
 20
1038.008
 10
1158.35
 20
1038.233
 10
1158.562
 20
1038.474
 10
1158.749
 20
1038.731
 10
1158.909
 20
1039.002
 10
1159.044
 20
1039.289
 10
1159.159
 20
1039.595
 10
1159.258
 20
1039.924
 10
1159.342
 20
1040.275
 10
1159.411
 20
1040.65
 10
1159.465
 20
1041.048
 10
1159.503
 20
1041.468
 10
1159.526
 20
1041.911
 10
1159.533
 20
1042.378
 10
1159.547
 20
1042.785
 10
1159.588
 20
1043.162
 10
1159.655
 20
1043.51
 10
1159.75
 20
1043.828
 10
1159.872
 20
1044.116
 10
1160.021
 20
1044.374
 10
1160.197
 20
1044.602
 10
1160.4
 20
1044.8
 10
1160.623
 20
1044.972
 10
1160.86
 20
1045.121
 10
1161.109
 20
1045.247
 10
1161.372
 20
1045.35
 10
1161.648
 20
1045.43
 10
1161.938
 20
1045.487
 10
1162.24
 20
1045.522
 10
1162.556
 20
1045.533
 10
1162.893
 20
1045.519
 10
1163.215
 20
1045.476
 10
1163.523
 20
1045.405
 10
1163.817
 20
1045.306
 10
1164.095
 20
1045.177
 10
1164.36
 20
1045.021
 10
1164.609
 20
1044.836
 10
1164.844
 20
1044.622
 10
1165.058
 20
1044.381
 10
1165.243
 20
1044.112
 10
1165.4
 20
1043.817
 10
1165.528
 20
1043.494
 10
1165.627
 20
1043.145
 10
1165.699
 20
1042.768
 10
1165.741
 20
1042.364
 10
1165.756
 20
1041.933
 10
1165.752
 20
1041.632
 10
1165.743
 20
1041.328
 10
1165.727
 20
1041.021
 10
1165.706
 20
1040.711
 10
1165.677
 20
1040.399
 10
1165.643
 20
1040.083
 10
1165.602
 20
1039.765
 10
1165.556
 20
1039.444
 10
1165.499
 20
1039.124
 10
1165.431
 20
1038.806
 10
1165.349
 20
1038.49
 10
1165.256
 20
1038.178
 10
1165.149
 20
1037.868
 10
1165.031
 20
1037.561
 10
1164.899
 20
1037.257
 10
1164.756
 20
1036.956
 10
1164.597
 20
1036.66
 10
1164.421
 20
1036.372
 10
1164.227
 20
1036.093
 10
1164.017
 20
1035.822
 10
1163.789
 20
1035.56
 10
1163.543
 20
1035.306
 10
1163.28
 20
1035.06
 10
1163.0
 20
1034.822
 10
1162.699
 20
1034.595
 10
1162.375
 20
1034.381
 10
1162.027
 20
1034.178
 10
1161.656
 20
1033.989
 10
1161.26
 20
1033.812
 10
1160.842
 20
1033.647
 10
1160.399
 20
1033.495
 10
1159.933
 20
1033.356
 10
1160.2
 20
1034.156
 10
1160.74
 20
1033.993
 10
1161.247
 20
1033.817
 10
1161.723
 20
1033.626
 10
1162.167
 20
1033.422
 10
1162.578
 20
1033.204
 10
1162.958
 20
1032.972
 10
1163.306
 20
1032.726
 10
1163.622
 20
1032.467
 10
1163.911
 20
1032.192
 10
1164.176
 20
1031.903
 10
1164.419
 20
1031.598
 10
1164.639
 20
1031.278
 10
1164.836
 20
1030.942
 10
1165.01
 20
1030.592
 10
1165.161
 20
1030.226
 10
1165.289
 20
1029.844
 10
1165.398
 20
1029.446
 10
1165.493
 20
1029.028
 10
1165.573
 20
1028.59
 10
1165.639
 20
1028.133
 10
1165.69
 20
1027.657
 10
1165.726
 20
1027.161
 10
1165.748
 20
1026.646
 10
1165.756
 20
1026.111
 10
1165.747
 20
1025.618
 10
1165.722
 20
1025.139
 10
1165.681
 20
1024.674
 10
1165.622
 20
1024.222
 10
1165.547
 20
1023.785
 10
1165.456
 20
1023.361
 10
1165.347
 20
1022.951
 10
1165.222
 20
1022.556
 10
1165.078
 20
1022.177
 10
1164.912
 20
1021.818
 10
1164.725
 20
1021.48
 10
1164.517
 20
1021.161
 10
1164.286
 20
1020.863
 10
1164.035
 20
1020.585
 10
1163.761
 20
1020.327
 10
1163.467
 20
1020.089
 10
1163.148
 20
1019.875
 10
1162.801
 20
1019.688
 10
1162.428
 20
1019.527
 10
1162.028
 20
1019.394
 10
1161.6
 20
1019.289
 10
1161.146
 20
1019.21
 10
1160.664
 20
1019.158
 10
1160.156
 20
1019.133
 10
1160.156
 20
1020.644
 10
1160.758
 20
1020.418
 10
1161.319
 20
1020.183
 10
1161.841
 20
1019.94
 10
1162.322
 20
1019.689
 10
1162.763
 20
1019.429
 10
1163.164
 20
1019.161
 10
1163.524
 20
1018.885
 10
1163.844
 20
1018.6
 10
1164.131
 20
1018.303
 10
1164.392
 20
1017.992
 10
1164.626
 20
1017.665
 10
1164.833
 20
1017.322
 10
1165.015
 20
1016.965
 10
1165.169
 20
1016.592
 10
1165.298
 20
1016.203
 10
1165.4
 20
1015.8
 10
1165.483
 20
1015.376
 10
1165.556
 20
1014.925
 10
1165.617
 20
1014.448
 10
1165.667
 20
1013.944
 10
1165.706
 20
1013.415
 10
1165.733
 20
1012.858
 10
1165.75
 20
1012.276
 10
1165.756
 20
1011.667
 10
1165.75
 20
1011.29
 10
1165.735
 20
1010.914
 10
1165.709
 20
1010.54
 10
1165.672
 20
1010.167
 10
1165.625
 20
1009.795
 10
1165.568
 20
1009.425
 10
1165.5
 20
1009.056
 10
1165.422
 20
1008.689
 10
1165.325
 20
1008.327
 10
1165.2
 20
1007.975
 10
1165.047
 20
1007.633
 10
1164.867
 20
1007.3
 10
1164.658
 20
1006.977
 10
1164.422
 20
1006.664
 10
1164.158
 20
1006.36
 10
1163.867
 20
1006.067
 10
1163.539
 20
1005.788
 10
1163.165
 20
1005.528
 10
1162.747
 20
1005.288
 10
1162.283
 20
1005.067
 10
1161.775
 20
1004.865
 10
1161.221
 20
1004.683
 10
1160.622
 20
1004.521
 10
1159.978
 20
1004.378
 10
1159.889
 20
1006.778
 10
1160.523
 20
1006.536
 10
1161.114
 20
1006.276
 10
1161.662
 20
1006.0
 10
1162.167
 20
1005.706
 10
1162.628
 20
1005.394
 10
1163.047
 20
1005.065
 10
1163.423
 20
1004.719
 10
1163.756
 20
1004.356
 10
1164.053
 20
1003.977
 10
1164.324
 20
1003.585
 10
1164.567
 20
1003.18
 10
1164.783
 20
1002.761
 10
1164.973
 20
1002.33
 10
1165.135
 20
1001.885
 10
1165.27
 20
1001.427
 10
1165.378
 20
1000.956
 10
1165.466
 20
1000.471
 10
1165.543
 20
999.972
 10
1165.608
 20
999.46
 10
1165.661
 20
998.933
 10
1165.702
 20
998.393
 10
1165.732
 20
997.839
 10
1165.75
 20
997.271
 10
1165.756
 20
996.689
  0
LWPOLYLINE
  5
DB
330
17
100
AcDbEntity
  8
ENGRAVE_V
100
AcDbPolyline
 90
65
 70
1
 10
1146.156
 20
1056.244
 10
1146.141
 20
1055.928
 10
1146.099
 20
1055.624
 10
1146.027
 20
1055.331
 10
1145.928
 20
1055.05
 10
1145.8
 20
1054.781
 10
1145.643
 20
1054.524
 10
1145.458
 20
1054.278
 10
1145.244
 20
1054.044
 10
1145.011
 20
1053.831
 10
1144.768
 20
1053.646
 10
1144.514
 20
1053.489
 10
1144.25
 20
1053.361
 10
1143.975
 20
1053.261
 10
1143.69
 20
1053.19
 10
1143.395
 20
1053.148
 10
1143.089
 20
1053.133
 10
1142.772
 20
1053.148
 10
1142.467
 20
1053.19
 10
1142.172
 20
1053.261
 10
1141.889
 20
1053.361
 10
1141.617
 20
1053.489
 10
1141.356
 20
1053.646
 10
1141.106
 20
1053.831
 10
1140.867
 20
1054.044
 10
1140.648
 20
1054.278
 10
1140.458
 20
1054.524
 10
1140.298
 20
1054.781
 10
1140.167
 20
1055.05
 10
1140.065
 20
1055.331
 10
1139.992
 20
1055.624
 10
1139.948
 20
1055.928
 10
1139.933
 20
1056.244
 10
1139.948
 20
1056.55
 10
1139.992
 20
1056.844
 10
1140.065
 20
1057.128
 10
1140.167
 20
1057.4
 10
1140.298
 20
1057.661
 10
1140.458
 20
1057.911
 10
1140.648
 20
1058.15
 10
1140.867
 20
1058.378
 10
1141.106
 20
1058.586
 10
1141.356
 20
1058.767
 10
1141.617
 20
1058.919
 10
1141.889
 20
1059.044
 10
1142.172
 20
1059.142
 10
1142.467
 20
1059.211
 10
1142.772
 20
1059.253
 10
1143.089
 20
1059.267
 10
1143.395
 20
1059.253
 10
1143.69
 20
1059.211
 10
1143.975
 20
1059.142
 10
1144.25
 20
1059.044
 10
1144.514
 20
1058.919
 10
1144.768
 20
1058.767
 10
1145.011
 20
1058.586
 10
1145.244
 20
1058.378
 10
1145.458
 20
1058.15
 10
1145.643
 20
1057.911
 10
1145.8
 20
1057.661
 10
1145.928
 20
1057.4
 10
1146.027
 20
1057.128
 10
1146.099
 20
1056.844
 10
1146.141
 20
1056.55
 10
1146.156
 20
1056.244
  0
LWPOLYLINE
  5
DC
330
17
100
AcDbEntity
  8
ENGRAVE_V
100
AcDbPolyline
 90
65
 70
1
 10
1146.111
 20
1048.556
 10
1146.097
 20
1048.239
 10
1146.054
 20
1047.935
 10
1145.983
 20
1047.642
 10
1145.883
 20
1047.361
 10
1145.755
 20
1047.092
 10
1145.599
 20
1046.835
 10
1145.414
 20
1046.589
 10
1145.2
 20
1046.356
 10
1144.967
 20
1046.142
 10
1144.724
 20
1045.957
 10
1144.47
 20
1045.8
 10
1144.206
 20
1045.672
 10
1143.931
 20
1045.573
 10
1143.646
 20
1045.501
 10
1143.35
 20
1045.459
 10
1143.044
 20
1045.444
 10
1142.728
 20
1045.459
 10
1142.422
 20
1045.501
 10
1142.128
 20
1045.573
 10
1141.844
 20
1045.672
 10
1141.572
 20
1045.8
 10
1141.311
 20
1045.957
 10
1141.061
 20
1046.142
 10
1140.822
 20
1046.356
 10
1140.603
 20
1046.589
 10
1140.414
 20
1046.835
 10
1140.253
 20
1047.092
 10
1140.122
 20
1047.361
 10
1140.02
 20
1047.642
 10
1139.947
 20
1047.935
 10
1139.903
 20
1048.239
 10
1139.889
 20
1048.556
 10
1139.903
 20
1048.861
 10
1139.947
 20
1049.156
 10
1140.02
 20
1049.439
 10
1140.122
 20
1049.711
 10
1140.253
 20
1049.972
 10
1140.414
 20
1050.222
 10
1140.603
 20
1050.461
 10
1140.822
 20
1050.689
 10
1141.061
 20
1050.897
 10
1141.311
 20
1051.078
 10
1141.572
 20
1051.231
 10
1141.844
 20
1051.356
 10
1142.128
 20
1051.453
 10
1142.422
 20
1051.522
 10
1142.728
 20
1051.564
 10
1143.044
 20
1051.578
 10
1143.35
 20
1051.564
 10
1143.646
 20
1051.522
 10
1143.931
 20
1051.453
 10
1144.206
 20
1051.356
 10
1144.47
 20
1051.231
 10
1144.724
 20
1051.078
 10
1144.967
 20
1050.897
 10
1145.2
 20
1050.689
 10
1145.414
 20
1050.461
 10
1145.599
 20
1050.222
 10
1145.755
 20
1049.972
 10
1145.883
 20
1049.711
 10
1145.983
 20
1049.439
 10
1146.054
 20
1049.156
 10
1146.097
 20
1048.861
 10
1146.111
 20
1048.556
  0
LWPOLYLINE
  5
DD
330
17
100
AcDbEntity
  8
ENGRAVE_V
100
AcDbPolyline
 90
188
 70
1
 10
1165.756
 20
1041.978
 10
1159.533
 20
1042.422
 10
1159.528
 20
1042.815
 10
1159.514
 20
1043.194
 10
1159.49
 20
1043.56
 10
1159.456
 20
1043.911
 10
1159.412
 20
1044.249
 10
1159.358
 20
1044.572
 10
1159.295
 20
1044.882
 10
1159.222
 20
1045.178
 10
1159.134
 20
1045.461
 10
1159.026
 20
1045.733
 10
1158.898
 20
1045.994
 10
1158.75
 20
1046.244
 10
1158.582
 20
1046.483
 10
1158.393
 20
1046.711
 10
1158.184
 20
1046.928
 10
1157.956
 20
1047.133
 10
1157.702
 20
1047.33
 10
1157.421
 20
1047.518
 10
1157.111
 20
1047.699
 10
1156.772
 20
1047.872
 10
1156.405
 20
1048.038
 10
1156.01
 20
1048.196
 10
1155.586
 20
1048.346
 10
1155.133
 20
1048.489
 10
1154.647
 20
1048.626
 10
1154.122
 20
1048.76
 10
1153.558
 20
1048.89
 10
1152.956
 20
1049.017
 10
1152.314
 20
1049.14
 10
1151.633
 20
1049.26
 10
1150.914
 20
1049.376
 10
1150.156
 20
1049.489
 10
1151.133
 20
1055.311
 10
1151.303
 20
1055.288
 10
1151.481
 20
1055.263
 10
1151.665
 20
1055.235
 10
1151.856
 20
1055.206
 10
1152.053
 20
1055.174
 10
1152.258
 20
1055.14
 10
1152.47
 20
1055.105
 10
1152.689
 20
1055.067
 10
1152.911
 20
1055.028
 10
1153.135
 20
1054.992
 10
1153.359
 20
1054.956
 10
1153.583
 20
1054.922
 10
1153.809
 20
1054.89
 10
1154.035
 20
1054.858
 10
1154.261
 20
1054.828
 10
1154.489
 20
1054.8
 10
1154.715
 20
1054.774
 10
1154.938
 20
1054.751
 10
1155.157
 20
1054.732
 10
1155.372
 20
1054.717
 10
1155.584
 20
1054.705
 10
1155.793
 20
1054.696
 10
1155.998
 20
1054.691
 10
1156.2
 20
1054.689
 10
1156.397
 20
1054.694
 10
1156.589
 20
1054.708
 10
1156.775
 20
1054.733
 10
1156.956
 20
1054.767
 10
1157.131
 20
1054.81
 10
1157.3
 20
1054.864
 10
1157.464
 20
1054.927
 10
1157.622
 20
1055.0
 10
1157.775
 20
1055.084
 10
1157.921
 20
1055.179
 10
1158.061
 20
1055.286
 10
1158.194
 20
1055.406
 10
1158.322
 20
1055.536
 10
1158.443
 20
1055.679
 10
1158.558
 20
1055.834
 10
1158.667
 20
1056.0
 10
1158.769
 20
1056.179
 10
1158.865
 20
1056.372
 10
1158.955
 20
1056.579
 10
1159.039
 20
1056.8
 10
1159.116
 20
1057.035
 10
1159.188
 20
1057.283
 10
1159.252
 20
1057.546
 10
1159.311
 20
1057.822
 10
1159.363
 20
1058.114
 10
1159.408
 20
1058.421
 10
1159.447
 20
1058.744
 10
1159.478
 20
1059.083
 10
1159.502
 20
1059.439
 10
1159.519
 20
1059.81
 10
1159.53
 20
1060.197
 10
1159.533
 20
1060.6
 10
1159.547
 20
1061.007
 10
1159.588
 20
1061.383
 10
1159.655
 20
1061.729
 10
1159.75
 20
1062.044
 10
1159.872
 20
1062.329
 10
1160.021
 20
1062.583
 10
1160.197
 20
1062.807
 10
1160.4
 20
1063.0
 10
1160.623
 20
1063.167
 10
1160.86
 20
1063.311
 10
1161.109
 20
1063.433
 10
1161.372
 20
1063.533
 10
1161.648
 20
1063.611
 10
1161.938
 20
1063.667
 10
1162.24
 20
1063.7
 10
1162.556
 20
1063.711
 10
1162.893
 20
1063.697
 10
1163.215
 20
1063.654
 10
1163.523
 20
1063.583
 10
1163.817
 20
1063.483
 10
1164.095
 20
1063.355
 10
1164.36
 20
1063.199
 10
1164.609
 20
1063.014
 10
1164.844
 20
1062.8
 10
1165.058
 20
1062.559
 10
1165.243
 20
1062.293
 10
1165.4
 20
1062.001
 10
1165.528
 20
1061.683
 10
1165.627
 20
1061.34
 10
1165.699
 20
1060.971
 10
1165.741
 20
1060.576
 10
1165.756
 20
1060.156
 10
1165.751
 20
1059.661
 10
1165.736
 20
1059.179
 10
1165.712
 20
1058.709
 10
1165.678
 20
1058.25
 10
1165.634
 20
1057.803
 10
1165.581
 20
1057.368
 10
1165.517
 20
1056.945
 10
1165.444
 20
1056.533
 10
1165.36
 20
1056.135
 10
1165.263
 20
1055.75
 10
1165.152
 20
1055.379
 10
1165.028
 20
1055.022
 10
1164.891
 20
1054.679
 10
1164.74
 20
1054.35
 10
1164.577
 20
1054.035
 10
1164.4
 20
1053.733
 10
1164.209
 20
1053.446
 10
1164.003
 20
1053.172
 10
1163.781
 20
1052.912
 10
1163.544
 20
1052.667
 10
1163.292
 20
1052.435
 10
1163.025
 20
1052.217
 10
1162.742
 20
1052.013
 10
1162.444
 20
1051.822
 10
1162.13
 20
1051.648
 10
1161.799
 20
1051.49
 10
1161.45
 20
1051.35
 10
1161.083
 20
1051.228
 10
1160.7
 20
1051.123
 10
1160.299
 20
1051.035
 10
1159.88
 20
1050.964
 10
1159.444
 20
1050.911
 10
1159.444
 20
1053.044
 10
1159.964
 20
1052.838
 10
1160.457
 20
1052.618
 10
1160.923
 20
1052.385
 10
1161.361
 20
1052.139
 10
1161.773
 20
1051.88
 10
1162.157
 20
1051.607
 10
1162.514
 20
1051.321
 10
1162.844
 20
1051.022
 10
1163.151
 20
1050.712
 10
1163.438
 20
1050.393
 10
1163.704
 20
1050.065
 10
1163.95
 20
1049.728
 10
1164.176
 20
1049.382
 10
1164.382
 20
1049.026
 10
1164.568
 20
1048.662
 10
1164.733
 20
1048.289
 10
1164.882
 20
1047.909
 10
1165.018
 20
1047.526
 10
1165.141
 20
1047.14
 10
1165.25
 20
1046.75
 10
1165.346
 20
1046.357
 10
1165.429
 20
1045.96
 10
1165.499
 20
1045.559
 10
1165.556
 20
1045.156
 10
1165.602
 20
1044.751
 10
1165.643
 20
1044.349
 10
1165.677
 20
1043.948
 10
1165.706
 20
1043.55
 10
1165.727
 20
1043.154
 10
1165.743
 20
1042.76
 10
1165.752
 20
1042.368
 10
1165.756
 20
1041.978
  0
LWPOLYLINE
  5
DE
330
17
100
AcDbEntity
  8
ENGRAVE_V
100
AcDbPolyline
 90
65
 70
1
 10
1175.978
 20
1065.622
 10
1175.964
 20
1065.306
 10
1175.922
 20
1065.001
 10
1175.853
 20
1064.709
 10
1175.756
 20
1064.428
 10
1175.631
 20
1064.159
 10
1175.478
 20
1063.901
 10
1175.297
 20
1063.656
 10
1175.089
 20
1063.422
 10
1174.86
 20
1063.209
 10
1174.619
 20
1063.024
 10
1174.366
 20
1062.867
 10
1174.1
 20
1062.739
 10
1173.822
 20
1062.639
 10
1173.531
 20
1062.568
 10
1173.227
 20
1062.525
 10
1172.911
 20
1062.511
 10
1172.594
 20
1062.525
 10
1172.287
 20
1062.568
 10
1171.991
 20
1062.639
 10
1171.706
 20
1062.739
 10
1171.43
 20
1062.867
 10
1171.165
 20
1063.024
 10
1170.911
 20
1063.209
 10
1170.667
 20
1063.422
 10
1170.443
 20
1063.656
 10
1170.249
 20
1063.901
 10
1170.084
 20
1064.159
 10
1169.95
 20
1064.428
 10
1169.845
 20
1064.709
 10
1169.771
 20
1065.001
 10
1169.726
 20
1065.306
 10
1169.711
 20
1065.622
 10
1169.726
 20
1065.939
 10
1169.771
 20
1066.243
 10
1169.845
 20
1066.536
 10
1169.95
 20
1066.817
 10
1170.084
 20
1067.086
 10
1170.249
 20
1067.343
 10
1170.443
 20
1067.589
 10
1170.667
 20
1067.822
 10
1170.911
 20
1068.036
 10
1171.165
 20
1068.221
 10
1171.43
 20
1068.377
 10
1171.706
 20
1068.506
 10
1171.991
 20
1068.605
 10
1172.287
 20
1068.676
 10
1172.594
 20
1068.719
 10
1172.911
 20
1068.733
 10
1173.227
 20
1068.719
 10
1173.531
 20
1068.676
 10
1173.822
 20
1068.605
 10
1174.1
 20
1068.506
 10
1174.366
 20
1068.377
 10
1174.619
 20
1068.221
 10
1174.86
 20
1068.036
 10
1175.089
 20
1067.822
 10
1175.297
 20
1067.589
 10
1175.478
 20
1067.343
 10
1175.631
 20
1067.086
 10
1175.756
 20
1066.817
 10
1175.853
 20
1066.536
 10
1175.922
 20
1066.243
 10
1175.964
 20
1065.939
 10
1175.978
 20
1065.622
  0
LWPOLYLINE
  5
DF
330
17
100
AcDbEntity
  8
ENGRAVE_V
100
AcDbPolyline
 90
115
 70
1
 10
1165.756
 20
1060.156
 10
1159.533
 20
1060.6
 10
1159.529
 20
1061.076
 10
1159.517
 20
1061.526
 10
1159.496
 20
1061.951
 10
1159.467
 20
1062.35
 10
1159.429
 20
1062.723
 10
1159.383
 20
1063.071
 10
1159.329
 20
1063.393
 10
1159.267
 20
1063.689
 10
1159.193
 20
1063.962
 10
1159.104
 20
1064.215
 10
1159.001
 20
1064.448
 10
1158.883
 20
1064.661
 10
1158.751
 20
1064.854
 10
1158.604
 20
1065.026
 10
1158.443
 20
1065.179
 10
1158.267
 20
1065.311
 10
1158.073
 20
1065.426
 10
1157.86
 20
1065.525
 10
1157.626
 20
1065.609
 10
1157.372
 20
1065.678
 10
1157.098
 20
1065.731
 10
1156.804
 20
1065.769
 10
1156.49
 20
1065.792
 10
1156.156
 20
1065.8
 10
1155.837
 20
1065.795
 10
1155.503
 20
1065.779
 10
1155.153
 20
1065.753
 10
1154.789
 20
1065.717
 10
1154.409
 20
1065.67
 10
1154.014
 20
1065.612
 10
1153.603
 20
1065.545
 10
1153.178
 20
1065.467
 10
1152.742
 20
1065.38
 10
1152.303
 20
1065.287
 10
1151.859
 20
1065.189
 10
1151.411
 20
1065.083
 10
1150.959
 20
1064.972
 10
1150.503
 20
1064.854
 10
1150.042
 20
1064.73
 10
1149.578
 20
1064.6
 10
1149.116
 20
1064.467
 10
1148.664
 20
1064.333
 10
1148.222
 20
1064.2
 10
1147.789
 20
1064.067
 10
1147.366
 20
1063.933
 10
1146.953
 20
1063.8
 10
1146.549
 20
1063.667
 10
1146.156
 20
1063.533
 10
1144.467
 20
1069.667
 10
1144.852
 20
1069.8
 10
1145.253
 20
1069.933
 10
1145.669
 20
1070.067
 10
1146.1
 20
1070.2
 10
1146.547
 20
1070.333
 10
1147.008
 20
1070.467
 10
1147.485
 20
1070.6
 10
1147.978
 20
1070.733
 10
1148.48
 20
1070.864
 10
1148.985
 20
1070.99
 10
1149.493
 20
1071.111
 10
1150.006
 20
1071.228
 10
1150.521
 20
1071.339
 10
1151.04
 20
1071.446
 10
1151.563
 20
1071.548
 10
1152.089
 20
1071.644
 10
1152.614
 20
1071.733
 10
1153.135
 20
1071.81
 10
1153.65
 20
1071.875
 10
1154.161
 20
1071.928
 10
1154.667
 20
1071.969
 10
1155.168
 20
1071.999
 10
1155.664
 20
1072.016
 10
1156.156
 20
1072.022
 10
1156.755
 20
1072.013
 10
1157.329
 20
1071.983
 10
1157.88
 20
1071.935
 10
1158.406
 20
1071.867
 10
1158.907
 20
1071.779
 10
1159.385
 20
1071.672
 10
1159.838
 20
1071.546
 10
1160.267
 20
1071.4
 10
1160.674
 20
1071.237
 10
1161.064
 20
1071.06
 10
1161.435
 20
1070.868
 10
1161.789
 20
1070.661
 10
1162.124
 20
1070.44
 10
1162.442
 20
1070.204
 10
1162.741
 20
1069.954
 10
1163.022
 20
1069.689
 10
1163.287
 20
1069.41
 10
1163.536
 20
1069.119
 10
1163.77
 20
1068.816
 10
1163.989
 20
1068.5
 10
1164.192
 20
1068.172
 10
1164.381
 20
1067.831
 10
1164.553
 20
1067.477
 10
1164.711
 20
1067.111
 10
1164.855
 20
1066.734
 10
1164.987
 20
1066.349
 10
1165.108
 20
1065.954
 10
1165.217
 20
1065.55
 10
1165.314
 20
1065.137
 10
1165.399
 20
1064.715
 10
1165.472
 20
1064.284
 10
1165.533
 20
1063.844
 10
1165.585
 20
1063.398
 10
1165.631
 20
1062.947
 10
1165.669
 20
1062.492
 10
1165.7
 20
1062.033
 10
1165.724
 20
1061.57
 10
1165.742
 20
1061.103
 10
1165.752
 20
1060.631
 10
1165.756
 20
1060.156
  0
LWPOLYLINE
  5
E0
330
17
100
AcDbEntity
  8
ENGRAVE_V
100
AcDbPolyline
 90
5
 70
1
 10
1165.533
 20
1077.8
 10
1133.0
 20
1076.867
 10
1133.0
 20
1083.089
 10
1165.533
 20
1084.022
 10
1165.533
 20
1077.8
  0
TEXT
  5
E1
330
17
100
AcDbEntity
  8
LABELS
100
AcDbText
 10
733.0
 20
1026.0
 30
0.0
 40
14.0
  1
Front panel — Neon
 72
1
 11
733.0
 21
1026.0
 31
0.0
100
AcDbText
 73
2
  0
LWPOLYLINE
  5
E2
330
17
100
AcDbEntity
  8
CUT_OUTSIDE
100
AcDbPolyline
 90
4
 70
1
 10
1238.0
 20
602.0
 10
8.0
 20
602.0
 10
8.0
 20
242.0
 10
1238.0
 20
242.0
  0
CIRCLE
  5
E3
330
17
100
AcDbEntity
  8
CUT_INSIDE
100
AcDbCircle
 10
748.0
 20
532.0
 30
0.0
 40
14.0
  0
LWPOLYLINE
  5
E4
330
17
100
AcDbEntity
  8
CUT_INSIDE
100
AcDbPolyline
 90
50
 70
1
 10
53.0
 20
325.0
 10
52.347
 20
325.043
 10
51.706
 20
325.17
 10
51.087
 20
325.381
 10
50.5
 20
325.67
 10
49.956
 20
326.033
 10
49.464
 20
326.464
 10
49.033
 20
326.956
 10
48.67
 20
327.5
 10
48.381
 20
328.087
 10
48.17
 20
328.706
 10
48.043
 20
329.347
 10
48.0
 20
330.0
 10
48.043
 20
330.653
 10
48.17
 20
331.294
 10
48.381
 20
331.913
 10
48.67
 20
332.5
 10
49.033
 20
333.044
 10
49.464
 20
333.536
 10
49.956
 20
333.967
 10
50.5
 20
334.33
 10
51.087
 20
334.619
 10
51.706
 20
334.83
 10
52.347
 20
334.957
 10
53.0
 20
335.0
 10
123.0
 20
335.0
 10
123.653
 20
334.957
 10
124.294
 20
334.83
 10
124.913
 20
334.619
 10
125.5
 20
334.33
 10
126.044
 20
333.967
 10
126.536
 20
333.536
 10
126.967
 20
333.044
 10
127.33
 20
332.5
 10
127.619
 20
331.913
 10
127.83
 20
331.294
 10
127.957
 20
330.653
 10
128.0
 20
330.0
 10
127.957
 20
329.347
 10
127.83
 20
328.706
 10
127.619
 20
328.087
 10
127.33
 20
327.5
 10
126.967
 20
326.956
 10
126.536
 20
326.464
 10
126.044
 20
326.033
 10
125.5
 20
325.67
 10
124.913
 20
325.381
 10
124.294
 20
325.17
 10
123.653
 20
325.043
 10
123.0
 20
325.0
  0
LWPOLYLINE
  5
E5
330
17
100
AcDbEntity
  8
CUT_INSIDE
100
AcDbPolyline
 90
50
 70
1
 10
1083.0
 20
325.0
 10
1082.347
 20
325.043
 10
1081.706
 20
325.17
 10
1081.087
 20
325.381
 10
1080.5
 20
325.67
 10
1079.956
 20
326.033
 10
1079.464
 20
326.464
 10
1079.033
 20
326.956
 10
1078.67
 20
327.5
 10
1078.381
 20
328.087
 10
1078.17
 20
328.706
 10
1078.043
 20
329.347
 10
1078.0
 20
330.0
 10
1078.043
 20
330.653
 10
1078.17
 20
331.294
 10
1078.381
 20
331.913
 10
1078.67
 20
332.5
 10
1079.033
 20
333.044
 10
1079.464
 20
333.536
 10
1079.956
 20
333.967
 10
1080.5
 20
334.33
 10
1081.087
 20
334.619
 10
1081.706
 20
334.83
 10
1082.347
 20
334.957
 10
1083.0
 20
335.0
 10
1143.0
 20
335.0
 10
1143.653
 20
334.957
 10
1144.294
 20
334.83
 10
1144.913
 20
334.619
 10
1145.5
 20
334.33
 10
1146.044
 20
333.967
 10
1146.536
 20
333.536
 10
1146.967
 20
333.044
 10
1147.33
 20
332.5
 10
1147.619
 20
331.913
 10
1147.83
 20
331.294
 10
1147.957
 20
330.653
 10
1148.0
 20
330.0
 10
1147.957
 20
329.347
 10
1147.83
 20
328.706
 10
1147.619
 20
328.087
 10
1147.33
 20
327.5
 10
1146.967
 20
326.956
 10
1146.536
 20
326.464
 10
1146.044
 20
326.033
 10
1145.5
 20
325.67
 10
1144.913
 20
325.381
 10
1144.294
 20
325.17
 10
1143.653
 20
325.043
 10
1143.0
 20
325.0
  0
LWPOLYLINE
  5
E6
330
17
100
AcDbEntity
  8
CUT_INSIDE
100
AcDbPolyline
 90
50
 70
1
 10
53.0
 20
370.0
 10
52.347
 20
370.043
 10
51.706
 20
370.17
 10
51.087
 20
370.381
 10
50.5
 20
370.67
 10
49.956
 20
371.033
 10
49.464
 20
371.464
 10
49.033
 20
371.956
 10
48.67
 20
372.5
 10
48.381
 20
373.087
 10
48.17
 20
373.706
 10
48.043
 20
374.347
 10
48.0
 20
375.0
 10
48.043
 20
375.653
 10
48.17
 20
376.294
 10
48.381
 20
376.913
 10
48.67
 20
377.5
 10
49.033
 20
378.044
 10
49.464
 20
378.536
 10
49.956
 20
378.967
 10
50.5
 20
379.33
 10
51.087
 20
379.619
 10
51.706
 20
379.83
 10
52.347
 20
379.957
 10
53.0
 20
380.0
 10
123.0
 20
380.0
 10
123.653
 20
379.957
 10
124.294
 20
379.83
 10
124.913
 20
379.619
 10
125.5
 20
379.33
 10
126.044
 20
378.967
 10
126.536
 20
378.536
 10
126.967
 20
378.044
 10
127.33
 20
377.5
 10
127.619
 20
376.913
 10
127.83
 20
376.294
 10
127.957
 20
375.653
 10
128.0
 20
375.0
 10
127.957
 20
374.347
 10
127.83
 20
373.706
 10
127.619
 20
373.087
 10
127.33
 20
372.5
 10
126.967
 20
371.956
 10
126.536
 20
371.464
 10
126.044
 20
371.033
 10
125.5
 20
370.67
 10
124.913
 20
370.381
 10
124.294
 20
370.17
 10
123.653
 20
370.043
 10
123.0
 20
370.0
  0
LWPOLYLINE
  5
E7
330
17
100
AcDbEntity
  8
CUT_INSIDE
100
AcDbPolyline
 90
50
 70
1
 10
1083.0
 20
370.0
 10
1082.347
 20
370.043
 10
1081.706
 20
370.17
 10
1081.087
 20
370.381
 10
1080.5
 20
370.67
 10
1079.956
 20
371.033
 10
1079.464
 20
371.464
 10
1079.033
 20
371.956
 10
1078.67
 20
372.5
 10
1078.381
 20
373.087
 10
1078.17
 20
373.706
 10
1078.043
 20
374.347
 10
1078.0
 20
375.0
 10
1078.043
 20
375.653
 10
1078.17
 20
376.294
 10
1078.381
 20
376.913
 10
1078.67
 20
377.5
 10
1079.033
 20
378.044
 10
1079.464
 20
378.536
 10
1079.956
 20
378.967
 10
1080.5
 20
379.33
 10
1081.087
 20
379.619
 10
1081.706
 20
379.83
 10
1082.347
 20
379.957
 10
1083.0
 20
380.0
 10
1143.0
 20
380.0
 10
1143.653
 20
379.957
 10
1144.294
 20
379.83
 10
1144.913
 20
379.619
 10
1145.5
 20
379.33
 10
1146.044
 20
378.967
 10
1146.536
 20
378.536
 10
1146.967
 20
378.044
 10
1147.33
 20
377.5
 10
1147.619
 20
376.913
 10
1147.83
 20
376.294
 10
1147.957
 20
375.653
 10
1148.0
 20
375.0
 10
1147.957
 20
374.347
 10
1147.83
 20
373.706
 10
1147.619
 20
373.087
 10
1147.33
 20
372.5
 10
1146.967
 20
371.956
 10
1146.536
 20
371.464
 10
1146.044
 20
371.033
 10
1145.5
 20
370.67
 10
1144.913
 20
370.381
 10
1144.294
 20
370.17
 10
1143.653
 20
370.043
 10
1143.0
 20
370.0
  0
LWPOLYLINE
  5
E8
330
17
100
AcDbEntity
  8
CUT_INSIDE
100
AcDbPolyline
 90
50
 70
1
 10
53.0
 20
415.0
 10
52.347
 20
415.043
 10
51.706
 20
415.17
 10
51.087
 20
415.381
 10
50.5
 20
415.67
 10
49.956
 20
416.033
 10
49.464
 20
416.464
 10
49.033
 20
416.956
 10
48.67
 20
417.5
 10
48.381
 20
418.087
 10
48.17
 20
418.706
 10
48.043
 20
419.347
 10
48.0
 20
420.0
 10
48.043
 20
420.653
 10
48.17
 20
421.294
 10
48.381
 20
421.913
 10
48.67
 20
422.5
 10
49.033
 20
423.044
 10
49.464
 20
423.536
 10
49.956
 20
423.967
 10
50.5
 20
424.33
 10
51.087
 20
424.619
 10
51.706
 20
424.83
 10
52.347
 20
424.957
 10
53.0
 20
425.0
 10
123.0
 20
425.0
 10
123.653
 20
424.957
 10
124.294
 20
424.83
 10
124.913
 20
424.619
 10
125.5
 20
424.33
 10
126.044
 20
423.967
 10
126.536
 20
423.536
 10
126.967
 20
423.044
 10
127.33
 20
422.5
 10
127.619
 20
421.913
 10
127.83
 20
421.294
 10
127.957
 20
420.653
 10
128.0
 20
420.0
 10
127.957
 20
419.347
 10
127.83
 20
418.706
 10
127.619
 20
418.087
 10
127.33
 20
417.5
 10
126.967
 20
416.956
 10
126.536
 20
416.464
 10
126.044
 20
416.033
 10
125.5
 20
415.67
 10
124.913
 20
415.381
 10
124.294
 20
415.17
 10
123.653
 20
415.043
 10
123.0
 20
415.0
  0
LWPOLYLINE
  5
E9
330
17
100
AcDbEntity
  8
CUT_INSIDE
100
AcDbPolyline
 90
50
 70
1
 10
1083.0
 20
415.0
 10
1082.347
 20
415.043
 10
1081.706
 20
415.17
 10
1081.087
 20
415.381
 10
1080.5
 20
415.67
 10
1079.956
 20
416.033
 10
1079.464
 20
416.464
 10
1079.033
 20
416.956
 10
1078.67
 20
417.5
 10
1078.381
 20
418.087
 10
1078.17
 20
418.706
 10
1078.043
 20
419.347
 10
1078.0
 20
420.0
 10
1078.043
 20
420.653
 10
1078.17
 20
421.294
 10
1078.381
 20
421.913
 10
1078.67
 20
422.5
 10
1079.033
 20
423.044
 10
1079.464
 20
423.536
 10
1079.956
 20
423.967
 10
1080.5
 20
424.33
 10
1081.087
 20
424.619
 10
1081.706
 20
424.83
 10
1082.347
 20
424.957
 10
1083.0
 20
425.0
 10
1143.0
 20
425.0
 10
1143.653
 20
424.957
 10
1144.294
 20
424.83
 10
1144.913
 20
424.619
 10
1145.5
 20
424.33
 10
1146.044
 20
423.967
 10
1146.536
 20
423.536
 10
1146.967
 20
423.044
 10
1147.33
 20
422.5
 10
1147.619
 20
421.913
 10
1147.83
 20
421.294
 10
1147.957
 20
420.653
 10
1148.0
 20
420.0
 10
1147.957
 20
419.347
 10
1147.83
 20
418.706
 10
1147.619
 20
418.087
 10
1147.33
 20
417.5
 10
1146.967
 20
416.956
 10
1146.536
 20
416.464
 10
1146.044
 20
416.033
 10
1145.5
 20
415.67
 10
1144.913
 20
415.381
 10
1144.294
 20
415.17
 10
1143.653
 20
415.043
 10
1143.0
 20
415.0
  0
LWPOLYLINE
  5
EA
330
17
100
AcDbEntity
  8
CUT_INSIDE
100
AcDbPolyline
 90
50
 70
1
 10
53.0
 20
460.0
 10
52.347
 20
460.043
 10
51.706
 20
460.17
 10
51.087
 20
460.381
 10
50.5
 20
460.67
 10
49.956
 20
461.033
 10
49.464
 20
461.464
 10
49.033
 20
461.956
 10
48.67
 20
462.5
 10
48.381
 20
463.087
 10
48.17
 20
463.706
 10
48.043
 20
464.347
 10
48.0
 20
465.0
 10
48.043
 20
465.653
 10
48.17
 20
466.294
 10
48.381
 20
466.913
 10
48.67
 20
467.5
 10
49.033
 20
468.044
 10
49.464
 20
468.536
 10
49.956
 20
468.967
 10
50.5
 20
469.33
 10
51.087
 20
469.619
 10
51.706
 20
469.83
 10
52.347
 20
469.957
 10
53.0
 20
470.0
 10
123.0
 20
470.0
 10
123.653
 20
469.957
 10
124.294
 20
469.83
 10
124.913
 20
469.619
 10
125.5
 20
469.33
 10
126.044
 20
468.967
 10
126.536
 20
468.536
 10
126.967
 20
468.044
 10
127.33
 20
467.5
 10
127.619
 20
466.913
 10
127.83
 20
466.294
 10
127.957
 20
465.653
 10
128.0
 20
465.0
 10
127.957
 20
464.347
 10
127.83
 20
463.706
 10
127.619
 20
463.087
 10
127.33
 20
462.5
 10
126.967
 20
461.956
 10
126.536
 20
461.464
 10
126.044
 20
461.033
 10
125.5
 20
460.67
 10
124.913
 20
460.381
 10
124.294
 20
460.17
 10
123.653
 20
460.043
 10
123.0
 20
460.0
  0
LWPOLYLINE
  5
EB
330
17
100
AcDbEntity
  8
CUT_INSIDE
100
AcDbPolyline
 90
50
 70
1
 10
1083.0
 20
460.0
 10
1082.347
 20
460.043
 10
1081.706
 20
460.17
 10
1081.087
 20
460.381
 10
1080.5
 20
460.67
 10
1079.956
 20
461.033
 10
1079.464
 20
461.464
 10
1079.033
 20
461.956
 10
1078.67
 20
462.5
 10
1078.381
 20
463.087
 10
1078.17
 20
463.706
 10
1078.043
 20
464.347
 10
1078.0
 20
465.0
 10
1078.043
 20
465.653
 10
1078.17
 20
466.294
 10
1078.381
 20
466.913
 10
1078.67
 20
467.5
 10
1079.033
 20
468.044
 10
1079.464
 20
468.536
 10
1079.956
 20
468.967
 10
1080.5
 20
469.33
 10
1081.087
 20
469.619
 10
1081.706
 20
469.83
 10
1082.347
 20
469.957
 10
1083.0
 20
470.0
 10
1143.0
 20
470.0
 10
1143.653
 20
469.957
 10
1144.294
 20
469.83
 10
1144.913
 20
469.619
 10
1145.5
 20
469.33
 10
1146.044
 20
468.967
 10
1146.536
 20
468.536
 10
1146.967
 20
468.044
 10
1147.33
 20
467.5
 10
1147.619
 20
466.913
 10
1147.83
 20
466.294
 10
1147.957
 20
465.653
 10
1148.0
 20
465.0
 10
1147.957
 20
464.347
 10
1147.83
 20
463.706
 10
1147.619
 20
463.087
 10
1147.33
 20
462.5
 10
1146.967
 20
461.956
 10
1146.536
 20
461.464
 10
1146.044
 20
461.033
 10
1145.5
 20
460.67
 10
1144.913
 20
460.381
 10
1144.294
 20
460.17
 10
1143.653
 20
460.043
 10
1143.0
 20
460.0
  0
LWPOLYLINE
  5
EC
330
17
100
AcDbEntity
  8
CUT_INSIDE
100
AcDbPolyline
 90
50
 70
1
 10
53.0
 20
505.0
 10
52.347
 20
505.043
 10
51.706
 20
505.17
 10
51.087
 20
505.381
 10
50.5
 20
505.67
 10
49.956
 20
506.033
 10
49.464
 20
506.464
 10
49.033
 20
506.956
 10
48.67
 20
507.5
 10
48.381
 20
508.087
 10
48.17
 20
508.706
 10
48.043
 20
509.347
 10
48.0
 20
510.0
 10
48.043
 20
510.653
 10
48.17
 20
511.294
 10
48.381
 20
511.913
 10
48.67
 20
512.5
 10
49.033
 20
513.044
 10
49.464
 20
513.536
 10
49.956
 20
513.967
 10
50.5
 20
514.33
 10
51.087
 20
514.619
 10
51.706
 20
514.83
 10
52.347
 20
514.957
 10
53.0
 20
515.0
 10
123.0
 20
515.0
 10
123.653
 20
514.957
 10
124.294
 20
514.83
 10
124.913
 20
514.619
 10
125.5
 20
514.33
 10
126.044
 20
513.967
 10
126.536
 20
513.536
 10
126.967
 20
513.044
 10
127.33
 20
512.5
 10
127.619
 20
511.913
 10
127.83
 20
511.294
 10
127.957
 20
510.653
 10
128.0
 20
510.0
 10
127.957
 20
509.347
 10
127.83
 20
508.706
 10
127.619
 20
508.087
 10
127.33
 20
507.5
 10
126.967
 20
506.956
 10
126.536
 20
506.464
 10
126.044
 20
506.033
 10
125.5
 20
505.67
 10
124.913
 20
505.381
 10
124.294
 20
505.17
 10
123.653
 20
505.043
 10
123.0
 20
505.0
  0
LWPOLYLINE
  5
ED
330
17
100
AcDbEntity
  8
CUT_INSIDE
100
AcDbPolyline
 90
50
 70
1
 10
1083.0
 20
505.0
 10
1082.347
 20
505.043
 10
1081.706
 20
505.17
 10
1081.087
 20
505.381
 10
1080.5
 20
505.67
 10
1079.956
 20
506.033
 10
1079.464
 20
506.464
 10
1079.033
 20
506.956
 10
1078.67
 20
507.5
 10
1078.381
 20
508.087
 10
1078.17
 20
508.706
 10
1078.043
 20
509.347
 10
1078.0
 20
510.0
 10
1078.043
 20
510.653
 10
1078.17
 20
511.294
 10
1078.381
 20
511.913
 10
1078.67
 20
512.5
 10
1079.033
 20
513.044
 10
1079.464
 20
513.536
 10
1079.956
 20
513.967
 10
1080.5
 20
514.33
 10
1081.087
 20
514.619
 10
1081.706
 20
514.83
 10
1082.347
 20
514.957
 10
1083.0
 20
515.0
 10
1143.0
 20
515.0
 10
1143.653
 20
514.957
 10
1144.294
 20
514.83
 10
1144.913
 20
514.619
 10
1145.5
 20
514.33
 10
1146.044
 20
513.967
 10
1146.536
 20
513.536
 10
1146.967
 20
513.044
 10
1147.33
 20
512.5
 10
1147.619
 20
511.913
 10
1147.83
 20
511.294
 10
1147.957
 20
510.653
 10
1148.0
 20
510.0
 10
1147.957
 20
509.347
 10
1147.83
 20
508.706
 10
1147.619
 20
508.087
 10
1147.33
 20
507.5
 10
1146.967
 20
506.956
 10
1146.536
 20
506.464
 10
1146.044
 20
506.033
 10
1145.5
 20
505.67
 10
1144.913
 20
505.381
 10
1144.294
 20
505.17
 10
1143.653
 20
505.043
 10
1143.0
 20
505.0
  0
LWPOLYLINE
  5
EE
330
17
100
AcDbEntity
  8
CUT_DOOR
100
AcDbPolyline
 90
4
 70
1
 10
1198.0
 20
562.0
 10
296.0
 20
562.0
 10
296.0
 20
282.0
 10
1198.0
 20
282.0
  0
CIRCLE
  5
EF
330
17
100
AcDbEntity
  8
DRILL_7
100
AcDbCircle
 10
1178.0
 20
251.0
 30
0.0
 40
3.5
  0
CIRCLE
  5
F0
330
17
100
AcDbEntity
  8
DRILL_7
100
AcDbCircle
 10
1178.0
 20
593.0
 30
0.0
 40
3.5
  0
CIRCLE
  5
F1
330
17
100
AcDbEntity
  8
DRILL_7
100
AcDbCircle
 10
988.0
 20
251.0
 30
0.0
 40
3.5
  0
CIRCLE
  5
F2
330
17
100
AcDbEntity
  8
DRILL_7
100
AcDbCircle
 10
988.0
 20
593.0
 30
0.0
 40
3.5
  0
CIRCLE
  5
F3
330
17
100
AcDbEntity
  8
DRILL_7
100
AcDbCircle
 10
758.0
 20
251.0
 30
0.0
 40
3.5
  0
CIRCLE
  5
F4
330
17
100
AcDbEntity
  8
DRILL_7
100
AcDbCircle
 10
758.0
 20
593.0
 30
0.0
 40
3.5
  0
CIRCLE
  5
F5
330
17
100
AcDbEntity
  8
DRILL_7
100
AcDbCircle
 10
518.0
 20
251.0
 30
0.0
 40
3.5
  0
CIRCLE
  5
F6
330
17
100
AcDbEntity
  8
DRILL_7
100
AcDbCircle
 10
518.0
 20
593.0
 30
0.0
 40
3.5
  0
CIRCLE
  5
F7
330
17
100
AcDbEntity
  8
DRILL_7
100
AcDbCircle
 10
278.0
 20
251.0
 30
0.0
 40
3.5
  0
CIRCLE
  5
F8
330
17
100
AcDbEntity
  8
DRILL_7
100
AcDbCircle
 10
278.0
 20
593.0
 30
0.0
 40
3.5
  0
CIRCLE
  5
F9
330
17
100
AcDbEntity
  8
DRILL_7
100
AcDbCircle
 10
188.0
 20
251.0
 30
0.0
 40
3.5
  0
CIRCLE
  5
FA
330
17
100
AcDbEntity
  8
DRILL_7
100
AcDbCircle
 10
188.0
 20
593.0
 30
0.0
 40
3.5
  0
CIRCLE
  5
FB
330
17
100
AcDbEntity
  8
DRILL_7
100
AcDbCircle
 10
68.0
 20
251.0
 30
0.0
 40
3.5
  0
CIRCLE
  5
FC
330
17
100
AcDbEntity
  8
DRILL_7
100
AcDbCircle
 10
68.0
 20
593.0
 30
0.0
 40
3.5
  0
CIRCLE
  5
FD
330
17
100
AcDbEntity
  8
DRILL_7
100
AcDbCircle
 10
272.0
 20
312.0
 30
0.0
 40
3.5
  0
CIRCLE
  5
FE
330
17
100
AcDbEntity
  8
DRILL_7
100
AcDbCircle
 10
272.0
 20
532.0
 30
0.0
 40
3.5
  0
CIRCLE
  5
FF
330
17
100
AcDbEntity
  8
DRILL_7
100
AcDbCircle
 10
17.0
 20
312.0
 30
0.0
 40
3.5
  0
CIRCLE
  5
100
330
17
100
AcDbEntity
  8
DRILL_7
100
AcDbCircle
 10
17.0
 20
532.0
 30
0.0
 40
3.5
  0
CIRCLE
  5
101
330
17
100
AcDbEntity
  8
DRILL_7
100
AcDbCircle
 10
17.0
 20
422.0
 30
0.0
 40
3.5
  0
TEXT
  5
102
330
17
100
AcDbEntity
  8
LABELS
100
AcDbText
 10
623.0
 20
422.0
 30
0.0
 40
14.0
  1
Back panel (with door)
 72
1
 11
623.0
 21
422.0
 31
0.0
100
AcDbText
 73
2
  0
LWPOLYLINE
  5
103
330
17
100
AcDbEntity
  8
CUT_OUTSIDE
100
AcDbPolyline
 90
4
 70
1
 10
1238.0
 20
836.0
 10
8.0
 20
836.0
 10
8.0
 20
612.0
 10
1238.0
 20
612.0
  0
LWPOLYLINE
  5
104
330
17
100
AcDbEntity
  8
CUT_INSIDE
100
AcDbPolyline
 90
50
 70
1
 10
494.0
 20
767.0
 10
494.145
 20
769.219
 10
494.579
 20
771.4
 10
495.294
 20
773.506
 10
496.278
 20
775.5
 10
497.513
 20
777.349
 10
498.979
 20
779.021
 10
500.651
 20
780.487
 10
502.5
 20
781.722
 10
504.494
 20
782.706
 10
506.6
 20
783.421
 10
508.781
 20
783.855
 10
511.0
 20
784.0
 10
513.219
 20
783.855
 10
515.4
 20
783.421
 10
517.506
 20
782.706
 10
519.5
 20
781.722
 10
521.349
 20
780.487
 10
523.021
 20
779.021
 10
524.487
 20
777.349
 10
525.722
 20
775.5
 10
526.706
 20
773.506
 10
527.421
 20
771.4
 10
527.855
 20
769.219
 10
528.0
 20
767.0
 10
528.0
 20
681.0
 10
527.855
 20
678.781
 10
527.421
 20
676.6
 10
526.706
 20
674.494
 10
525.722
 20
672.5
 10
524.487
 20
670.651
 10
523.021
 20
668.979
 10
521.349
 20
667.513
 10
519.5
 20
666.278
 10
517.506
 20
665.294
 10
515.4
 20
664.579
 10
513.219
 20
664.145
 10
511.0
 20
664.0
 10
508.781
 20
664.145
 10
506.6
 20
664.579
 10
504.494
 20
665.294
 10
502.5
 20
666.278
 10
500.651
 20
667.513
 10
498.979
 20
668.979
 10
497.513
 20
670.651
 10
496.278
 20
672.5
 10
495.294
 20
674.494
 10
494.579
 20
676.6
 10
494.145
 20
678.781
 10
494.0
 20
681.0
  0
CIRCLE
  5
105
330
17
100
AcDbEntity
  8
CUT_INSIDE
100
AcDbCircle
 10
1168.0
 20
724.0
 30
0.0
 40
22.0
  0
CIRCLE
  5
106
330
17
100
AcDbEntity
  8
DRILL_7
100
AcDbCircle
 10
272.0
 20
657.0
 30
0.0
 40
3.5
  0
CIRCLE
  5
107
330
17
100
AcDbEntity
  8
DRILL_7
100
AcDbCircle
 10
272.0
 20
724.0
 30
0.0
 40
3.5
  0
CIRCLE
  5
108
330
17
100
AcDbEntity
  8
DRILL_7
100
AcDbCircle
 10
272.0
 20
791.0
 30
0.0
 40
3.5
  0
CIRCLE
  5
109
330
17
100
AcDbEntity
  8
DRILL_7
100
AcDbCircle
 10
17.0
 20
657.0
 30
0.0
 40
3.5
  0
CIRCLE
  5
10A
330
17
100
AcDbEntity
  8
DRILL_7
100
AcDbCircle
 10
17.0
 20
724.0
 30
0.0
 40
3.5
  0
CIRCLE
  5
10B
330
17
100
AcDbEntity
  8
DRILL_7
100
AcDbCircle
 10
17.0
 20
791.0
 30
0.0
 40
3.5
  0
TEXT
  5
10C
330
17
100
AcDbEntity
  8
LABELS
100
AcDbText
 10
623.0
 20
724.0
 30
0.0
 40
14.0
  1
Side panel 1
 72
1
 11
623.0
 21
724.0
 31
0.0
100
AcDbText
 73
2
  0
LWPOLYLINE
  5
10D
330
17
100
AcDbEntity
  8
CUT_OUTSIDE
100
AcDbPolyline
 90
4
 70
1
 10
1238.0
 20
232.0
 10
8.0
 20
232.0
 10
8.0
 20
8.0
 10
1238.0
 20
8.0
  0
LWPOLYLINE
  5
10E
330
17
100
AcDbEntity
  8
CUT_INSIDE
100
AcDbPolyline
 90
50
 70
1
 10
494.0
 20
163.0
 10
494.145
 20
165.219
 10
494.579
 20
167.4
 10
495.294
 20
169.506
 10
496.278
 20
171.5
 10
497.513
 20
173.349
 10
498.979
 20
175.021
 10
500.651
 20
176.487
 10
502.5
 20
177.722
 10
504.494
 20
178.706
 10
506.6
 20
179.421
 10
508.781
 20
179.855
 10
511.0
 20
180.0
 10
513.219
 20
179.855
 10
515.4
 20
179.421
 10
517.506
 20
178.706
 10
519.5
 20
177.722
 10
521.349
 20
176.487
 10
523.021
 20
175.021
 10
524.487
 20
173.349
 10
525.722
 20
171.5
 10
526.706
 20
169.506
 10
527.421
 20
167.4
 10
527.855
 20
165.219
 10
528.0
 20
163.0
 10
528.0
 20
77.0
 10
527.855
 20
74.781
 10
527.421
 20
72.6
 10
526.706
 20
70.494
 10
525.722
 20
68.5
 10
524.487
 20
66.651
 10
523.021
 20
64.979
 10
521.349
 20
63.513
 10
519.5
 20
62.278
 10
517.506
 20
61.294
 10
515.4
 20
60.579
 10
513.219
 20
60.145
 10
511.0
 20
60.0
 10
508.781
 20
60.145
 10
506.6
 20
60.579
 10
504.494
 20
61.294
 10
502.5
 20
62.278
 10
500.651
 20
63.513
 10
498.979
 20
64.979
 10
497.513
 20
66.651
 10
496.278
 20
68.5
 10
495.294
 20
70.494
 10
494.579
 20
72.6
 10
494.145
 20
74.781
 10
494.0
 20
77.0
  0
CIRCLE
  5
10F
330
17
100
AcDbEntity
  8
DRILL_7
100
AcDbCircle
 10
272.0
 20
53.0
 30
0.0
 40
3.5
  0
CIRCLE
  5
110
330
17
100
AcDbEntity
  8
DRILL_7
100
AcDbCircle
 10
272.0
 20
120.0
 30
0.0
 40
3.5
  0
CIRCLE
  5
111
330
17
100
AcDbEntity
  8
DRILL_7
100
AcDbCircle
 10
272.0
 20
187.0
 30
0.0
 40
3.5
  0
CIRCLE
  5
112
330
17
100
AcDbEntity
  8
DRILL_7
100
AcDbCircle
 10
17.0
 20
53.0
 30
0.0
 40
3.5
  0
CIRCLE
  5
113
330
17
100
AcDbEntity
  8
DRILL_7
100
AcDbCircle
 10
17.0
 20
120.0
 30
0.0
 40
3.5
  0
CIRCLE
  5
114
330
17
100
AcDbEntity
  8
DRILL_7
100
AcDbCircle
 10
17.0
 20
187.0
 30
0.0
 40
3.5
  0
TEXT
  5
115
330
17
100
AcDbEntity
  8
LABELS
100
AcDbText
 10
623.0
 20
120.0
 30
0.0
 40
14.0
  1
Side panel 2
 72
1
 11
623.0
 21
120.0
 31
0.0
100
AcDbText
 73
2
  0
LWPOLYLINE
  5
116
330
17
100
AcDbEntity
  8
CUT_OUTSIDE
100
AcDbPolyline
 90
88
 70
1
 10
1617.997
 20
582.003
 10
1618.0
 20
582.074
 10
1618.0
 20
619.0
 10
1618.014
 20
619.294
 10
1618.058
 20
619.585
 10
1618.129
 20
619.871
 10
1618.228
 20
620.148
 10
1618.354
 20
620.414
 10
1618.506
 20
620.667
 10
1618.681
 20
620.903
 10
1618.879
 20
621.121
 10
1619.097
 20
621.319
 10
1619.333
 20
621.494
 10
1619.586
 20
621.646
 10
1619.852
 20
621.772
 10
1620.129
 20
621.871
 10
1620.415
 20
621.942
 10
1620.706
 20
621.986
 10
1621.0
 20
622.0
 10
1889.0
 20
622.0
 10
1889.294
 20
621.986
 10
1889.585
 20
621.942
 10
1889.871
 20
621.871
 10
1890.148
 20
621.772
 10
1890.414
 20
621.646
 10
1890.667
 20
621.494
 10
1890.903
 20
621.319
 10
1891.121
 20
621.121
 10
1891.319
 20
620.903
 10
1891.494
 20
620.667
 10
1891.646
 20
620.414
 10
1891.772
 20
620.148
 10
1891.871
 20
619.871
 10
1891.942
 20
619.585
 10
1891.986
 20
619.294
 10
1892.0
 20
619.0
 10
1892.0
 20
401.0
 10
1891.986
 20
400.706
 10
1891.942
 20
400.415
 10
1891.871
 20
400.129
 10
1891.772
 20
399.852
 10
1891.646
 20
399.586
 10
1891.494
 20
399.333
 10
1891.319
 20
399.097
 10
1891.121
 20
398.879
 10
1890.903
 20
398.681
 10
1890.667
 20
398.506
 10
1890.414
 20
398.354
 10
1890.148
 20
398.228
 10
1889.871
 20
398.129
 10
1889.585
 20
398.058
 10
1889.294
 20
398.014
 10
1889.0
 20
398.0
 10
1571.0
 20
398.0
 10
1570.706
 20
398.014
 10
1570.415
 20
398.058
 10
1570.129
 20
398.129
 10
1569.852
 20
398.228
 10
1569.586
 20
398.354
 10
1569.333
 20
398.506
 10
1569.097
 20
398.681
 10
1568.879
 20
398.879
 10
1568.681
 20
399.097
 10
1568.506
 20
399.333
 10
1568.354
 20
399.586
 10
1568.228
 20
399.852
 10
1568.129
 20
400.129
 10
1568.058
 20
400.415
 10
1568.014
 20
400.706
 10
1568.0
 20
401.0
 10
1568.0
 20
579.0
 10
1568.014
 20
579.294
 10
1568.058
 20
579.585
 10
1568.129
 20
579.871
 10
1568.228
 20
580.148
 10
1568.354
 20
580.414
 10
1568.506
 20
580.667
 10
1568.681
 20
580.903
 10
1568.879
 20
581.121
 10
1569.097
 20
581.319
 10
1569.333
 20
581.494
 10
1569.586
 20
581.646
 10
1569.852
 20
581.772
 10
1570.129
 20
581.871
 10
1570.415
 20
581.942
 10
1570.706
 20
581.986
 10
1571.0
 20
582.0
 10
1617.926
 20
582.0
  0
LWPOLYLINE
  5
117
330
17
100
AcDbEntity
  8
CUT_INSIDE
100
AcDbPolyline
 90
50
 70
1
 10
1726.5
 20
549.5
 10
1726.53
 20
549.957
 10
1726.619
 20
550.406
 10
1726.766
 20
550.839
 10
1726.969
 20
551.25
 10
1727.223
 20
551.631
 10
1727.525
 20
551.975
 10
1727.869
 20
552.277
 10
1728.25
 20
552.531
 10
1728.661
 20
552.734
 10
1729.094
 20
552.881
 10
1729.543
 20
552.97
 10
1730.0
 20
553.0
 10
1730.457
 20
552.97
 10
1730.906
 20
552.881
 10
1731.339
 20
552.734
 10
1731.75
 20
552.531
 10
1732.131
 20
552.277
 10
1732.475
 20
551.975
 10
1732.777
 20
551.631
 10
1733.031
 20
551.25
 10
1733.234
 20
550.839
 10
1733.381
 20
550.406
 10
1733.47
 20
549.957
 10
1733.5
 20
549.5
 10
1733.5
 20
446.5
 10
1733.47
 20
446.043
 10
1733.381
 20
445.594
 10
1733.234
 20
445.161
 10
1733.031
 20
444.75
 10
1732.777
 20
444.369
 10
1732.475
 20
444.025
 10
1732.131
 20
443.723
 10
1731.75
 20
443.469
 10
1731.339
 20
443.266
 10
1730.906
 20
443.119
 10
1730.457
 20
443.03
 10
1730.0
 20
443.0
 10
1729.543
 20
443.03
 10
1729.094
 20
443.119
 10
1728.661
 20
443.266
 10
1728.25
 20
443.469
 10
1727.869
 20
443.723
 10
1727.525
 20
444.025
 10
1727.223
 20
444.369
 10
1726.969
 20
444.75
 10
1726.766
 20
445.161
 10
1726.619
 20
445.594
 10
1726.53
 20
446.043
 10
1726.5
 20
446.5
  0
TEXT
  5
118
330
17
100
AcDbEntity
  8
LABELS
100
AcDbText
 10
1730.0
 20
490.0
 30
0.0
 40
14.0
  1
Camera shelf
 72
1
 11
1730.0
 21
490.0
 31
0.0
100
AcDbText
 73
2
  0
LWPOLYLINE
  5
119
330
17
100
AcDbEntity
  8
CUT_OUTSIDE
100
AcDbPolyline
 90
4
 70
1
 10
2412.0
 20
332.0
 10
2188.0
 20
332.0
 10
2188.0
 20
8.0
 10
2412.0
 20
8.0
  0
CIRCLE
  5
11A
330
17
100
AcDbEntity
  8
CUT_INSIDE
100
AcDbCircle
 10
2300.0
 20
89.0
 30
0.0
 40
14.0
  0
CIRCLE
  5
11B
330
17
100
AcDbEntity
  8
CUT_INSIDE
100
AcDbCircle
 10
2300.0
 20
170.0
 30
0.0
 40
14.0
  0
CIRCLE
  5
11C
330
17
100
AcDbEntity
  8
CUT_INSIDE
100
AcDbCircle
 10
2300.0
 20
251.0
 30
0.0
 40
14.0
  0
TEXT
  5
11D
330
17
100
AcDbEntity
  8
LABELS
100
AcDbText
 10
2300.0
 20
170.0
 30
0.0
 40
14.0
  1
Top plate
 72
1
 11
2300.0
 21
170.0
 31
0.0
100
AcDbText
 73
2
  0
LWPOLYLINE
  5
11E
330
17
100
AcDbEntity
  8
CUT_OUTSIDE
100
AcDbPolyline
 90
128
 70
1
 10
1558.0
 20
507.0
 10
1557.813
 20
499.395
 10
1557.254
 20
491.807
 10
1556.322
 20
484.257
 10
1555.022
 20
476.761
 10
1553.355
 20
469.338
 10
1551.326
 20
462.006
 10
1548.939
 20
454.782
 10
1546.201
 20
447.684
 10
1543.118
 20
440.729
 10
1539.698
 20
433.934
 10
1535.948
 20
427.314
 10
1531.878
 20
420.887
 10
1527.497
 20
414.667
 10
1522.817
 20
408.669
 10
1517.847
 20
402.908
 10
1512.602
 20
397.398
 10
1507.092
 20
392.153
 10
1501.331
 20
387.183
 10
1495.333
 20
382.503
 10
1489.113
 20
378.122
 10
1482.686
 20
374.052
 10
1476.066
 20
370.302
 10
1469.271
 20
366.882
 10
1462.316
 20
363.799
 10
1455.218
 20
361.061
 10
1447.994
 20
358.674
 10
1440.662
 20
356.645
 10
1433.239
 20
354.978
 10
1425.743
 20
353.678
 10
1418.193
 20
352.746
 10
1410.605
 20
352.187
 10
1403.0
 20
352.0
 10
1395.395
 20
352.187
 10
1387.807
 20
352.746
 10
1380.257
 20
353.678
 10
1372.761
 20
354.978
 10
1365.338
 20
356.645
 10
1358.006
 20
358.674
 10
1350.782
 20
361.061
 10
1343.684
 20
363.799
 10
1336.729
 20
366.882
 10
1329.934
 20
370.302
 10
1323.314
 20
374.052
 10
1316.887
 20
378.122
 10
1310.667
 20
382.503
 10
1304.669
 20
387.183
 10
1298.908
 20
392.153
 10
1293.398
 20
397.398
 10
1288.153
 20
402.908
 10
1283.183
 20
408.669
 10
1278.503
 20
414.667
 10
1274.122
 20
420.887
 10
1270.052
 20
427.314
 10
1266.302
 20
433.934
 10
1262.882
 20
440.729
 10
1259.799
 20
447.684
 10
1257.061
 20
454.782
 10
1254.674
 20
462.006
 10
1252.645
 20
469.338
 10
1250.978
 20
476.761
 10
1249.678
 20
484.257
 10
1248.746
 20
491.807
 10
1248.187
 20
499.395
 10
1248.0
 20
507.0
 10
1248.187
 20
514.605
 10
1248.746
 20
522.193
 10
1249.678
 20
529.743
 10
1250.978
 20
537.239
 10
1252.645
 20
544.662
 10
1254.674
 20
551.994
 10
1257.061
 20
559.218
 10
1259.799
 20
566.316
 10
1262.882
 20
573.271
 10
1266.302
 20
580.066
 10
1270.052
 20
586.686
 10
1274.122
 20
593.113
 10
1278.503
 20
599.333
 10
1283.183
 20
605.331
 10
1288.153
 20
611.092
 10
1293.398
 20
616.602
 10
1298.908
 20
621.847
 10
1304.669
 20
626.817
 10
1310.667
 20
631.497
 10
1316.887
 20
635.878
 10
1323.314
 20
639.948
 10
1329.934
 20
643.698
 10
1336.729
 20
647.118
 10
1343.684
 20
650.201
 10
1350.782
 20
652.939
 10
1358.006
 20
655.326
 10
1365.338
 20
657.355
 10
1372.761
 20
659.022
 10
1380.257
 20
660.322
 10
1387.807
 20
661.254
 10
1395.395
 20
661.813
 10
1403.0
 20
662.0
 10
1410.605
 20
661.813
 10
1418.193
 20
661.254
 10
1425.743
 20
660.322
 10
1433.239
 20
659.022
 10
1440.662
 20
657.355
 10
1447.994
 20
655.326
 10
1455.218
 20
652.939
 10
1462.316
 20
650.201
 10
1469.271
 20
647.118
 10
1476.066
 20
643.698
 10
1482.686
 20
639.948
 10
1489.113
 20
635.878
 10
1495.333
 20
631.497
 10
1501.331
 20
626.817
 10
1507.092
 20
621.847
 10
1512.602
 20
616.602
 10
1517.847
 20
611.092
 10
1522.817
 20
605.331
 10
1527.497
 20
599.333
 10
1531.878
 20
593.113
 10
1535.948
 20
586.686
 10
1539.698
 20
580.066
 10
1543.118
 20
573.271
 10
1546.201
 20
566.316
 10
1548.939
 20
559.218
 10
1551.326
 20
551.994
 10
1553.355
 20
544.662
 10
1555.022
 20
537.239
 10
1556.322
 20
529.743
 10
1557.254
 20
522.193
 10
1557.813
 20
514.605
  0
CIRCLE
  5
11F
330
17
100
AcDbEntity
  8
CUT_INSIDE
100
AcDbCircle
 10
1403.0
 20
507.0
 30
0.0
 40
131.0
  0
LWPOLYLINE
  5
120
330
17
100
AcDbEntity
  8
ENGRAVE_V
100
AcDbPolyline
 90
129
 70
1
 10
1549.0
 20
507.0
 10
1548.824
 20
499.836
 10
1548.297
 20
492.689
 10
1547.42
 20
485.577
 10
1546.195
 20
478.517
 10
1544.625
 20
471.525
 10
1542.713
 20
464.618
 10
1540.465
 20
457.814
 10
1537.886
 20
451.128
 10
1534.982
 20
444.577
 10
1531.761
 20
438.176
 10
1528.228
 20
431.941
 10
1524.395
 20
425.887
 10
1520.268
 20
420.028
 10
1515.86
 20
414.379
 10
1511.179
 20
408.952
 10
1506.238
 20
403.762
 10
1501.048
 20
398.821
 10
1495.621
 20
394.14
 10
1489.972
 20
389.732
 10
1484.113
 20
385.605
 10
1478.059
 20
381.772
 10
1471.824
 20
378.239
 10
1465.423
 20
375.018
 10
1458.872
 20
372.114
 10
1452.186
 20
369.535
 10
1445.382
 20
367.287
 10
1438.475
 20
365.375
 10
1431.483
 20
363.805
 10
1424.423
 20
362.58
 10
1417.311
 20
361.703
 10
1410.164
 20
361.176
 10
1403.0
 20
361.0
 10
1395.836
 20
361.176
 10
1388.689
 20
361.703
 10
1381.577
 20
362.58
 10
1374.517
 20
363.805
 10
1367.525
 20
365.375
 10
1360.618
 20
367.287
 10
1353.814
 20
369.535
 10
1347.128
 20
372.114
 10
1340.577
 20
375.018
 10
1334.176
 20
378.239
 10
1327.941
 20
381.772
 10
1321.887
 20
385.605
 10
1316.028
 20
389.732
 10
1310.379
 20
394.14
 10
1304.952
 20
398.821
 10
1299.762
 20
403.762
 10
1294.821
 20
408.952
 10
1290.14
 20
414.379
 10
1285.732
 20
420.028
 10
1281.605
 20
425.887
 10
1277.772
 20
431.941
 10
1274.239
 20
438.176
 10
1271.018
 20
444.577
 10
1268.114
 20
451.128
 10
1265.535
 20
457.814
 10
1263.287
 20
464.618
 10
1261.375
 20
471.525
 10
1259.805
 20
478.517
 10
1258.58
 20
485.577
 10
1257.703
 20
492.689
 10
1257.176
 20
499.836
 10
1257.0
 20
507.0
 10
1257.176
 20
514.164
 10
1257.703
 20
521.311
 10
1258.58
 20
528.423
 10
1259.805
 20
535.483
 10
1261.375
 20
542.475
 10
1263.287
 20
549.382
 10
1265.535
 20
556.186
 10
1268.114
 20
562.872
 10
1271.018
 20
569.423
 10
1274.239
 20
575.824
 10
1277.772
 20
582.059
 10
1281.605
 20
588.113
 10
1285.732
 20
593.972
 10
1290.14
 20
599.621
 10
1294.821
 20
605.048
 10
1299.762
 20
610.238
 10
1304.952
 20
615.179
 10
1310.379
 20
619.86
 10
1316.028
 20
624.268
 10
1321.887
 20
628.395
 10
1327.941
 20
632.228
 10
1334.176
 20
635.761
 10
1340.577
 20
638.982
 10
1347.128
 20
641.886
 10
1353.814
 20
644.465
 10
1360.618
 20
646.713
 10
1367.525
 20
648.625
 10
1374.517
 20
650.195
 10
1381.577
 20
651.42
 10
1388.689
 20
652.297
 10
1395.836
 20
652.824
 10
1403.0
 20
653.0
 10
1410.164
 20
652.824
 10
1417.311
 20
652.297
 10
1424.423
 20
651.42
 10
1431.483
 20
650.195
 10
1438.475
 20
648.625
 10
1445.382
 20
646.713
 10
1452.186
 20
644.465
 10
1458.872
 20
641.886
 10
1465.423
 20
638.982
 10
1471.824
 20
635.761
 10
1478.059
 20
632.228
 10
1484.113
 20
628.395
 10
1489.972
 20
624.268
 10
1495.621
 20
619.86
 10
1501.048
 20
615.179
 10
1506.238
 20
610.238
 10
1511.179
 20
605.048
 10
1515.86
 20
599.621
 10
1520.268
 20
593.972
 10
1524.395
 20
588.113
 10
1528.228
 20
582.059
 10
1531.761
 20
575.824
 10
1534.982
 20
569.423
 10
1537.886
 20
562.872
 10
1540.465
 20
556.186
 10
1542.713
 20
549.382
 10
1544.625
 20
542.475
 10
1546.195
 20
535.483
 10
1547.42
 20
528.423
 10
1548.297
 20
521.311
 10
1548.824
 20
514.164
 10
1549.0
 20
507.0
  0
TEXT
  5
121
330
17
100
AcDbEntity
  8
LABELS
100
AcDbText
 10
1403.0
 20
510.8027447603748
 30
0.0
 40
14.0
  1
Camera ring (glue on front)
 72
1
 11
1403.0
 21
510.8027447603748
 31
0.0
100
AcDbText
 73
2
  0
LWPOLYLINE
  5
122
330
17
100
AcDbEntity
  8
CUT_NESTED
100
AcDbPolyline
 90
4
 70
1
 10
2300.0
 20
897.0
 10
2300.0
 20
937.0
 10
1920.0
 20
937.0
 10
1920.0
 20
897.0
  0
TEXT
  5
123
330
17
100
AcDbEntity
  8
LABELS
100
AcDbText
 10
2110.0
 20
917.0
 30
0.0
 40
14.0
  1
Monitor rail 1
 72
1
 11
2110.0
 21
917.0
 31
0.0
100
AcDbText
 73
2
  0
LWPOLYLINE
  5
124
330
17
100
AcDbEntity
  8
CUT_NESTED
100
AcDbPolyline
 90
4
 70
1
 10
2300.0
 20
947.0
 10
2300.0
 20
987.0
 10
1920.0
 20
987.0
 10
1920.0
 20
947.0
  0
TEXT
  5
125
330
17
100
AcDbEntity
  8
LABELS
100
AcDbText
 10
2110.0
 20
967.0
 30
0.0
 40
14.0
  1
Monitor rail 2
 72
1
 11
2110.0
 21
967.0
 31
0.0
100
AcDbText
 73
2
  0
LWPOLYLINE
  5
126
330
17
100
AcDbEntity
  8
CUT_NESTED
100
AcDbPolyline
 90
52
 70
1
 10
620.0
 20
1013.0
 10
620.068
 20
1014.044
 10
620.273
 20
1015.071
 10
620.609
 20
1016.061
 10
621.072
 20
1017.0
 10
621.653
 20
1017.87
 10
622.343
 20
1018.657
 10
623.13
 20
1019.347
 10
624.0
 20
1019.928
 10
624.939
 20
1020.391
 10
625.929
 20
1020.727
 10
626.956
 20
1020.932
 10
628.0
 20
1021.0
 10
912.0
 20
1021.0
 10
913.044
 20
1020.932
 10
914.071
 20
1020.727
 10
915.061
 20
1020.391
 10
916.0
 20
1019.928
 10
916.87
 20
1019.347
 10
917.657
 20
1018.657
 10
918.347
 20
1017.87
 10
918.928
 20
1017.0
 10
919.391
 20
1016.061
 10
919.727
 20
1015.071
 10
919.932
 20
1014.044
 10
920.0
 20
1013.0
 10
920.0
 20
974.0
 10
919.932
 20
972.956
 10
919.727
 20
971.929
 10
919.391
 20
970.939
 10
918.928
 20
970.0
 10
918.347
 20
969.13
 10
917.657
 20
968.343
 10
916.87
 20
967.653
 10
916.0
 20
967.072
 10
915.061
 20
966.609
 10
914.071
 20
966.273
 10
913.044
 20
966.068
 10
912.0
 20
966.0
 10
628.0
 20
966.0
 10
626.956
 20
966.068
 10
625.929
 20
966.273
 10
624.939
 20
966.609
 10
624.0
 20
967.072
 10
623.13
 20
967.653
 10
622.343
 20
968.343
 10
621.653
 20
969.13
 10
621.072
 20
970.0
 10
620.609
 20
970.939
 10
620.273
 20
971.929
 10
620.068
 20
972.956
 10
620.0
 20
974.0
  0
LWPOLYLINE
  5
127
330
17
100
AcDbEntity
  8
CUT_INSIDE
100
AcDbPolyline
 90
50
 70
1
 10
889.5
 20
986.0
 10
888.521
 20
986.064
 10
887.559
 20
986.256
 10
886.63
 20
986.571
 10
885.75
 20
987.005
 10
884.934
 20
987.55
 10
884.197
 20
988.197
 10
883.55
 20
988.934
 10
883.005
 20
989.75
 10
882.571
 20
990.63
 10
882.256
 20
991.559
 10
882.064
 20
992.521
 10
882.0
 20
993.5
 10
882.064
 20
994.479
 10
882.256
 20
995.441
 10
882.571
 20
996.37
 10
883.005
 20
997.25
 10
883.55
 20
998.066
 10
884.197
 20
998.803
 10
884.934
 20
999.45
 10
885.75
 20
999.995
 10
886.63
 20
1000.429
 10
887.559
 20
1000.744
 10
888.521
 20
1000.936
 10
889.5
 20
1001.0
 10
904.5
 20
1001.0
 10
905.479
 20
1000.936
 10
906.441
 20
1000.744
 10
907.37
 20
1000.429
 10
908.25
 20
999.995
 10
909.066
 20
999.45
 10
909.803
 20
998.803
 10
910.45
 20
998.066
 10
910.995
 20
997.25
 10
911.429
 20
996.37
 10
911.744
 20
995.441
 10
911.936
 20
994.479
 10
912.0
 20
993.5
 10
911.936
 20
992.521
 10
911.744
 20
991.559
 10
911.429
 20
990.63
 10
910.995
 20
989.75
 10
910.45
 20
988.934
 10
909.803
 20
988.197
 10
909.066
 20
987.55
 10
908.25
 20
987.005
 10
907.37
 20
986.571
 10
906.441
 20
986.256
 10
905.479
 20
986.064
 10
904.5
 20
986.0
  0
LWPOLYLINE
  5
128
330
17
100
AcDbEntity
  8
CUT_INSIDE
100
AcDbPolyline
 90
50
 70
1
 10
635.5
 20
986.0
 10
634.521
 20
986.064
 10
633.559
 20
986.256
 10
632.63
 20
986.571
 10
631.75
 20
987.005
 10
630.934
 20
987.55
 10
630.197
 20
988.197
 10
629.55
 20
988.934
 10
629.005
 20
989.75
 10
628.571
 20
990.63
 10
628.256
 20
991.559
 10
628.064
 20
992.521
 10
628.0
 20
993.5
 10
628.064
 20
994.479
 10
628.256
 20
995.441
 10
628.571
 20
996.37
 10
629.005
 20
997.25
 10
629.55
 20
998.066
 10
630.197
 20
998.803
 10
630.934
 20
999.45
 10
631.75
 20
999.995
 10
632.63
 20
1000.429
 10
633.559
 20
1000.744
 10
634.521
 20
1000.936
 10
635.5
 20
1001.0
 10
650.5
 20
1001.0
 10
651.479
 20
1000.936
 10
652.441
 20
1000.744
 10
653.37
 20
1000.429
 10
654.25
 20
999.995
 10
655.066
 20
999.45
 10
655.803
 20
998.803
 10
656.45
 20
998.066
 10
656.995
 20
997.25
 10
657.429
 20
996.37
 10
657.744
 20
995.441
 10
657.936
 20
994.479
 10
658.0
 20
993.5
 10
657.936
 20
992.521
 10
657.744
 20
991.559
 10
657.429
 20
990.63
 10
656.995
 20
989.75
 10
656.45
 20
988.934
 10
655.803
 20
988.197
 10
655.066
 20
987.55
 10
654.25
 20
987.005
 10
653.37
 20
986.571
 10
652.441
 20
986.256
 10
651.479
 20
986.064
 10
650.5
 20
986.0
  0
TEXT
  5
129
330
17
100
AcDbEntity
  8
LABELS
100
AcDbText
 10
770.0
 20
993.5
 30
0.0
 40
14.0
  1
Monitor clamp bar 1
 72
1
 11
770.0
 21
993.5
 31
0.0
100
AcDbText
 73
2
  0
LWPOLYLINE
  5
12A
330
17
100
AcDbEntity
  8
CUT_NESTED
100
AcDbPolyline
 90
52
 70
1
 10
620.0
 20
1078.0
 10
620.068
 20
1079.044
 10
620.273
 20
1080.071
 10
620.609
 20
1081.061
 10
621.072
 20
1082.0
 10
621.653
 20
1082.87
 10
622.343
 20
1083.657
 10
623.13
 20
1084.347
 10
624.0
 20
1084.928
 10
624.939
 20
1085.391
 10
625.929
 20
1085.727
 10
626.956
 20
1085.932
 10
628.0
 20
1086.0
 10
912.0
 20
1086.0
 10
913.044
 20
1085.932
 10
914.071
 20
1085.727
 10
915.061
 20
1085.391
 10
916.0
 20
1084.928
 10
916.87
 20
1084.347
 10
917.657
 20
1083.657
 10
918.347
 20
1082.87
 10
918.928
 20
1082.0
 10
919.391
 20
1081.061
 10
919.727
 20
1080.071
 10
919.932
 20
1079.044
 10
920.0
 20
1078.0
 10
920.0
 20
1039.0
 10
919.932
 20
1037.956
 10
919.727
 20
1036.929
 10
919.391
 20
1035.939
 10
918.928
 20
1035.0
 10
918.347
 20
1034.13
 10
917.657
 20
1033.343
 10
916.87
 20
1032.653
 10
916.0
 20
1032.072
 10
915.061
 20
1031.609
 10
914.071
 20
1031.273
 10
913.044
 20
1031.068
 10
912.0
 20
1031.0
 10
628.0
 20
1031.0
 10
626.956
 20
1031.068
 10
625.929
 20
1031.273
 10
624.939
 20
1031.609
 10
624.0
 20
1032.072
 10
623.13
 20
1032.653
 10
622.343
 20
1033.343
 10
621.653
 20
1034.13
 10
621.072
 20
1035.0
 10
620.609
 20
1035.939
 10
620.273
 20
1036.929
 10
620.068
 20
1037.956
 10
620.0
 20
1039.0
  0
LWPOLYLINE
  5
12B
330
17
100
AcDbEntity
  8
CUT_INSIDE
100
AcDbPolyline
 90
50
 70
1
 10
889.5
 20
1051.0
 10
888.521
 20
1051.064
 10
887.559
 20
1051.256
 10
886.63
 20
1051.571
 10
885.75
 20
1052.005
 10
884.934
 20
1052.55
 10
884.197
 20
1053.197
 10
883.55
 20
1053.934
 10
883.005
 20
1054.75
 10
882.571
 20
1055.63
 10
882.256
 20
1056.559
 10
882.064
 20
1057.521
 10
882.0
 20
1058.5
 10
882.064
 20
1059.479
 10
882.256
 20
1060.441
 10
882.571
 20
1061.37
 10
883.005
 20
1062.25
 10
883.55
 20
1063.066
 10
884.197
 20
1063.803
 10
884.934
 20
1064.45
 10
885.75
 20
1064.995
 10
886.63
 20
1065.429
 10
887.559
 20
1065.744
 10
888.521
 20
1065.936
 10
889.5
 20
1066.0
 10
904.5
 20
1066.0
 10
905.479
 20
1065.936
 10
906.441
 20
1065.744
 10
907.37
 20
1065.429
 10
908.25
 20
1064.995
 10
909.066
 20
1064.45
 10
909.803
 20
1063.803
 10
910.45
 20
1063.066
 10
910.995
 20
1062.25
 10
911.429
 20
1061.37
 10
911.744
 20
1060.441
 10
911.936
 20
1059.479
 10
912.0
 20
1058.5
 10
911.936
 20
1057.521
 10
911.744
 20
1056.559
 10
911.429
 20
1055.63
 10
910.995
 20
1054.75
 10
910.45
 20
1053.934
 10
909.803
 20
1053.197
 10
909.066
 20
1052.55
 10
908.25
 20
1052.005
 10
907.37
 20
1051.571
 10
906.441
 20
1051.256
 10
905.479
 20
1051.064
 10
904.5
 20
1051.0
  0
LWPOLYLINE
  5
12C
330
17
100
AcDbEntity
  8
CUT_INSIDE
100
AcDbPolyline
 90
50
 70
1
 10
635.5
 20
1051.0
 10
634.521
 20
1051.064
 10
633.559
 20
1051.256
 10
632.63
 20
1051.571
 10
631.75
 20
1052.005
 10
630.934
 20
1052.55
 10
630.197
 20
1053.197
 10
629.55
 20
1053.934
 10
629.005
 20
1054.75
 10
628.571
 20
1055.63
 10
628.256
 20
1056.559
 10
628.064
 20
1057.521
 10
628.0
 20
1058.5
 10
628.064
 20
1059.479
 10
628.256
 20
1060.441
 10
628.571
 20
1061.37
 10
629.005
 20
1062.25
 10
629.55
 20
1063.066
 10
630.197
 20
1063.803
 10
630.934
 20
1064.45
 10
631.75
 20
1064.995
 10
632.63
 20
1065.429
 10
633.559
 20
1065.744
 10
634.521
 20
1065.936
 10
635.5
 20
1066.0
 10
650.5
 20
1066.0
 10
651.479
 20
1065.936
 10
652.441
 20
1065.744
 10
653.37
 20
1065.429
 10
654.25
 20
1064.995
 10
655.066
 20
1064.45
 10
655.803
 20
1063.803
 10
656.45
 20
1063.066
 10
656.995
 20
1062.25
 10
657.429
 20
1061.37
 10
657.744
 20
1060.441
 10
657.936
 20
1059.479
 10
658.0
 20
1058.5
 10
657.936
 20
1057.521
 10
657.744
 20
1056.559
 10
657.429
 20
1055.63
 10
656.995
 20
1054.75
 10
656.45
 20
1053.934
 10
655.803
 20
1053.197
 10
655.066
 20
1052.55
 10
654.25
 20
1052.005
 10
653.37
 20
1051.571
 10
652.441
 20
1051.256
 10
651.479
 20
1051.064
 10
650.5
 20
1051.0
  0
TEXT
  5
12D
330
17
100
AcDbEntity
  8
LABELS
100
AcDbText
 10
770.0
 20
1058.5
 30
0.0
 40
14.0
  1
Monitor clamp bar 2
 72
1
 11
770.0
 21
1058.5
 31
0.0
100
AcDbText
 73
2
  0
LWPOLYLINE
  5
12E
330
17
100
AcDbEntity
  8
CUT_OUTSIDE
100
AcDbPolyline
 90
52
 70
1
 10
2178.0
 20
28.0
 10
2177.829
 20
25.389
 10
2177.319
 20
22.824
 10
2176.478
 20
20.346
 10
2175.321
 20
18.0
 10
2173.867
 20
15.825
 10
2172.142
 20
13.858
 10
2170.175
 20
12.133
 10
2168.0
 20
10.679
 10
2165.654
 20
9.522
 10
2163.176
 20
8.681
 10
2160.611
 20
8.171
 10
2158.0
 20
8.0
 10
1658.0
 20
8.0
 10
1655.389
 20
8.171
 10
1652.824
 20
8.681
 10
1650.346
 20
9.522
 10
1648.0
 20
10.679
 10
1645.825
 20
12.133
 10
1643.858
 20
13.858
 10
1642.133
 20
15.825
 10
1640.679
 20
18.0
 10
1639.522
 20
20.346
 10
1638.681
 20
22.824
 10
1638.171
 20
25.389
 10
1638.0
 20
28.0
 10
1638.0
 20
368.0
 10
1638.171
 20
370.611
 10
1638.681
 20
373.176
 10
1639.522
 20
375.654
 10
1640.679
 20
378.0
 10
1642.133
 20
380.175
 10
1643.858
 20
382.142
 10
1645.825
 20
383.867
 10
1648.0
 20
385.321
 10
1650.346
 20
386.478
 10
1652.824
 20
387.319
 10
1655.389
 20
387.829
 10
1658.0
 20
388.0
 10
2158.0
 20
388.0
 10
2160.611
 20
387.829
 10
2163.176
 20
387.319
 10
2165.654
 20
386.478
 10
2168.0
 20
385.321
 10
2170.175
 20
383.867
 10
2172.142
 20
382.142
 10
2173.867
 20
380.175
 10
2175.321
 20
378.0
 10
2176.478
 20
375.654
 10
2177.319
 20
373.176
 10
2177.829
 20
370.611
 10
2178.0
 20
368.0
  0
LWPOLYLINE
  5
12F
330
17
100
AcDbEntity
  8
CUT_INSIDE
100
AcDbPolyline
 90
50
 70
1
 10
1963.0
 20
243.0
 10
1968.874
 20
242.615
 10
1974.647
 20
241.467
 10
1980.221
 20
239.575
 10
1985.5
 20
236.971
 10
1990.394
 20
233.701
 10
1994.82
 20
229.82
 10
1998.701
 20
225.394
 10
2001.971
 20
220.5
 10
2004.575
 20
215.221
 10
2006.467
 20
209.647
 10
2007.615
 20
203.874
 10
2008.0
 20
198.0
 10
2007.615
 20
192.126
 10
2006.467
 20
186.353
 10
2004.575
 20
180.779
 10
2001.971
 20
175.5
 10
1998.701
 20
170.606
 10
1994.82
 20
166.18
 10
1990.394
 20
162.299
 10
1985.5
 20
159.029
 10
1980.221
 20
156.425
 10
1974.647
 20
154.533
 10
1968.874
 20
153.385
 10
1963.0
 20
153.0
 10
1853.0
 20
153.0
 10
1847.126
 20
153.385
 10
1841.353
 20
154.533
 10
1835.779
 20
156.425
 10
1830.5
 20
159.029
 10
1825.606
 20
162.299
 10
1821.18
 20
166.18
 10
1817.299
 20
170.606
 10
1814.029
 20
175.5
 10
1811.425
 20
180.779
 10
1809.533
 20
186.353
 10
1808.385
 20
192.126
 10
1808.0
 20
198.0
 10
1808.385
 20
203.874
 10
1809.533
 20
209.647
 10
1811.425
 20
215.221
 10
1814.029
 20
220.5
 10
1817.299
 20
225.394
 10
1821.18
 20
229.82
 10
1825.606
 20
233.701
 10
1830.5
 20
236.971
 10
1835.779
 20
239.575
 10
1841.353
 20
241.467
 10
1847.126
 20
242.615
 10
1853.0
 20
243.0
  0
CIRCLE
  5
130
330
17
100
AcDbEntity
  8
DRILL_7
100
AcDbCircle
 10
1647.0
 20
68.0
 30
0.0
 40
3.5
  0
CIRCLE
  5
131
330
17
100
AcDbEntity
  8
DRILL_7
100
AcDbCircle
 10
2169.0
 20
68.0
 30
0.0
 40
3.5
  0
CIRCLE
  5
132
330
17
100
AcDbEntity
  8
DRILL_7
100
AcDbCircle
 10
1647.0
 20
198.0
 30
0.0
 40
3.5
  0
CIRCLE
  5
133
330
17
100
AcDbEntity
  8
DRILL_7
100
AcDbCircle
 10
2169.0
 20
198.0
 30
0.0
 40
3.5
  0
CIRCLE
  5
134
330
17
100
AcDbEntity
  8
DRILL_7
100
AcDbCircle
 10
1647.0
 20
328.0
 30
0.0
 40
3.5
  0
CIRCLE
  5
135
330
17
100
AcDbEntity
  8
DRILL_7
100
AcDbCircle
 10
2169.0
 20
328.0
 30
0.0
 40
3.5
  0
CIRCLE
  5
136
330
17
100
AcDbEntity
  8
DRILL_7
100
AcDbCircle
 10
1728.0
 20
17.0
 30
0.0
 40
3.5
  0
CIRCLE
  5
137
330
17
100
AcDbEntity
  8
DRILL_7
100
AcDbCircle
 10
1908.0
 20
17.0
 30
0.0
 40
3.5
  0
CIRCLE
  5
138
330
17
100
AcDbEntity
  8
DRILL_7
100
AcDbCircle
 10
2088.0
 20
17.0
 30
0.0
 40
3.5
  0
CIRCLE
  5
139
330
17
100
AcDbEntity
  8
DRILL_7
100
AcDbCircle
 10
1728.0
 20
379.0
 30
0.0
 40
3.5
  0
CIRCLE
  5
13A
330
17
100
AcDbEntity
  8
DRILL_7
100
AcDbCircle
 10
1908.0
 20
379.0
 30
0.0
 40
3.5
  0
CIRCLE
  5
13B
330
17
100
AcDbEntity
  8
DRILL_7
100
AcDbCircle
 10
2088.0
 20
379.0
 30
0.0
 40
3.5
  0
CIRCLE
  5
13C
330
17
100
AcDbEntity
  8
DRILL_10
100
AcDbCircle
 10
1776.0
 20
116.0
 30
0.0
 40
5.0
  0
CIRCLE
  5
13D
330
17
100
AcDbEntity
  8
DRILL_10
100
AcDbCircle
 10
2040.0
 20
116.0
 30
0.0
 40
5.0
  0
CIRCLE
  5
13E
330
17
100
AcDbEntity
  8
DRILL_10
100
AcDbCircle
 10
1776.0
 20
280.0
 30
0.0
 40
5.0
  0
CIRCLE
  5
13F
330
17
100
AcDbEntity
  8
DRILL_10
100
AcDbCircle
 10
2040.0
 20
280.0
 30
0.0
 40
5.0
  0
LWPOLYLINE
  5
140
330
17
100
AcDbEntity
  8
POCKET_8
100
AcDbPolyline
 90
104
 70
1
 10
2156.0
 20
66.0
 10
2155.987
 20
65.608
 10
2155.73
 20
61.692
 10
2155.628
 20
60.914
 10
2154.862
 20
57.065
 10
2154.659
 20
56.307
 10
2153.398
 20
52.591
 10
2153.098
 20
51.866
 10
2151.362
 20
48.346
 10
2150.97
 20
47.667
 10
2148.789
 20
44.404
 10
2148.312
 20
43.781
 10
2145.724
 20
40.831
 10
2145.169
 20
40.276
 10
2142.219
 20
37.688
 10
2141.596
 20
37.211
 10
2138.333
 20
35.03
 10
2137.654
 20
34.638
 10
2134.134
 20
32.902
 10
2133.409
 20
32.602
 10
2129.693
 20
31.341
 10
2128.935
 20
31.138
 10
2125.086
 20
30.372
 10
2124.308
 20
30.27
 10
2120.392
 20
30.013
 10
2120.0
 20
30.0
 10
1696.0
 20
30.0
 10
1695.608
 20
30.013
 10
1691.692
 20
30.27
 10
1690.914
 20
30.372
 10
1687.065
 20
31.138
 10
1686.307
 20
31.341
 10
1682.591
 20
32.602
 10
1681.866
 20
32.902
 10
1678.346
 20
34.638
 10
1677.667
 20
35.03
 10
1674.404
 20
37.211
 10
1673.781
 20
37.688
 10
1670.831
 20
40.276
 10
1670.276
 20
40.831
 10
1667.688
 20
43.781
 10
1667.211
 20
44.404
 10
1665.03
 20
47.667
 10
1664.638
 20
48.346
 10
1662.902
 20
51.866
 10
1662.602
 20
52.591
 10
1661.341
 20
56.307
 10
1661.138
 20
57.065
 10
1660.372
 20
60.914
 10
1660.27
 20
61.692
 10
1660.013
 20
65.608
 10
1660.0
 20
66.0
 10
1660.0
 20
330.0
 10
1660.013
 20
330.392
 10
1660.27
 20
334.308
 10
1660.372
 20
335.086
 10
1661.138
 20
338.935
 10
1661.341
 20
339.693
 10
1662.602
 20
343.409
 10
1662.902
 20
344.134
 10
1664.638
 20
347.654
 10
1665.03
 20
348.333
 10
1667.211
 20
351.596
 10
1667.688
 20
352.219
 10
1670.276
 20
355.169
 10
1670.831
 20
355.724
 10
1673.781
 20
358.312
 10
1674.404
 20
358.789
 10
1677.667
 20
360.97
 10
1678.346
 20
361.362
 10
1681.866
 20
363.098
 10
1682.591
 20
363.398
 10
1686.307
 20
364.659
 10
1687.065
 20
364.862
 10
1690.914
 20
365.628
 10
1691.692
 20
365.73
 10
1695.608
 20
365.987
 10
1696.0
 20
366.0
 10
2120.0
 20
366.0
 10
2120.392
 20
365.987
 10
2124.308
 20
365.73
 10
2125.086
 20
365.628
 10
2128.935
 20
364.862
 10
2129.693
 20
364.659
 10
2133.409
 20
363.398
 10
2134.134
 20
363.098
 10
2137.654
 20
361.362
 10
2138.333
 20
360.97
 10
2141.596
 20
358.789
 10
2142.219
 20
358.312
 10
2145.169
 20
355.724
 10
2145.724
 20
355.169
 10
2148.312
 20
352.219
 10
2148.789
 20
351.596
 10
2150.97
 20
348.333
 10
2151.362
 20
347.654
 10
2153.098
 20
344.134
 10
2153.398
 20
343.409
 10
2154.659
 20
339.693
 10
2154.862
 20
338.935
 10
2155.628
 20
335.086
 10
2155.73
 20
334.308
 10
2155.987
 20
330.392
 10
2156.0
 20
330.0
  0
LWPOLYLINE
  5
141
330
17
100
AcDbEntity
  8
POCKET_8
100
AcDbPolyline
 90
52
 70
1
 10
2144.0
 20
66.196
 10
2144.0
 20
329.804
 10
2143.782
 20
333.131
 10
2143.17
 20
336.208
 10
2142.161
 20
339.179
 10
2140.773
 20
341.994
 10
2139.03
 20
344.602
 10
2136.961
 20
346.961
 10
2134.602
 20
349.03
 10
2131.994
 20
350.773
 10
2129.179
 20
352.161
 10
2126.208
 20
353.17
 10
2123.131
 20
353.782
 10
2119.804
 20
354.0
 10
1696.196
 20
354.0
 10
1692.869
 20
353.782
 10
1689.792
 20
353.17
 10
1686.821
 20
352.161
 10
1684.006
 20
350.773
 10
1681.398
 20
349.03
 10
1679.039
 20
346.961
 10
1676.97
 20
344.602
 10
1675.227
 20
341.994
 10
1673.839
 20
339.179
 10
1672.83
 20
336.208
 10
1672.218
 20
333.131
 10
1672.0
 20
329.804
 10
1672.0
 20
66.196
 10
1672.218
 20
62.869
 10
1672.83
 20
59.792
 10
1673.839
 20
56.821
 10
1675.227
 20
54.006
 10
1676.97
 20
51.398
 10
1679.039
 20
49.039
 10
1681.398
 20
46.97
 10
1684.006
 20
45.227
 10
1686.821
 20
43.839
 10
1689.792
 20
42.83
 10
1692.869
 20
42.218
 10
1696.196
 20
42.0
 10
2119.804
 20
42.0
 10
2123.131
 20
42.218
 10
2126.208
 20
42.83
 10
2129.179
 20
43.839
 10
2131.994
 20
45.227
 10
2134.602
 20
46.97
 10
2136.961
 20
49.039
 10
2139.03
 20
51.398
 10
2140.773
 20
54.006
 10
2142.161
 20
56.821
 10
2143.17
 20
59.792
 10
2143.782
 20
62.869
  0
TEXT
  5
142
330
17
100
AcDbEntity
  8
LABELS
100
AcDbText
 10
1908.0
 20
198.0
 30
0.0
 40
14.0
  1
Cabinet top = tower floor
 72
1
 11
1908.0
 21
198.0
 31
0.0
100
AcDbText
 73
2
  0
LWPOLYLINE
  5
143
330
17
100
AcDbEntity
  8
CUT_OUTSIDE
100
AcDbPolyline
 90
52
 70
1
 10
1828.0
 20
1212.0
 10
1830.611
 20
1211.829
 10
1833.176
 20
1211.319
 10
1835.654
 20
1210.478
 10
1838.0
 20
1209.321
 10
1840.175
 20
1207.867
 10
1842.142
 20
1206.142
 10
1843.867
 20
1204.175
 10
1845.321
 20
1202.0
 10
1846.478
 20
1199.654
 10
1847.319
 20
1197.176
 10
1847.829
 20
1194.611
 10
1848.0
 20
1192.0
 10
1848.0
 20
692.0
 10
1847.829
 20
689.389
 10
1847.319
 20
686.824
 10
1846.478
 20
684.346
 10
1845.321
 20
682.0
 10
1843.867
 20
679.825
 10
1842.142
 20
677.858
 10
1840.175
 20
676.133
 10
1838.0
 20
674.679
 10
1835.654
 20
673.522
 10
1833.176
 20
672.681
 10
1830.611
 20
672.171
 10
1828.0
 20
672.0
 10
1488.0
 20
672.0
 10
1485.389
 20
672.171
 10
1482.824
 20
672.681
 10
1480.346
 20
673.522
 10
1478.0
 20
674.679
 10
1475.825
 20
676.133
 10
1473.858
 20
677.858
 10
1472.133
 20
679.825
 10
1470.679
 20
682.0
 10
1469.522
 20
684.346
 10
1468.681
 20
686.824
 10
1468.171
 20
689.389
 10
1468.0
 20
692.0
 10
1468.0
 20
1192.0
 10
1468.171
 20
1194.611
 10
1468.681
 20
1197.176
 10
1469.522
 20
1199.654
 10
1470.679
 20
1202.0
 10
1472.133
 20
1204.175
 10
1473.858
 20
1206.142
 10
1475.825
 20
1207.867
 10
1478.0
 20
1209.321
 10
1480.346
 20
1210.478
 10
1482.824
 20
1211.319
 10
1485.389
 20
1211.829
 10
1488.0
 20
1212.0
  0
CIRCLE
  5
144
330
17
100
AcDbEntity
  8
DRILL_7
100
AcDbCircle
 10
1788.0
 20
681.0
 30
0.0
 40
3.5
  0
CIRCLE
  5
145
330
17
100
AcDbEntity
  8
DRILL_7
100
AcDbCircle
 10
1788.0
 20
1203.0
 30
0.0
 40
3.5
  0
CIRCLE
  5
146
330
17
100
AcDbEntity
  8
DRILL_7
100
AcDbCircle
 10
1658.0
 20
681.0
 30
0.0
 40
3.5
  0
CIRCLE
  5
147
330
17
100
AcDbEntity
  8
DRILL_7
100
AcDbCircle
 10
1658.0
 20
1203.0
 30
0.0
 40
3.5
  0
CIRCLE
  5
148
330
17
100
AcDbEntity
  8
DRILL_7
100
AcDbCircle
 10
1528.0
 20
681.0
 30
0.0
 40
3.5
  0
CIRCLE
  5
149
330
17
100
AcDbEntity
  8
DRILL_7
100
AcDbCircle
 10
1528.0
 20
1203.0
 30
0.0
 40
3.5
  0
CIRCLE
  5
14A
330
17
100
AcDbEntity
  8
DRILL_7
100
AcDbCircle
 10
1839.0
 20
762.0
 30
0.0
 40
3.5
  0
CIRCLE
  5
14B
330
17
100
AcDbEntity
  8
DRILL_7
100
AcDbCircle
 10
1839.0
 20
942.0
 30
0.0
 40
3.5
  0
CIRCLE
  5
14C
330
17
100
AcDbEntity
  8
DRILL_7
100
AcDbCircle
 10
1839.0
 20
1122.0
 30
0.0
 40
3.5
  0
CIRCLE
  5
14D
330
17
100
AcDbEntity
  8
DRILL_10
100
AcDbCircle
 10
1793.0
 20
727.0
 30
0.0
 40
5.0
  0
CIRCLE
  5
14E
330
17
100
AcDbEntity
  8
DRILL_10
100
AcDbCircle
 10
1793.0
 20
1157.0
 30
0.0
 40
5.0
  0
CIRCLE
  5
14F
330
17
100
AcDbEntity
  8
DRILL_10
100
AcDbCircle
 10
1523.0
 20
727.0
 30
0.0
 40
5.0
  0
CIRCLE
  5
150
330
17
100
AcDbEntity
  8
DRILL_10
100
AcDbCircle
 10
1523.0
 20
1157.0
 30
0.0
 40
5.0
  0
TEXT
  5
151
330
17
100
AcDbEntity
  8
LABELS
100
AcDbText
 10
1658.0
 20
942.0
 30
0.0
 40
14.0
  1
Cabinet bottom
 72
1
 11
1658.0
 21
942.0
 31
0.0
100
AcDbText
 73
2
  0
LWPOLYLINE
  5
152
330
17
100
AcDbEntity
  8
CUT_OUTSIDE
100
AcDbPolyline
 90
4
 70
1
 10
1628.0
 20
8.0
 10
1628.0
 20
342.0
 10
1248.0
 20
342.0
 10
1248.0
 20
8.0
  0
LWPOLYLINE
  5
153
330
17
100
AcDbEntity
  8
CUT_INSIDE
100
AcDbPolyline
 90
50
 70
1
 10
1481.0
 20
312.0
 10
1483.219
 20
311.855
 10
1485.4
 20
311.421
 10
1487.506
 20
310.706
 10
1489.5
 20
309.722
 10
1491.349
 20
308.487
 10
1493.021
 20
307.021
 10
1494.487
 20
305.349
 10
1495.722
 20
303.5
 10
1496.706
 20
301.506
 10
1497.421
 20
299.4
 10
1497.855
 20
297.219
 10
1498.0
 20
295.0
 10
1497.855
 20
292.781
 10
1497.421
 20
290.6
 10
1496.706
 20
288.494
 10
1495.722
 20
286.5
 10
1494.487
 20
284.651
 10
1493.021
 20
282.979
 10
1491.349
 20
281.513
 10
1489.5
 20
280.278
 10
1487.506
 20
279.294
 10
1485.4
 20
278.579
 10
1483.219
 20
278.145
 10
1481.0
 20
278.0
 10
1395.0
 20
278.0
 10
1392.781
 20
278.145
 10
1390.6
 20
278.579
 10
1388.494
 20
279.294
 10
1386.5
 20
280.278
 10
1384.651
 20
281.513
 10
1382.979
 20
282.979
 10
1381.513
 20
284.651
 10
1380.278
 20
286.5
 10
1379.294
 20
288.494
 10
1378.579
 20
290.6
 10
1378.145
 20
292.781
 10
1378.0
 20
295.0
 10
1378.145
 20
297.219
 10
1378.579
 20
299.4
 10
1379.294
 20
301.506
 10
1380.278
 20
303.5
 10
1381.513
 20
305.349
 10
1382.979
 20
307.021
 10
1384.651
 20
308.487
 10
1386.5
 20
309.722
 10
1388.494
 20
310.706
 10
1390.6
 20
311.421
 10
1392.781
 20
311.855
 10
1395.0
 20
312.0
  0
LWPOLYLINE
  5
154
330
17
100
AcDbEntity
  8
CUT_INSIDE
100
AcDbPolyline
 90
50
 70
1
 10
1358.0
 20
203.0
 10
1358.043
 20
203.653
 10
1358.17
 20
204.294
 10
1358.381
 20
204.913
 10
1358.67
 20
205.5
 10
1359.033
 20
206.044
 10
1359.464
 20
206.536
 10
1359.956
 20
206.967
 10
1360.5
 20
207.33
 10
1361.087
 20
207.619
 10
1361.706
 20
207.83
 10
1362.347
 20
207.957
 10
1363.0
 20
208.0
 10
1363.653
 20
207.957
 10
1364.294
 20
207.83
 10
1364.913
 20
207.619
 10
1365.5
 20
207.33
 10
1366.044
 20
206.967
 10
1366.536
 20
206.536
 10
1366.967
 20
206.044
 10
1367.33
 20
205.5
 10
1367.619
 20
204.913
 10
1367.83
 20
204.294
 10
1367.957
 20
203.653
 10
1368.0
 20
203.0
 10
1368.0
 20
73.0
 10
1367.957
 20
72.347
 10
1367.83
 20
71.706
 10
1367.619
 20
71.087
 10
1367.33
 20
70.5
 10
1366.967
 20
69.956
 10
1366.536
 20
69.464
 10
1366.044
 20
69.033
 10
1365.5
 20
68.67
 10
1364.913
 20
68.381
 10
1364.294
 20
68.17
 10
1363.653
 20
68.043
 10
1363.0
 20
68.0
 10
1362.347
 20
68.043
 10
1361.706
 20
68.17
 10
1361.087
 20
68.381
 10
1360.5
 20
68.67
 10
1359.956
 20
69.033
 10
1359.464
 20
69.464
 10
1359.033
 20
69.956
 10
1358.67
 20
70.5
 10
1358.381
 20
71.087
 10
1358.17
 20
71.706
 10
1358.043
 20
72.347
 10
1358.0
 20
73.0
  0
LWPOLYLINE
  5
155
330
17
100
AcDbEntity
  8
CUT_INSIDE
100
AcDbPolyline
 90
50
 70
1
 10
1398.0
 20
203.0
 10
1398.043
 20
203.653
 10
1398.17
 20
204.294
 10
1398.381
 20
204.913
 10
1398.67
 20
205.5
 10
1399.033
 20
206.044
 10
1399.464
 20
206.536
 10
1399.956
 20
206.967
 10
1400.5
 20
207.33
 10
1401.087
 20
207.619
 10
1401.706
 20
207.83
 10
1402.347
 20
207.957
 10
1403.0
 20
208.0
 10
1403.653
 20
207.957
 10
1404.294
 20
207.83
 10
1404.913
 20
207.619
 10
1405.5
 20
207.33
 10
1406.044
 20
206.967
 10
1406.536
 20
206.536
 10
1406.967
 20
206.044
 10
1407.33
 20
205.5
 10
1407.619
 20
204.913
 10
1407.83
 20
204.294
 10
1407.957
 20
203.653
 10
1408.0
 20
203.0
 10
1408.0
 20
73.0
 10
1407.957
 20
72.347
 10
1407.83
 20
71.706
 10
1407.619
 20
71.087
 10
1407.33
 20
70.5
 10
1406.967
 20
69.956
 10
1406.536
 20
69.464
 10
1406.044
 20
69.033
 10
1405.5
 20
68.67
 10
1404.913
 20
68.381
 10
1404.294
 20
68.17
 10
1403.653
 20
68.043
 10
1403.0
 20
68.0
 10
1402.347
 20
68.043
 10
1401.706
 20
68.17
 10
1401.087
 20
68.381
 10
1400.5
 20
68.67
 10
1399.956
 20
69.033
 10
1399.464
 20
69.464
 10
1399.033
 20
69.956
 10
1398.67
 20
70.5
 10
1398.381
 20
71.087
 10
1398.17
 20
71.706
 10
1398.043
 20
72.347
 10
1398.0
 20
73.0
  0
LWPOLYLINE
  5
156
330
17
100
AcDbEntity
  8
CUT_INSIDE
100
AcDbPolyline
 90
50
 70
1
 10
1438.0
 20
203.0
 10
1438.043
 20
203.653
 10
1438.17
 20
204.294
 10
1438.381
 20
204.913
 10
1438.67
 20
205.5
 10
1439.033
 20
206.044
 10
1439.464
 20
206.536
 10
1439.956
 20
206.967
 10
1440.5
 20
207.33
 10
1441.087
 20
207.619
 10
1441.706
 20
207.83
 10
1442.347
 20
207.957
 10
1443.0
 20
208.0
 10
1443.653
 20
207.957
 10
1444.294
 20
207.83
 10
1444.913
 20
207.619
 10
1445.5
 20
207.33
 10
1446.044
 20
206.967
 10
1446.536
 20
206.536
 10
1446.967
 20
206.044
 10
1447.33
 20
205.5
 10
1447.619
 20
204.913
 10
1447.83
 20
204.294
 10
1447.957
 20
203.653
 10
1448.0
 20
203.0
 10
1448.0
 20
73.0
 10
1447.957
 20
72.347
 10
1447.83
 20
71.706
 10
1447.619
 20
71.087
 10
1447.33
 20
70.5
 10
1446.967
 20
69.956
 10
1446.536
 20
69.464
 10
1446.044
 20
69.033
 10
1445.5
 20
68.67
 10
1444.913
 20
68.381
 10
1444.294
 20
68.17
 10
1443.653
 20
68.043
 10
1443.0
 20
68.0
 10
1442.347
 20
68.043
 10
1441.706
 20
68.17
 10
1441.087
 20
68.381
 10
1440.5
 20
68.67
 10
1439.956
 20
69.033
 10
1439.464
 20
69.464
 10
1439.033
 20
69.956
 10
1438.67
 20
70.5
 10
1438.381
 20
71.087
 10
1438.17
 20
71.706
 10
1438.043
 20
72.347
 10
1438.0
 20
73.0
  0
LWPOLYLINE
  5
157
330
17
100
AcDbEntity
  8
CUT_INSIDE
100
AcDbPolyline
 90
50
 70
1
 10
1478.0
 20
203.0
 10
1478.043
 20
203.653
 10
1478.17
 20
204.294
 10
1478.381
 20
204.913
 10
1478.67
 20
205.5
 10
1479.033
 20
206.044
 10
1479.464
 20
206.536
 10
1479.956
 20
206.967
 10
1480.5
 20
207.33
 10
1481.087
 20
207.619
 10
1481.706
 20
207.83
 10
1482.347
 20
207.957
 10
1483.0
 20
208.0
 10
1483.653
 20
207.957
 10
1484.294
 20
207.83
 10
1484.913
 20
207.619
 10
1485.5
 20
207.33
 10
1486.044
 20
206.967
 10
1486.536
 20
206.536
 10
1486.967
 20
206.044
 10
1487.33
 20
205.5
 10
1487.619
 20
204.913
 10
1487.83
 20
204.294
 10
1487.957
 20
203.653
 10
1488.0
 20
203.0
 10
1488.0
 20
73.0
 10
1487.957
 20
72.347
 10
1487.83
 20
71.706
 10
1487.619
 20
71.087
 10
1487.33
 20
70.5
 10
1486.967
 20
69.956
 10
1486.536
 20
69.464
 10
1486.044
 20
69.033
 10
1485.5
 20
68.67
 10
1484.913
 20
68.381
 10
1484.294
 20
68.17
 10
1483.653
 20
68.043
 10
1483.0
 20
68.0
 10
1482.347
 20
68.043
 10
1481.706
 20
68.17
 10
1481.087
 20
68.381
 10
1480.5
 20
68.67
 10
1479.956
 20
69.033
 10
1479.464
 20
69.464
 10
1479.033
 20
69.956
 10
1478.67
 20
70.5
 10
1478.381
 20
71.087
 10
1478.17
 20
71.706
 10
1478.043
 20
72.347
 10
1478.0
 20
73.0
  0
LWPOLYLINE
  5
158
330
17
100
AcDbEntity
  8
CUT_INSIDE
100
AcDbPolyline
 90
50
 70
1
 10
1518.0
 20
203.0
 10
1518.043
 20
203.653
 10
1518.17
 20
204.294
 10
1518.381
 20
204.913
 10
1518.67
 20
205.5
 10
1519.033
 20
206.044
 10
1519.464
 20
206.536
 10
1519.956
 20
206.967
 10
1520.5
 20
207.33
 10
1521.087
 20
207.619
 10
1521.706
 20
207.83
 10
1522.347
 20
207.957
 10
1523.0
 20
208.0
 10
1523.653
 20
207.957
 10
1524.294
 20
207.83
 10
1524.913
 20
207.619
 10
1525.5
 20
207.33
 10
1526.044
 20
206.967
 10
1526.536
 20
206.536
 10
1526.967
 20
206.044
 10
1527.33
 20
205.5
 10
1527.619
 20
204.913
 10
1527.83
 20
204.294
 10
1527.957
 20
203.653
 10
1528.0
 20
203.0
 10
1528.0
 20
73.0
 10
1527.957
 20
72.347
 10
1527.83
 20
71.706
 10
1527.619
 20
71.087
 10
1527.33
 20
70.5
 10
1526.967
 20
69.956
 10
1526.536
 20
69.464
 10
1526.044
 20
69.033
 10
1525.5
 20
68.67
 10
1524.913
 20
68.381
 10
1524.294
 20
68.17
 10
1523.653
 20
68.043
 10
1523.0
 20
68.0
 10
1522.347
 20
68.043
 10
1521.706
 20
68.17
 10
1521.087
 20
68.381
 10
1520.5
 20
68.67
 10
1519.956
 20
69.033
 10
1519.464
 20
69.464
 10
1519.033
 20
69.956
 10
1518.67
 20
70.5
 10
1518.381
 20
71.087
 10
1518.17
 20
71.706
 10
1518.043
 20
72.347
 10
1518.0
 20
73.0
  0
CIRCLE
  5
159
330
17
100
AcDbEntity
  8
DRILL_7
100
AcDbCircle
 10
1257.0
 20
68.0
 30
0.0
 40
3.5
  0
CIRCLE
  5
15A
330
17
100
AcDbEntity
  8
DRILL_7
100
AcDbCircle
 10
1257.0
 20
175.0
 30
0.0
 40
3.5
  0
CIRCLE
  5
15B
330
17
100
AcDbEntity
  8
DRILL_7
100
AcDbCircle
 10
1257.0
 20
282.0
 30
0.0
 40
3.5
  0
CIRCLE
  5
15C
330
17
100
AcDbEntity
  8
DRILL_7
100
AcDbCircle
 10
1619.0
 20
292.0
 30
0.0
 40
3.5
  0
TEXT
  5
15D
330
17
100
AcDbEntity
  8
LABELS
100
AcDbText
 10
1438.0
 20
175.0
 30
0.0
 40
14.0
  1
Cabinet side 1
 72
1
 11
1438.0
 21
175.0
 31
0.0
100
AcDbText
 73
2
  0
LWPOLYLINE
  5
15E
330
17
100
AcDbEntity
  8
CUT_OUTSIDE
100
AcDbPolyline
 90
4
 70
1
 10
2282.0
 20
508.0
 10
2282.0
 20
842.0
 10
1902.0
 20
842.0
 10
1902.0
 20
508.0
  0
LWPOLYLINE
  5
15F
330
17
100
AcDbEntity
  8
CUT_INSIDE
100
AcDbPolyline
 90
50
 70
1
 10
2135.0
 20
812.0
 10
2137.219
 20
811.855
 10
2139.4
 20
811.421
 10
2141.506
 20
810.706
 10
2143.5
 20
809.722
 10
2145.349
 20
808.487
 10
2147.021
 20
807.021
 10
2148.487
 20
805.349
 10
2149.722
 20
803.5
 10
2150.706
 20
801.506
 10
2151.421
 20
799.4
 10
2151.855
 20
797.219
 10
2152.0
 20
795.0
 10
2151.855
 20
792.781
 10
2151.421
 20
790.6
 10
2150.706
 20
788.494
 10
2149.722
 20
786.5
 10
2148.487
 20
784.651
 10
2147.021
 20
782.979
 10
2145.349
 20
781.513
 10
2143.5
 20
780.278
 10
2141.506
 20
779.294
 10
2139.4
 20
778.579
 10
2137.219
 20
778.145
 10
2135.0
 20
778.0
 10
2049.0
 20
778.0
 10
2046.781
 20
778.145
 10
2044.6
 20
778.579
 10
2042.494
 20
779.294
 10
2040.5
 20
780.278
 10
2038.651
 20
781.513
 10
2036.979
 20
782.979
 10
2035.513
 20
784.651
 10
2034.278
 20
786.5
 10
2033.294
 20
788.494
 10
2032.579
 20
790.6
 10
2032.145
 20
792.781
 10
2032.0
 20
795.0
 10
2032.145
 20
797.219
 10
2032.579
 20
799.4
 10
2033.294
 20
801.506
 10
2034.278
 20
803.5
 10
2035.513
 20
805.349
 10
2036.979
 20
807.021
 10
2038.651
 20
808.487
 10
2040.5
 20
809.722
 10
2042.494
 20
810.706
 10
2044.6
 20
811.421
 10
2046.781
 20
811.855
 10
2049.0
 20
812.0
  0
LWPOLYLINE
  5
160
330
17
100
AcDbEntity
  8
CUT_INSIDE
100
AcDbPolyline
 90
50
 70
1
 10
2012.0
 20
703.0
 10
2012.043
 20
703.653
 10
2012.17
 20
704.294
 10
2012.381
 20
704.913
 10
2012.67
 20
705.5
 10
2013.033
 20
706.044
 10
2013.464
 20
706.536
 10
2013.956
 20
706.967
 10
2014.5
 20
707.33
 10
2015.087
 20
707.619
 10
2015.706
 20
707.83
 10
2016.347
 20
707.957
 10
2017.0
 20
708.0
 10
2017.653
 20
707.957
 10
2018.294
 20
707.83
 10
2018.913
 20
707.619
 10
2019.5
 20
707.33
 10
2020.044
 20
706.967
 10
2020.536
 20
706.536
 10
2020.967
 20
706.044
 10
2021.33
 20
705.5
 10
2021.619
 20
704.913
 10
2021.83
 20
704.294
 10
2021.957
 20
703.653
 10
2022.0
 20
703.0
 10
2022.0
 20
573.0
 10
2021.957
 20
572.347
 10
2021.83
 20
571.706
 10
2021.619
 20
571.087
 10
2021.33
 20
570.5
 10
2020.967
 20
569.956
 10
2020.536
 20
569.464
 10
2020.044
 20
569.033
 10
2019.5
 20
568.67
 10
2018.913
 20
568.381
 10
2018.294
 20
568.17
 10
2017.653
 20
568.043
 10
2017.0
 20
568.0
 10
2016.347
 20
568.043
 10
2015.706
 20
568.17
 10
2015.087
 20
568.381
 10
2014.5
 20
568.67
 10
2013.956
 20
569.033
 10
2013.464
 20
569.464
 10
2013.033
 20
569.956
 10
2012.67
 20
570.5
 10
2012.381
 20
571.087
 10
2012.17
 20
571.706
 10
2012.043
 20
572.347
 10
2012.0
 20
573.0
  0
LWPOLYLINE
  5
161
330
17
100
AcDbEntity
  8
CUT_INSIDE
100
AcDbPolyline
 90
50
 70
1
 10
2052.0
 20
703.0
 10
2052.043
 20
703.653
 10
2052.17
 20
704.294
 10
2052.381
 20
704.913
 10
2052.67
 20
705.5
 10
2053.033
 20
706.044
 10
2053.464
 20
706.536
 10
2053.956
 20
706.967
 10
2054.5
 20
707.33
 10
2055.087
 20
707.619
 10
2055.706
 20
707.83
 10
2056.347
 20
707.957
 10
2057.0
 20
708.0
 10
2057.653
 20
707.957
 10
2058.294
 20
707.83
 10
2058.913
 20
707.619
 10
2059.5
 20
707.33
 10
2060.044
 20
706.967
 10
2060.536
 20
706.536
 10
2060.967
 20
706.044
 10
2061.33
 20
705.5
 10
2061.619
 20
704.913
 10
2061.83
 20
704.294
 10
2061.957
 20
703.653
 10
2062.0
 20
703.0
 10
2062.0
 20
573.0
 10
2061.957
 20
572.347
 10
2061.83
 20
571.706
 10
2061.619
 20
571.087
 10
2061.33
 20
570.5
 10
2060.967
 20
569.956
 10
2060.536
 20
569.464
 10
2060.044
 20
569.033
 10
2059.5
 20
568.67
 10
2058.913
 20
568.381
 10
2058.294
 20
568.17
 10
2057.653
 20
568.043
 10
2057.0
 20
568.0
 10
2056.347
 20
568.043
 10
2055.706
 20
568.17
 10
2055.087
 20
568.381
 10
2054.5
 20
568.67
 10
2053.956
 20
569.033
 10
2053.464
 20
569.464
 10
2053.033
 20
569.956
 10
2052.67
 20
570.5
 10
2052.381
 20
571.087
 10
2052.17
 20
571.706
 10
2052.043
 20
572.347
 10
2052.0
 20
573.0
  0
LWPOLYLINE
  5
162
330
17
100
AcDbEntity
  8
CUT_INSIDE
100
AcDbPolyline
 90
50
 70
1
 10
2092.0
 20
703.0
 10
2092.043
 20
703.653
 10
2092.17
 20
704.294
 10
2092.381
 20
704.913
 10
2092.67
 20
705.5
 10
2093.033
 20
706.044
 10
2093.464
 20
706.536
 10
2093.956
 20
706.967
 10
2094.5
 20
707.33
 10
2095.087
 20
707.619
 10
2095.706
 20
707.83
 10
2096.347
 20
707.957
 10
2097.0
 20
708.0
 10
2097.653
 20
707.957
 10
2098.294
 20
707.83
 10
2098.913
 20
707.619
 10
2099.5
 20
707.33
 10
2100.044
 20
706.967
 10
2100.536
 20
706.536
 10
2100.967
 20
706.044
 10
2101.33
 20
705.5
 10
2101.619
 20
704.913
 10
2101.83
 20
704.294
 10
2101.957
 20
703.653
 10
2102.0
 20
703.0
 10
2102.0
 20
573.0
 10
2101.957
 20
572.347
 10
2101.83
 20
571.706
 10
2101.619
 20
571.087
 10
2101.33
 20
570.5
 10
2100.967
 20
569.956
 10
2100.536
 20
569.464
 10
2100.044
 20
569.033
 10
2099.5
 20
568.67
 10
2098.913
 20
568.381
 10
2098.294
 20
568.17
 10
2097.653
 20
568.043
 10
2097.0
 20
568.0
 10
2096.347
 20
568.043
 10
2095.706
 20
568.17
 10
2095.087
 20
568.381
 10
2094.5
 20
568.67
 10
2093.956
 20
569.033
 10
2093.464
 20
569.464
 10
2093.033
 20
569.956
 10
2092.67
 20
570.5
 10
2092.381
 20
571.087
 10
2092.17
 20
571.706
 10
2092.043
 20
572.347
 10
2092.0
 20
573.0
  0
LWPOLYLINE
  5
163
330
17
100
AcDbEntity
  8
CUT_INSIDE
100
AcDbPolyline
 90
50
 70
1
 10
2132.0
 20
703.0
 10
2132.043
 20
703.653
 10
2132.17
 20
704.294
 10
2132.381
 20
704.913
 10
2132.67
 20
705.5
 10
2133.033
 20
706.044
 10
2133.464
 20
706.536
 10
2133.956
 20
706.967
 10
2134.5
 20
707.33
 10
2135.087
 20
707.619
 10
2135.706
 20
707.83
 10
2136.347
 20
707.957
 10
2137.0
 20
708.0
 10
2137.653
 20
707.957
 10
2138.294
 20
707.83
 10
2138.913
 20
707.619
 10
2139.5
 20
707.33
 10
2140.044
 20
706.967
 10
2140.536
 20
706.536
 10
2140.967
 20
706.044
 10
2141.33
 20
705.5
 10
2141.619
 20
704.913
 10
2141.83
 20
704.294
 10
2141.957
 20
703.653
 10
2142.0
 20
703.0
 10
2142.0
 20
573.0
 10
2141.957
 20
572.347
 10
2141.83
 20
571.706
 10
2141.619
 20
571.087
 10
2141.33
 20
570.5
 10
2140.967
 20
569.956
 10
2140.536
 20
569.464
 10
2140.044
 20
569.033
 10
2139.5
 20
568.67
 10
2138.913
 20
568.381
 10
2138.294
 20
568.17
 10
2137.653
 20
568.043
 10
2137.0
 20
568.0
 10
2136.347
 20
568.043
 10
2135.706
 20
568.17
 10
2135.087
 20
568.381
 10
2134.5
 20
568.67
 10
2133.956
 20
569.033
 10
2133.464
 20
569.464
 10
2133.033
 20
569.956
 10
2132.67
 20
570.5
 10
2132.381
 20
571.087
 10
2132.17
 20
571.706
 10
2132.043
 20
572.347
 10
2132.0
 20
573.0
  0
LWPOLYLINE
  5
164
330
17
100
AcDbEntity
  8
CUT_INSIDE
100
AcDbPolyline
 90
50
 70
1
 10
2172.0
 20
703.0
 10
2172.043
 20
703.653
 10
2172.17
 20
704.294
 10
2172.381
 20
704.913
 10
2172.67
 20
705.5
 10
2173.033
 20
706.044
 10
2173.464
 20
706.536
 10
2173.956
 20
706.967
 10
2174.5
 20
707.33
 10
2175.087
 20
707.619
 10
2175.706
 20
707.83
 10
2176.347
 20
707.957
 10
2177.0
 20
708.0
 10
2177.653
 20
707.957
 10
2178.294
 20
707.83
 10
2178.913
 20
707.619
 10
2179.5
 20
707.33
 10
2180.044
 20
706.967
 10
2180.536
 20
706.536
 10
2180.967
 20
706.044
 10
2181.33
 20
705.5
 10
2181.619
 20
704.913
 10
2181.83
 20
704.294
 10
2181.957
 20
703.653
 10
2182.0
 20
703.0
 10
2182.0
 20
573.0
 10
2181.957
 20
572.347
 10
2181.83
 20
571.706
 10
2181.619
 20
571.087
 10
2181.33
 20
570.5
 10
2180.967
 20
569.956
 10
2180.536
 20
569.464
 10
2180.044
 20
569.033
 10
2179.5
 20
568.67
 10
2178.913
 20
568.381
 10
2178.294
 20
568.17
 10
2177.653
 20
568.043
 10
2177.0
 20
568.0
 10
2176.347
 20
568.043
 10
2175.706
 20
568.17
 10
2175.087
 20
568.381
 10
2174.5
 20
568.67
 10
2173.956
 20
569.033
 10
2173.464
 20
569.464
 10
2173.033
 20
569.956
 10
2172.67
 20
570.5
 10
2172.381
 20
571.087
 10
2172.17
 20
571.706
 10
2172.043
 20
572.347
 10
2172.0
 20
573.0
  0
CIRCLE
  5
165
330
17
100
AcDbEntity
  8
DRILL_7
100
AcDbCircle
 10
1911.0
 20
568.0
 30
0.0
 40
3.5
  0
CIRCLE
  5
166
330
17
100
AcDbEntity
  8
DRILL_7
100
AcDbCircle
 10
1911.0
 20
675.0
 30
0.0
 40
3.5
  0
CIRCLE
  5
167
330
17
100
AcDbEntity
  8
DRILL_7
100
AcDbCircle
 10
1911.0
 20
782.0
 30
0.0
 40
3.5
  0
CIRCLE
  5
168
330
17
100
AcDbEntity
  8
DRILL_7
100
AcDbCircle
 10
2273.0
 20
792.0
 30
0.0
 40
3.5
  0
TEXT
  5
169
330
17
100
AcDbEntity
  8
LABELS
100
AcDbText
 10
2092.0
 20
675.0
 30
0.0
 40
14.0
  1
Cabinet side 2
 72
1
 11
2092.0
 21
675.0
 31
0.0
100
AcDbText
 73
2
  0
LWPOLYLINE
  5
16A
330
17
100
AcDbEntity
  8
CUT_OUTSIDE
100
AcDbPolyline
 90
4
 70
1
 10
2362.0
 20
852.0
 10
2362.0
 20
1186.0
 10
1858.0
 20
1186.0
 10
1858.0
 20
852.0
  0
LWPOLYLINE
  5
16B
330
17
100
AcDbEntity
  8
CUT_INSIDE
100
AcDbPolyline
 90
52
 70
1
 10
2314.0
 20
902.0
 10
2313.743
 20
898.084
 10
2312.978
 20
894.235
 10
2311.716
 20
890.519
 10
2309.981
 20
887.0
 10
2307.801
 20
883.737
 10
2305.213
 20
880.787
 10
2302.263
 20
878.199
 10
2299.0
 20
876.019
 10
2295.481
 20
874.284
 10
2291.765
 20
873.022
 10
2287.916
 20
872.257
 10
2284.0
 20
872.0
 10
1936.0
 20
872.0
 10
1932.084
 20
872.257
 10
1928.235
 20
873.022
 10
1924.519
 20
874.284
 10
1921.0
 20
876.019
 10
1917.737
 20
878.199
 10
1914.787
 20
880.787
 10
1912.199
 20
883.737
 10
1910.019
 20
887.0
 10
1908.284
 20
890.519
 10
1907.022
 20
894.235
 10
1906.257
 20
898.084
 10
1906.0
 20
902.0
 10
1906.0
 20
1047.0
 10
1906.257
 20
1050.916
 10
1907.022
 20
1054.765
 10
1908.284
 20
1058.481
 10
1910.019
 20
1062.0
 10
1912.199
 20
1065.263
 10
1914.787
 20
1068.213
 10
1917.737
 20
1070.801
 10
1921.0
 20
1072.981
 10
1924.519
 20
1074.716
 10
1928.235
 20
1075.978
 10
1932.084
 20
1076.743
 10
1936.0
 20
1077.0
 10
2284.0
 20
1077.0
 10
2287.916
 20
1076.743
 10
2291.765
 20
1075.978
 10
2295.481
 20
1074.716
 10
2299.0
 20
1072.981
 10
2302.263
 20
1070.801
 10
2305.213
 20
1068.213
 10
2307.801
 20
1065.263
 10
2309.981
 20
1062.0
 10
2311.716
 20
1058.481
 10
2312.978
 20
1054.765
 10
2313.743
 20
1050.916
 10
2314.0
 20
1047.0
  0
CIRCLE
  5
16C
330
17
100
AcDbEntity
  8
CUT_INSIDE
100
AcDbCircle
 10
2110.0
 20
1126.0
 30
0.0
 40
8.0
  0
LWPOLYLINE
  5
16D
330
17
100
AcDbEntity
  8
POCKET_8
100
AcDbPolyline
 90
104
 70
1
 10
2346.5
 20
900.0
 10
2346.482
 20
899.444
 10
2346.276
 20
896.311
 10
2346.131
 20
895.209
 10
2345.519
 20
892.13
 10
2345.231
 20
891.056
 10
2344.222
 20
888.083
 10
2343.797
 20
887.056
 10
2342.408
 20
884.241
 10
2341.852
 20
883.278
 10
2340.108
 20
880.667
 10
2339.431
 20
879.785
 10
2337.361
 20
877.425
 10
2336.575
 20
876.639
 10
2334.215
 20
874.569
 10
2333.333
 20
873.892
 10
2330.722
 20
872.148
 10
2329.759
 20
871.592
 10
2326.944
 20
870.203
 10
2325.917
 20
869.778
 10
2322.944
 20
868.769
 10
2321.87
 20
868.481
 10
2318.791
 20
867.869
 10
2317.689
 20
867.724
 10
2314.556
 20
867.518
 10
2314.0
 20
867.5
 10
1906.0
 20
867.5
 10
1905.444
 20
867.518
 10
1902.311
 20
867.724
 10
1901.209
 20
867.869
 10
1898.13
 20
868.481
 10
1897.056
 20
868.769
 10
1894.083
 20
869.778
 10
1893.056
 20
870.203
 10
1890.241
 20
871.592
 10
1889.278
 20
872.148
 10
1886.667
 20
873.892
 10
1885.785
 20
874.569
 10
1883.425
 20
876.639
 10
1882.639
 20
877.425
 10
1880.569
 20
879.785
 10
1879.892
 20
880.667
 10
1878.148
 20
883.278
 10
1877.592
 20
884.241
 10
1876.203
 20
887.056
 10
1875.778
 20
888.083
 10
1874.769
 20
891.056
 10
1874.481
 20
892.13
 10
1873.869
 20
895.209
 10
1873.724
 20
896.311
 10
1873.518
 20
899.444
 10
1873.5
 20
900.0
 10
1873.5
 20
1138.0
 10
1873.518
 20
1138.556
 10
1873.724
 20
1141.689
 10
1873.869
 20
1142.791
 10
1874.481
 20
1145.87
 10
1874.769
 20
1146.944
 10
1875.778
 20
1149.917
 10
1876.203
 20
1150.944
 10
1877.592
 20
1153.759
 10
1878.148
 20
1154.722
 10
1879.892
 20
1157.333
 10
1880.569
 20
1158.215
 10
1882.639
 20
1160.575
 10
1883.425
 20
1161.361
 10
1885.785
 20
1163.431
 10
1886.667
 20
1164.108
 10
1889.278
 20
1165.852
 10
1890.241
 20
1166.408
 10
1893.056
 20
1167.797
 10
1894.083
 20
1168.222
 10
1897.056
 20
1169.231
 10
1898.13
 20
1169.519
 10
1901.209
 20
1170.131
 10
1902.311
 20
1170.276
 10
1905.444
 20
1170.482
 10
1906.0
 20
1170.5
 10
2314.0
 20
1170.5
 10
2314.556
 20
1170.482
 10
2317.689
 20
1170.276
 10
2318.791
 20
1170.131
 10
2321.87
 20
1169.519
 10
2322.944
 20
1169.231
 10
2325.917
 20
1168.222
 10
2326.944
 20
1167.797
 10
2329.759
 20
1166.408
 10
2330.722
 20
1165.852
 10
2333.333
 20
1164.108
 10
2334.215
 20
1163.431
 10
2336.575
 20
1161.361
 10
2337.361
 20
1160.575
 10
2339.431
 20
1158.215
 10
2340.108
 20
1157.333
 10
2341.852
 20
1154.722
 10
2342.408
 20
1153.759
 10
2343.797
 20
1150.944
 10
2344.222
 20
1149.917
 10
2345.231
 20
1146.944
 10
2345.519
 20
1145.87
 10
2346.131
 20
1142.791
 10
2346.276
 20
1141.689
 10
2346.482
 20
1138.556
 10
2346.5
 20
1138.0
  0
LWPOLYLINE
  5
16E
330
17
100
AcDbEntity
  8
POCKET_8
100
AcDbPolyline
 90
52
 70
1
 10
2329.5
 20
900.278
 10
2329.5
 20
1137.722
 10
2329.349
 20
1140.021
 10
2328.954
 20
1142.007
 10
2328.303
 20
1143.925
 10
2327.408
 20
1145.741
 10
2326.283
 20
1147.425
 10
2324.947
 20
1148.947
 10
2323.425
 20
1150.283
 10
2321.741
 20
1151.408
 10
2319.925
 20
1152.303
 10
2318.007
 20
1152.954
 10
2316.021
 20
1153.349
 10
2313.722
 20
1153.5
 10
1906.278
 20
1153.5
 10
1903.979
 20
1153.349
 10
1901.993
 20
1152.954
 10
1900.075
 20
1152.303
 10
1898.259
 20
1151.408
 10
1896.575
 20
1150.283
 10
1895.053
 20
1148.947
 10
1893.717
 20
1147.425
 10
1892.592
 20
1145.741
 10
1891.697
 20
1143.925
 10
1891.046
 20
1142.007
 10
1890.651
 20
1140.021
 10
1890.5
 20
1137.722
 10
1890.5
 20
900.278
 10
1890.651
 20
897.979
 10
1891.046
 20
895.993
 10
1891.697
 20
894.075
 10
1892.592
 20
892.259
 10
1893.717
 20
890.575
 10
1895.053
 20
889.053
 10
1896.575
 20
887.717
 10
1898.259
 20
886.592
 10
1900.075
 20
885.697
 10
1901.993
 20
885.046
 10
1903.979
 20
884.651
 10
1906.278
 20
884.5
 10
2313.722
 20
884.5
 10
2316.021
 20
884.651
 10
2318.007
 20
885.046
 10
2319.925
 20
885.697
 10
2321.741
 20
886.592
 10
2323.425
 20
887.717
 10
2324.947
 20
889.053
 10
2326.283
 20
890.575
 10
2327.408
 20
892.259
 10
2328.303
 20
894.075
 10
2328.954
 20
895.993
 10
2329.349
 20
897.979
  0
LWPOLYLINE
  5
16F
330
17
100
AcDbEntity
  8
ENGRAVE_V
100
AcDbPolyline
 90
38
 70
1
 10
1957.121
 20
1138.547
 10
1967.847
 20
1138.547
 10
1969.008
 20
1138.514
 10
1970.1
 20
1138.414
 10
1971.122
 20
1138.248
 10
1972.075
 20
1138.016
 10
1972.958
 20
1137.717
 10
1973.772
 20
1137.352
 10
1974.516
 20
1136.921
 10
1975.19
 20
1136.423
 10
1975.79
 20
1135.864
 10
1976.31
 20
1135.249
 10
1976.75
 20
1134.577
 10
1977.11
 20
1133.849
 10
1977.39
 20
1133.065
 10
1977.59
 20
1132.224
 10
1977.71
 20
1131.326
 10
1977.75
 20
1130.372
 10
1977.71
 20
1129.415
 10
1977.59
 20
1128.514
 10
1977.39
 20
1127.67
 10
1977.11
 20
1126.883
 10
1976.75
 20
1126.153
 10
1976.31
 20
1125.48
 10
1975.79
 20
1124.864
 10
1975.19
 20
1124.305
 10
1974.516
 20
1123.807
 10
1973.772
 20
1123.376
 10
1972.958
 20
1123.011
 10
1972.075
 20
1122.712
 10
1971.122
 20
1122.48
 10
1970.1
 20
1122.314
 10
1969.008
 20
1122.215
 10
1967.847
 20
1122.181
 10
1963.584
 20
1122.181
 10
1963.584
 20
1113.487
 10
1957.121
 20
1113.487
 10
1957.121
 20
1138.547
  0
LWPOLYLINE
  5
170
330
17
100
AcDbEntity
  8
ENGRAVE_V
100
AcDbPolyline
 90
36
 70
1
 10
1963.584
 20
1133.864
 10
1963.584
 20
1126.864
 10
1967.159
 20
1126.864
 10
1967.615
 20
1126.879
 10
1968.045
 20
1126.922
 10
1968.448
 20
1126.993
 10
1968.825
 20
1127.093
 10
1969.174
 20
1127.222
 10
1969.497
 20
1127.379
 10
1969.793
 20
1127.565
 10
1970.063
 20
1127.779
 10
1970.303
 20
1128.02
 10
1970.511
 20
1128.284
 10
1970.687
 20
1128.573
 10
1970.831
 20
1128.885
 10
1970.943
 20
1129.221
 10
1971.023
 20
1129.581
 10
1971.071
 20
1129.965
 10
1971.087
 20
1130.372
 10
1971.071
 20
1130.78
 10
1971.023
 20
1131.163
 10
1970.943
 20
1131.523
 10
1970.831
 20
1131.858
 10
1970.687
 20
1132.169
 10
1970.511
 20
1132.456
 10
1970.303
 20
1132.719
 10
1970.063
 20
1132.957
 10
1969.793
 20
1133.17
 10
1969.497
 20
1133.354
 10
1969.174
 20
1133.51
 10
1968.825
 20
1133.637
 10
1968.448
 20
1133.736
 10
1968.045
 20
1133.807
 10
1967.615
 20
1133.85
 10
1967.159
 20
1133.864
 10
1963.584
 20
1133.864
  0
LWPOLYLINE
  5
171
330
17
100
AcDbEntity
  8
ENGRAVE_V
100
AcDbPolyline
 90
36
 70
1
 10
1991.497
 20
1127.435
 10
1991.987
 20
1127.447
 10
1992.441
 20
1127.482
 10
1992.859
 20
1127.541
 10
1993.241
 20
1127.624
 10
1993.587
 20
1127.73
 10
1993.897
 20
1127.86
 10
1994.171
 20
1128.013
 10
1994.409
 20
1128.19
 10
1994.616
 20
1128.394
 10
1994.795
 20
1128.629
 10
1994.946
 20
1128.894
 10
1995.07
 20
1129.189
 10
1995.167
 20
1129.515
 10
1995.235
 20
1129.871
 10
1995.277
 20
1130.258
 10
1995.291
 20
1130.675
 10
1995.277
 20
1131.087
 10
1995.235
 20
1131.47
 10
1995.167
 20
1131.822
 10
1995.07
 20
1132.143
 10
1994.946
 20
1132.434
 10
1994.795
 20
1132.695
 10
1994.616
 20
1132.925
 10
1994.409
 20
1133.125
 10
1994.171
 20
1133.298
 10
1993.897
 20
1133.448
 10
1993.587
 20
1133.575
 10
1993.241
 20
1133.679
 10
1992.859
 20
1133.76
 10
1992.441
 20
1133.818
 10
1991.987
 20
1133.852
 10
1991.497
 20
1133.864
 10
1988.778
 20
1133.864
 10
1988.778
 20
1127.435
 10
1991.497
 20
1127.435
  0
LWPOLYLINE
  5
172
330
17
100
AcDbEntity
  8
ENGRAVE_V
100
AcDbPolyline
 90
73
 70
1
 10
1988.778
 20
1122.97
 10
1988.778
 20
1113.487
 10
1982.316
 20
1113.487
 10
1982.316
 20
1138.547
 10
1992.185
 20
1138.547
 10
1993.382
 20
1138.521
 10
1994.496
 20
1138.443
 10
1995.527
 20
1138.313
 10
1996.476
 20
1138.131
 10
1997.342
 20
1137.898
 10
1998.126
 20
1137.612
 10
1998.827
 20
1137.275
 10
1999.445
 20
1136.885
 10
1999.986
 20
1136.439
 10
2000.455
 20
1135.934
 10
2000.851
 20
1135.367
 10
2001.176
 20
1134.741
 10
2001.428
 20
1134.054
 10
2001.608
 20
1133.307
 10
2001.717
 20
1132.499
 10
2001.753
 20
1131.631
 10
2001.734
 20
1131.024
 10
2001.678
 20
1130.445
 10
2001.584
 20
1129.893
 10
2001.453
 20
1129.37
 10
2001.284
 20
1128.874
 10
2001.078
 20
1128.406
 10
2000.834
 20
1127.965
 10
2000.553
 20
1127.553
 10
2000.234
 20
1127.167
 10
1999.876
 20
1126.808
 10
1999.481
 20
1126.475
 10
1999.048
 20
1126.168
 10
1998.577
 20
1125.887
 10
1998.068
 20
1125.633
 10
1997.521
 20
1125.405
 10
1996.935
 20
1125.203
 10
1997.263
 20
1125.115
 10
1997.581
 20
1125.004
 10
1997.891
 20
1124.869
 10
1998.192
 20
1124.71
 10
1998.485
 20
1124.527
 10
1998.769
 20
1124.32
 10
1999.044
 20
1124.089
 10
1999.311
 20
1123.835
 10
1999.573
 20
1123.551
 10
1999.837
 20
1123.233
 10
2000.101
 20
1122.881
 10
2000.366
 20
1122.494
 10
2000.632
 20
1122.073
 10
2000.898
 20
1121.618
 10
2001.166
 20
1121.128
 10
2001.434
 20
1120.604
 10
2004.942
 20
1113.487
 10
1998.06
 20
1113.487
 10
1995.005
 20
1119.714
 10
1994.774
 20
1120.165
 10
1994.542
 20
1120.579
 10
1994.309
 20
1120.956
 10
1994.076
 20
1121.296
 10
1993.841
 20
1121.598
 10
1993.606
 20
1121.864
 10
1993.37
 20
1122.091
 10
1993.134
 20
1122.282
 10
1992.887
 20
1122.443
 10
1992.62
 20
1122.583
 10
1992.334
 20
1122.701
 10
1992.028
 20
1122.798
 10
1991.702
 20
1122.874
 10
1991.357
 20
1122.927
 10
1990.992
 20
1122.96
 10
1990.607
 20
1122.97
 10
1988.778
 20
1122.97
  0
LWPOLYLINE
  5
173
330
17
100
AcDbEntity
  8
ENGRAVE_V
100
AcDbPolyline
 90
5
 70
1
 10
2008.786
 20
1138.547
 10
2015.248
 20
1138.547
 10
2015.248
 20
1113.487
 10
2008.786
 20
1113.487
 10
2008.786
 20
1138.547
  0
LWPOLYLINE
  5
174
330
17
100
AcDbEntity
  8
ENGRAVE_V
100
AcDbPolyline
 90
11
 70
1
 10
2021.576
 20
1138.547
 10
2028.793
 20
1138.547
 10
2037.908
 20
1121.359
 10
2037.908
 20
1138.547
 10
2044.034
 20
1138.547
 10
2044.034
 20
1113.487
 10
2036.817
 20
1113.487
 10
2027.702
 20
1130.675
 10
2027.702
 20
1113.487
 10
2021.576
 20
1113.487
 10
2021.576
 20
1138.547
  0
LWPOLYLINE
  5
175
330
17
100
AcDbEntity
  8
ENGRAVE_V
100
AcDbPolyline
 90
9
 70
1
 10
2047.358
 20
1138.547
 10
2070.454
 20
1138.547
 10
2070.454
 20
1133.662
 10
2062.145
 20
1133.662
 10
2062.145
 20
1113.487
 10
2055.683
 20
1113.487
 10
2055.683
 20
1133.662
 10
2047.358
 20
1133.662
 10
2047.358
 20
1138.547
  0
LWPOLYLINE
  5
176
330
17
100
AcDbEntity
  8
ENGRAVE_V
100
AcDbPolyline
 90
197
 70
1
 10
2091.234
 20
1137.758
 10
2091.234
 20
1132.454
 10
2090.719
 20
1132.678
 10
2090.208
 20
1132.887
 10
2089.699
 20
1133.082
 10
2089.194
 20
1133.264
 10
2088.692
 20
1133.431
 10
2088.194
 20
1133.584
 10
2087.698
 20
1133.722
 10
2087.205
 20
1133.847
 10
2086.718
 20
1133.957
 10
2086.237
 20
1134.053
 10
2085.763
 20
1134.133
 10
2085.296
 20
1134.199
 10
2084.836
 20
1134.251
 10
2084.382
 20
1134.288
 10
2083.936
 20
1134.31
 10
2083.496
 20
1134.317
 10
2082.936
 20
1134.307
 10
2082.413
 20
1134.277
 10
2081.929
 20
1134.227
 10
2081.482
 20
1134.158
 10
2081.072
 20
1134.068
 10
2080.701
 20
1133.958
 10
2080.367
 20
1133.829
 10
2080.072
 20
1133.679
 10
2079.812
 20
1133.509
 10
2079.587
 20
1133.316
 10
2079.397
 20
1133.102
 10
2079.241
 20
1132.865
 10
2079.12
 20
1132.606
 10
2079.033
 20
1132.326
 10
2078.981
 20
1132.023
 10
2078.964
 20
1131.699
 10
2078.976
 20
1131.454
 10
2079.011
 20
1131.223
 10
2079.069
 20
1131.006
 10
2079.151
 20
1130.803
 10
2079.256
 20
1130.613
 10
2079.384
 20
1130.438
 10
2079.536
 20
1130.277
 10
2079.711
 20
1130.129
 10
2079.917
 20
1129.991
 10
2080.16
 20
1129.858
 10
2080.442
 20
1129.73
 10
2080.762
 20
1129.607
 10
2081.12
 20
1129.489
 10
2081.516
 20
1129.375
 10
2081.95
 20
1129.267
 10
2082.422
 20
1129.164
 10
2085.174
 20
1128.61
 10
2086.181
 20
1128.387
 10
2087.113
 20
1128.136
 10
2087.969
 20
1127.858
 10
2088.75
 20
1127.553
 10
2089.454
 20
1127.22
 10
2090.084
 20
1126.86
 10
2090.638
 20
1126.473
 10
2091.116
 20
1126.059
 10
2091.529
 20
1125.608
 10
2091.887
 20
1125.112
 10
2092.19
 20
1124.572
 10
2092.438
 20
1123.986
 10
2092.631
 20
1123.355
 10
2092.768
 20
1122.679
 10
2092.851
 20
1121.957
 10
2092.879
 20
1121.191
 10
2092.84
 20
1120.188
 10
2092.725
 20
1119.251
 10
2092.533
 20
1118.38
 10
2092.264
 20
1117.576
 10
2091.918
 20
1116.838
 10
2091.495
 20
1116.167
 10
2090.996
 20
1115.561
 10
2090.42
 20
1115.023
 10
2089.764
 20
1114.549
 10
2089.028
 20
1114.138
 10
2088.211
 20
1113.79
 10
2087.312
 20
1113.506
 10
2086.333
 20
1113.284
 10
2085.272
 20
1113.126
 10
2084.131
 20
1113.032
 10
2082.908
 20
1113.0
 10
2082.312
 20
1113.007
 10
2081.716
 20
1113.028
 10
2081.118
 20
1113.064
 10
2080.521
 20
1113.113
 10
2079.922
 20
1113.177
 10
2079.324
 20
1113.255
 10
2078.724
 20
1113.347
 10
2078.125
 20
1113.453
 10
2077.525
 20
1113.573
 10
2076.924
 20
1113.707
 10
2076.324
 20
1113.854
 10
2075.724
 20
1114.015
 10
2075.124
 20
1114.19
 10
2074.524
 20
1114.378
 10
2073.924
 20
1114.58
 10
2073.324
 20
1114.796
 10
2073.324
 20
1120.251
 10
2073.922
 20
1119.942
 10
2074.514
 20
1119.653
 10
2075.102
 20
1119.383
 10
2075.684
 20
1119.133
 10
2076.262
 20
1118.902
 10
2076.835
 20
1118.692
 10
2077.402
 20
1118.501
 10
2077.965
 20
1118.329
 10
2078.523
 20
1118.178
 10
2079.076
 20
1118.047
 10
2079.623
 20
1117.935
 10
2080.166
 20
1117.845
 10
2080.704
 20
1117.774
 10
2081.237
 20
1117.723
 10
2081.764
 20
1117.693
 10
2082.287
 20
1117.683
 10
2082.801
 20
1117.694
 10
2083.283
 20
1117.727
 10
2083.734
 20
1117.782
 10
2084.155
 20
1117.859
 10
2084.544
 20
1117.958
 10
2084.903
 20
1118.08
 10
2085.23
 20
1118.223
 10
2085.527
 20
1118.388
 10
2085.79
 20
1118.574
 10
2086.019
 20
1118.778
 10
2086.212
 20
1119.002
 10
2086.37
 20
1119.244
 10
2086.493
 20
1119.505
 10
2086.581
 20
1119.785
 10
2086.634
 20
1120.084
 10
2086.651
 20
1120.402
 10
2086.639
 20
1120.688
 10
2086.604
 20
1120.956
 10
2086.544
 20
1121.208
 10
2086.46
 20
1121.443
 10
2086.353
 20
1121.661
 10
2086.222
 20
1121.862
 10
2086.067
 20
1122.047
 10
2085.888
 20
1122.215
 10
2085.673
 20
1122.372
 10
2085.411
 20
1122.526
 10
2085.101
 20
1122.674
 10
2084.744
 20
1122.819
 10
2084.34
 20
1122.96
 10
2083.888
 20
1123.096
 10
2083.388
 20
1123.228
 10
2082.841
 20
1123.356
 10
2080.34
 20
1123.91
 10
2079.432
 20
1124.127
 10
2078.587
 20
1124.373
 10
2077.805
 20
1124.649
 10
2077.086
 20
1124.955
 10
2076.43
 20
1125.291
 10
2075.838
 20
1125.657
 10
2075.309
 20
1126.053
 10
2074.843
 20
1126.478
 10
2074.436
 20
1126.938
 10
2074.083
 20
1127.436
 10
2073.784
 20
1127.973
 10
2073.54
 20
1128.547
 10
2073.35
 20
1129.16
 10
2073.214
 20
1129.811
 10
2073.133
 20
1130.501
 10
2073.106
 20
1131.229
 10
2073.144
 20
1132.137
 10
2073.257
 20
1132.992
 10
2073.446
 20
1133.793
 10
2073.71
 20
1134.539
 10
2074.05
 20
1135.232
 10
2074.465
 20
1135.871
 10
2074.956
 20
1136.455
 10
2075.523
 20
1136.986
 10
2076.16
 20
1137.458
 10
2076.864
 20
1137.867
 10
2077.633
 20
1138.213
 10
2078.469
 20
1138.496
 10
2079.37
 20
1138.717
 10
2080.338
 20
1138.874
 10
2081.372
 20
1138.969
 10
2082.472
 20
1139.0
 10
2082.99
 20
1138.995
 10
2083.512
 20
1138.981
 10
2084.037
 20
1138.956
 10
2084.566
 20
1138.922
 10
2085.099
 20
1138.879
 10
2085.635
 20
1138.825
 10
2086.175
 20
1138.762
 10
2086.719
 20
1138.689
 10
2087.266
 20
1138.607
 10
2087.819
 20
1138.515
 10
2088.376
 20
1138.413
 10
2088.938
 20
1138.301
 10
2089.505
 20
1138.18
 10
2090.077
 20
1138.049
 10
2090.653
 20
1137.908
 10
2091.234
 20
1137.758
  0
LWPOLYLINE
  5
177
330
17
100
AcDbEntity
  8
ENGRAVE_V
100
AcDbPolyline
 90
107
 70
1
 10
2147.856
 20
1107.0
 10
2145.841
 20
1112.056
 10
2146.67
 20
1112.356
 10
2147.459
 20
1112.663
 10
2148.208
 20
1112.978
 10
2148.917
 20
1113.3
 10
2149.586
 20
1113.63
 10
2150.214
 20
1113.967
 10
2150.803
 20
1114.311
 10
2151.351
 20
1114.663
 10
2151.862
 20
1115.022
 10
2152.339
 20
1115.387
 10
2152.781
 20
1115.758
 10
2153.188
 20
1116.135
 10
2153.561
 20
1116.518
 10
2153.899
 20
1116.907
 10
2154.203
 20
1117.303
 10
2154.472
 20
1117.705
 10
2154.708
 20
1118.112
 10
2154.913
 20
1118.522
 10
2155.086
 20
1118.936
 10
2155.227
 20
1119.354
 10
2155.338
 20
1119.776
 10
2155.416
 20
1120.201
 10
2155.463
 20
1120.63
 10
2155.479
 20
1121.062
 10
2155.474
 20
1121.34
 10
2155.459
 20
1121.622
 10
2155.435
 20
1121.906
 10
2155.4
 20
1122.193
 10
2155.356
 20
1122.483
 10
2155.301
 20
1122.777
 10
2155.237
 20
1123.074
 10
2155.163
 20
1123.373
 10
2155.08
 20
1123.677
 10
2154.989
 20
1123.984
 10
2154.89
 20
1124.296
 10
2154.783
 20
1124.613
 10
2154.668
 20
1124.933
 10
2154.545
 20
1125.258
 10
2154.414
 20
1125.587
 10
2154.274
 20
1125.921
 10
2154.128
 20
1126.259
 10
2153.974
 20
1126.6
 10
2153.814
 20
1126.945
 10
2153.647
 20
1127.294
 10
2153.474
 20
1127.646
 10
2153.293
 20
1128.002
 10
2153.106
 20
1128.362
 10
2152.912
 20
1128.726
 10
2158.086
 20
1131.214
 10
2158.422
 20
1130.556
 10
2158.739
 20
1129.906
 10
2159.037
 20
1129.263
 10
2159.316
 20
1128.627
 10
2159.575
 20
1127.999
 10
2159.816
 20
1127.378
 10
2160.037
 20
1126.764
 10
2160.239
 20
1126.158
 10
2160.42
 20
1125.561
 10
2160.576
 20
1124.973
 10
2160.708
 20
1124.395
 10
2160.817
 20
1123.827
 10
2160.901
 20
1123.269
 10
2160.961
 20
1122.721
 10
2160.997
 20
1122.183
 10
2161.009
 20
1121.655
 10
2161.002
 20
1121.173
 10
2160.978
 20
1120.697
 10
2160.94
 20
1120.225
 10
2160.886
 20
1119.759
 10
2160.816
 20
1119.297
 10
2160.732
 20
1118.84
 10
2160.631
 20
1118.389
 10
2160.516
 20
1117.942
 10
2160.384
 20
1117.501
 10
2160.237
 20
1117.067
 10
2160.073
 20
1116.639
 10
2159.893
 20
1116.219
 10
2159.698
 20
1115.805
 10
2159.486
 20
1115.398
 10
2159.258
 20
1114.997
 10
2159.015
 20
1114.604
 10
2158.754
 20
1114.217
 10
2158.475
 20
1113.835
 10
2158.179
 20
1113.459
 10
2157.864
 20
1113.088
 10
2157.532
 20
1112.723
 10
2157.181
 20
1112.364
 10
2156.813
 20
1112.01
 10
2156.427
 20
1111.661
 10
2156.024
 20
1111.319
 10
2155.603
 20
1110.983
 10
2155.164
 20
1110.655
 10
2154.709
 20
1110.333
 10
2154.236
 20
1110.018
 10
2153.746
 20
1109.71
 10
2153.239
 20
1109.408
 10
2152.714
 20
1109.113
 10
2152.172
 20
1108.825
 10
2151.611
 20
1108.544
 10
2151.031
 20
1108.27
 10
2150.433
 20
1108.002
 10
2149.816
 20
1107.742
 10
2149.181
 20
1107.488
 10
2148.528
 20
1107.24
 10
2147.856
 20
1107.0
  0
LWPOLYLINE
  5
178
330
17
100
AcDbEntity
  8
ENGRAVE_V
100
AcDbPolyline
 90
244
 70
1
 10
2165.631
 20
1107.0
 10
2164.485
 20
1112.53
 10
2165.175
 20
1112.621
 10
2165.843
 20
1112.717
 10
2166.489
 20
1112.816
 10
2167.112
 20
1112.92
 10
2167.713
 20
1113.029
 10
2168.292
 20
1113.141
 10
2168.849
 20
1113.258
 10
2169.384
 20
1113.379
 10
2169.896
 20
1113.509
 10
2170.388
 20
1113.65
 10
2170.859
 20
1113.803
 10
2171.309
 20
1113.967
 10
2171.738
 20
1114.143
 10
2172.146
 20
1114.331
 10
2172.533
 20
1114.531
 10
2172.899
 20
1114.742
 10
2173.244
 20
1114.97
 10
2173.566
 20
1115.217
 10
2173.866
 20
1115.486
 10
2174.143
 20
1115.774
 10
2174.399
 20
1116.083
 10
2174.632
 20
1116.412
 10
2174.843
 20
1116.762
 10
2175.032
 20
1117.132
 10
2175.199
 20
1117.526
 10
2175.343
 20
1117.948
 10
2175.466
 20
1118.398
 10
2175.565
 20
1118.875
 10
2175.643
 20
1119.38
 10
2175.699
 20
1119.913
 10
2175.732
 20
1120.474
 10
2175.743
 20
1121.062
 10
2175.732
 20
1121.63
 10
2175.699
 20
1122.168
 10
2175.643
 20
1122.677
 10
2175.565
 20
1123.156
 10
2175.466
 20
1123.605
 10
2175.343
 20
1124.025
 10
2175.199
 20
1124.415
 10
2175.032
 20
1124.775
 10
2174.847
 20
1125.099
 10
2174.647
 20
1125.38
 10
2174.432
 20
1125.618
 10
2174.203
 20
1125.812
 10
2173.958
 20
1125.964
 10
2173.699
 20
1126.072
 10
2173.425
 20
1126.136
 10
2173.136
 20
1126.158
 10
2172.933
 20
1126.149
 10
2172.739
 20
1126.122
 10
2172.553
 20
1126.077
 10
2172.376
 20
1126.015
 10
2172.207
 20
1125.934
 10
2172.047
 20
1125.836
 10
2171.896
 20
1125.719
 10
2171.754
 20
1125.585
 10
2171.62
 20
1125.439
 10
2171.496
 20
1125.287
 10
2171.381
 20
1125.128
 10
2171.275
 20
1124.963
 10
2171.178
 20
1124.792
 10
2171.091
 20
1124.615
 10
2171.013
 20
1124.432
 10
2170.944
 20
1124.242
 10
2170.884
 20
1124.052
 10
2170.832
 20
1123.868
 10
2170.787
 20
1123.689
 10
2170.751
 20
1123.516
 10
2170.723
 20
1123.349
 10
2170.703
 20
1123.187
 10
2170.691
 20
1123.03
 10
2170.687
 20
1122.879
 10
2170.69
 20
1122.79
 10
2170.699
 20
1122.699
 10
2170.715
 20
1122.607
 10
2170.736
 20
1122.514
 10
2170.764
 20
1122.42
 10
2170.798
 20
1122.324
 10
2170.838
 20
1122.227
 10
2170.885
 20
1122.129
 10
2170.941
 20
1122.032
 10
2171.013
 20
1121.939
 10
2171.099
 20
1121.849
 10
2171.201
 20
1121.764
 10
2171.317
 20
1121.681
 10
2171.448
 20
1121.603
 10
2171.593
 20
1121.528
 10
2171.754
 20
1121.457
 10
2171.934
 20
1121.392
 10
2172.138
 20
1121.334
 10
2172.366
 20
1121.283
 10
2172.618
 20
1121.24
 10
2172.894
 20
1121.204
 10
2173.194
 20
1121.176
 10
2173.519
 20
1121.155
 10
2173.867
 20
1121.141
 10
2174.244
 20
1121.137
 10
2174.653
 20
1121.144
 10
2175.095
 20
1121.162
 10
2175.57
 20
1121.191
 10
2176.078
 20
1121.231
 10
2176.618
 20
1121.282
 10
2177.192
 20
1121.344
 10
2177.797
 20
1121.418
 10
2184.433
 20
1121.418
 10
2184.795
 20
1121.406
 10
2185.131
 20
1121.37
 10
2185.44
 20
1121.31
 10
2185.722
 20
1121.225
 10
2185.978
 20
1121.117
 10
2186.207
 20
1120.985
 10
2186.41
 20
1120.828
 10
2186.586
 20
1120.648
 10
2186.739
 20
1120.449
 10
2186.871
 20
1120.239
 10
2186.983
 20
1120.017
 10
2187.075
 20
1119.784
 10
2187.146
 20
1119.538
 10
2187.197
 20
1119.281
 10
2187.228
 20
1119.012
 10
2187.238
 20
1118.732
 10
2187.225
 20
1118.432
 10
2187.186
 20
1118.145
 10
2187.121
 20
1117.872
 10
2187.031
 20
1117.611
 10
2186.914
 20
1117.363
 10
2186.771
 20
1117.128
 10
2186.603
 20
1116.906
 10
2186.409
 20
1116.698
 10
2186.19
 20
1116.508
 10
2185.949
 20
1116.343
 10
2185.686
 20
1116.204
 10
2185.401
 20
1116.09
 10
2185.094
 20
1116.002
 10
2184.764
 20
1115.938
 10
2184.412
 20
1115.9
 10
2184.038
 20
1115.888
 10
2173.176
 20
1115.888
 10
2172.565
 20
1115.897
 10
2171.976
 20
1115.925
 10
2171.409
 20
1115.971
 10
2170.865
 20
1116.036
 10
2170.343
 20
1116.119
 10
2169.843
 20
1116.221
 10
2169.365
 20
1116.341
 10
2168.91
 20
1116.48
 10
2168.478
 20
1116.64
 10
2168.073
 20
1116.822
 10
2167.693
 20
1117.027
 10
2167.339
 20
1117.255
 10
2167.012
 20
1117.506
 10
2166.71
 20
1117.78
 10
2166.434
 20
1118.077
 10
2166.184
 20
1118.396
 10
2165.962
 20
1118.741
 10
2165.769
 20
1119.113
 10
2165.606
 20
1119.513
 10
2165.473
 20
1119.942
 10
2165.369
 20
1120.397
 10
2165.295
 20
1120.881
 10
2165.251
 20
1121.392
 10
2165.236
 20
1121.931
 10
2165.246
 20
1122.376
 10
2165.274
 20
1122.82
 10
2165.322
 20
1123.265
 10
2165.389
 20
1123.709
 10
2165.475
 20
1124.153
 10
2165.58
 20
1124.598
 10
2165.705
 20
1125.042
 10
2165.848
 20
1125.486
 10
2166.009
 20
1125.926
 10
2166.185
 20
1126.357
 10
2166.377
 20
1126.778
 10
2166.584
 20
1127.19
 10
2166.806
 20
1127.593
 10
2167.044
 20
1127.986
 10
2167.298
 20
1128.37
 10
2167.567
 20
1128.745
 10
2167.849
 20
1129.106
 10
2168.143
 20
1129.449
 10
2168.449
 20
1129.773
 10
2168.766
 20
1130.078
 10
2169.096
 20
1130.365
 10
2169.437
 20
1130.634
 10
2169.789
 20
1130.884
 10
2170.154
 20
1131.115
 10
2170.528
 20
1131.324
 10
2170.911
 20
1131.504
 10
2171.301
 20
1131.657
 10
2171.699
 20
1131.782
 10
2172.106
 20
1131.879
 10
2172.52
 20
1131.949
 10
2172.943
 20
1131.99
 10
2173.373
 20
1132.004
 10
2173.956
 20
1131.981
 10
2174.521
 20
1131.913
 10
2175.067
 20
1131.799
 10
2175.595
 20
1131.639
 10
2176.104
 20
1131.433
 10
2176.595
 20
1131.182
 10
2177.067
 20
1130.885
 10
2177.521
 20
1130.543
 10
2177.953
 20
1130.162
 10
2178.361
 20
1129.753
 10
2178.746
 20
1129.313
 10
2179.106
 20
1128.844
 10
2179.442
 20
1128.345
 10
2179.754
 20
1127.817
 10
2180.042
 20
1127.259
 10
2180.306
 20
1126.672
 10
2180.542
 20
1126.062
 10
2180.746
 20
1125.44
 10
2180.919
 20
1124.803
 10
2181.061
 20
1124.153
 10
2181.171
 20
1123.49
 10
2181.25
 20
1122.813
 10
2181.297
 20
1122.122
 10
2181.313
 20
1121.418
 10
2181.283
 20
1120.323
 10
2181.194
 20
1119.27
 10
2181.046
 20
1118.259
 10
2180.839
 20
1117.29
 10
2180.572
 20
1116.363
 10
2180.246
 20
1115.478
 10
2179.861
 20
1114.635
 10
2179.417
 20
1113.834
 10
2178.918
 20
1113.075
 10
2178.368
 20
1112.361
 10
2177.767
 20
1111.69
 10
2177.116
 20
1111.064
 10
2176.414
 20
1110.481
 10
2175.662
 20
1109.942
 10
2174.859
 20
1109.446
 10
2174.005
 20
1108.995
 10
2173.105
 20
1108.588
 10
2172.163
 20
1108.226
 10
2171.18
 20
1107.909
 10
2170.154
 20
1107.637
 10
2169.086
 20
1107.41
 10
2167.976
 20
1107.228
 10
2166.825
 20
1107.092
 10
2165.631
 20
1107.0
  0
LWPOLYLINE
  5
179
330
17
100
AcDbEntity
  8
ENGRAVE_V
100
AcDbPolyline
 90
74
 70
1
 10
2223.698
 20
1115.888
 10
2223.196
 20
1115.894
 10
2222.7
 20
1115.911
 10
2222.209
 20
1115.941
 10
2221.722
 20
1115.982
 10
2221.241
 20
1116.034
 10
2220.765
 20
1116.099
 10
2220.293
 20
1116.175
 10
2219.826
 20
1116.263
 10
2219.368
 20
1116.361
 10
2218.922
 20
1116.467
 10
2218.487
 20
1116.581
 10
2218.064
 20
1116.702
 10
2217.652
 20
1116.832
 10
2217.253
 20
1116.97
 10
2216.865
 20
1117.116
 10
2216.489
 20
1117.27
 10
2216.127
 20
1117.431
 10
2215.781
 20
1117.596
 10
2215.453
 20
1117.767
 10
2215.141
 20
1117.942
 10
2214.845
 20
1118.122
 10
2214.567
 20
1118.307
 10
2214.305
 20
1118.497
 10
2214.059
 20
1118.692
 10
2217.614
 20
1122.524
 10
2217.971
 20
1122.381
 10
2218.33
 20
1122.249
 10
2218.692
 20
1122.127
 10
2219.056
 20
1122.015
 10
2219.423
 20
1121.914
 10
2219.792
 20
1121.824
 10
2220.163
 20
1121.744
 10
2220.537
 20
1121.675
 10
2220.921
 20
1121.614
 10
2221.323
 20
1121.562
 10
2221.741
 20
1121.518
 10
2222.177
 20
1121.482
 10
2222.63
 20
1121.454
 10
2223.1
 20
1121.434
 10
2223.588
 20
1121.422
 10
2224.093
 20
1121.418
 10
2224.455
 20
1121.406
 10
2224.79
 20
1121.37
 10
2225.099
 20
1121.31
 10
2225.381
 20
1121.225
 10
2225.637
 20
1121.117
 10
2225.866
 20
1120.985
 10
2226.069
 20
1120.828
 10
2226.245
 20
1120.648
 10
2226.398
 20
1120.449
 10
2226.53
 20
1120.239
 10
2226.642
 20
1120.017
 10
2226.734
 20
1119.784
 10
2226.805
 20
1119.538
 10
2226.856
 20
1119.281
 10
2226.887
 20
1119.012
 10
2226.897
 20
1118.732
 10
2226.884
 20
1118.432
 10
2226.845
 20
1118.145
 10
2226.78
 20
1117.872
 10
2226.69
 20
1117.611
 10
2226.573
 20
1117.363
 10
2226.43
 20
1117.128
 10
2226.262
 20
1116.906
 10
2226.068
 20
1116.698
 10
2225.849
 20
1116.508
 10
2225.608
 20
1116.343
 10
2225.345
 20
1116.204
 10
2225.06
 20
1116.09
 10
2224.753
 20
1116.002
 10
2224.423
 20
1115.938
 10
2224.072
 20
1115.9
 10
2223.698
 20
1115.888
  0
LWPOLYLINE
  5
17A
330
17
100
AcDbEntity
  8
ENGRAVE_V
100
AcDbPolyline
 90
317
 70
1
 10
2204.54
 20
1115.374
 10
2203.641
 20
1115.379
 10
2202.78
 20
1115.394
 10
2201.959
 20
1115.419
 10
2201.177
 20
1115.453
 10
2200.434
 20
1115.498
 10
2199.729
 20
1115.552
 10
2199.063
 20
1115.616
 10
2198.437
 20
1115.69
 10
2197.844
 20
1115.774
 10
2197.28
 20
1115.866
 10
2196.745
 20
1115.966
 10
2196.239
 20
1116.075
 10
2195.763
 20
1116.193
 10
2195.315
 20
1116.32
 10
2194.896
 20
1116.455
 10
2194.506
 20
1116.599
 10
2194.141
 20
1116.751
 10
2193.795
 20
1116.91
 10
2193.469
 20
1117.076
 10
2193.163
 20
1117.251
 10
2192.877
 20
1117.432
 10
2192.61
 20
1117.621
 10
2192.363
 20
1117.817
 10
2192.136
 20
1118.021
 10
2191.924
 20
1118.231
 10
2191.721
 20
1118.445
 10
2191.529
 20
1118.665
 10
2191.346
 20
1118.89
 10
2191.173
 20
1119.119
 10
2191.01
 20
1119.354
 10
2190.857
 20
1119.593
 10
2190.714
 20
1119.838
 10
2191.82
 20
1120.154
 10
2191.569
 20
1119.695
 10
2191.309
 20
1119.268
 10
2191.041
 20
1118.871
 10
2190.764
 20
1118.505
 10
2190.478
 20
1118.17
 10
2190.183
 20
1117.865
 10
2189.88
 20
1117.592
 10
2189.569
 20
1117.349
 10
2189.251
 20
1117.132
 10
2188.929
 20
1116.935
 10
2188.604
 20
1116.757
 10
2188.275
 20
1116.599
 10
2187.942
 20
1116.46
 10
2187.606
 20
1116.342
 10
2187.266
 20
1116.243
 10
2186.922
 20
1116.164
 10
2186.575
 20
1116.099
 10
2186.226
 20
1116.043
 10
2185.874
 20
1115.996
 10
2185.52
 20
1115.957
 10
2185.163
 20
1115.927
 10
2184.804
 20
1115.905
 10
2184.442
 20
1115.892
 10
2184.078
 20
1115.888
 10
2184.473
 20
1121.418
 10
2184.771
 20
1121.424
 10
2185.053
 20
1121.443
 10
2185.319
 20
1121.473
 10
2185.569
 20
1121.517
 10
2185.803
 20
1121.572
 10
2186.021
 20
1121.64
 10
2186.223
 20
1121.72
 10
2186.409
 20
1121.813
 10
2186.582
 20
1121.92
 10
2186.748
 20
1122.042
 10
2186.906
 20
1122.181
 10
2187.055
 20
1122.336
 10
2187.197
 20
1122.507
 10
2187.331
 20
1122.694
 10
2187.456
 20
1122.897
 10
2187.574
 20
1123.116
 10
2187.686
 20
1123.353
 10
2187.797
 20
1123.608
 10
2187.906
 20
1123.881
 10
2188.013
 20
1124.173
 10
2188.118
 20
1124.484
 10
2188.222
 20
1124.812
 10
2188.323
 20
1125.16
 10
2188.423
 20
1125.526
 10
2188.524
 20
1125.912
 10
2188.63
 20
1126.318
 10
2188.742
 20
1126.746
 10
2188.858
 20
1127.195
 10
2188.979
 20
1127.665
 10
2189.104
 20
1128.155
 10
2189.235
 20
1128.667
 10
2189.371
 20
1129.2
 10
2194.388
 20
1127.975
 10
2194.32
 20
1127.713
 10
2194.256
 20
1127.459
 10
2194.194
 20
1127.214
 10
2194.136
 20
1126.978
 10
2194.081
 20
1126.75
 10
2194.029
 20
1126.531
 10
2193.979
 20
1126.32
 10
2193.933
 20
1126.119
 10
2193.89
 20
1125.924
 10
2193.85
 20
1125.737
 10
2193.811
 20
1125.557
 10
2193.775
 20
1125.383
 10
2193.742
 20
1125.216
 10
2193.711
 20
1125.056
 10
2193.683
 20
1124.902
 10
2193.657
 20
1124.756
 10
2193.634
 20
1124.616
 10
2193.614
 20
1124.483
 10
2193.597
 20
1124.357
 10
2193.583
 20
1124.237
 10
2193.572
 20
1124.125
 10
2193.564
 20
1124.019
 10
2193.56
 20
1123.92
 10
2193.558
 20
1123.827
 10
2193.564
 20
1123.643
 10
2193.58
 20
1123.463
 10
2193.608
 20
1123.29
 10
2193.647
 20
1123.121
 10
2193.697
 20
1122.959
 10
2193.758
 20
1122.802
 10
2193.83
 20
1122.65
 10
2193.914
 20
1122.504
 10
2194.013
 20
1122.365
 10
2194.133
 20
1122.233
 10
2194.275
 20
1122.108
 10
2194.437
 20
1121.991
 10
2194.62
 20
1121.881
 10
2194.825
 20
1121.778
 10
2195.05
 20
1121.683
 10
2195.296
 20
1121.596
 10
2195.568
 20
1121.514
 10
2195.87
 20
1121.438
 10
2196.203
 20
1121.366
 10
2196.565
 20
1121.299
 10
2196.958
 20
1121.238
 10
2197.381
 20
1121.181
 10
2197.835
 20
1121.129
 10
2198.318
 20
1121.082
 10
2198.836
 20
1121.04
 10
2199.393
 20
1121.004
 10
2199.989
 20
1120.974
 10
2200.624
 20
1120.949
 10
2201.298
 20
1120.929
 10
2202.01
 20
1120.915
 10
2202.762
 20
1120.907
 10
2203.552
 20
1120.904
 10
2204.393
 20
1120.908
 10
2205.199
 20
1120.92
 10
2205.968
 20
1120.94
 10
2206.702
 20
1120.969
 10
2207.4
 20
1121.005
 10
2208.062
 20
1121.049
 10
2208.689
 20
1121.101
 10
2209.28
 20
1121.161
 10
2209.838
 20
1121.229
 10
2210.367
 20
1121.304
 10
2210.867
 20
1121.387
 10
2211.339
 20
1121.477
 10
2211.781
 20
1121.575
 10
2212.194
 20
1121.68
 10
2212.578
 20
1121.792
 10
2212.933
 20
1121.912
 10
2213.262
 20
1122.039
 10
2213.567
 20
1122.173
 10
2213.847
 20
1122.315
 10
2214.104
 20
1122.465
 10
2214.336
 20
1122.621
 10
2214.544
 20
1122.786
 10
2214.729
 20
1122.957
 10
2214.889
 20
1123.136
 10
2215.028
 20
1123.322
 10
2215.148
 20
1123.515
 10
2215.25
 20
1123.715
 10
2215.333
 20
1123.921
 10
2215.398
 20
1124.135
 10
2215.444
 20
1124.355
 10
2215.472
 20
1124.581
 10
2215.481
 20
1124.815
 10
2215.476
 20
1125.001
 10
2215.46
 20
1125.184
 10
2215.434
 20
1125.364
 10
2215.397
 20
1125.541
 10
2215.35
 20
1125.715
 10
2215.292
 20
1125.885
 10
2215.224
 20
1126.053
 10
2215.146
 20
1126.217
 10
2215.055
 20
1126.377
 10
2214.952
 20
1126.53
 10
2214.835
 20
1126.676
 10
2214.706
 20
1126.815
 10
2214.564
 20
1126.947
 10
2214.409
 20
1127.073
 10
2214.24
 20
1127.192
 10
2214.059
 20
1127.304
 10
2213.865
 20
1127.405
 10
2213.657
 20
1127.494
 10
2213.435
 20
1127.568
 10
2213.2
 20
1127.629
 10
2212.951
 20
1127.677
 10
2212.689
 20
1127.711
 10
2212.413
 20
1127.731
 10
2212.124
 20
1127.738
 10
2211.768
 20
1127.727
 10
2211.411
 20
1127.695
 10
2211.054
 20
1127.641
 10
2210.697
 20
1127.565
 10
2210.338
 20
1127.468
 10
2209.98
 20
1127.349
 10
2209.62
 20
1127.209
 10
2209.26
 20
1127.047
 10
2208.9
 20
1126.867
 10
2208.543
 20
1126.674
 10
2208.187
 20
1126.467
 10
2207.833
 20
1126.247
 10
2207.481
 20
1126.013
 10
2207.131
 20
1125.765
 10
2206.782
 20
1125.504
 10
2206.436
 20
1125.23
 10
2206.092
 20
1124.944
 10
2205.753
 20
1124.651
 10
2205.418
 20
1124.349
 10
2205.088
 20
1124.04
 10
2204.761
 20
1123.722
 10
2204.44
 20
1123.397
 10
2204.122
 20
1123.063
 10
2203.809
 20
1122.721
 10
2203.502
 20
1122.376
 10
2203.203
 20
1122.03
 10
2202.912
 20
1121.685
 10
2202.629
 20
1121.339
 10
2202.354
 20
1120.993
 10
2202.087
 20
1120.648
 10
2201.828
 20
1120.302
 10
2201.577
 20
1119.956
 10
2195.652
 20
1120.628
 10
2196.043
 20
1121.247
 10
2196.447
 20
1121.86
 10
2196.863
 20
1122.467
 10
2197.291
 20
1123.067
 10
2197.732
 20
1123.661
 10
2198.185
 20
1124.25
 10
2198.65
 20
1124.832
 10
2199.128
 20
1125.407
 10
2199.616
 20
1125.972
 10
2200.113
 20
1126.52
 10
2200.618
 20
1127.051
 10
2201.133
 20
1127.565
 10
2201.655
 20
1128.063
 10
2202.187
 20
1128.544
 10
2202.727
 20
1129.009
 10
2203.275
 20
1129.456
 10
2203.831
 20
1129.884
 10
2204.391
 20
1130.29
 10
2204.957
 20
1130.672
 10
2205.527
 20
1131.031
 10
2206.102
 20
1131.368
 10
2206.682
 20
1131.682
 10
2207.268
 20
1131.973
 10
2207.858
 20
1132.241
 10
2208.451
 20
1132.482
 10
2209.048
 20
1132.69
 10
2209.646
 20
1132.867
 10
2210.247
 20
1133.011
 10
2210.851
 20
1133.124
 10
2211.457
 20
1133.204
 10
2212.066
 20
1133.252
 10
2212.677
 20
1133.268
 10
2213.326
 20
1133.252
 10
2213.951
 20
1133.204
 10
2214.551
 20
1133.124
 10
2215.126
 20
1133.011
 10
2215.676
 20
1132.867
 10
2216.202
 20
1132.69
 10
2216.703
 20
1132.482
 10
2217.18
 20
1132.241
 10
2217.63
 20
1131.972
 10
2218.054
 20
1131.678
 10
2218.45
 20
1131.36
 10
2218.819
 20
1131.017
 10
2219.161
 20
1130.649
 10
2219.476
 20
1130.256
 10
2219.763
 20
1129.839
 10
2220.024
 20
1129.397
 10
2220.255
 20
1128.934
 10
2220.456
 20
1128.454
 10
2220.626
 20
1127.957
 10
2220.765
 20
1127.442
 10
2220.873
 20
1126.91
 10
2220.95
 20
1126.36
 10
2220.996
 20
1125.794
 10
2221.011
 20
1125.21
 10
2220.986
 20
1124.5
 10
2220.909
 20
1123.81
 10
2220.781
 20
1123.142
 10
2220.602
 20
1122.494
 10
2220.371
 20
1121.868
 10
2220.089
 20
1121.262
 10
2219.756
 20
1120.678
 10
2219.372
 20
1120.114
 10
2218.931
 20
1119.576
 10
2218.429
 20
1119.068
 10
2217.865
 20
1118.589
 10
2217.239
 20
1118.139
 10
2216.552
 20
1117.72
 10
2215.802
 20
1117.33
 10
2214.991
 20
1116.969
 10
2214.119
 20
1116.638
 10
2213.178
 20
1116.342
 10
2212.164
 20
1116.085
 10
2211.077
 20
1115.868
 10
2209.917
 20
1115.69
 10
2208.682
 20
1115.552
 10
2207.375
 20
1115.453
 10
2205.994
 20
1115.394
 10
2204.54
 20
1115.374
  0
LWPOLYLINE
  5
17B
330
17
100
AcDbEntity
  8
ENGRAVE_V
100
AcDbPolyline
 90
61
 70
1
 10
2223.737
 20
1115.888
 10
2224.132
 20
1121.418
 10
2224.57
 20
1121.424
 10
2224.976
 20
1121.441
 10
2225.35
 20
1121.471
 10
2225.692
 20
1121.512
 10
2226.002
 20
1121.564
 10
2226.28
 20
1121.629
 10
2226.526
 20
1121.705
 10
2226.739
 20
1121.793
 10
2226.927
 20
1121.897
 10
2227.095
 20
1122.023
 10
2227.243
 20
1122.169
 10
2227.371
 20
1122.336
 10
2227.48
 20
1122.525
 10
2227.569
 20
1122.734
 10
2227.638
 20
1122.964
 10
2227.687
 20
1123.215
 10
2227.723
 20
1123.492
 10
2227.751
 20
1123.799
 10
2227.772
 20
1124.136
 10
2227.786
 20
1124.504
 10
2227.792
 20
1124.902
 10
2227.791
 20
1125.33
 10
2227.782
 20
1125.788
 10
2227.766
 20
1126.277
 10
2227.055
 20
1145.0
 10
2232.625
 20
1145.0
 10
2233.415
 20
1125.881
 10
2233.429
 20
1125.316
 10
2233.433
 20
1124.764
 10
2233.427
 20
1124.227
 10
2233.41
 20
1123.704
 10
2233.382
 20
1123.195
 10
2233.344
 20
1122.7
 10
2233.296
 20
1122.22
 10
2233.237
 20
1121.754
 10
2233.162
 20
1121.303
 10
2233.064
 20
1120.869
 10
2232.944
 20
1120.451
 10
2232.802
 20
1120.05
 10
2232.638
 20
1119.666
 10
2232.452
 20
1119.298
 10
2232.243
 20
1118.948
 10
2232.012
 20
1118.613
 10
2231.754
 20
1118.297
 10
2231.464
 20
1117.999
 10
2231.142
 20
1117.719
 10
2230.788
 20
1117.458
 10
2230.402
 20
1117.215
 10
2229.983
 20
1116.991
 10
2229.533
 20
1116.786
 10
2229.05
 20
1116.599
 10
2228.531
 20
1116.432
 10
2227.97
 20
1116.288
 10
2227.368
 20
1116.165
 10
2226.724
 20
1116.065
 10
2226.039
 20
1115.988
 10
2225.313
 20
1115.932
 10
2224.546
 20
1115.899
 10
2223.737
 20
1115.888
  0
LWPOLYLINE
  5
17C
330
17
100
AcDbEntity
  8
ENGRAVE_V
100
AcDbPolyline
 90
5
 70
1
 10
2238.629
 20
1116.085
 10
2237.799
 20
1145.0
 10
2243.33
 20
1145.0
 10
2244.159
 20
1116.085
 10
2238.629
 20
1116.085
  0
TEXT
  5
17D
330
17
100
AcDbEntity
  8
LABELS
100
AcDbText
 10
2110.0
 20
1019.0
 30
0.0
 40
14.0
  1
Cabinet front (print window)
 72
1
 11
2110.0
 21
1019.0
 31
0.0
100
AcDbText
 73
2
  0
LWPOLYLINE
  5
17E
330
17
100
AcDbEntity
  8
CUT_OUTSIDE
100
AcDbPolyline
 90
4
 70
1
 10
2406.0
 20
398.0
 10
2406.0
 20
498.0
 10
1902.0
 20
498.0
 10
1902.0
 20
398.0
  0
CIRCLE
  5
17F
330
17
100
AcDbEntity
  8
CUT_INSIDE
100
AcDbCircle
 10
2154.0
 20
448.0
 30
0.0
 40
14.0
  0
TEXT
  5
180
330
17
100
AcDbEntity
  8
LABELS
100
AcDbText
 10
2154.0
 20
448.0
 30
0.0
 40
14.0
  1
Cabinet back rail
 72
1
 11
2154.0
 21
448.0
 31
0.0
100
AcDbText
 73
2
  0
TEXT
  5
181
330
17
100
AcDbEntity
  8
LABELS
100
AcDbText
 10
20.0
 20
1240.0
 30
0.0
 40
16.0
  1
PHOTOBOOTH EVENTS-EPSON - sheet 1 - MDF 18 mm 1220x2440 - tool 6 mm
 11
20.0
 21
1240.0
 31
0.0
100
AcDbText
  0
ENDSEC
  0
SECTION
  2
OBJECTS
  0
DICTIONARY
  5
A
330
0
100
AcDbDictionary
281
1
  3
ACAD_COLOR
350
B
  3
ACAD_GROUP
350
C
  3
ACAD_LAYOUT
350
D
  3
ACAD_MATERIAL
350
E
  3
ACAD_MLEADERSTYLE
350
F
  3
ACAD_MLINESTYLE
350
10
  3
ACAD_PLOTSETTINGS
350
11
  3
ACAD_PLOTSTYLENAME
350
12
  3
ACAD_SCALELIST
350
14
  3
ACAD_TABLESTYLE
350
15
  3
ACAD_VISUALSTYLE
350
16
  3
EZDXF_META
350
2D
  0
DICTIONARY
  5
B
330
A
100
AcDbDictionary
281
1
  0
DICTIONARY
  5
C
330
A
100
AcDbDictionary
281
1
  0
DICTIONARY
  5
D
330
A
100
AcDbDictionary
281
1
  3
Model
350
1A
  3
Layout1
350
1E
  0
DICTIONARY
  5
E
330
A
100
AcDbDictionary
281
1
  3
ByBlock
350
1F
  3
ByLayer
350
20
  3
Global
350
21
  0
DICTIONARY
  5
F
330
A
100
AcDbDictionary
281
1
  3
Standard
350
2C
  0
DICTIONARY
  5
10
330
A
100
AcDbDictionary
281
1
  3
Standard
350
22
  0
DICTIONARY
  5
11
330
A
100
AcDbDictionary
281
1
  0
ACDBDICTIONARYWDFLT
  5
12
330
A
100
AcDbDictionary
281
1
  3
Normal
350
13
100
AcDbDictionaryWithDefault
340
13
  0
ACDBPLACEHOLDER
  5
13
330
12
  0
DICTIONARY
  5
14
330
A
100
AcDbDictionary
281
1
  0
DICTIONARY
  5
15
330
A
100
AcDbDictionary
281
1
  0
DICTIONARY
  5
16
330
A
100
AcDbDictionary
281
1
  3
2dWireframe
350
5A
  3
Basic
350
5B
  3
Brighten
350
5C
  3
ColorChange
350
5D
  3
Conceptual
350
5E
  3
Dim
350
5F
  3
EdgeColorOff
350
60
  3
Facepattern
350
61
  3
Flat
350
62
  3
FlatWithEdges
350
63
  3
Gouraud
350
64
  3
GouraudWithEdges
350
65
  3
Hidden
350
66
  3
JitterOff
350
67
  3
Linepattern
350
68
  3
Modeling
350
69
  3
OverhangOff
350
6A
  3
Realistic
350
6B
  3
Shaded
350
6C
  3
Shaded with edges
350
6D
  3
Shades of Gray
350
6E
  3
Sketchy
350
6F
  3
Thicken
350
70
  3
Wireframe
350
71
  3
X-Ray
350
72
  0
LAYOUT
  5
1A
330
D
100
AcDbPlotSettings
  1

  4
A3
  6

 40
7.5
 41
20.0
 42
7.5
 43
20.0
 44
420.0
 45
297.0
 46
0.0
 47
0.0
 48
0.0
 49
0.0
140
0.0
141
0.0
142
1.0
143
1.0
 70
1024
 72
1
 73
0
 74
5
  7

 75
16
 76
0
 77
2
 78
300
147
1.0
148
0.0
149
0.0
100
AcDbLayout
  1
Model
 70
1
 71
0
 10
0.0
 20
0.0
 11
420.0
 21
297.0
 12
0.0
 22
0.0
 32
0.0
 14
1e+20
 24
1e+20
 34
1e+20
 15
-1e+20
 25
-1e+20
 35
-1e+20
146
0.0
 13
0.0
 23
0.0
 33
0.0
 16
1.0
 26
0.0
 36
0.0
 17
0.0
 27
1.0
 37
0.0
 76
1
330
17
  0
LAYOUT
  5
1E
330
D
100
AcDbPlotSettings
  1

  4
A3
  6

 40
7.5
 41
20.0
 42
7.5
 43
20.0
 44
420.0
 45
297.0
 46
0.0
 47
0.0
 48
0.0
 49
0.0
140
0.0
141
0.0
142
1.0
143
1.0
 70
0
 72
1
 73
0
 74
5
  7

 75
16
 76
0
 77
2
 78
300
147
1.0
148
0.0
149
0.0
100
AcDbLayout
  1
Layout1
 70
1
 71
1
 10
0.0
 20
0.0
 11
420.0
 21
297.0
 12
0.0
 22
0.0
 32
0.0
 14
1e+20
 24
1e+20
 34
1e+20
 15
-1e+20
 25
-1e+20
 35
-1e+20
146
0.0
 13
0.0
 23
0.0
 33
0.0
 16
1.0
 26
0.0
 36
0.0
 17
0.0
 27
1.0
 37
0.0
 76
1
330
1B
  0
MATERIAL
  5
1F
102
{ACAD_REACTORS
330
E
102
}
330
E
100
AcDbMaterial
  1
ByBlock
  2

 70
0
 40
1.0
 71
1
 41
1.0
 91
-1023410177
 42
1.0
 72
1
  3

 73
1
 74
1
 75
1
 44
0.5
 73
0
 45
1.0
 46
1.0
 77
1
  4

 78
1
 79
1
170
1
 48
1.0
171
1
  6

172
1
173
1
174
1
140
1.0
141
1.0
175
1
  7

176
1
177
1
178
1
143
1.0
179
1
  8

270
1
271
1
272
1
145
1.0
146
1.0
273
1
  9

274
1
275
1
276
1
 42
1.0
 72
1
  3

 73
1
 74
1
 75
1
 94
63
  0
MATERIAL
  5
20
102
{ACAD_REACTORS
330
E
102
}
330
E
100
AcDbMaterial
  1
ByLayer
  2

 70
0
 40
1.0
 71
1
 41
1.0
 91
-1023410177
 42
1.0
 72
1
  3

 73
1
 74
1
 75
1
 44
0.5
 73
0
 45
1.0
 46
1.0
 77
1
  4

 78
1
 79
1
170
1
 48
1.0
171
1
  6

172
1
173
1
174
1
140
1.0
141
1.0
175
1
  7

176
1
177
1
178
1
143
1.0
179
1
  8

270
1
271
1
272
1
145
1.0
146
1.0
273
1
  9

274
1
275
1
276
1
 42
1.0
 72
1
  3

 73
1
 74
1
 75
1
 94
63
  0
MATERIAL
  5
21
102
{ACAD_REACTORS
330
E
102
}
330
E
100
AcDbMaterial
  1
Global
  2

 70
0
 40
1.0
 71
1
 41
1.0
 91
-1023410177
 42
1.0
 72
1
  3

 73
1
 74
1
 75
1
 44
0.5
 73
0
 45
1.0
 46
1.0
 77
1
  4

 78
1
 79
1
170
1
 48
1.0
171
1
  6

172
1
173
1
174
1
140
1.0
141
1.0
175
1
  7

176
1
177
1
178
1
143
1.0
179
1
  8

270
1
271
1
272
1
145
1.0
146
1.0
273
1
  9

274
1
275
1
276
1
 42
1.0
 72
1
  3

 73
1
 74
1
 75
1
 94
63
  0
MLINESTYLE
  5
22
102
{ACAD_REACTORS
330
10
102
}
330
10
100
AcDbMlineStyle
  2
Standard
 70
0
  3

 62
256
 51
90.0
 52
90.0
 71
2
 49
0.5
 62
256
  6
BYLAYER
 49
-0.5
 62
256
  6
BYLAYER
  0
MLEADERSTYLE
  5
2C
102
{ACAD_REACTORS
330
F
102
}
330
F
100
AcDbMLeaderStyle
179
2
170
2
171
1
172
0
 90
2
 40
0.0
 41
0.0
173
1
 91
-1056964608
 92
-2
290
1
 42
2.0
291
1
 43
8.0
  3
Standard
 44
4.0
300

342
29
174
1
175
1
176
0
178
1
 93
-1056964608
 45
4.0
292
0
297
0
 46
4.0
 94
-1056964608
 47
1.0
 49
1.0
140
1.0
294
1
141
0.0
177
0
142
1.0
295
0
296
0
143
3.75
271
0
272
9
273
9
  0
DICTIONARY
  5
2D
330
A
100
AcDbDictionary
280
1
281
1
  3
CREATED_BY_EZDXF
350
2E
  3
WRITTEN_BY_EZDXF
350
184
  0
DICTIONARYVAR
  5
2E
330
2D
100
DictionaryVariables
280
0
  1
1.4.4 @ 2026-10-01T06:48:52.425967+00:00
  0
VISUALSTYLE
  5
5A
102
{ACAD_REACTORS
330
16
102
}
330
16
100
AcDbVisualStyle
  2
2dWireframe
 70
4
 90
0
 40
0.6
 62
7
290
0
291
0
  0
VISUALSTYLE
  5
5B
102
{ACAD_REACTORS
330
16
102
}
330
16
100
AcDbVisualStyle
  2
Basic
 70
7
 90
1
 40
0.6
 62
7
290
0
291
1
  0
VISUALSTYLE
  5
5C
102
{ACAD_REACTORS
330
16
102
}
330
16
100
AcDbVisualStyle
  2
Brighten
 70
12
 90
2
 40
0.6
 62
7
290
0
291
1
  0
VISUALSTYLE
  5
5D
102
{ACAD_REACTORS
330
16
102
}
330
16
100
AcDbVisualStyle
  2
ColorChange
 70
16
 90
2
 40
0.6
 62
8
290
0
291
1
  0
VISUALSTYLE
  5
5E
102
{ACAD_REACTORS
330
16
102
}
330
16
100
AcDbVisualStyle
  2
Conceptual
 70
9
 90
3
 40
0.6
 62
7
290
0
291
0
  0
VISUALSTYLE
  5
5F
102
{ACAD_REACTORS
330
16
102
}
330
16
100
AcDbVisualStyle
  2
Dim
 70
11
 90
2
 40
0.6
 62
7
290
0
291
1
  0
VISUALSTYLE
  5
60
102
{ACAD_REACTORS
330
16
102
}
330
16
100
AcDbVisualStyle
  2
EdgeColorOff
 70
22
 90
2
 40
0.6
 62
7
290
0
291
1
  0
VISUALSTYLE
  5
61
102
{ACAD_REACTORS
330
16
102
}
330
16
100
AcDbVisualStyle
  2
Facepattern
 70
15
 90
2
 40
0.6
 62
7
290
0
291
1
  0
VISUALSTYLE
  5
62
102
{ACAD_REACTORS
330
16
102
}
330
16
100
AcDbVisualStyle
  2
Flat
 70
0
 90
2
 40
0.6
 62
7
290
0
291
1
  0
VISUALSTYLE
  5
63
102
{ACAD_REACTORS
330
16
102
}
330
16
100
AcDbVisualStyle
  2
FlatWithEdges
 70
1
 90
2
 40
0.6
 62
7
290
0
291
1
  0
VISUALSTYLE
  5
64
102
{ACAD_REACTORS
330
16
102
}
330
16
100
AcDbVisualStyle
  2
Gouraud
 70
2
 90
2
 40
0.6
 62
7
290
0
291
1
  0
VISUALSTYLE
  5
65
102
{ACAD_REACTORS
330
16
102
}
330
16
100
AcDbVisualStyle
  2
GouraudWithEdges
 70
3
 90
2
 40
0.6
 62
7
290
0
291
1
  0
VISUALSTYLE
  5
66
102
{ACAD_REACTORS
330
16
102
}
330
16
100
AcDbVisualStyle
  2
Hidden
 70
6
 90
1
 40
0.6
 62
7
290
0
291
0
  0
VISUALSTYLE
  5
67
102
{ACAD_REACTORS
330
16
102
}
330
16
100
AcDbVisualStyle
  2
JitterOff
 70
20
 90
2
 40
0.6
 62
7
290
0
291
1
  0
VISUALSTYLE
  5
68
102
{ACAD_REACTORS
330
16
102
}
330
16
100
AcDbVisualStyle
  2
Linepattern
 70
14
 90
2
 40
0.6
 62
7
290
0
291
1
  0
VISUALSTYLE
  5
69
102
{ACAD_REACTORS
330
16
102
}
330
16
100
AcDbVisualStyle
  2
Modeling
 70
10
 90
2
 40
0.6
 62
7
290
0
291
0
  0
VISUALSTYLE
  5
6A
102
{ACAD_REACTORS
330
16
102
}
330
16
100
AcDbVisualStyle
  2
OverhangOff
 70
21
 90
2
 40
0.6
 62
7
290
0
291
1
  0
VISUALSTYLE
  5
6B
102
{ACAD_REACTORS
330
16
102
}
330
16
100
AcDbVisualStyle
  2
Realistic
 70
8
 90
2
 40
0.6
 62
7
290
0
291
0
  0
VISUALSTYLE
  5
6C
102
{ACAD_REACTORS
330
16
102
}
330
16
100
AcDbVisualStyle
  2
Shaded
 70
27
 90
2
 40
0.6
 62
7
290
0
291
0
  0
VISUALSTYLE
  5
6D
102
{ACAD_REACTORS
330
16
102
}
330
16
100
AcDbVisualStyle
  2
Shaded with edges
 70
26
 90
2
 40
0.6
 62
7
290
0
291
0
  0
VISUALSTYLE
  5
6E
102
{ACAD_REACTORS
330
16
102
}
330
16
100
AcDbVisualStyle
  2
Shades of Gray
 70
23
 90
2
 40
0.6
 62
7
290
0
291
0
  0
VISUALSTYLE
  5
6F
102
{ACAD_REACTORS
330
16
102
}
330
16
100
AcDbVisualStyle
  2
Sketchy
 70
24
 90
1
 40
0.6
 62
7
290
0
291
0
  0
VISUALSTYLE
  5
70
102
{ACAD_REACTORS
330
16
102
}
330
16
100
AcDbVisualStyle
  2
Thicken
 70
13
 90
2
 40
0.6
 62
7
290
0
291
1
  0
VISUALSTYLE
  5
71
102
{ACAD_REACTORS
330
16
102
}
330
16
100
AcDbVisualStyle
  2
Wireframe
 70
5
 90
0
 40
0.6
 62
7
290
0
291
0
  0
VISUALSTYLE
  5
72
102
{ACAD_REACTORS
330
16
102
}
330
16
100
AcDbVisualStyle
  2
X-Ray
 70
25
 90
2
 40
0.5
 62
7
290
0
291
0
  0
DICTIONARYVAR
  5
184
330
2D
100
DictionaryVariables
280
0
  1
1.4.4 @ 2026-10-01T06:48:52.488454+00:00
  0
ENDSEC
  0
EOF
